{
    "Loss/Loss_cost_critic": 2.434966802597046,
    "Loss/Loss_cost_critic/Delta": 0.5472403764724731,
    "Loss/Loss_pi": 0.04266480356454849,
    "Loss/Loss_pi/Delta": 0.0537347411736846,
    "Loss/Loss_reward_critic": 0.1721751093864441,
    "Loss/Loss_reward_critic/Delta": 0.011217266321182253,
    "Metrics/EpCost": 2.009999990463257,
    "Metrics/EpLen": 500,
    "Metrics/EpRet": 24.695981979370117,
    "Metrics/LagrangeMultiplier": 1.1831321716308594,
    "Metrics/LagrangeMultiplier/Max": 1.1831321716308594,
    "Metrics/LagrangeMultiplier/Min": 1.1831321716308594,
    "Metrics/LagrangeMultiplier/Std": 0,
    "Safety/EpCostShield": 9.175000190734863,
    "Safety/ShieldLagrangeMultiplier": 1.2536877393722534,
    "Safety/ShieldLagrangeMultiplier/Max": 1.2536877393722534,
    "Safety/ShieldLagrangeMultiplier/Min": 1.2536877393722534,
    "Safety/ShieldLagrangeMultiplier/Std": 0,
    "Safety/shield_adv_c": "NaN",
    "Safety/shield_violation": 0.912598431110382,
    "Time/Epoch": 294.4783020019531,
    "Time/FPS": 67.91671752929688,
    "Time/Rollout": 108.8868408203125,
    "Time/Total": 29869.248046875,
    "Time/Update": 185.5913848876953,
    "TotalEnvSteps": 2000000,
    "Train/Entropy": 0.5833451747894287,
    "Train/Epoch": 99,
    "Train/KL": 0.0042220051400363445,
    "Train/LR": 0,
    "Train/PolicyRatio": 1.00018048286438,
    "Train/PolicyRatio/Max": 1.0001806020736694,
    "Train/PolicyRatio/Min": 1.0001806020736694,
    "Train/PolicyRatio/Std": 0.007892829366028309,
    "Train/PolicyStd": 0.43714427947998047,
    "Train/StopIter": 40,
    "Value/Adv": 0.35006824135780334,
    "Value/cost": 0.3855471909046173,
    "Value/reward": 4.853760719299316,
    "_runtime": 29871.119336574,
    "_step": 100,
    "_timestamp": 1746583153.1296864,
    "_wandb": {
        "runtime": 29871
    }
}