{
    "Loss/Loss_cost_critic": 3.584373235702514,
    "Loss/Loss_cost_critic/Delta": 1.195110559463501,
    "Loss/Loss_pi": -0.1866707354784012,
    "Loss/Loss_pi/Delta": 0.10665203630924223,
    "Loss/Loss_reward_critic": 0.04711275175213814,
    "Loss/Loss_reward_critic/Delta": -0.005727753043174744,
    "Metrics/EpCost": 17.280000686645508,
    "Metrics/EpLen": 1000,
    "Metrics/EpRet": 8.798666000366211,
    "Metrics/LagrangeMultiplier": 2.278886556625366,
    "Metrics/LagrangeMultiplier/Max": 2.278886556625366,
    "Metrics/LagrangeMultiplier/Min": 2.278886556625366,
    "Metrics/LagrangeMultiplier/Std": 0,
    "Misc/AcceptanceStep": 1,
    "Misc/Alpha": 0.903532862663269,
    "Misc/FinalStepNorm": 0.28422173857688904,
    "Misc/H_inv_g": 0.31456711888313293,
    "Misc/gradient_norm": 0.13977321982383728,
    "Misc/xHx": 0.02449863776564598,
    "Safety/EpCostShield": 29.049999237060547,
    "Safety/ShieldLagrangeMultiplier": 2.2434005737304688,
    "Safety/ShieldLagrangeMultiplier/Max": 2.2434005737304688,
    "Safety/ShieldLagrangeMultiplier/Min": 2.2434005737304688,
    "Safety/ShieldLagrangeMultiplier/Std": 0,
    "Safety/shield_adv_c": -0.423202782869339,
    "Safety/shield_violation": 2.009542226791382,
    "Time/Epoch": 121.51325988769533,
    "Time/FPS": 164.59109497070312,
    "Time/Rollout": 96.8303451538086,
    "Time/Total": 12056.7666015625,
    "Time/Update": 24.682880401611328,
    "TotalEnvSteps": 2000000,
    "Train/Entropy": 1.9328433275222776,
    "Train/Epoch": 99,
    "Train/KL": 0.0003365087613929063,
    "Train/LR": 0,
    "Train/PolicyRatio": 1.001517415046692,
    "Train/PolicyRatio/Max": 1.0015175342559814,
    "Train/PolicyRatio/Min": 1.0015175342559814,
    "Train/PolicyRatio/Std": 0.0010730025824159384,
    "Train/PolicyStd": 1.6791400909423828,
    "Train/StopIter": 10,
    "Value/Adv": -5.340575981449547e-09,
    "Value/cost": 0.5765472650527954,
    "Value/reward": 1.027585744857788,
    "_runtime": 12059.029167354,
    "_step": 100,
    "_timestamp": 1746531707.1715446,
    "_wandb": {
        "runtime": 12059
    }
}