{
    "Loss/Loss_cost_critic": 3.4486141204833984,
    "Loss/Loss_cost_critic/Delta": 1.7807374000549316,
    "Loss/Loss_pi": 0.12645323574543,
    "Loss/Loss_pi/Delta": 0.10871988534927368,
    "Loss/Loss_reward_critic": 0.1310645192861557,
    "Loss/Loss_reward_critic/Delta": 0.024868443608283997,
    "Metrics/EpCost": 5.199999809265137,
    "Metrics/EpLen": 500,
    "Metrics/EpRet": 12.459646224975586,
    "Metrics/LagrangeMultiplier": 0.7235926985740662,
    "Metrics/LagrangeMultiplier/Max": 0.7235926985740662,
    "Metrics/LagrangeMultiplier/Min": 0.7235926985740662,
    "Metrics/LagrangeMultiplier/Std": 0,
    "Misc/AcceptanceStep": 1,
    "Misc/Alpha": 1.334481716156006,
    "Misc/FinalStepNorm": 0.19356510043144223,
    "Misc/H_inv_g": 0.14504890143871307,
    "Misc/gradient_norm": 0.2085184156894684,
    "Misc/xHx": 0.011230634525418282,
    "Safety/EpCostShield": 13.199999809265137,
    "Safety/ShieldLagrangeMultiplier": 0.9359943866729736,
    "Safety/ShieldLagrangeMultiplier/Max": 0.9359943866729736,
    "Safety/ShieldLagrangeMultiplier/Min": 0.9359943866729736,
    "Safety/ShieldLagrangeMultiplier/Std": 0,
    "Safety/shield_adv_c": 0.2680423855781555,
    "Safety/shield_violation": 0.5206430554389954,
    "Time/Epoch": 128.49945068359375,
    "Time/FPS": 155.6427001953125,
    "Time/Rollout": 102.8236846923828,
    "Time/Total": 13016.7294921875,
    "Time/Update": 25.675735473632812,
    "TotalEnvSteps": 2000000,
    "Train/Entropy": 0.7106952667236328,
    "Train/Epoch": 99,
    "Train/KL": 0.00044983605039305985,
    "Train/LR": 0,
    "Train/PolicyRatio": 0.9996552467346193,
    "Train/PolicyRatio/Max": 0.9996552467346193,
    "Train/PolicyRatio/Min": 0.9996552467346193,
    "Train/PolicyRatio/Std": 0.00024377736554015428,
    "Train/PolicyStd": 0.5104098916053772,
    "Train/StopIter": 10,
    "Value/Adv": 6.675719976811933e-09,
    "Value/cost": 0.1911843568086624,
    "Value/reward": 2.491276502609253,
    "_runtime": 13026.337851579,
    "_step": 100,
    "_timestamp": 1747263299.3009632,
    "_wandb": {
        "runtime": 13026
    }
}