{
    "Loss/Loss_cost_critic": 3.902604341506958,
    "Loss/Loss_cost_critic/Delta": 0.049822092056274414,
    "Loss/Loss_pi": 0.26060372591018677,
    "Loss/Loss_pi/Delta": 0.46157173812389374,
    "Loss/Loss_reward_critic": 0.005725480150431395,
    "Loss/Loss_reward_critic/Delta": 0.0005934513173997402,
    "Metrics/EpCost": 17.56999969482422,
    "Metrics/EpLen": 1000,
    "Metrics/EpRet": 0.43235909938812256,
    "Metrics/LagrangeMultiplier": 3.235499143600464,
    "Metrics/LagrangeMultiplier/Max": 3.235499143600464,
    "Metrics/LagrangeMultiplier/Min": 3.235499143600464,
    "Metrics/LagrangeMultiplier/Std": 0,
    "Safety/EpCostShield": 95.5,
    "Safety/ShieldLagrangeMultiplier": 2.961434841156006,
    "Safety/ShieldLagrangeMultiplier/Max": 2.961434841156006,
    "Safety/ShieldLagrangeMultiplier/Min": 2.961434841156006,
    "Safety/ShieldLagrangeMultiplier/Std": 0,
    "Safety/shield_adv_c": "NaN",
    "Safety/shield_violation": 5.955713748931885,
    "Time/Epoch": 290.0902404785156,
    "Time/FPS": 68.94406127929688,
    "Time/Rollout": 104.99089050292967,
    "Time/Total": 28915.181640625,
    "Time/Update": 185.09927368164065,
    "TotalEnvSteps": 2000000,
    "Train/Entropy": 0.35948991775512695,
    "Train/Epoch": 99,
    "Train/KL": 0.003522074082866311,
    "Train/LR": 0,
    "Train/PolicyRatio": 0.9995803236961364,
    "Train/PolicyRatio/Max": 0.9995803236961364,
    "Train/PolicyRatio/Min": 0.9995803236961364,
    "Train/PolicyRatio/Std": 0.006503572221845388,
    "Train/PolicyStd": 0.3467768132686615,
    "Train/StopIter": 40,
    "Value/Adv": 0.2300964742898941,
    "Value/cost": 1.8583062887191772,
    "Value/reward": 0.08131001889705658,
    "_runtime": 28917.298391469,
    "_step": 100,
    "_timestamp": 1746570272.2652075,
    "_wandb": {
        "runtime": 28917
    }
}