{
    "Loss/Loss_cost_critic": 1.369576930999756,
    "Loss/Loss_cost_critic/Delta": -0.1555042266845703,
    "Loss/Loss_pi": -0.30962899327278137,
    "Loss/Loss_pi/Delta": 0.060368865728378296,
    "Loss/Loss_reward_critic": 0.027501309290528297,
    "Loss/Loss_reward_critic/Delta": 0.003833658993244171,
    "Metrics/EpCost": 5.239999771118164,
    "Metrics/EpLen": 1000,
    "Metrics/EpRet": 3.2150354385375977,
    "Metrics/LagrangeMultiplier": 2.1301026344299316,
    "Metrics/LagrangeMultiplier/Max": 2.1301026344299316,
    "Metrics/LagrangeMultiplier/Min": 2.1301026344299316,
    "Metrics/LagrangeMultiplier/Std": 0,
    "Misc/AcceptanceStep": 1,
    "Misc/Alpha": 1.9835830926895144,
    "Misc/FinalStepNorm": 0.3326513469219208,
    "Misc/H_inv_g": 0.16770224273204803,
    "Misc/gradient_norm": 0.0738363116979599,
    "Misc/xHx": 0.0050830962136387825,
    "Safety/EpCostShield": 10.5,
    "Safety/ShieldLagrangeMultiplier": 2.2883412837982178,
    "Safety/ShieldLagrangeMultiplier/Max": 2.2883412837982178,
    "Safety/ShieldLagrangeMultiplier/Min": 2.2883412837982178,
    "Safety/ShieldLagrangeMultiplier/Std": 0,
    "Safety/shield_adv_c": -0.4702523350715637,
    "Safety/shield_violation": 1.7789980173110962,
    "Time/Epoch": 83.03239440917969,
    "Time/FPS": 240.86984252929688,
    "Time/Rollout": 68.0408706665039,
    "Time/Total": 8857.5078125,
    "Time/Update": 14.991506576538086,
    "TotalEnvSteps": 2000000,
    "Train/Entropy": 2.066103458404541,
    "Train/Epoch": 99,
    "Train/KL": 0.0002457164810039103,
    "Train/LR": 0,
    "Train/PolicyRatio": 1.0026674270629885,
    "Train/PolicyRatio/Max": 1.0026674270629885,
    "Train/PolicyRatio/Min": 1.0026674270629885,
    "Train/PolicyRatio/Std": 0.001886212034150958,
    "Train/PolicyStd": 1.913286566734314,
    "Train/StopIter": 10,
    "Value/Adv": 4.577636492086867e-09,
    "Value/cost": 0.588193953037262,
    "Value/reward": 0.4073065519332886,
    "_runtime": 8858.849604796,
    "_step": 100,
    "_timestamp": 1746535777.2226212,
    "_wandb": {
        "runtime": 8858
    }
}