{
    "Loss/Loss_cost_critic": 4.5630059242248535,
    "Loss/Loss_cost_critic/Delta": 3.189855217933655,
    "Loss/Loss_pi": -0.013736529275774956,
    "Loss/Loss_pi/Delta": 0.1851580310612917,
    "Loss/Loss_reward_critic": 0.12095486372709274,
    "Loss/Loss_reward_critic/Delta": 0.02483784407377243,
    "Metrics/EpCost": 1.6399999856948853,
    "Metrics/EpLen": 500,
    "Metrics/EpRet": 11.286768913269045,
    "Metrics/LagrangeMultiplier": 0.8983306884765625,
    "Metrics/LagrangeMultiplier/Max": 0.8983306884765625,
    "Metrics/LagrangeMultiplier/Min": 0.8983306884765625,
    "Metrics/LagrangeMultiplier/Std": 0,
    "Safety/EpCostShield": 31.899999618530273,
    "Safety/ShieldLagrangeMultiplier": 1.0705833435058594,
    "Safety/ShieldLagrangeMultiplier/Max": 1.0705833435058594,
    "Safety/ShieldLagrangeMultiplier/Min": 1.0705833435058594,
    "Safety/ShieldLagrangeMultiplier/Std": 0,
    "Safety/shield_adv_c": "NaN",
    "Safety/shield_violation": 1.609108567237854,
    "Time/Epoch": 182.68519592285156,
    "Time/FPS": 109.47795104980467,
    "Time/Rollout": 90.69075012207033,
    "Time/Total": 18722.1328125,
    "Time/Update": 91.994384765625,
    "TotalEnvSteps": 2000000,
    "Train/Entropy": 0.6951974034309387,
    "Train/Epoch": 99,
    "Train/KL": 0.0036861570551991463,
    "Train/LR": 0,
    "Train/PolicyRatio": 1.000436544418335,
    "Train/PolicyRatio/Max": 1.000436544418335,
    "Train/PolicyRatio/Min": 1.000436544418335,
    "Train/PolicyRatio/Std": 0.007052144967019558,
    "Train/PolicyStd": 0.4867040812969208,
    "Train/StopIter": 40,
    "Value/Adv": -0.14361390471458435,
    "Value/cost": 0.11096896976232529,
    "Value/reward": 2.2178399562835693,
    "_runtime": 18723.807619659,
    "_step": 100,
    "_timestamp": 1746929814.2200086,
    "_wandb": {
        "runtime": 18723
    }
}