{
    "Loss/Loss_cost_critic": 0.5336816906929016,
    "Loss/Loss_cost_critic/Delta": -1.0573059916496277,
    "Loss/Loss_pi": -0.3056892454624176,
    "Loss/Loss_pi/Delta": -0.2669025957584381,
    "Loss/Loss_reward_critic": 0.005909597966820002,
    "Loss/Loss_reward_critic/Delta": 0.0006664623506367207,
    "Metrics/EpCost": 5.519999980926514,
    "Metrics/EpLen": 1000,
    "Metrics/EpRet": -0.13516533374786377,
    "Metrics/LagrangeMultiplier": 2.2439467906951904,
    "Metrics/LagrangeMultiplier/Max": 2.2439467906951904,
    "Metrics/LagrangeMultiplier/Min": 2.2439467906951904,
    "Metrics/LagrangeMultiplier/Std": 0,
    "Misc/AcceptanceStep": 1,
    "Misc/Alpha": 3.095673084259033,
    "Misc/FinalStepNorm": 0.32102546095848083,
    "Misc/H_inv_g": 0.10370134562253952,
    "Misc/gradient_norm": 0.04620665684342384,
    "Misc/xHx": 0.0020869772415608168,
    "Safety/EpCostShield": 0.4000000059604645,
    "Safety/ShieldLagrangeMultiplier": 2.508315086364746,
    "Safety/ShieldLagrangeMultiplier/Max": 2.508315086364746,
    "Safety/ShieldLagrangeMultiplier/Min": 2.508315086364746,
    "Safety/ShieldLagrangeMultiplier/Std": 0,
    "Safety/shield_adv_c": -0.2089003473520279,
    "Safety/shield_violation": 0.9763719439506532,
    "Time/Epoch": 85.7289810180664,
    "Time/FPS": 233.29335021972656,
    "Time/Rollout": 71.91058349609375,
    "Time/Total": 8687.3046875,
    "Time/Update": 13.818374633789062,
    "TotalEnvSteps": 2000000,
    "Train/Entropy": 2.1233503818511963,
    "Train/Epoch": 99,
    "Train/KL": 0.00026262743631377816,
    "Train/LR": 0,
    "Train/PolicyRatio": 1.0050573348999023,
    "Train/PolicyRatio/Max": 1.0050573348999023,
    "Train/PolicyRatio/Min": 1.0050573348999023,
    "Train/PolicyRatio/Std": 0.0035761320032179356,
    "Train/PolicyStd": 2.0490386486053467,
    "Train/StopIter": 10,
    "Value/Adv": -6.866454960174906e-09,
    "Value/cost": 0.23220504820346832,
    "Value/reward": 0.007823347114026546,
    "_runtime": 8688.440308097,
    "_step": 100,
    "_timestamp": 1746519846.176072,
    "_wandb": {
        "runtime": 8688
    }
}