{
    "Loss/Loss_cost_critic": 1.647303581237793,
    "Loss/Loss_cost_critic/Delta": 0.24018478393554688,
    "Loss/Loss_pi": -0.031015882268548012,
    "Loss/Loss_pi/Delta": 0.030747761949896812,
    "Loss/Loss_reward_critic": 0.006110557820647955,
    "Loss/Loss_reward_critic/Delta": 0.0009170263074338436,
    "Metrics/EpCost": 5.429999828338623,
    "Metrics/EpLen": 1000,
    "Metrics/EpRet": -0.2637641727924347,
    "Metrics/LagrangeMultiplier": 2.5574870109558105,
    "Metrics/LagrangeMultiplier/Max": 2.5574870109558105,
    "Metrics/LagrangeMultiplier/Min": 2.5574870109558105,
    "Metrics/LagrangeMultiplier/Std": 0,
    "Misc/AcceptanceStep": 1,
    "Misc/Alpha": 1.015350580215454,
    "Misc/FinalStepNorm": 0.291755735874176,
    "Misc/H_inv_g": 0.2873448133468628,
    "Misc/gradient_norm": 0.22168971598148343,
    "Misc/xHx": 0.01939981989562511,
    "Safety/EpCostShield": 10.75,
    "Safety/ShieldLagrangeMultiplier": 2.4456257820129395,
    "Safety/ShieldLagrangeMultiplier/Max": 2.4456257820129395,
    "Safety/ShieldLagrangeMultiplier/Min": 2.4456257820129395,
    "Safety/ShieldLagrangeMultiplier/Std": 0,
    "Safety/shield_adv_c": -0.1654360294342041,
    "Safety/shield_violation": 1.0072364807128906,
    "Time/Epoch": 85.49212646484375,
    "Time/FPS": 233.9396820068359,
    "Time/Rollout": 71.7317886352539,
    "Time/Total": 8549.9921875,
    "Time/Update": 13.760320663452148,
    "TotalEnvSteps": 2000000,
    "Train/Entropy": 1.431566596031189,
    "Train/Epoch": 99,
    "Train/KL": 0.00032840651692822576,
    "Train/LR": 0,
    "Train/PolicyRatio": 0.9996652603149414,
    "Train/PolicyRatio/Max": 0.9996652603149414,
    "Train/PolicyRatio/Min": 0.9996652603149414,
    "Train/PolicyRatio/Std": 0.0002367247943766415,
    "Train/PolicyStd": 1.0137165784835815,
    "Train/StopIter": 10,
    "Value/Adv": -1.5258788677030564e-09,
    "Value/cost": 0.2445493191480637,
    "Value/reward": -0.04381008818745613,
    "_runtime": 8556.468731479,
    "_step": 100,
    "_timestamp": 1746602067.8661275,
    "_wandb": {
        "runtime": 8556
    }
}