{
    "Loss/Loss_cost_critic": 3.2967092990875244,
    "Loss/Loss_cost_critic/Delta": -1.1071360111236572,
    "Loss/Loss_pi": -0.45222774147987366,
    "Loss/Loss_pi/Delta": -0.233349546790123,
    "Loss/Loss_reward_critic": 0.00550376670435071,
    "Loss/Loss_reward_critic/Delta": 0.0018331529572606089,
    "Metrics/EpCost": 23.40999984741211,
    "Metrics/EpLen": 1000,
    "Metrics/EpRet": 0.4722859561443329,
    "Metrics/LagrangeMultiplier": 3.7285213470458984,
    "Metrics/LagrangeMultiplier/Max": 3.7285213470458984,
    "Metrics/LagrangeMultiplier/Min": 3.7285213470458984,
    "Metrics/LagrangeMultiplier/Std": 0,
    "Safety/EpCostShield": 19.25,
    "Safety/ShieldLagrangeMultiplier": 3.273902654647827,
    "Safety/ShieldLagrangeMultiplier/Max": 3.273902654647827,
    "Safety/ShieldLagrangeMultiplier/Min": 3.273902654647827,
    "Safety/ShieldLagrangeMultiplier/Std": 0,
    "Safety/shield_adv_c": "NaN",
    "Safety/shield_violation": 5.101489067077637,
    "Time/Epoch": 147.27272033691406,
    "Time/FPS": 135.80247497558594,
    "Time/Rollout": 61.06013107299805,
    "Time/Total": 14259.2890625,
    "Time/Update": 86.2125473022461,
    "TotalEnvSteps": 2000000,
    "Train/Entropy": 0.6079179048538208,
    "Train/Epoch": 99,
    "Train/KL": 0.0024074839893728495,
    "Train/LR": 0,
    "Train/PolicyRatio": 1.0013543367385864,
    "Train/PolicyRatio/Max": 1.0013543367385864,
    "Train/PolicyRatio/Min": 1.0013543367385864,
    "Train/PolicyRatio/Std": 0.005339109804481268,
    "Train/PolicyStd": 0.44676199555397034,
    "Train/StopIter": 40,
    "Value/Adv": 0.07212270051240921,
    "Value/cost": 2.9387714862823486,
    "Value/reward": 0.046210478991270065,
    "_runtime": 14261.034181164,
    "_step": 100,
    "_timestamp": 1746510628.0619528,
    "_wandb": {
        "runtime": 14261
    }
}