{
    "Loss/Loss_cost_critic": 3.8441786766052246,
    "Loss/Loss_cost_critic/Delta": -1.4477434158325195,
    "Loss/Loss_pi": -0.4012798964977264,
    "Loss/Loss_pi/Delta": -0.06971067190170288,
    "Loss/Loss_reward_critic": 0.04711028560996056,
    "Loss/Loss_reward_critic/Delta": -0.0019989758729934692,
    "Metrics/EpCost": 16.6200008392334,
    "Metrics/EpLen": 1000,
    "Metrics/EpRet": 8.430685043334961,
    "Metrics/LagrangeMultiplier": 2.5786211490631104,
    "Metrics/LagrangeMultiplier/Max": 2.5786211490631104,
    "Metrics/LagrangeMultiplier/Min": 2.5786211490631104,
    "Metrics/LagrangeMultiplier/Std": 0,
    "Misc/AcceptanceStep": 1,
    "Misc/Alpha": 1.6643327474594116,
    "Misc/FinalStepNorm": 0.27186354994773865,
    "Misc/H_inv_g": 0.16334687173366547,
    "Misc/gradient_norm": 0.14876799285411835,
    "Misc/xHx": 0.007220198400318623,
    "Safety/EpCostShield": 14.699999809265137,
    "Safety/ShieldLagrangeMultiplier": 2.606398820877075,
    "Safety/ShieldLagrangeMultiplier/Max": 2.606398820877075,
    "Safety/ShieldLagrangeMultiplier/Min": 2.606398820877075,
    "Safety/ShieldLagrangeMultiplier/Std": 0,
    "Safety/shield_adv_c": -0.2641325891017914,
    "Safety/shield_violation": 3.3379180431365967,
    "Time/Epoch": 66.9112319946289,
    "Time/FPS": 298.90350341796875,
    "Time/Rollout": 51.39797592163086,
    "Time/Total": 7039.16552734375,
    "Time/Update": 15.51323127746582,
    "TotalEnvSteps": 2000000,
    "Train/Entropy": 2.115428686141968,
    "Train/Epoch": 99,
    "Train/KL": 0.0003318917297292501,
    "Train/LR": 0,
    "Train/PolicyRatio": 1.0028152465820312,
    "Train/PolicyRatio/Max": 1.0028152465820312,
    "Train/PolicyRatio/Min": 1.0028152465820312,
    "Train/PolicyRatio/Std": 0.001990679884329438,
    "Train/PolicyStd": 2.045034170150757,
    "Train/StopIter": 10,
    "Value/Adv": -7.629394005448376e-09,
    "Value/cost": 1.5156697034835815,
    "Value/reward": 0.5941420793533325,
    "_runtime": 7040.819419386,
    "_step": 100,
    "_timestamp": 1746503407.5746331,
    "_wandb": {
        "runtime": 7040
    }
}