{
    "Loss/Loss_cost_critic": 1.5189038515090942,
    "Loss/Loss_cost_critic/Delta": 0.03573286533355713,
    "Loss/Loss_pi": -0.11373495310544968,
    "Loss/Loss_pi/Delta": 0.090886689722538,
    "Loss/Loss_reward_critic": 0.01191497128456831,
    "Loss/Loss_reward_critic/Delta": 0.0013352306559681892,
    "Metrics/EpCost": 8.010000228881836,
    "Metrics/EpLen": 1000,
    "Metrics/EpRet": -0.41481539607048035,
    "Metrics/LagrangeMultiplier": 2.7312817573547363,
    "Metrics/LagrangeMultiplier/Max": 2.7312817573547363,
    "Metrics/LagrangeMultiplier/Min": 2.7312817573547363,
    "Metrics/LagrangeMultiplier/Std": 0,
    "Safety/EpCostShield": 18.700000762939453,
    "Safety/ShieldLagrangeMultiplier": 2.714838743209839,
    "Safety/ShieldLagrangeMultiplier/Max": 2.714838743209839,
    "Safety/ShieldLagrangeMultiplier/Min": 2.714838743209839,
    "Safety/ShieldLagrangeMultiplier/Std": 0,
    "Safety/shield_adv_c": "NaN",
    "Safety/shield_violation": 2.3899245262145996,
    "Time/Epoch": 228.48887634277344,
    "Time/FPS": 87.5316162109375,
    "Time/Rollout": 105.64785766601562,
    "Time/Total": 20015.212890625,
    "Time/Update": 122.84095764160156,
    "TotalEnvSteps": 2000000,
    "Train/Entropy": 0.25060299038887024,
    "Train/Epoch": 99,
    "Train/KL": 0.003813507268205285,
    "Train/LR": 0,
    "Train/PolicyRatio": 1.0010300874710083,
    "Train/PolicyRatio/Max": 1.001030206680298,
    "Train/PolicyRatio/Min": 1.001030206680298,
    "Train/PolicyRatio/Std": 0.006960873957723379,
    "Train/PolicyStd": 0.31290799379348755,
    "Train/StopIter": 40,
    "Value/Adv": 0.1411234438419342,
    "Value/cost": 0.4138299822807312,
    "Value/reward": -0.02670939266681671,
    "_runtime": 20016.218391509,
    "_step": 100,
    "_timestamp": 1746580008.8788867,
    "_wandb": {
        "runtime": 20016
    }
}