{
    "Loss/Loss_cost_critic": 5.251086235046387,
    "Loss/Loss_cost_critic/Delta": -3.2085161209106445,
    "Loss/Loss_pi": -0.4245079159736634,
    "Loss/Loss_pi/Delta": -0.1942528337240219,
    "Loss/Loss_reward_critic": 0.0441821850836277,
    "Loss/Loss_reward_critic/Delta": -0.02040356770157814,
    "Metrics/EpCost": 33.599998474121094,
    "Metrics/EpLen": 1000,
    "Metrics/EpRet": 6.313535690307617,
    "Metrics/LagrangeMultiplier": 3.0683422088623047,
    "Metrics/LagrangeMultiplier/Max": 3.0683422088623047,
    "Metrics/LagrangeMultiplier/Min": 3.0683422088623047,
    "Metrics/LagrangeMultiplier/Std": 0,
    "Safety/EpCostShield": 52.650001525878906,
    "Safety/ShieldLagrangeMultiplier": 3.0415518283843994,
    "Safety/ShieldLagrangeMultiplier/Max": 3.0415518283843994,
    "Safety/ShieldLagrangeMultiplier/Min": 3.0415518283843994,
    "Safety/ShieldLagrangeMultiplier/Std": 0,
    "Safety/shield_adv_c": "NaN",
    "Safety/shield_violation": 8.003860473632812,
    "Time/Epoch": 178.92701721191406,
    "Time/FPS": 111.77742004394533,
    "Time/Rollout": 78.43307495117188,
    "Time/Total": 16041.2216796875,
    "Time/Update": 100.493896484375,
    "TotalEnvSteps": 2000000,
    "Train/Entropy": 0.27624624967575073,
    "Train/Epoch": 99,
    "Train/KL": 0.0035773024428635836,
    "Train/LR": 0,
    "Train/PolicyRatio": 1.0027244091033936,
    "Train/PolicyRatio/Max": 1.0027244091033936,
    "Train/PolicyRatio/Min": 1.0027244091033936,
    "Train/PolicyRatio/Std": 0.007007475942373276,
    "Train/PolicyStd": 0.3377348780632019,
    "Train/StopIter": 40,
    "Value/Adv": -0.25948309898376465,
    "Value/cost": 3.1185784339904785,
    "Value/reward": 0.7825265526771545,
    "_runtime": 16043.273632334,
    "_step": 100,
    "_timestamp": 1746926719.5852168,
    "_wandb": {
        "runtime": 16043
    }
}