{
    "Loss/Loss_cost_critic": 2.301982879638672,
    "Loss/Loss_cost_critic/Delta": -0.8641457557678223,
    "Loss/Loss_pi": -0.26698368787765503,
    "Loss/Loss_pi/Delta": -0.10241515934467316,
    "Loss/Loss_reward_critic": 0.04653404280543327,
    "Loss/Loss_reward_critic/Delta": -0.010550417006015778,
    "Metrics/EpCost": 8.5600004196167,
    "Metrics/EpLen": 1000,
    "Metrics/EpRet": 12.27155303955078,
    "Metrics/LagrangeMultiplier": 2.120781660079956,
    "Metrics/LagrangeMultiplier/Max": 2.120781660079956,
    "Metrics/LagrangeMultiplier/Min": 2.120781660079956,
    "Metrics/LagrangeMultiplier/Std": 0,
    "Misc/AcceptanceStep": 1,
    "Misc/Alpha": 1.205366611480713,
    "Misc/FinalStepNorm": 0.2840588390827179,
    "Misc/H_inv_g": 0.23566178977489471,
    "Misc/gradient_norm": 0.26322126388549805,
    "Misc/xHx": 0.013765479438006878,
    "Safety/EpCostShield": 14.949999809265137,
    "Safety/ShieldLagrangeMultiplier": 2.2093069553375244,
    "Safety/ShieldLagrangeMultiplier/Max": 2.2093069553375244,
    "Safety/ShieldLagrangeMultiplier/Min": 2.2093069553375244,
    "Safety/ShieldLagrangeMultiplier/Std": 0,
    "Safety/shield_adv_c": -0.3955124020576477,
    "Safety/shield_violation": 1.5867900848388672,
    "Time/Epoch": 79.95570373535156,
    "Time/FPS": 250.1385040283203,
    "Time/Rollout": 65.07054901123047,
    "Time/Total": 8197.0166015625,
    "Time/Update": 14.88513469696045,
    "TotalEnvSteps": 2000000,
    "Train/Entropy": 1.8616857528686523,
    "Train/Epoch": 99,
    "Train/KL": 0.00033251120476052165,
    "Train/LR": 0,
    "Train/PolicyRatio": 1.0016088485717771,
    "Train/PolicyRatio/Max": 1.0016088485717771,
    "Train/PolicyRatio/Min": 1.0016088485717771,
    "Train/PolicyRatio/Std": 0.001137683866545558,
    "Train/PolicyStd": 1.5651172399520874,
    "Train/StopIter": 10,
    "Value/Adv": 1.5258788677030564e-09,
    "Value/cost": 0.822243332862854,
    "Value/reward": 1.0783785581588743,
    "_runtime": 8198.328419891,
    "_step": 100,
    "_timestamp": 1746527988.7516627,
    "_wandb": {
        "runtime": 8198
    }
}