{
    "Loss/Loss_cost_critic": 1.8953115940093992,
    "Loss/Loss_cost_critic/Delta": 0.5374253988265991,
    "Loss/Loss_pi": -0.02434711717069149,
    "Loss/Loss_pi/Delta": 0.001097213476896286,
    "Loss/Loss_reward_critic": 0.10286851972341536,
    "Loss/Loss_reward_critic/Delta": 0.014731429517269136,
    "Metrics/EpCost": 0.10000000149011612,
    "Metrics/EpLen": 500,
    "Metrics/EpRet": 11.394887924194336,
    "Metrics/LagrangeMultiplier": 0.7579293251037598,
    "Metrics/LagrangeMultiplier/Max": 0.7579293251037598,
    "Metrics/LagrangeMultiplier/Min": 0.7579293251037598,
    "Metrics/LagrangeMultiplier/Std": 0,
    "Misc/AcceptanceStep": 1,
    "Misc/Alpha": 1.297542691230774,
    "Misc/FinalStepNorm": 0.21907398104667664,
    "Misc/H_inv_g": 0.16883759200572968,
    "Misc/gradient_norm": 0.17233899235725403,
    "Misc/xHx": 0.011879175901412964,
    "Safety/EpCostShield": 5.199999809265137,
    "Safety/ShieldLagrangeMultiplier": 0.9816088676452636,
    "Safety/ShieldLagrangeMultiplier/Max": 0.9816088676452636,
    "Safety/ShieldLagrangeMultiplier/Min": 0.9816088676452636,
    "Safety/ShieldLagrangeMultiplier/Std": 0,
    "Safety/shield_adv_c": -0.2165418267250061,
    "Safety/shield_violation": 0.9212152361869812,
    "Time/Epoch": 87.17581176757812,
    "Time/FPS": 229.42144775390625,
    "Time/Rollout": 73.12566375732422,
    "Time/Total": 8826.568359375,
    "Time/Update": 14.050128936767578,
    "TotalEnvSteps": 2000000,
    "Train/Entropy": 0.6929457187652588,
    "Train/Epoch": 99,
    "Train/KL": 0.000418654119130224,
    "Train/LR": 0,
    "Train/PolicyRatio": 1.0014976263046265,
    "Train/PolicyRatio/Max": 1.0014976263046265,
    "Train/PolicyRatio/Min": 1.0014976263046265,
    "Train/PolicyRatio/Std": 0.0010588974691927433,
    "Train/PolicyStd": 0.5016725063323975,
    "Train/StopIter": 10,
    "Value/Adv": 2.2888182460434332e-09,
    "Value/cost": 0.4144549369812012,
    "Value/reward": 2.2686212062835693,
    "_runtime": 8828.497431955,
    "_step": 100,
    "_timestamp": 1746630841.6433823,
    "_wandb": {
        "runtime": 8828
    }
}