{
    "Loss/Loss_cost_critic": 3.471576452255249,
    "Loss/Loss_cost_critic/Delta": -0.7321083545684814,
    "Loss/Loss_pi": -0.20929378271102905,
    "Loss/Loss_pi/Delta": -0.22869482077658176,
    "Loss/Loss_reward_critic": 0.043471015989780426,
    "Loss/Loss_reward_critic/Delta": 0.005295421928167343,
    "Metrics/EpCost": 19.010000228881836,
    "Metrics/EpLen": 1000,
    "Metrics/EpRet": 7.395727634429932,
    "Metrics/LagrangeMultiplier": 3.3065176010131836,
    "Metrics/LagrangeMultiplier/Max": 3.3065176010131836,
    "Metrics/LagrangeMultiplier/Min": 3.3065176010131836,
    "Metrics/LagrangeMultiplier/Std": 0,
    "Safety/EpCostShield": 24.549999237060547,
    "Safety/ShieldLagrangeMultiplier": 3.1309640407562256,
    "Safety/ShieldLagrangeMultiplier/Max": 3.1309640407562256,
    "Safety/ShieldLagrangeMultiplier/Min": 3.1309640407562256,
    "Safety/ShieldLagrangeMultiplier/Std": 0,
    "Safety/shield_adv_c": "NaN",
    "Safety/shield_violation": 3.1644344329833984,
    "Time/Epoch": 237.05270385742188,
    "Time/FPS": 84.36942291259766,
    "Time/Rollout": 91.26870727539062,
    "Time/Total": 22640.33984375,
    "Time/Update": 145.783935546875,
    "TotalEnvSteps": 2000000,
    "Train/Entropy": 0.4989907741546631,
    "Train/Epoch": 99,
    "Train/KL": 0.0032745078206062317,
    "Train/LR": 0,
    "Train/PolicyRatio": 1.0019826889038086,
    "Train/PolicyRatio/Max": 1.001982808113098,
    "Train/PolicyRatio/Min": 1.001982808113098,
    "Train/PolicyRatio/Std": 0.00613556569442153,
    "Train/PolicyStd": 0.40023738145828247,
    "Train/StopIter": 40,
    "Value/Adv": 0.0007276758551597595,
    "Value/cost": 1.5883525609970093,
    "Value/reward": 0.7994405031204224,
    "_runtime": 22641.887549359,
    "_step": 100,
    "_timestamp": 1746931563.7718103,
    "_wandb": {
        "runtime": 22641
    }
}