{
    "Loss/Loss_cost_critic": 2.012564897537231,
    "Loss/Loss_cost_critic/Delta": -0.05278587341308594,
    "Loss/Loss_pi": -0.009438482113182545,
    "Loss/Loss_pi/Delta": 0.0014198720455169678,
    "Loss/Loss_reward_critic": 0.23138026893138883,
    "Loss/Loss_reward_critic/Delta": -0.009751245379447935,
    "Metrics/EpCost": 14.739999771118164,
    "Metrics/EpLen": 500,
    "Metrics/EpRet": 32.255680084228516,
    "Metrics/LagrangeMultiplier": 1.1839929819107056,
    "Metrics/LagrangeMultiplier/Max": 1.1839929819107056,
    "Metrics/LagrangeMultiplier/Min": 1.1839929819107056,
    "Metrics/LagrangeMultiplier/Std": 0,
    "Misc/AcceptanceStep": 1,
    "Misc/Alpha": 1.4589040279388428,
    "Misc/FinalStepNorm": 0.16633710265159607,
    "Misc/H_inv_g": 0.1140151023864746,
    "Misc/gradient_norm": 0.3232252299785614,
    "Misc/xHx": 0.00939671602100134,
    "Time/Epoch": 101.79222869873048,
    "Time/FPS": 196.47865295410156,
    "Time/Rollout": 85.69883728027344,
    "Time/Total": 10188.8232421875,
    "Time/Update": 16.093364715576172,
    "TotalEnvSteps": 2000000,
    "Train/Entropy": 0.4921294152736664,
    "Train/Epoch": 99,
    "Train/KL": 0.0004832679405808449,
    "Train/LR": 0,
    "Train/PolicyRatio": 1.000333309173584,
    "Train/PolicyRatio/Max": 1.000333309173584,
    "Train/PolicyRatio/Min": 1.000333309173584,
    "Train/PolicyRatio/Std": 0.00023568517644889653,
    "Train/PolicyStd": 0.4011850655078888,
    "Train/StopIter": 10,
    "Value/Adv": 0,
    "Value/cost": 1.8429107666015625,
    "Value/reward": 6.0886006355285645,
    "_runtime": 10191.053166225,
    "_step": 100,
    "_timestamp": 1746908786.4951916,
    "_wandb": {
        "runtime": 10191
    }
}