{
    "Loss/Loss_cost_critic": 3.238533735275269,
    "Loss/Loss_cost_critic/Delta": 0.06945133209228516,
    "Loss/Loss_pi": -0.13288450241088867,
    "Loss/Loss_pi/Delta": 0.013398706912994385,
    "Loss/Loss_reward_critic": 0.011350464075803757,
    "Loss/Loss_reward_critic/Delta": 0.005648273043334484,
    "Metrics/EpCost": 4.429999828338623,
    "Metrics/EpLen": 1000,
    "Metrics/EpRet": 0.2910342812538147,
    "Metrics/LagrangeMultiplier": 2.996798038482666,
    "Metrics/LagrangeMultiplier/Max": 2.996798038482666,
    "Metrics/LagrangeMultiplier/Min": 2.996798038482666,
    "Metrics/LagrangeMultiplier/Std": 0,
    "Safety/EpCostShield": 15.350000381469728,
    "Safety/ShieldLagrangeMultiplier": 2.941103219985962,
    "Safety/ShieldLagrangeMultiplier/Max": 2.941103219985962,
    "Safety/ShieldLagrangeMultiplier/Min": 2.941103219985962,
    "Safety/ShieldLagrangeMultiplier/Std": 0,
    "Safety/shield_adv_c": "NaN",
    "Safety/shield_violation": 2.308387756347656,
    "Time/Epoch": 245.7106781005859,
    "Time/FPS": 81.39654541015625,
    "Time/Rollout": 103.2243194580078,
    "Time/Total": 21278.888671875,
    "Time/Update": 142.48629760742188,
    "TotalEnvSteps": 2000000,
    "Train/Entropy": 0.4683656692504883,
    "Train/Epoch": 99,
    "Train/KL": 0.003774931188672781,
    "Train/LR": 0,
    "Train/PolicyRatio": 1.00140380859375,
    "Train/PolicyRatio/Max": 1.00140380859375,
    "Train/PolicyRatio/Min": 1.00140380859375,
    "Train/PolicyRatio/Std": 0.006747820880264044,
    "Train/PolicyStd": 0.3868738710880279,
    "Train/StopIter": 40,
    "Value/Adv": -0.043542880564928055,
    "Value/cost": 0.9995040893554688,
    "Value/reward": 0.015486160293221474,
    "_runtime": 21280.646304254,
    "_step": 100,
    "_timestamp": 1746581218.5544302,
    "_wandb": {
        "runtime": 21280
    }
}