{
    "Loss/Loss_cost_critic": 0.9493784308433532,
    "Loss/Loss_cost_critic/Delta": 0.32505983114242554,
    "Loss/Loss_pi": -0.008359074592590332,
    "Loss/Loss_pi/Delta": 0.0032011866569519043,
    "Loss/Loss_reward_critic": 0.011310620233416556,
    "Loss/Loss_reward_critic/Delta": 0.0008223177865147591,
    "Metrics/EpCost": 10.880000114440918,
    "Metrics/EpLen": 1000,
    "Metrics/EpRet": 0.14511045813560486,
    "Metrics/LagrangeMultiplier": 0.30703839659690857,
    "Metrics/LagrangeMultiplier/Max": 0.30703839659690857,
    "Metrics/LagrangeMultiplier/Min": 0.30703839659690857,
    "Metrics/LagrangeMultiplier/Std": 0,
    "Time/Epoch": 145.42784118652344,
    "Time/FPS": 137.52525329589844,
    "Time/Rollout": 84.84503936767578,
    "Time/Total": 12606.091796875,
    "Time/Update": 60.58274841308594,
    "TotalEnvSteps": 2000000,
    "Train/Entropy": 0.04429088905453682,
    "Train/Epoch": 99,
    "Train/KL": 0.004336718935519457,
    "Train/LR": 0,
    "Train/PolicyRatio": 1.0003324747085571,
    "Train/PolicyRatio/Max": 1.0003324747085571,
    "Train/PolicyRatio/Min": 1.0003324747085571,
    "Train/PolicyRatio/Std": 0.00710830045863986,
    "Train/PolicyStd": 0.2529519498348236,
    "Train/StopIter": 40,
    "Value/Adv": -0.5007748007774353,
    "Value/cost": 1.85093355178833,
    "Value/reward": 0.004010852891951799,
    "_runtime": 12608.000442302,
    "_step": 100,
    "_timestamp": 1745041468.4045942,
    "_wandb": {
        "runtime": 12608
    }
}