{
    "Loss/Loss_cost_critic": 1.9557414054870603,
    "Loss/Loss_cost_critic/Delta": -1.5376720428466797,
    "Loss/Loss_pi": 0.08766736835241318,
    "Loss/Loss_pi/Delta": -0.10513222962617874,
    "Loss/Loss_reward_critic": 0.007379437331110239,
    "Loss/Loss_reward_critic/Delta": 0.00043795397505164146,
    "Metrics/EpCost": 11.729999542236328,
    "Metrics/EpLen": 1000,
    "Metrics/EpRet": 0.13055580854415894,
    "Metrics/LagrangeMultiplier": 3.234548330307007,
    "Metrics/LagrangeMultiplier/Max": 3.234548330307007,
    "Metrics/LagrangeMultiplier/Min": 3.234548330307007,
    "Metrics/LagrangeMultiplier/Std": 0,
    "Safety/EpCostShield": 36.099998474121094,
    "Safety/ShieldLagrangeMultiplier": 3.025432586669922,
    "Safety/ShieldLagrangeMultiplier/Max": 3.025432586669922,
    "Safety/ShieldLagrangeMultiplier/Min": 3.025432586669922,
    "Safety/ShieldLagrangeMultiplier/Std": 0,
    "Safety/shield_adv_c": "NaN",
    "Safety/shield_violation": 2.3583202362060547,
    "Time/Epoch": 293.962890625,
    "Time/FPS": 68.03580474853516,
    "Time/Rollout": 108.59943389892578,
    "Time/Total": 24823.5625,
    "Time/Update": 185.3633270263672,
    "TotalEnvSteps": 2000000,
    "Train/Entropy": 0.5721225738525391,
    "Train/Epoch": 99,
    "Train/KL": 0.0045591918751597404,
    "Train/LR": 0,
    "Train/PolicyRatio": 1.0003045797348022,
    "Train/PolicyRatio/Max": 1.0003046989440918,
    "Train/PolicyRatio/Min": 1.0003046989440918,
    "Train/PolicyRatio/Std": 0.007251386065036058,
    "Train/PolicyStd": 0.429917186498642,
    "Train/StopIter": 40,
    "Value/Adv": 0.04974379763007164,
    "Value/cost": 0.8625532388687134,
    "Value/reward": 0.032075896859169006,
    "_runtime": 24825.190934551,
    "_step": 100,
    "_timestamp": 1746618372.72728,
    "_wandb": {
        "runtime": 24825
    }
}