{
    "Loss/Loss_cost_critic": 2.239885091781616,
    "Loss/Loss_cost_critic/Delta": -0.25557875633239746,
    "Loss/Loss_pi": -0.398003488779068,
    "Loss/Loss_pi/Delta": -0.04310637712478638,
    "Loss/Loss_reward_critic": 0.041700445115566254,
    "Loss/Loss_reward_critic/Delta": -0.00487113744020462,
    "Metrics/EpCost": 10.760000228881836,
    "Metrics/EpLen": 1000,
    "Metrics/EpRet": 3.0082333087921143,
    "Metrics/LagrangeMultiplier": 2.329387664794922,
    "Metrics/LagrangeMultiplier/Max": 2.329387664794922,
    "Metrics/LagrangeMultiplier/Min": 2.329387664794922,
    "Metrics/LagrangeMultiplier/Std": 0,
    "Misc/AcceptanceStep": 1,
    "Misc/Alpha": 1.3497378826141355,
    "Misc/FinalStepNorm": 0.32887616753578186,
    "Misc/H_inv_g": 0.24365930259227753,
    "Misc/gradient_norm": 0.110537551343441,
    "Misc/xHx": 0.010978189297020435,
    "Safety/EpCostShield": 18.549999237060547,
    "Safety/ShieldLagrangeMultiplier": 2.3972842693328857,
    "Safety/ShieldLagrangeMultiplier/Max": 2.3972842693328857,
    "Safety/ShieldLagrangeMultiplier/Min": 2.3972842693328857,
    "Safety/ShieldLagrangeMultiplier/Std": 0,
    "Safety/shield_adv_c": -0.30545178055763245,
    "Safety/shield_violation": 3.672234296798706,
    "Time/Epoch": 96.05765533447266,
    "Time/FPS": 208.2082977294922,
    "Time/Rollout": 78.90576934814453,
    "Time/Total": 9976.5224609375,
    "Time/Update": 17.15185546875,
    "TotalEnvSteps": 2000000,
    "Train/Entropy": 2.2010223865509033,
    "Train/Epoch": 99,
    "Train/KL": 0.00025589996948838234,
    "Train/LR": 0,
    "Train/PolicyRatio": 1.002330303192139,
    "Train/PolicyRatio/Max": 1.002330303192139,
    "Train/PolicyRatio/Min": 1.002330303192139,
    "Train/PolicyRatio/Std": 0.0016477731987833977,
    "Train/PolicyStd": 2.191796064376831,
    "Train/StopIter": 10,
    "Value/Adv": -1.5258788677030564e-09,
    "Value/cost": 0.7770165801048279,
    "Value/reward": 0.26141631603240967,
    "_runtime": 9978.032038044,
    "_step": 100,
    "_timestamp": 1746916231.2302928,
    "_wandb": {
        "runtime": 9978
    }
}