{
    "Loss/Loss_cost_critic": 6.798293113708496,
    "Loss/Loss_cost_critic/Delta": -0.06768274307250977,
    "Loss/Loss_pi": -0.28806188702583313,
    "Loss/Loss_pi/Delta": 0.11938190460205078,
    "Loss/Loss_reward_critic": 0.03891708329319954,
    "Loss/Loss_reward_critic/Delta": -0.0004885829985141754,
    "Metrics/EpCost": 25.549999237060547,
    "Metrics/EpLen": 1000,
    "Metrics/EpRet": 16.04106903076172,
    "Metrics/LagrangeMultiplier": 3.0273232460021973,
    "Metrics/LagrangeMultiplier/Max": 3.0273232460021973,
    "Metrics/LagrangeMultiplier/Min": 3.0273232460021973,
    "Metrics/LagrangeMultiplier/Std": 0,
    "Safety/EpCostShield": 53.20000076293945,
    "Safety/ShieldLagrangeMultiplier": 2.976142168045044,
    "Safety/ShieldLagrangeMultiplier/Max": 2.976142168045044,
    "Safety/ShieldLagrangeMultiplier/Min": 2.976142168045044,
    "Safety/ShieldLagrangeMultiplier/Std": 0,
    "Safety/shield_adv_c": "NaN",
    "Safety/shield_violation": 6.90116548538208,
    "Time/Epoch": 210.96058654785156,
    "Time/FPS": 94.80443572998048,
    "Time/Rollout": 89.98634338378906,
    "Time/Total": 21932.3828125,
    "Time/Update": 120.97415924072266,
    "TotalEnvSteps": 2000000,
    "Train/Entropy": 0.021073736250400543,
    "Train/Epoch": 99,
    "Train/KL": 0.003776826430112123,
    "Train/LR": 0,
    "Train/PolicyRatio": 1.0002650022506714,
    "Train/PolicyRatio/Max": 1.0002650022506714,
    "Train/PolicyRatio/Min": 1.0002650022506714,
    "Train/PolicyRatio/Std": 0.006640841718763113,
    "Train/PolicyStd": 0.24715407192707065,
    "Train/StopIter": 40,
    "Value/Adv": 0.0725894421339035,
    "Value/cost": 3.4755492210388184,
    "Value/reward": 1.7084312438964844,
    "_runtime": 21948.739504622,
    "_step": 100,
    "_timestamp": 1747272214.9537394,
    "_wandb": {
        "runtime": 21948
    }
}