{
    "Loss/Loss_cost_critic": 1.3203016519546509,
    "Loss/Loss_cost_critic/Delta": 0.2609297037124634,
    "Loss/Loss_pi": -0.006853153463453054,
    "Loss/Loss_pi/Delta": 0.002610669005662203,
    "Loss/Loss_reward_critic": 0.035164546221494675,
    "Loss/Loss_reward_critic/Delta": 0.0016659647226333618,
    "Metrics/EpCost": 27.219999313354492,
    "Metrics/EpLen": 1000,
    "Metrics/EpRet": 18.360694885253903,
    "Metrics/LagrangeMultiplier": 3.14019775390625,
    "Metrics/LagrangeMultiplier/Max": 3.14019775390625,
    "Metrics/LagrangeMultiplier/Min": 3.14019775390625,
    "Metrics/LagrangeMultiplier/Std": 0,
    "Time/Epoch": 124.3533935546875,
    "Time/FPS": 160.83197021484375,
    "Time/Rollout": 65.89537048339844,
    "Time/Total": 14881.3359375,
    "Time/Update": 58.45796585083008,
    "TotalEnvSteps": 2000000,
    "Train/Entropy": 0.7403264045715332,
    "Train/Epoch": 99,
    "Train/KL": 0.00289654778316617,
    "Train/LR": 0,
    "Train/PolicyRatio": 1.0000182390213013,
    "Train/PolicyRatio/Max": 1.0000182390213013,
    "Train/PolicyRatio/Min": 1.0000182390213013,
    "Train/PolicyRatio/Std": 0.005941108800470829,
    "Train/PolicyStd": 0.5074188709259033,
    "Train/StopIter": 40,
    "Value/Adv": -0.15947024524211884,
    "Value/cost": 3.3758370876312256,
    "Value/reward": 1.867731690406799,
    "_runtime": 14883.044242957,
    "_step": 100,
    "_timestamp": 1743320813.8223562,
    "_wandb": {
        "runtime": 14883
    }
}