{
    "Loss/Loss_cost_critic": 3.2077691555023193,
    "Loss/Loss_cost_critic/Delta": 1.9690262079238892,
    "Loss/Loss_pi": -0.15669244527816772,
    "Loss/Loss_pi/Delta": -0.008382394909858704,
    "Loss/Loss_reward_critic": 0.06658007204532623,
    "Loss/Loss_reward_critic/Delta": 0.0018513575196266176,
    "Metrics/EpCost": 2.4700000286102295,
    "Metrics/EpLen": 500,
    "Metrics/EpRet": 8.448046684265137,
    "Metrics/LagrangeMultiplier": 1.142039179801941,
    "Metrics/LagrangeMultiplier/Max": 1.142039179801941,
    "Metrics/LagrangeMultiplier/Min": 1.142039179801941,
    "Metrics/LagrangeMultiplier/Std": 0,
    "Safety/EpCostShield": 9.850000381469728,
    "Safety/ShieldLagrangeMultiplier": 1.378682017326355,
    "Safety/ShieldLagrangeMultiplier/Max": 1.378682017326355,
    "Safety/ShieldLagrangeMultiplier/Min": 1.378682017326355,
    "Safety/ShieldLagrangeMultiplier/Std": 0,
    "Safety/shield_adv_c": "NaN",
    "Safety/shield_violation": 0.7581154108047485,
    "Time/Epoch": 192.87744140625,
    "Time/FPS": 103.69278717041016,
    "Time/Rollout": 92.87715911865234,
    "Time/Total": 18506.63671875,
    "Time/Update": 100.00022888183594,
    "TotalEnvSteps": 2000000,
    "Train/Entropy": 0.3137936294078827,
    "Train/Epoch": 99,
    "Train/KL": 0.003750987816601992,
    "Train/LR": 0,
    "Train/PolicyRatio": 1.0027592182159424,
    "Train/PolicyRatio/Max": 1.0027592182159424,
    "Train/PolicyRatio/Min": 1.0027592182159424,
    "Train/PolicyRatio/Std": 0.006400638725608587,
    "Train/PolicyStd": 0.3961707949638366,
    "Train/StopIter": 40,
    "Value/Adv": 0.05403327196836472,
    "Value/cost": 0.18813049793243408,
    "Value/reward": 1.7139503955841064,
    "_runtime": 18508.212082085,
    "_step": 100,
    "_timestamp": 1746629760.7550874,
    "_wandb": {
        "runtime": 18508
    }
}