{
    "Loss/Loss_cost_critic": 1.5587716102600098,
    "Loss/Loss_cost_critic/Delta": 1.206973820924759,
    "Loss/Loss_pi": -0.006127878557890654,
    "Loss/Loss_pi/Delta": -0.0007147607393562794,
    "Loss/Loss_reward_critic": 0.0661294236779213,
    "Loss/Loss_reward_critic/Delta": 0.015217289328575134,
    "Metrics/EpCost": 7.010000228881836,
    "Metrics/EpLen": 500,
    "Metrics/EpRet": 9.434118270874023,
    "Metrics/LagrangeMultiplier": 7.591145038604736,
    "Metrics/LagrangeMultiplier/Max": 7.591145038604736,
    "Metrics/LagrangeMultiplier/Min": 7.591145038604736,
    "Metrics/LagrangeMultiplier/Std": 0,
    "Time/Epoch": 155.95606994628906,
    "Time/FPS": 128.24124145507812,
    "Time/Rollout": 97.66403198242188,
    "Time/Total": 14473.7109375,
    "Time/Update": 58.29195785522461,
    "TotalEnvSteps": 2000000,
    "Train/Entropy": 0.31431952118873596,
    "Train/Epoch": 99,
    "Train/KL": 0.003349006874486804,
    "Train/LR": 0,
    "Train/PolicyRatio": 1.000373601913452,
    "Train/PolicyRatio/Max": 1.000373601913452,
    "Train/PolicyRatio/Min": 1.000373601913452,
    "Train/PolicyRatio/Std": 0.006591944023966789,
    "Train/PolicyStd": 0.3321438729763031,
    "Train/StopIter": 40,
    "Value/Adv": 0.01364227756857872,
    "Value/cost": 0.383716344833374,
    "Value/reward": 2.1055641174316406,
    "_runtime": 14474.615083732,
    "_step": 100,
    "_timestamp": 1745055978.4152205,
    "_wandb": {
        "runtime": 14474
    }
}