{
    "Loss/Loss_cost_critic": 0.111756831407547,
    "Loss/Loss_cost_critic/Delta": -0.19097107648849487,
    "Loss/Loss_pi": -0.0025500638876110315,
    "Loss/Loss_pi/Delta": 0.0040745551232248545,
    "Loss/Loss_reward_critic": 0.0025155271869152784,
    "Loss/Loss_reward_critic/Delta": -0.0008620452135801315,
    "Metrics/EpCost": 3.180000066757202,
    "Metrics/EpLen": 1000,
    "Metrics/EpRet": 0.04046420753002167,
    "Metrics/LagrangeMultiplier": 24.971765518188477,
    "Metrics/LagrangeMultiplier/Max": 24.971765518188477,
    "Metrics/LagrangeMultiplier/Min": 24.971765518188477,
    "Metrics/LagrangeMultiplier/Std": 0,
    "Misc/AcceptanceStep": 1,
    "Misc/Alpha": 4.636405944824219,
    "Misc/FinalStepNorm": 0.3340180218219757,
    "Misc/H_inv_g": 0.07204244285821915,
    "Misc/gradient_norm": 0.04708399996161461,
    "Misc/xHx": 0.0009303843835368752,
    "Time/Epoch": 100.05594635009766,
    "Time/FPS": 199.88818359375,
    "Time/Rollout": 85.46002197265625,
    "Time/Total": 9929.3759765625,
    "Time/Update": 14.595888137817385,
    "TotalEnvSteps": 2000000,
    "Train/Entropy": 1.2208009958267212,
    "Train/Epoch": 99,
    "Train/KL": 0.00021610563271678984,
    "Train/LR": 0,
    "Train/PolicyRatio": 1.0003724098205566,
    "Train/PolicyRatio/Max": 1.0003724098205566,
    "Train/PolicyRatio/Min": 1.0003724098205566,
    "Train/PolicyRatio/Std": 0.0002633334952406585,
    "Train/PolicyStd": 0.8235849738121033,
    "Train/StopIter": 10,
    "Value/Adv": 0,
    "Value/cost": 0.3400628864765167,
    "Value/reward": 0.00627256790176034,
    "_runtime": 9930.841152158,
    "_step": 100,
    "_timestamp": 1745005179.5861032,
    "_wandb": {
        "runtime": 9930
    }
}