{
    "Loss/Loss_cost_critic": 4.98383903503418,
    "Loss/Loss_cost_critic/Delta": -3.941732406616211,
    "Loss/Loss_pi": -0.1867622137069702,
    "Loss/Loss_pi/Delta": -0.14567766338586807,
    "Loss/Loss_reward_critic": 0.032244723290205,
    "Loss/Loss_reward_critic/Delta": -0.0005391649901866913,
    "Metrics/EpCost": 17.989999771118164,
    "Metrics/EpLen": 1000,
    "Metrics/EpRet": 5.125566005706787,
    "Metrics/LagrangeMultiplier": 2.8504080772399902,
    "Metrics/LagrangeMultiplier/Max": 2.8504080772399902,
    "Metrics/LagrangeMultiplier/Min": 2.8504080772399902,
    "Metrics/LagrangeMultiplier/Std": 0,
    "Safety/EpCostShield": 32,
    "Safety/ShieldLagrangeMultiplier": 2.7135109901428223,
    "Safety/ShieldLagrangeMultiplier/Max": 2.7135109901428223,
    "Safety/ShieldLagrangeMultiplier/Min": 2.7135109901428223,
    "Safety/ShieldLagrangeMultiplier/Std": 0,
    "Safety/shield_adv_c": "NaN",
    "Safety/shield_violation": 3.381605386734009,
    "Time/Epoch": 218.5749359130859,
    "Time/FPS": 91.50180053710938,
    "Time/Rollout": 92.5400848388672,
    "Time/Total": 21051.64453125,
    "Time/Update": 126.0347671508789,
    "TotalEnvSteps": 2000000,
    "Train/Entropy": 0.572070300579071,
    "Train/Epoch": 99,
    "Train/KL": 0.0037719672545790672,
    "Train/LR": 0,
    "Train/PolicyRatio": 1.001284956932068,
    "Train/PolicyRatio/Max": 1.0012850761413574,
    "Train/PolicyRatio/Min": 1.0012850761413574,
    "Train/PolicyRatio/Std": 0.006600069347769022,
    "Train/PolicyStd": 0.43284693360328674,
    "Train/StopIter": 40,
    "Value/Adv": 0.19482171535491943,
    "Value/cost": 1.2347218990325928,
    "Value/reward": 0.6748478412628174,
    "_runtime": 21053.558044237,
    "_step": 100,
    "_timestamp": 1746626669.859843,
    "_wandb": {
        "runtime": 21053
    }
}