{
    "Loss/Loss_cost_critic": 4.277871608734131,
    "Loss/Loss_cost_critic/Delta": -0.08681535720825195,
    "Loss/Loss_pi": -0.1948566734790802,
    "Loss/Loss_pi/Delta": 0.04132728278636933,
    "Loss/Loss_reward_critic": 0.03665323927998543,
    "Loss/Loss_reward_critic/Delta": -0.003714330494403839,
    "Metrics/EpCost": 14.779999732971191,
    "Metrics/EpLen": 1000,
    "Metrics/EpRet": 7.816534519195557,
    "Metrics/LagrangeMultiplier": 2.6460230350494385,
    "Metrics/LagrangeMultiplier/Max": 2.6460230350494385,
    "Metrics/LagrangeMultiplier/Min": 2.6460230350494385,
    "Metrics/LagrangeMultiplier/Std": 0,
    "Safety/EpCostShield": 30.450000762939453,
    "Safety/ShieldLagrangeMultiplier": 2.608884572982788,
    "Safety/ShieldLagrangeMultiplier/Max": 2.608884572982788,
    "Safety/ShieldLagrangeMultiplier/Min": 2.608884572982788,
    "Safety/ShieldLagrangeMultiplier/Std": 0,
    "Safety/shield_adv_c": "NaN",
    "Safety/shield_violation": 3.195281744003296,
    "Time/Epoch": 172.78857421875,
    "Time/FPS": 115.74839782714844,
    "Time/Rollout": 74.03945922851562,
    "Time/Total": 17558.90625,
    "Time/Update": 98.74905395507812,
    "TotalEnvSteps": 2000000,
    "Train/Entropy": 0.7592229843139648,
    "Train/Epoch": 99,
    "Train/KL": 0.003164350986480713,
    "Train/LR": 0,
    "Train/PolicyRatio": 1.00008225440979,
    "Train/PolicyRatio/Max": 1.00008225440979,
    "Train/PolicyRatio/Min": 1.00008225440979,
    "Train/PolicyRatio/Std": 0.006669217254966497,
    "Train/PolicyStd": 0.5283902287483215,
    "Train/StopIter": 40,
    "Value/Adv": 0.1438063681125641,
    "Value/cost": 1.485260844230652,
    "Value/reward": 0.8665359616279602,
    "_runtime": 17560.740543932,
    "_step": 100,
    "_timestamp": 1746611131.524764,
    "_wandb": {
        "runtime": 17560
    }
}