{
    "Loss/Loss_cost_critic": 2.4673006534576416,
    "Loss/Loss_cost_critic/Delta": 0.9805041551589966,
    "Loss/Loss_pi": -0.09828656166791916,
    "Loss/Loss_pi/Delta": -0.1768447831273079,
    "Loss/Loss_reward_critic": 0.005735237617045641,
    "Loss/Loss_reward_critic/Delta": -0.00026287371292710304,
    "Metrics/EpCost": 3.0999999046325684,
    "Metrics/EpLen": 1000,
    "Metrics/EpRet": 0.1165834441781044,
    "Metrics/LagrangeMultiplier": 2.195549964904785,
    "Metrics/LagrangeMultiplier/Max": 2.195549964904785,
    "Metrics/LagrangeMultiplier/Min": 2.195549964904785,
    "Metrics/LagrangeMultiplier/Std": 0,
    "Misc/AcceptanceStep": 1,
    "Misc/Alpha": 2.2227306365966797,
    "Misc/FinalStepNorm": 0.3128992021083832,
    "Misc/H_inv_g": 0.14077244699001312,
    "Misc/gradient_norm": 0.09359193593263626,
    "Misc/xHx": 0.004048137925565243,
    "Safety/EpCostShield": 13.149999618530272,
    "Safety/ShieldLagrangeMultiplier": 2.064581871032715,
    "Safety/ShieldLagrangeMultiplier/Max": 2.064581871032715,
    "Safety/ShieldLagrangeMultiplier/Min": 2.064581871032715,
    "Safety/ShieldLagrangeMultiplier/Std": 0,
    "Safety/shield_adv_c": -0.3453143239021301,
    "Safety/shield_violation": 1.1472336053848269,
    "Time/Epoch": 119.07250213623048,
    "Time/FPS": 167.9648895263672,
    "Time/Rollout": 96.02571868896484,
    "Time/Total": 11934.3115234375,
    "Time/Update": 23.04676628112793,
    "TotalEnvSteps": 2000000,
    "Train/Entropy": 2.2604026794433594,
    "Train/Epoch": 99,
    "Train/KL": 0.0002954486117232591,
    "Train/LR": 0,
    "Train/PolicyRatio": 1.0011523962020874,
    "Train/PolicyRatio/Max": 1.0011523962020874,
    "Train/PolicyRatio/Min": 1.0011523962020874,
    "Train/PolicyRatio/Std": 0.0008148952620103955,
    "Train/PolicyStd": 2.507305145263672,
    "Train/StopIter": 10,
    "Value/Adv": -1.1062621929625038e-08,
    "Value/cost": 0.2671760320663452,
    "Value/reward": 0.004690750502049923,
    "_runtime": 11935.433740543,
    "_step": 100,
    "_timestamp": 1746551542.7178965,
    "_wandb": {
        "runtime": 11935
    }
}