{
    "Loss/Loss_cost_critic": 1.529356598854065,
    "Loss/Loss_cost_critic/Delta": -0.06101417541503906,
    "Loss/Loss_pi": -0.22701282799243927,
    "Loss/Loss_pi/Delta": 0.06689615547657013,
    "Loss/Loss_reward_critic": 0.006408907473087311,
    "Loss/Loss_reward_critic/Delta": 8.433638140559196e-05,
    "Metrics/EpCost": 4.130000114440918,
    "Metrics/EpLen": 1000,
    "Metrics/EpRet": 0.21585704386234283,
    "Metrics/LagrangeMultiplier": 2.365241765975952,
    "Metrics/LagrangeMultiplier/Max": 2.365241765975952,
    "Metrics/LagrangeMultiplier/Min": 2.365241765975952,
    "Metrics/LagrangeMultiplier/Std": 0,
    "Misc/AcceptanceStep": 1,
    "Misc/Alpha": 2.091761589050293,
    "Misc/FinalStepNorm": 0.3085077702999115,
    "Misc/H_inv_g": 0.1474870592355728,
    "Misc/gradient_norm": 0.07652014493942261,
    "Misc/xHx": 0.0045709311962127686,
    "Safety/EpCostShield": 15.850000381469728,
    "Safety/ShieldLagrangeMultiplier": 2.430097818374634,
    "Safety/ShieldLagrangeMultiplier/Max": 2.430097818374634,
    "Safety/ShieldLagrangeMultiplier/Min": 2.430097818374634,
    "Safety/ShieldLagrangeMultiplier/Std": 0,
    "Safety/shield_adv_c": -0.09567900747060776,
    "Safety/shield_violation": 1.4214836359024048,
    "Time/Epoch": 108.07331848144533,
    "Time/FPS": 185.05955505371097,
    "Time/Rollout": 90.84072875976562,
    "Time/Total": 10642.5546875,
    "Time/Update": 17.232547760009766,
    "TotalEnvSteps": 2000000,
    "Train/Entropy": 2.3833963871002197,
    "Train/Epoch": 99,
    "Train/KL": 0.00029809644911438227,
    "Train/LR": 0,
    "Train/PolicyRatio": 1.0008825063705444,
    "Train/PolicyRatio/Max": 1.0008825063705444,
    "Train/PolicyRatio/Min": 1.0008825063705444,
    "Train/PolicyRatio/Std": 0.0006239419453777373,
    "Train/PolicyStd": 2.6722137928009033,
    "Train/StopIter": 10,
    "Value/Adv": 9.155272984173736e-09,
    "Value/cost": 0.3946834504604339,
    "Value/reward": 0.02255786955356598,
    "_runtime": 10644.30624214,
    "_step": 100,
    "_timestamp": 1746507039.8320549,
    "_wandb": {
        "runtime": 10644
    }
}