{
    "Loss/Loss_cost_critic": 1.9040623903274536,
    "Loss/Loss_cost_critic/Delta": 0.10415148735046388,
    "Loss/Loss_pi": -0.20533205568790436,
    "Loss/Loss_pi/Delta": 0.025310784578323364,
    "Loss/Loss_reward_critic": 0.186292827129364,
    "Loss/Loss_reward_critic/Delta": -0.0031073540449142456,
    "Metrics/EpCost": 0.6700000166893005,
    "Metrics/EpLen": 500,
    "Metrics/EpRet": 24.5961856842041,
    "Metrics/LagrangeMultiplier": 1.265799641609192,
    "Metrics/LagrangeMultiplier/Max": 1.265799641609192,
    "Metrics/LagrangeMultiplier/Min": 1.265799641609192,
    "Metrics/LagrangeMultiplier/Std": 0,
    "Safety/EpCostShield": 5.875,
    "Safety/ShieldLagrangeMultiplier": 1.3340795040130615,
    "Safety/ShieldLagrangeMultiplier/Max": 1.3340795040130615,
    "Safety/ShieldLagrangeMultiplier/Min": 1.3340795040130615,
    "Safety/ShieldLagrangeMultiplier/Std": 0,
    "Safety/shield_adv_c": "NaN",
    "Safety/shield_violation": 0.7831711173057556,
    "Time/Epoch": 239.9873504638672,
    "Time/FPS": 83.33772277832031,
    "Time/Rollout": 91.96160888671876,
    "Time/Total": 24280.205078125,
    "Time/Update": 148.02569580078125,
    "TotalEnvSteps": 2000000,
    "Train/Entropy": 1.0746772289276123,
    "Train/Epoch": 99,
    "Train/KL": 0.0021191679406911135,
    "Train/LR": 0,
    "Train/PolicyRatio": 1.0009381771087646,
    "Train/PolicyRatio/Max": 1.0009381771087646,
    "Train/PolicyRatio/Min": 1.0009381771087646,
    "Train/PolicyRatio/Std": 0.005160223226994276,
    "Train/PolicyStd": 0.7092284560203552,
    "Train/StopIter": 40,
    "Value/Adv": 0.20466214418411255,
    "Value/cost": 0.26216283440589905,
    "Value/reward": 4.810241222381592,
    "_runtime": 24282.189530458,
    "_step": 100,
    "_timestamp": 1746533333.045883,
    "_wandb": {
        "runtime": 24282
    }
}