{
    "Loss/Loss_cost_critic": 5.18989896774292,
    "Loss/Loss_cost_critic/Delta": -0.06577396392822266,
    "Loss/Loss_pi": -0.15010525286197662,
    "Loss/Loss_pi/Delta": -0.26741647720336914,
    "Loss/Loss_reward_critic": 0.04825188219547272,
    "Loss/Loss_reward_critic/Delta": 0.0122055783867836,
    "Metrics/EpCost": 30.950000762939453,
    "Metrics/EpLen": 1000,
    "Metrics/EpRet": 7.003884315490723,
    "Metrics/LagrangeMultiplier": 2.969912528991699,
    "Metrics/LagrangeMultiplier/Max": 2.969912528991699,
    "Metrics/LagrangeMultiplier/Min": 2.969912528991699,
    "Metrics/LagrangeMultiplier/Std": 0,
    "Safety/EpCostShield": 57.650001525878906,
    "Safety/ShieldLagrangeMultiplier": 2.9166347980499268,
    "Safety/ShieldLagrangeMultiplier/Max": 2.9166347980499268,
    "Safety/ShieldLagrangeMultiplier/Min": 2.9166347980499268,
    "Safety/ShieldLagrangeMultiplier/Std": 0,
    "Safety/shield_adv_c": "NaN",
    "Safety/shield_violation": 6.160478591918945,
    "Time/Epoch": 264.3485412597656,
    "Time/FPS": 75.6576919555664,
    "Time/Rollout": 123.8430404663086,
    "Time/Total": 23283.205078125,
    "Time/Update": 140.50543212890625,
    "TotalEnvSteps": 2000000,
    "Train/Entropy": 0.11601652204990388,
    "Train/Epoch": 99,
    "Train/KL": 0.00441381661221385,
    "Train/LR": 0,
    "Train/PolicyRatio": 1.00120747089386,
    "Train/PolicyRatio/Max": 1.00120747089386,
    "Train/PolicyRatio/Min": 1.00120747089386,
    "Train/PolicyRatio/Std": 0.007168746553361416,
    "Train/PolicyStd": 0.2727457880973816,
    "Train/StopIter": 40,
    "Value/Adv": 0.09773483872413637,
    "Value/cost": 2.689793825149536,
    "Value/reward": 0.7563740015029907,
    "_runtime": 23285.713798455,
    "_step": 100,
    "_timestamp": 1747273565.7961402,
    "_wandb": {
        "runtime": 23285
    }
}