{
    "Loss/Loss_cost_critic": 3.2978057861328125,
    "Loss/Loss_cost_critic/Delta": -0.6081123352050781,
    "Loss/Loss_pi": -0.39076775312423706,
    "Loss/Loss_pi/Delta": 0.06311681866645813,
    "Loss/Loss_reward_critic": 0.028025127947330475,
    "Loss/Loss_reward_critic/Delta": 0.0006426535546779633,
    "Metrics/EpCost": 20.81999969482422,
    "Metrics/EpLen": 1000,
    "Metrics/EpRet": 4.079531669616699,
    "Metrics/LagrangeMultiplier": 3.0166914463043213,
    "Metrics/LagrangeMultiplier/Max": 3.0166914463043213,
    "Metrics/LagrangeMultiplier/Min": 3.0166914463043213,
    "Metrics/LagrangeMultiplier/Std": 0,
    "Safety/EpCostShield": 29.399999618530273,
    "Safety/ShieldLagrangeMultiplier": 2.8772125244140625,
    "Safety/ShieldLagrangeMultiplier/Max": 2.8772125244140625,
    "Safety/ShieldLagrangeMultiplier/Min": 2.8772125244140625,
    "Safety/ShieldLagrangeMultiplier/Std": 0,
    "Safety/shield_adv_c": "NaN",
    "Safety/shield_violation": 5.43162202835083,
    "Time/Epoch": 152.3465118408203,
    "Time/FPS": 131.27967834472656,
    "Time/Rollout": 69.98128509521484,
    "Time/Total": 14402.6337890625,
    "Time/Update": 82.36515808105469,
    "TotalEnvSteps": 2000000,
    "Train/Entropy": 0.46188676357269287,
    "Train/Epoch": 99,
    "Train/KL": 0.003785508684813976,
    "Train/LR": 0,
    "Train/PolicyRatio": 1.0026843547821045,
    "Train/PolicyRatio/Max": 1.0026843547821045,
    "Train/PolicyRatio/Min": 1.0026843547821045,
    "Train/PolicyRatio/Std": 0.006583522539585829,
    "Train/PolicyStd": 0.3878173530101776,
    "Train/StopIter": 40,
    "Value/Adv": 0.043388910591602325,
    "Value/cost": 2.263068914413452,
    "Value/reward": 0.5745525360107422,
    "_runtime": 14404.122259783,
    "_step": 100,
    "_timestamp": 1746542292.0602384,
    "_wandb": {
        "runtime": 14404
    }
}