{
    "Loss/Loss_cost_critic": 1.509297251701355,
    "Loss/Loss_cost_critic/Delta": -0.4810059070587158,
    "Loss/Loss_pi": -0.005803214386105537,
    "Loss/Loss_pi/Delta": 0.005073103122413158,
    "Loss/Loss_reward_critic": 0.1964163035154343,
    "Loss/Loss_reward_critic/Delta": 0.02153977751731873,
    "Metrics/EpCost": 8.460000038146973,
    "Metrics/EpLen": 500,
    "Metrics/EpRet": 35.438602447509766,
    "Metrics/LagrangeMultiplier": 1.109602928161621,
    "Metrics/LagrangeMultiplier/Max": 1.109602928161621,
    "Metrics/LagrangeMultiplier/Min": 1.109602928161621,
    "Metrics/LagrangeMultiplier/Std": 0,
    "Misc/AcceptanceStep": 1,
    "Misc/Alpha": 2.1443090438842773,
    "Misc/FinalStepNorm": 0.223018616437912,
    "Misc/H_inv_g": 0.1040048897266388,
    "Misc/gradient_norm": 0.09264478087425232,
    "Misc/xHx": 0.004349649418145418,
    "Time/Epoch": 102.21306610107422,
    "Time/FPS": 195.6696929931641,
    "Time/Rollout": 93.50211334228516,
    "Time/Total": 10249.177734375,
    "Time/Update": 8.710932731628418,
    "TotalEnvSteps": 2000000,
    "Train/Entropy": 0.8412964344024658,
    "Train/Epoch": 99,
    "Train/KL": 0.0004404765786603093,
    "Train/LR": 0,
    "Train/PolicyRatio": 1.0005966424942017,
    "Train/PolicyRatio/Max": 1.0005967617034912,
    "Train/PolicyRatio/Min": 1.0005967617034912,
    "Train/PolicyRatio/Std": 0.0004219180264044553,
    "Train/PolicyStd": 0.5733742713928223,
    "Train/StopIter": 10,
    "Value/Adv": 8.01086397217432e-09,
    "Value/cost": 1.5300493240356443,
    "Value/reward": 7.015583038330078,
    "_runtime": 10250.235377213,
    "_step": 100,
    "_timestamp": 1743316175.5571306,
    "_wandb": {
        "runtime": 10250
    }
}