{
    "Loss/Loss_cost_critic": 6.314327239990234,
    "Loss/Loss_cost_critic/Delta": 0.6955137252807617,
    "Loss/Loss_pi": 0.42965003848075867,
    "Loss/Loss_pi/Delta": 0.2619328200817108,
    "Loss/Loss_reward_critic": 0.05058591812849045,
    "Loss/Loss_reward_critic/Delta": 0.004338767379522324,
    "Metrics/EpCost": 23.059999465942383,
    "Metrics/EpLen": 1000,
    "Metrics/EpRet": 6.5920233726501465,
    "Metrics/LagrangeMultiplier": 2.8874080181121826,
    "Metrics/LagrangeMultiplier/Max": 2.8874080181121826,
    "Metrics/LagrangeMultiplier/Min": 2.8874080181121826,
    "Metrics/LagrangeMultiplier/Std": 0,
    "Safety/EpCostShield": 110.0500030517578,
    "Safety/ShieldLagrangeMultiplier": 2.9073238372802734,
    "Safety/ShieldLagrangeMultiplier/Max": 2.9073238372802734,
    "Safety/ShieldLagrangeMultiplier/Min": 2.9073238372802734,
    "Safety/ShieldLagrangeMultiplier/Std": 0,
    "Safety/shield_adv_c": "NaN",
    "Safety/shield_violation": 5.945674896240234,
    "Time/Epoch": 186.1965789794922,
    "Time/FPS": 107.41336059570312,
    "Time/Rollout": 85.00914764404297,
    "Time/Total": 15870.0380859375,
    "Time/Update": 101.1873779296875,
    "TotalEnvSteps": 2000000,
    "Train/Entropy": 0.0007700155256316066,
    "Train/Epoch": 99,
    "Train/KL": 0.004610931500792503,
    "Train/LR": 0,
    "Train/PolicyRatio": 0.999337375164032,
    "Train/PolicyRatio/Max": 0.9993374347686768,
    "Train/PolicyRatio/Min": 0.9993374347686768,
    "Train/PolicyRatio/Std": 0.007351137697696686,
    "Train/PolicyStd": 0.24219195544719696,
    "Train/StopIter": 40,
    "Value/Adv": -0.04861607030034065,
    "Value/cost": 1.5337700843811035,
    "Value/reward": 0.8956447243690491,
    "_runtime": 15871.469058814,
    "_step": 100,
    "_timestamp": 1746584575.2584968,
    "_wandb": {
        "runtime": 15871
    }
}