{
    "Loss/Loss_cost_critic": 2.749040126800537,
    "Loss/Loss_cost_critic/Delta": 1.2716161012649536,
    "Loss/Loss_pi": 0.07169594615697861,
    "Loss/Loss_pi/Delta": 0.1766103953123093,
    "Loss/Loss_reward_critic": 0.004811437800526619,
    "Loss/Loss_reward_critic/Delta": -0.0005119242705404758,
    "Metrics/EpCost": 5.400000095367432,
    "Metrics/EpLen": 1000,
    "Metrics/EpRet": 0.29579517245292664,
    "Metrics/LagrangeMultiplier": 3.086094617843628,
    "Metrics/LagrangeMultiplier/Max": 3.086094617843628,
    "Metrics/LagrangeMultiplier/Min": 3.086094617843628,
    "Metrics/LagrangeMultiplier/Std": 0,
    "Safety/EpCostShield": 30.5,
    "Safety/ShieldLagrangeMultiplier": 3.077156782150269,
    "Safety/ShieldLagrangeMultiplier/Max": 3.077156782150269,
    "Safety/ShieldLagrangeMultiplier/Min": 3.077156782150269,
    "Safety/ShieldLagrangeMultiplier/Std": 0,
    "Safety/shield_adv_c": "NaN",
    "Safety/shield_violation": 1.9837138652801511,
    "Time/Epoch": 180.117919921875,
    "Time/FPS": 111.0383758544922,
    "Time/Rollout": 75.22894287109375,
    "Time/Total": 18430.802734375,
    "Time/Update": 104.888916015625,
    "TotalEnvSteps": 2000000,
    "Train/Entropy": 0.4002097249031067,
    "Train/Epoch": 99,
    "Train/KL": 0.003563209902495146,
    "Train/LR": 0,
    "Train/PolicyRatio": 1.0003020763397217,
    "Train/PolicyRatio/Max": 1.0003020763397217,
    "Train/PolicyRatio/Min": 1.0003020763397217,
    "Train/PolicyRatio/Std": 0.006355320103466511,
    "Train/PolicyStd": 0.3610542416572571,
    "Train/StopIter": 40,
    "Value/Adv": -0.18199563026428223,
    "Value/cost": 0.6666997671127319,
    "Value/reward": 0.0503954216837883,
    "_runtime": 18432.154043127,
    "_step": 100,
    "_timestamp": 1746558299.9747632,
    "_wandb": {
        "runtime": 18432
    }
}