{
    "Loss/Loss_cost_critic": 2.505680799484253,
    "Loss/Loss_cost_critic/Delta": -2.3802220821380615,
    "Loss/Loss_pi": -0.4568362236022949,
    "Loss/Loss_pi/Delta": -0.034613579511642456,
    "Loss/Loss_reward_critic": 0.06030324846506119,
    "Loss/Loss_reward_critic/Delta": 0.01388321816921234,
    "Metrics/EpCost": 16,
    "Metrics/EpLen": 1000,
    "Metrics/EpRet": 3.404669761657715,
    "Metrics/LagrangeMultiplier": 2.319346189498902,
    "Metrics/LagrangeMultiplier/Max": 2.319346189498902,
    "Metrics/LagrangeMultiplier/Min": 2.319346189498902,
    "Metrics/LagrangeMultiplier/Std": 0,
    "Misc/AcceptanceStep": 1,
    "Misc/Alpha": 1.6297003030776978,
    "Misc/FinalStepNorm": 0.3236032724380493,
    "Misc/H_inv_g": 0.19856613874435425,
    "Misc/gradient_norm": 0.12420467287302016,
    "Misc/xHx": 0.007530329748988152,
    "Safety/EpCostShield": 13.550000190734863,
    "Safety/ShieldLagrangeMultiplier": 2.239614248275757,
    "Safety/ShieldLagrangeMultiplier/Max": 2.239614248275757,
    "Safety/ShieldLagrangeMultiplier/Min": 2.239614248275757,
    "Safety/ShieldLagrangeMultiplier/Std": 0,
    "Safety/shield_adv_c": -0.342559814453125,
    "Safety/shield_violation": 3.789334297180176,
    "Time/Epoch": 83.9032974243164,
    "Time/FPS": 238.3696746826172,
    "Time/Rollout": 65.9095687866211,
    "Time/Total": 8738.26171875,
    "Time/Update": 17.993698120117188,
    "TotalEnvSteps": 2000000,
    "Train/Entropy": 2.212510347366333,
    "Train/Epoch": 99,
    "Train/KL": 0.0002581247827038169,
    "Train/LR": 0,
    "Train/PolicyRatio": 1.002811074256897,
    "Train/PolicyRatio/Max": 1.0028111934661863,
    "Train/PolicyRatio/Min": 1.0028111934661863,
    "Train/PolicyRatio/Std": 0.001987701514735818,
    "Train/PolicyStd": 2.2114131450653076,
    "Train/StopIter": 10,
    "Value/Adv": -1.7166137400437263e-09,
    "Value/cost": 1.34565532207489,
    "Value/reward": 0.3223094344139099,
    "_runtime": 8740.404131526,
    "_step": 100,
    "_timestamp": 1746914947.7310784,
    "_wandb": {
        "runtime": 8740
    }
}