{
    "Loss/Loss_cost_critic": 5.507176876068115,
    "Loss/Loss_cost_critic/Delta": -1.291852951049805,
    "Loss/Loss_pi": -0.37195420265197754,
    "Loss/Loss_pi/Delta": -0.3050754591822624,
    "Loss/Loss_reward_critic": 0.05725347250699997,
    "Loss/Loss_reward_critic/Delta": 0.0070952363312244415,
    "Metrics/EpCost": 19.15999984741211,
    "Metrics/EpLen": 1000,
    "Metrics/EpRet": 12.954957008361816,
    "Metrics/LagrangeMultiplier": 2.559514284133911,
    "Metrics/LagrangeMultiplier/Max": 2.559514284133911,
    "Metrics/LagrangeMultiplier/Min": 2.559514284133911,
    "Metrics/LagrangeMultiplier/Std": 0,
    "Misc/AcceptanceStep": 1,
    "Misc/Alpha": 0.7920677065849304,
    "Misc/FinalStepNorm": 0.2515123784542084,
    "Misc/H_inv_g": 0.3175389766693115,
    "Misc/gradient_norm": 0.4651830792427063,
    "Misc/xHx": 0.031879037618637085,
    "Safety/EpCostShield": 22.899999618530273,
    "Safety/ShieldLagrangeMultiplier": 2.496756076812744,
    "Safety/ShieldLagrangeMultiplier/Max": 2.496756076812744,
    "Safety/ShieldLagrangeMultiplier/Min": 2.496756076812744,
    "Safety/ShieldLagrangeMultiplier/Std": 0,
    "Safety/shield_adv_c": -0.5574036240577698,
    "Safety/shield_violation": 5.030806541442871,
    "Time/Epoch": 74.21959686279297,
    "Time/FPS": 269.4706115722656,
    "Time/Rollout": 59.86650848388672,
    "Time/Total": 7643.564453125,
    "Time/Update": 14.353069305419922,
    "TotalEnvSteps": 2000000,
    "Train/Entropy": 1.212297797203064,
    "Train/Epoch": 99,
    "Train/KL": 0.0003803136060014367,
    "Train/LR": 0,
    "Train/PolicyRatio": 1.0013803243637085,
    "Train/PolicyRatio/Max": 1.0013803243637085,
    "Train/PolicyRatio/Min": 1.0013803243637085,
    "Train/PolicyRatio/Std": 0.00097606482449919,
    "Train/PolicyStd": 0.8206130862236023,
    "Train/StopIter": 10,
    "Value/Adv": 5.340575981449547e-09,
    "Value/cost": 2.864915370941162,
    "Value/reward": 1.4229366779327393,
    "_runtime": 7645.230660648,
    "_step": 100,
    "_timestamp": 1746550046.0956712,
    "_wandb": {
        "runtime": 7645
    }
}