{
    "Loss/Loss_cost_critic": 2.1129751205444336,
    "Loss/Loss_cost_critic/Delta": 0.1965268850326538,
    "Loss/Loss_pi": -0.06296414881944656,
    "Loss/Loss_pi/Delta": 0.008618056774139404,
    "Loss/Loss_reward_critic": 0.03778761252760887,
    "Loss/Loss_reward_critic/Delta": -0.0012370944023132324,
    "Metrics/EpCost": 6.400000095367432,
    "Metrics/EpLen": 1000,
    "Metrics/EpRet": 3.215869665145874,
    "Metrics/LagrangeMultiplier": 2.2357852458953857,
    "Metrics/LagrangeMultiplier/Max": 2.2357852458953857,
    "Metrics/LagrangeMultiplier/Min": 2.2357852458953857,
    "Metrics/LagrangeMultiplier/Std": 0,
    "Misc/AcceptanceStep": 1,
    "Misc/Alpha": 0.6532490253448486,
    "Misc/FinalStepNorm": 0.30926141142845154,
    "Misc/H_inv_g": 0.4734203815460205,
    "Misc/gradient_norm": 0.2563101351261139,
    "Misc/xHx": 0.04686755686998367,
    "Safety/EpCostShield": 28.5,
    "Safety/ShieldLagrangeMultiplier": 2.3712806701660156,
    "Safety/ShieldLagrangeMultiplier/Max": 2.3712806701660156,
    "Safety/ShieldLagrangeMultiplier/Min": 2.3712806701660156,
    "Safety/ShieldLagrangeMultiplier/Std": 0,
    "Safety/shield_adv_c": 0.19074872136116028,
    "Safety/shield_violation": 2.7877047061920166,
    "Time/Epoch": 120.28003692626952,
    "Time/FPS": 166.27862548828125,
    "Time/Rollout": 97.22682189941406,
    "Time/Total": 12580.4716796875,
    "Time/Update": 23.053192138671875,
    "TotalEnvSteps": 2000000,
    "Train/Entropy": 1.2957042455673218,
    "Train/Epoch": 99,
    "Train/KL": 0.00030343522666953504,
    "Train/LR": 0,
    "Train/PolicyRatio": 0.9999396800994872,
    "Train/PolicyRatio/Max": 0.9999396800994872,
    "Train/PolicyRatio/Min": 0.9999396800994872,
    "Train/PolicyRatio/Std": 4.2652609408833086e-05,
    "Train/PolicyStd": 0.8873739242553711,
    "Train/StopIter": 10,
    "Value/Adv": 0,
    "Value/cost": 0.7043148279190063,
    "Value/reward": 0.5200099349021912,
    "_runtime": 12582.304071125,
    "_step": 100,
    "_timestamp": 1746578834.7017214,
    "_wandb": {
        "runtime": 12582
    }
}