{
    "Loss/Loss_cost_critic": 2.0265328884124756,
    "Loss/Loss_cost_critic/Delta": -0.19902682304382324,
    "Loss/Loss_pi": -0.013858220539987087,
    "Loss/Loss_pi/Delta": 0.009416832588613032,
    "Loss/Loss_reward_critic": 0.05892299488186836,
    "Loss/Loss_reward_critic/Delta": 0.01135282963514328,
    "Metrics/EpCost": 31.219999313354492,
    "Metrics/EpLen": 1000,
    "Metrics/EpRet": 19.084182739257812,
    "Metrics/LagrangeMultiplier": 3.032075881958008,
    "Metrics/LagrangeMultiplier/Max": 3.032075881958008,
    "Metrics/LagrangeMultiplier/Min": 3.032075881958008,
    "Metrics/LagrangeMultiplier/Std": 0,
    "Time/Epoch": 127.53512573242188,
    "Time/FPS": 156.81954956054688,
    "Time/Rollout": 67.00870513916016,
    "Time/Total": 11677.7392578125,
    "Time/Update": 60.52633285522461,
    "TotalEnvSteps": 2000000,
    "Train/Entropy": 0.34719353914260864,
    "Train/Epoch": 99,
    "Train/KL": 0.003823078935965896,
    "Train/LR": 0,
    "Train/PolicyRatio": 1.0015220642089844,
    "Train/PolicyRatio/Max": 1.0015220642089844,
    "Train/PolicyRatio/Min": 1.0015220642089844,
    "Train/PolicyRatio/Std": 0.006696345284581184,
    "Train/PolicyStd": 0.34268051385879517,
    "Train/StopIter": 40,
    "Value/Adv": -0.17082251608371735,
    "Value/cost": 2.7229995727539062,
    "Value/reward": 1.853394150733948,
    "_runtime": 11678.782593336,
    "_step": 100,
    "_timestamp": 1746910271.920338,
    "_wandb": {
        "runtime": 11678
    }
}