{
    "Loss/Loss_cost_critic": 7.360166072845459,
    "Loss/Loss_cost_critic/Delta": -0.42496395111083984,
    "Loss/Loss_pi": -0.07411230355501175,
    "Loss/Loss_pi/Delta": -0.4155859723687172,
    "Loss/Loss_reward_critic": 0.004537111613899469,
    "Loss/Loss_reward_critic/Delta": 0.0018018372356891632,
    "Metrics/EpCost": 7.940000057220459,
    "Metrics/EpLen": 1000,
    "Metrics/EpRet": -0.04572131484746933,
    "Metrics/LagrangeMultiplier": 2.1959681510925293,
    "Metrics/LagrangeMultiplier/Max": 2.1959681510925293,
    "Metrics/LagrangeMultiplier/Min": 2.1959681510925293,
    "Metrics/LagrangeMultiplier/Std": 0,
    "Misc/AcceptanceStep": 1,
    "Misc/Alpha": 0.7799215316772461,
    "Misc/FinalStepNorm": 0.3260573744773865,
    "Misc/H_inv_g": 0.41806432604789734,
    "Misc/gradient_norm": 0.17125843465328217,
    "Misc/xHx": 0.03287971392273903,
    "Safety/EpCostShield": 25.25,
    "Safety/ShieldLagrangeMultiplier": 2.5722992420196533,
    "Safety/ShieldLagrangeMultiplier/Max": 2.5722992420196533,
    "Safety/ShieldLagrangeMultiplier/Min": 2.5722992420196533,
    "Safety/ShieldLagrangeMultiplier/Std": 0,
    "Safety/shield_adv_c": -0.05554598569869995,
    "Safety/shield_violation": 2.5856873989105225,
    "Time/Epoch": 107.40858459472656,
    "Time/FPS": 186.2048492431641,
    "Time/Rollout": 88.08077239990234,
    "Time/Total": 10885.7705078125,
    "Time/Update": 19.32779312133789,
    "TotalEnvSteps": 2000000,
    "Train/Entropy": 1.6167879104614258,
    "Train/Epoch": 99,
    "Train/KL": 0.0002640066377352923,
    "Train/LR": 0,
    "Train/PolicyRatio": 1.000223159790039,
    "Train/PolicyRatio/Max": 1.000223159790039,
    "Train/PolicyRatio/Min": 1.000223159790039,
    "Train/PolicyRatio/Std": 0.00015779779641889036,
    "Train/PolicyStd": 1.232815146446228,
    "Train/StopIter": 10,
    "Value/Adv": -4.577636492086867e-09,
    "Value/cost": 1.169171929359436,
    "Value/reward": 0.02026819065213203,
    "_runtime": 10887.133277663,
    "_step": 100,
    "_timestamp": 1746548939.2600253,
    "_wandb": {
        "runtime": 10887
    }
}