{
    "Loss/Loss_cost_critic": 1.9475022554397583,
    "Loss/Loss_cost_critic/Delta": -1.002402663230896,
    "Loss/Loss_pi": -0.1715778261423111,
    "Loss/Loss_pi/Delta": 0.03576791286468506,
    "Loss/Loss_reward_critic": 0.11486318707466124,
    "Loss/Loss_reward_critic/Delta": 0.015866808593273163,
    "Metrics/EpCost": 6,
    "Metrics/EpLen": 500,
    "Metrics/EpRet": 11.108379364013672,
    "Metrics/LagrangeMultiplier": 0.850763738155365,
    "Metrics/LagrangeMultiplier/Max": 0.850763738155365,
    "Metrics/LagrangeMultiplier/Min": 0.850763738155365,
    "Metrics/LagrangeMultiplier/Std": 0,
    "Safety/EpCostShield": 7.25,
    "Safety/ShieldLagrangeMultiplier": 1.005019187927246,
    "Safety/ShieldLagrangeMultiplier/Max": 1.005019187927246,
    "Safety/ShieldLagrangeMultiplier/Min": 1.005019187927246,
    "Safety/ShieldLagrangeMultiplier/Std": 0,
    "Safety/shield_adv_c": "NaN",
    "Safety/shield_violation": 0.6348941326141357,
    "Time/Epoch": 188.5962829589844,
    "Time/FPS": 106.046630859375,
    "Time/Rollout": 91.95935821533205,
    "Time/Total": 18958.044921875,
    "Time/Update": 96.63685607910156,
    "TotalEnvSteps": 2000000,
    "Train/Entropy": 0.7376880049705505,
    "Train/Epoch": 99,
    "Train/KL": 0.0029320083558559418,
    "Train/LR": 0,
    "Train/PolicyRatio": 1.001289963722229,
    "Train/PolicyRatio/Max": 1.001289963722229,
    "Train/PolicyRatio/Min": 1.001289963722229,
    "Train/PolicyRatio/Std": 0.005806933157145977,
    "Train/PolicyStd": 0.5536230802536011,
    "Train/StopIter": 40,
    "Value/Adv": 0.28600937128067017,
    "Value/cost": 0.3129208981990814,
    "Value/reward": 2.3053596019744873,
    "_runtime": 18959.185074208,
    "_step": 100,
    "_timestamp": 1746629475.260645,
    "_wandb": {
        "runtime": 18959
    }
}