{
    "Loss/Loss_cost_critic": 2.762725830078125,
    "Loss/Loss_cost_critic/Delta": -0.20588445663452148,
    "Loss/Loss_pi": -0.49470096826553345,
    "Loss/Loss_pi/Delta": 0.016878187656402588,
    "Loss/Loss_reward_critic": 0.04162298142910004,
    "Loss/Loss_reward_critic/Delta": 0.013244695961475372,
    "Metrics/EpCost": 12.550000190734863,
    "Metrics/EpLen": 1000,
    "Metrics/EpRet": 2.1754000186920166,
    "Metrics/LagrangeMultiplier": 2.4934847354888916,
    "Metrics/LagrangeMultiplier/Max": 2.4934847354888916,
    "Metrics/LagrangeMultiplier/Min": 2.4934847354888916,
    "Metrics/LagrangeMultiplier/Std": 0,
    "Safety/EpCostShield": 24.25,
    "Safety/ShieldLagrangeMultiplier": 2.429866075515747,
    "Safety/ShieldLagrangeMultiplier/Max": 2.429866075515747,
    "Safety/ShieldLagrangeMultiplier/Min": 2.429866075515747,
    "Safety/ShieldLagrangeMultiplier/Std": 0,
    "Safety/shield_adv_c": "NaN",
    "Safety/shield_violation": 5.908505916595459,
    "Time/Epoch": 145.63479614257812,
    "Time/FPS": 137.32981872558594,
    "Time/Rollout": 64.20207214355469,
    "Time/Total": 15074.8671875,
    "Time/Update": 81.43266296386719,
    "TotalEnvSteps": 2000000,
    "Train/Entropy": 0.6988592147827148,
    "Train/Epoch": 99,
    "Train/KL": 0.002986229956150055,
    "Train/LR": 0,
    "Train/PolicyRatio": 1.0026472806930542,
    "Train/PolicyRatio/Max": 1.0026472806930542,
    "Train/PolicyRatio/Min": 1.0026472806930542,
    "Train/PolicyRatio/Std": 0.006451800465583801,
    "Train/PolicyStd": 0.5363539457321167,
    "Train/StopIter": 40,
    "Value/Adv": -0.18285366892814636,
    "Value/cost": 1.8820953369140625,
    "Value/reward": 0.4167351424694062,
    "_runtime": 15076.158812842,
    "_step": 100,
    "_timestamp": 1746518843.7746117,
    "_wandb": {
        "runtime": 15076
    }
}