{
    "Loss/Loss_cost_critic": 0.42179498076438904,
    "Loss/Loss_cost_critic/Delta": 0.28246404230594635,
    "Loss/Loss_pi": -0.003437156556174159,
    "Loss/Loss_pi/Delta": -0.0018633018480613828,
    "Loss/Loss_reward_critic": 0.08612027764320374,
    "Loss/Loss_reward_critic/Delta": 0.0010912194848060608,
    "Metrics/EpCost": 1.649999976158142,
    "Metrics/EpLen": 500,
    "Metrics/EpRet": 25.79901885986328,
    "Metrics/LagrangeMultiplier": 9.409958839416504,
    "Metrics/LagrangeMultiplier/Max": 9.409958839416504,
    "Metrics/LagrangeMultiplier/Min": 9.409958839416504,
    "Metrics/LagrangeMultiplier/Std": 0,
    "Misc/AcceptanceStep": 1,
    "Misc/Alpha": 3.4136571884155273,
    "Misc/FinalStepNorm": 0.26715895533561707,
    "Misc/H_inv_g": 0.07826180011034012,
    "Misc/gradient_norm": 0.08373311161994934,
    "Misc/xHx": 0.0017162777949124577,
    "Time/Epoch": 119.32415008544922,
    "Time/FPS": 167.6106719970703,
    "Time/Rollout": 104.02214050292967,
    "Time/Total": 11802.130859375,
    "Time/Update": 15.30198574066162,
    "TotalEnvSteps": 2000000,
    "Train/Entropy": 1.0389732122421265,
    "Train/Epoch": 99,
    "Train/KL": 0.00032312420080415905,
    "Train/LR": 0,
    "Train/PolicyRatio": 1.0014251470565796,
    "Train/PolicyRatio/Max": 1.0014251470565796,
    "Train/PolicyRatio/Min": 1.0014251470565796,
    "Train/PolicyRatio/Std": 0.0010077031329274178,
    "Train/PolicyStd": 0.6892239451408386,
    "Train/StopIter": 10,
    "Value/Adv": 3.051757735406113e-09,
    "Value/cost": 0.23402191698551175,
    "Value/reward": 5.10405158996582,
    "_runtime": 11804.206141281,
    "_step": 100,
    "_timestamp": 1745016974.740332,
    "_wandb": {
        "runtime": 11804
    }
}