{
    "Loss/Loss_cost_critic": 0.594155490398407,
    "Loss/Loss_cost_critic/Delta": -0.1487942337989807,
    "Loss/Loss_pi": -0.005522416904568672,
    "Loss/Loss_pi/Delta": 0.0031457170844078064,
    "Loss/Loss_reward_critic": 0.016541099175810814,
    "Loss/Loss_reward_critic/Delta": 0.005642188712954521,
    "Metrics/EpCost": 12.359999656677246,
    "Metrics/EpLen": 1000,
    "Metrics/EpRet": 0.21805797517299652,
    "Metrics/LagrangeMultiplier": 0.3212299644947052,
    "Metrics/LagrangeMultiplier/Max": 0.3212299644947052,
    "Metrics/LagrangeMultiplier/Min": 0.3212299644947052,
    "Metrics/LagrangeMultiplier/Std": 0,
    "Time/Epoch": 181.24061584472656,
    "Time/FPS": 110.3505401611328,
    "Time/Rollout": 80.70720672607422,
    "Time/Total": 17956.900390625,
    "Time/Update": 100.5333480834961,
    "TotalEnvSteps": 2000000,
    "Train/Entropy": 0.18394507467746735,
    "Train/Epoch": 99,
    "Train/KL": 0.004168529994785786,
    "Train/LR": 0,
    "Train/PolicyRatio": 0.9997754693031312,
    "Train/PolicyRatio/Max": 0.9997754693031312,
    "Train/PolicyRatio/Min": 0.9997754693031312,
    "Train/PolicyRatio/Std": 0.0070038060657680035,
    "Train/PolicyStd": 0.29113829135894775,
    "Train/StopIter": 40,
    "Value/Adv": 0.03647566586732864,
    "Value/cost": 1.7376381158828735,
    "Value/reward": 0.07298186421394348,
    "_runtime": 17959.091717663,
    "_step": 100,
    "_timestamp": 1745032401.8497665,
    "_wandb": {
        "runtime": 17959
    }
}