{
    "Loss/Loss_cost_critic": 2.029691457748413,
    "Loss/Loss_cost_critic/Delta": -0.09883379936218262,
    "Loss/Loss_pi": -0.012236137874424458,
    "Loss/Loss_pi/Delta": 0.0010158400982618332,
    "Loss/Loss_reward_critic": 0.06606391072273254,
    "Loss/Loss_reward_critic/Delta": -0.001893170177936554,
    "Metrics/EpCost": 59.4900016784668,
    "Metrics/EpLen": 1000,
    "Metrics/EpRet": 29.773645401000977,
    "Metrics/LagrangeMultiplier": 0.3286784887313843,
    "Metrics/LagrangeMultiplier/Max": 0.3286784887313843,
    "Metrics/LagrangeMultiplier/Min": 0.3286784887313843,
    "Metrics/LagrangeMultiplier/Std": 0,
    "Misc/AcceptanceStep": 1,
    "Misc/Alpha": 1.0803409814834597,
    "Misc/FinalStepNorm": 0.1669730693101883,
    "Misc/H_inv_g": 0.15455588698387146,
    "Misc/gradient_norm": 0.3365548551082611,
    "Misc/xHx": 0.017135944217443466,
    "Time/Epoch": 98.42544555664062,
    "Time/FPS": 203.19949340820312,
    "Time/Rollout": 83.63246154785156,
    "Time/Total": 9747.78515625,
    "Time/Update": 14.79295539855957,
    "TotalEnvSteps": 2000000,
    "Train/Entropy": 0.5180922150611877,
    "Train/Epoch": 99,
    "Train/KL": 0.0004894433659501374,
    "Train/LR": 0,
    "Train/PolicyRatio": 1.0010815858840942,
    "Train/PolicyRatio/Max": 1.0010817050933838,
    "Train/PolicyRatio/Min": 1.0010817050933838,
    "Train/PolicyRatio/Std": 0.0007648247992619872,
    "Train/PolicyStd": 0.4064101278781891,
    "Train/StopIter": 10,
    "Value/Adv": 6.103515470812226e-09,
    "Value/cost": 5.750398635864258,
    "Value/reward": 3.0226714611053467,
    "_runtime": 9749.356457175,
    "_step": 100,
    "_timestamp": 1745024293.882355,
    "_wandb": {
        "runtime": 9749
    }
}