{
    "Loss/Loss_cost_critic": 4.2895073890686035,
    "Loss/Loss_cost_critic/Delta": -1.2874794006347656,
    "Loss/Loss_pi": -0.12737929821014404,
    "Loss/Loss_pi/Delta": -0.4016042947769165,
    "Loss/Loss_reward_critic": 0.05669226124882698,
    "Loss/Loss_reward_critic/Delta": -0.011972088366746902,
    "Metrics/EpCost": 23.530000686645508,
    "Metrics/EpLen": 1000,
    "Metrics/EpRet": 11.854384422302246,
    "Metrics/LagrangeMultiplier": 2.848622560501098,
    "Metrics/LagrangeMultiplier/Max": 2.848622560501098,
    "Metrics/LagrangeMultiplier/Min": 2.848622560501098,
    "Metrics/LagrangeMultiplier/Std": 0,
    "Misc/AcceptanceStep": 1,
    "Misc/Alpha": 0.5339763760566711,
    "Misc/FinalStepNorm": 0.23678414523601532,
    "Misc/H_inv_g": 0.4434356391429901,
    "Misc/gradient_norm": 0.32265520095825195,
    "Misc/xHx": 0.07014324516057968,
    "Safety/EpCostShield": 32.54999923706055,
    "Safety/ShieldLagrangeMultiplier": 2.67760705947876,
    "Safety/ShieldLagrangeMultiplier/Max": 2.67760705947876,
    "Safety/ShieldLagrangeMultiplier/Min": 2.67760705947876,
    "Safety/ShieldLagrangeMultiplier/Std": 0,
    "Safety/shield_adv_c": -0.05748000741004944,
    "Safety/shield_violation": 3.779442071914673,
    "Time/Epoch": 144.77890014648438,
    "Time/FPS": 138.14169311523438,
    "Time/Rollout": 112.36087799072266,
    "Time/Total": 14852.2275390625,
    "Time/Update": 32.4179801940918,
    "TotalEnvSteps": 2000000,
    "Train/Entropy": 1.0849069356918335,
    "Train/Epoch": 99,
    "Train/KL": 0.0003990762052126229,
    "Train/LR": 0,
    "Train/PolicyRatio": 1.0003032684326172,
    "Train/PolicyRatio/Max": 1.0003032684326172,
    "Train/PolicyRatio/Min": 1.0003032684326172,
    "Train/PolicyRatio/Std": 0.00021449937776196748,
    "Train/PolicyStd": 0.7161806225776672,
    "Train/StopIter": 10,
    "Value/Adv": -6.103515470812226e-09,
    "Value/cost": 1.4758445024490356,
    "Value/reward": 1.2912906408309937,
    "_runtime": 14853.860759581,
    "_step": 100,
    "_timestamp": 1747265137.9090977,
    "_wandb": {
        "runtime": 14853
    }
}