{
    "Loss/Loss_cost_critic": 2.0514209270477295,
    "Loss/Loss_cost_critic/Delta": 0.048139333724975586,
    "Loss/Loss_pi": -0.17170552909374237,
    "Loss/Loss_pi/Delta": 0.09657154977321623,
    "Loss/Loss_reward_critic": 0.06604926288127899,
    "Loss/Loss_reward_critic/Delta": 0.010230571031570436,
    "Metrics/EpCost": 7.949999809265137,
    "Metrics/EpLen": 1000,
    "Metrics/EpRet": 10.453956604003906,
    "Metrics/LagrangeMultiplier": 2.4736409187316895,
    "Metrics/LagrangeMultiplier/Max": 2.4736409187316895,
    "Metrics/LagrangeMultiplier/Min": 2.4736409187316895,
    "Metrics/LagrangeMultiplier/Std": 0,
    "Misc/AcceptanceStep": 1,
    "Misc/Alpha": 0.9164248108863832,
    "Misc/FinalStepNorm": 0.23274751007556915,
    "Misc/H_inv_g": 0.2539733946323395,
    "Misc/gradient_norm": 0.24615605175495148,
    "Misc/xHx": 0.023814208805561066,
    "Safety/EpCostShield": 12.449999809265137,
    "Safety/ShieldLagrangeMultiplier": 2.4971137046813965,
    "Safety/ShieldLagrangeMultiplier/Max": 2.4971137046813965,
    "Safety/ShieldLagrangeMultiplier/Min": 2.4971137046813965,
    "Safety/ShieldLagrangeMultiplier/Std": 0,
    "Safety/shield_adv_c": -0.3128015995025635,
    "Safety/shield_violation": 2.4668850898742676,
    "Time/Epoch": 98.3759765625,
    "Time/FPS": 203.3016662597656,
    "Time/Rollout": 81.77579498291016,
    "Time/Total": 10538.306640625,
    "Time/Update": 16.600160598754883,
    "TotalEnvSteps": 2000000,
    "Train/Entropy": 1.0447511672973633,
    "Train/Epoch": 99,
    "Train/KL": 0.000419134390540421,
    "Train/LR": 0,
    "Train/PolicyRatio": 1.0014077425003052,
    "Train/PolicyRatio/Max": 1.0014078617095947,
    "Train/PolicyRatio/Min": 1.0014078617095947,
    "Train/PolicyRatio/Std": 0.000995452399365604,
    "Train/PolicyStd": 0.6905632019042969,
    "Train/StopIter": 10,
    "Value/Adv": 8.01086397217432e-09,
    "Value/cost": 0.9621591567993164,
    "Value/reward": 0.9777007699012756,
    "_runtime": 10540.147901917,
    "_step": 100,
    "_timestamp": 1746631585.2670605,
    "_wandb": {
        "runtime": 10540
    }
}