{
    "Loss/Loss_cost_critic": 5.366899490356445,
    "Loss/Loss_cost_critic/Delta": 1.9477665424346924,
    "Loss/Loss_pi": 0.06849854439496994,
    "Loss/Loss_pi/Delta": -0.04004281759262085,
    "Loss/Loss_reward_critic": 0.304843544960022,
    "Loss/Loss_reward_critic/Delta": 0.07242260873317719,
    "Metrics/EpCost": 5.909999847412109,
    "Metrics/EpLen": 500,
    "Metrics/EpRet": 28.645952224731445,
    "Metrics/LagrangeMultiplier": 1.2276419401168823,
    "Metrics/LagrangeMultiplier/Max": 1.2276419401168823,
    "Metrics/LagrangeMultiplier/Min": 1.2276419401168823,
    "Metrics/LagrangeMultiplier/Std": 0,
    "Safety/EpCostShield": 19.075000762939453,
    "Safety/ShieldLagrangeMultiplier": 1.296709060668945,
    "Safety/ShieldLagrangeMultiplier/Max": 1.296709060668945,
    "Safety/ShieldLagrangeMultiplier/Min": 1.296709060668945,
    "Safety/ShieldLagrangeMultiplier/Std": 0,
    "Safety/shield_adv_c": "NaN",
    "Safety/shield_violation": 2.8533828258514404,
    "Time/Epoch": 215.44967651367188,
    "Time/FPS": 92.8291015625,
    "Time/Rollout": 89.58306884765625,
    "Time/Total": 22029.4296875,
    "Time/Update": 125.86654663085938,
    "TotalEnvSteps": 2000000,
    "Train/Entropy": 0.4239366352558136,
    "Train/Epoch": 99,
    "Train/KL": 0.0042454251088202,
    "Train/LR": 0,
    "Train/PolicyRatio": 1.000164270401001,
    "Train/PolicyRatio/Max": 1.000164270401001,
    "Train/PolicyRatio/Min": 1.000164270401001,
    "Train/PolicyRatio/Std": 0.007731643505394459,
    "Train/PolicyStd": 0.3804103136062622,
    "Train/StopIter": 40,
    "Value/Adv": -0.07013996690511703,
    "Value/cost": 1.394251585006714,
    "Value/reward": 5.8248138427734375,
    "_runtime": 22031.470600515,
    "_step": 100,
    "_timestamp": 1746638305.3689868,
    "_wandb": {
        "runtime": 22031
    }
}