{
    "Loss/Loss_cost_critic": 3.321502208709717,
    "Loss/Loss_cost_critic/Delta": 0.7069952487945557,
    "Loss/Loss_pi": -0.27920329570770264,
    "Loss/Loss_pi/Delta": 0.11822140216827393,
    "Loss/Loss_reward_critic": 0.006069093476980925,
    "Loss/Loss_reward_critic/Delta": -0.002163879107683897,
    "Metrics/EpCost": 7.789999961853027,
    "Metrics/EpLen": 1000,
    "Metrics/EpRet": 0.28748461604118347,
    "Metrics/LagrangeMultiplier": 2.8795292377471924,
    "Metrics/LagrangeMultiplier/Max": 2.8795292377471924,
    "Metrics/LagrangeMultiplier/Min": 2.8795292377471924,
    "Metrics/LagrangeMultiplier/Std": 0,
    "Safety/EpCostShield": 50.95000076293945,
    "Safety/ShieldLagrangeMultiplier": 2.8879282474517822,
    "Safety/ShieldLagrangeMultiplier/Max": 2.8879282474517822,
    "Safety/ShieldLagrangeMultiplier/Min": 2.8879282474517822,
    "Safety/ShieldLagrangeMultiplier/Std": 0,
    "Safety/shield_adv_c": "NaN",
    "Safety/shield_violation": 6.041530609130859,
    "Time/Epoch": 152.19532775878906,
    "Time/FPS": 131.4100799560547,
    "Time/Rollout": 72.60089111328125,
    "Time/Total": 15181.271484375,
    "Time/Update": 79.59440612792969,
    "TotalEnvSteps": 2000000,
    "Train/Entropy": 0.7028828859329224,
    "Train/Epoch": 99,
    "Train/KL": 0.003579084761440754,
    "Train/LR": 0,
    "Train/PolicyRatio": 1.0009355545043943,
    "Train/PolicyRatio/Max": 1.0009355545043943,
    "Train/PolicyRatio/Min": 1.0009355545043943,
    "Train/PolicyRatio/Std": 0.006690480280667543,
    "Train/PolicyStd": 0.4893710911273956,
    "Train/StopIter": 40,
    "Value/Adv": -0.03527870029211044,
    "Value/cost": 2.183807611465454,
    "Value/reward": 0.09468472003936768,
    "_runtime": 15182.662927079,
    "_step": 100,
    "_timestamp": 1746511538.1762052,
    "_wandb": {
        "runtime": 15182
    }
}