{
    "Loss/Loss_cost_critic": 4.3724164962768555,
    "Loss/Loss_cost_critic/Delta": -2.034205436706543,
    "Loss/Loss_pi": -0.19630853831768036,
    "Loss/Loss_pi/Delta": -0.013604983687400818,
    "Loss/Loss_reward_critic": 0.11231714487075806,
    "Loss/Loss_reward_critic/Delta": 0.01283016800880432,
    "Metrics/EpCost": 8.529999732971191,
    "Metrics/EpLen": 500,
    "Metrics/EpRet": 20.70030212402344,
    "Metrics/LagrangeMultiplier": 1.5987329483032229,
    "Metrics/LagrangeMultiplier/Max": 1.5987329483032229,
    "Metrics/LagrangeMultiplier/Min": 1.5987329483032229,
    "Metrics/LagrangeMultiplier/Std": 0,
    "Safety/EpCostShield": 16.649999618530273,
    "Safety/ShieldLagrangeMultiplier": 1.6354674100875854,
    "Safety/ShieldLagrangeMultiplier/Max": 1.6354674100875854,
    "Safety/ShieldLagrangeMultiplier/Min": 1.6354674100875854,
    "Safety/ShieldLagrangeMultiplier/Std": 0,
    "Safety/shield_adv_c": "NaN",
    "Safety/shield_violation": 2.321683645248413,
    "Time/Epoch": 243.5682678222656,
    "Time/FPS": 82.11250305175781,
    "Time/Rollout": 94.23597717285156,
    "Time/Total": 25890.9375,
    "Time/Update": 149.33218383789062,
    "TotalEnvSteps": 2000000,
    "Train/Entropy": 0.9237865805625916,
    "Train/Epoch": 99,
    "Train/KL": 0.0028835476841777563,
    "Train/LR": 0,
    "Train/PolicyRatio": 1.000829577445984,
    "Train/PolicyRatio/Max": 1.000829577445984,
    "Train/PolicyRatio/Min": 1.000829577445984,
    "Train/PolicyRatio/Std": 0.006137378979474306,
    "Train/PolicyStd": 0.6129119992256165,
    "Train/StopIter": 40,
    "Value/Adv": -0.1369573473930359,
    "Value/cost": 0.7764145135879517,
    "Value/reward": 3.979215621948242,
    "_runtime": 25892.705015111,
    "_step": 100,
    "_timestamp": 1746535703.6330864,
    "_wandb": {
        "runtime": 25892
    }
}