{
    "Loss/Loss_cost_critic": 0.04880804568529129,
    "Loss/Loss_cost_critic/Delta": -0.0633314773440361,
    "Loss/Loss_pi": -0.0011242254404351115,
    "Loss/Loss_pi/Delta": 0.0022458237363025546,
    "Loss/Loss_reward_critic": 0.0022008568048477173,
    "Loss/Loss_reward_critic/Delta": -0.0005753510631620884,
    "Metrics/EpCost": 1.0099999904632568,
    "Metrics/EpLen": 1000,
    "Metrics/EpRet": -0.1185539811849594,
    "Metrics/LagrangeMultiplier": 25.636978149414062,
    "Metrics/LagrangeMultiplier/Max": 25.636978149414062,
    "Metrics/LagrangeMultiplier/Min": 25.636978149414062,
    "Metrics/LagrangeMultiplier/Std": 0,
    "Misc/AcceptanceStep": 1,
    "Misc/Alpha": 11.943642616271973,
    "Misc/FinalStepNorm": 0.2751797139644623,
    "Misc/H_inv_g": 0.02303984761238098,
    "Misc/gradient_norm": 0.02691110223531723,
    "Misc/xHx": 0.00014019270020071417,
    "Time/Epoch": 94.1924057006836,
    "Time/FPS": 212.3313446044922,
    "Time/Rollout": 82.94325256347656,
    "Time/Total": 9379.05859375,
    "Time/Update": 11.249131202697754,
    "TotalEnvSteps": 2000000,
    "Train/Entropy": 1.49172842502594,
    "Train/Epoch": 99,
    "Train/KL": 0.0003296813229098916,
    "Train/LR": 0,
    "Train/PolicyRatio": 0.9993684887886048,
    "Train/PolicyRatio/Max": 0.9993685483932496,
    "Train/PolicyRatio/Min": 0.9993685483932496,
    "Train/PolicyRatio/Std": 0.0004465599195100367,
    "Train/PolicyStd": 1.0755475759506226,
    "Train/StopIter": 10,
    "Value/Adv": -4.959106458812812e-09,
    "Value/cost": 0.17661653459072113,
    "Value/reward": -0.027673961594700813,
    "_runtime": 9381.101526289,
    "_step": 100,
    "_timestamp": 1745004610.1131094,
    "_wandb": {
        "runtime": 9381
    }
}