{
    "Loss/Loss_cost_critic": 1.8456549644470217,
    "Loss/Loss_cost_critic/Delta": 0.3515625,
    "Loss/Loss_pi": -0.019334129989147183,
    "Loss/Loss_pi/Delta": 0.0026140399277210236,
    "Loss/Loss_reward_critic": 0.07702995091676712,
    "Loss/Loss_reward_critic/Delta": 0.029726870357990265,
    "Metrics/EpCost": 37.099998474121094,
    "Metrics/EpLen": 1000,
    "Metrics/EpRet": 9.744375228881836,
    "Metrics/LagrangeMultiplier": 3.2600152492523193,
    "Metrics/LagrangeMultiplier/Max": 3.2600152492523193,
    "Metrics/LagrangeMultiplier/Min": 3.2600152492523193,
    "Metrics/LagrangeMultiplier/Std": 0,
    "Time/Epoch": 133.621826171875,
    "Time/FPS": 149.6761474609375,
    "Time/Rollout": 73.97417449951172,
    "Time/Total": 12220.087890625,
    "Time/Update": 59.6475944519043,
    "TotalEnvSteps": 2000000,
    "Train/Entropy": 0.41710925102233887,
    "Train/Epoch": 99,
    "Train/KL": 0.0042395154014229774,
    "Train/LR": 0,
    "Train/PolicyRatio": 1.000173568725586,
    "Train/PolicyRatio/Max": 1.000173568725586,
    "Train/PolicyRatio/Min": 1.000173568725586,
    "Train/PolicyRatio/Std": 0.006988575216382742,
    "Train/PolicyStd": 0.3672112226486206,
    "Train/StopIter": 40,
    "Value/Adv": -0.05881078913807869,
    "Value/cost": 4.7980804443359375,
    "Value/reward": 1.2249808311462402,
    "_runtime": 12221.327093666,
    "_step": 100,
    "_timestamp": 1746910809.457167,
    "_wandb": {
        "runtime": 12221
    }
}