{
    "Loss/Loss_cost_critic": 4.312345027923584,
    "Loss/Loss_cost_critic/Delta": 0.8290965557098389,
    "Loss/Loss_pi": -0.16988025605678558,
    "Loss/Loss_pi/Delta": 0.06269390881061554,
    "Loss/Loss_reward_critic": 0.03720441088080406,
    "Loss/Loss_reward_critic/Delta": -0.001230768859386444,
    "Metrics/EpCost": 17.690000534057617,
    "Metrics/EpLen": 1000,
    "Metrics/EpRet": 9.456088066101074,
    "Metrics/LagrangeMultiplier": 3.246394634246826,
    "Metrics/LagrangeMultiplier/Max": 3.246394634246826,
    "Metrics/LagrangeMultiplier/Min": 3.246394634246826,
    "Metrics/LagrangeMultiplier/Std": 0,
    "Safety/EpCostShield": 38.5,
    "Safety/ShieldLagrangeMultiplier": 3.028289318084717,
    "Safety/ShieldLagrangeMultiplier/Max": 3.028289318084717,
    "Safety/ShieldLagrangeMultiplier/Min": 3.028289318084717,
    "Safety/ShieldLagrangeMultiplier/Std": 0,
    "Safety/shield_adv_c": "NaN",
    "Safety/shield_violation": 3.80945086479187,
    "Time/Epoch": 306.69287109375,
    "Time/FPS": 65.2118148803711,
    "Time/Rollout": 105.33299255371094,
    "Time/Total": 28140.880859375,
    "Time/Update": 201.3598175048828,
    "TotalEnvSteps": 2000000,
    "Train/Entropy": 0.5506899952888489,
    "Train/Epoch": 99,
    "Train/KL": 0.003629412734881043,
    "Train/LR": 0,
    "Train/PolicyRatio": 1.0012356042861938,
    "Train/PolicyRatio/Max": 1.0012356042861938,
    "Train/PolicyRatio/Min": 1.0012356042861938,
    "Train/PolicyRatio/Std": 0.006737449672073126,
    "Train/PolicyStd": 0.4257256090641022,
    "Train/StopIter": 40,
    "Value/Adv": -0.24688279628753665,
    "Value/cost": 1.5959107875823977,
    "Value/reward": 1.1186186075210571,
    "_runtime": 28143.079071013,
    "_step": 100,
    "_timestamp": 1746937712.079269,
    "_wandb": {
        "runtime": 28143
    }
}