{
    "Loss/Loss_cost_critic": 4.423272609710693,
    "Loss/Loss_cost_critic/Delta": 0.15112638473510742,
    "Loss/Loss_pi": -0.13518144190311432,
    "Loss/Loss_pi/Delta": 0.1991216391324997,
    "Loss/Loss_reward_critic": 0.03441363945603371,
    "Loss/Loss_reward_critic/Delta": 0.0016124844551086426,
    "Metrics/EpCost": 25.65999984741211,
    "Metrics/EpLen": 1000,
    "Metrics/EpRet": 4.9045820236206055,
    "Metrics/LagrangeMultiplier": 3.2924253940582275,
    "Metrics/LagrangeMultiplier/Max": 3.2924253940582275,
    "Metrics/LagrangeMultiplier/Min": 3.2924253940582275,
    "Metrics/LagrangeMultiplier/Std": 0,
    "Safety/EpCostShield": 59.599998474121094,
    "Safety/ShieldLagrangeMultiplier": 3.211508274078369,
    "Safety/ShieldLagrangeMultiplier/Max": 3.211508274078369,
    "Safety/ShieldLagrangeMultiplier/Min": 3.211508274078369,
    "Safety/ShieldLagrangeMultiplier/Std": 0,
    "Safety/shield_adv_c": "NaN",
    "Safety/shield_violation": 5.549649238586426,
    "Time/Epoch": 160.6070556640625,
    "Time/FPS": 124.52753448486328,
    "Time/Rollout": 77.42129516601562,
    "Time/Total": 14550.724609375,
    "Time/Update": 83.18571472167969,
    "TotalEnvSteps": 2000000,
    "Train/Entropy": 0.42828238010406494,
    "Train/Epoch": 99,
    "Train/KL": 0.0038653663359582424,
    "Train/LR": 0,
    "Train/PolicyRatio": 1.0012800693511963,
    "Train/PolicyRatio/Max": 1.0012800693511963,
    "Train/PolicyRatio/Min": 1.0012800693511963,
    "Train/PolicyRatio/Std": 0.006927285809069872,
    "Train/PolicyStd": 0.38252249360084534,
    "Train/StopIter": 40,
    "Value/Adv": -0.27041375637054443,
    "Value/cost": 2.0264925956726074,
    "Value/reward": 0.6039888858795166,
    "_runtime": 14552.000814667,
    "_step": 100,
    "_timestamp": 1746542663.2303069,
    "_wandb": {
        "runtime": 14552
    }
}