{
    "Loss/Loss_cost_critic": 1.1122976541519165,
    "Loss/Loss_cost_critic/Delta": -0.42033886909484863,
    "Loss/Loss_pi": -0.1988487243652344,
    "Loss/Loss_pi/Delta": -0.377995029091835,
    "Loss/Loss_reward_critic": 0.013372421264648438,
    "Loss/Loss_reward_critic/Delta": 0.005927405320107937,
    "Metrics/EpCost": 3.859999895095825,
    "Metrics/EpLen": 1000,
    "Metrics/EpRet": 0.453318327665329,
    "Metrics/LagrangeMultiplier": 3.372321367263794,
    "Metrics/LagrangeMultiplier/Max": 3.372321367263794,
    "Metrics/LagrangeMultiplier/Min": 3.372321367263794,
    "Metrics/LagrangeMultiplier/Std": 0,
    "Safety/EpCostShield": 11.350000381469728,
    "Safety/ShieldLagrangeMultiplier": 3.117934465408325,
    "Safety/ShieldLagrangeMultiplier/Max": 3.117934465408325,
    "Safety/ShieldLagrangeMultiplier/Min": 3.117934465408325,
    "Safety/ShieldLagrangeMultiplier/Std": 0,
    "Safety/shield_adv_c": "NaN",
    "Safety/shield_violation": 2.5117506980895996,
    "Time/Epoch": 197.495849609375,
    "Time/FPS": 101.26795196533205,
    "Time/Rollout": 101.22430419921876,
    "Time/Total": 17427.8671875,
    "Time/Update": 96.27144622802734,
    "TotalEnvSteps": 2000000,
    "Train/Entropy": 0.4670330882072449,
    "Train/Epoch": 99,
    "Train/KL": 0.0035929984878748655,
    "Train/LR": 0,
    "Train/PolicyRatio": 1.0014514923095703,
    "Train/PolicyRatio/Max": 1.0014514923095703,
    "Train/PolicyRatio/Min": 1.0014514923095703,
    "Train/PolicyRatio/Std": 0.006502601318061352,
    "Train/PolicyStd": 0.3860837519168854,
    "Train/StopIter": 40,
    "Value/Adv": 0.13112930953502655,
    "Value/cost": 0.7465142607688904,
    "Value/reward": 0.057924784719944,
    "_runtime": 17429.258398,
    "_step": 100,
    "_timestamp": 1746576332.0031364,
    "_wandb": {
        "runtime": 17429
    }
}