{
    "Loss/Loss_cost_critic": 1.2802960872650146,
    "Loss/Loss_cost_critic/Delta": -0.14697957038879397,
    "Loss/Loss_pi": -0.012558766640722752,
    "Loss/Loss_pi/Delta": 0.002629825845360756,
    "Loss/Loss_reward_critic": 0.046611033380031586,
    "Loss/Loss_reward_critic/Delta": 0.008078131824731827,
    "Metrics/EpCost": 19.38999938964844,
    "Metrics/EpLen": 1000,
    "Metrics/EpRet": 4.631500244140625,
    "Metrics/LagrangeMultiplier": 2.841258764266968,
    "Metrics/LagrangeMultiplier/Max": 2.841258764266968,
    "Metrics/LagrangeMultiplier/Min": 2.841258764266968,
    "Metrics/LagrangeMultiplier/Std": 0,
    "Misc/AcceptanceStep": 1,
    "Misc/Alpha": 0.900307834148407,
    "Misc/FinalStepNorm": 0.26096633076667786,
    "Misc/H_inv_g": 0.2898634672164917,
    "Misc/gradient_norm": 0.20456969738006592,
    "Misc/xHx": 0.024674465879797935,
    "Time/Epoch": 251.1384429931641,
    "Time/FPS": 79.63734436035156,
    "Time/Rollout": 244.09555053710935,
    "Time/Total": 25043.83203125,
    "Time/Update": 7.042890548706055,
    "TotalEnvSteps": 2000000,
    "Train/Entropy": 1.126492619514465,
    "Train/Epoch": 99,
    "Train/KL": 0.0003714572230819613,
    "Train/LR": 0,
    "Train/PolicyRatio": 0.9994043707847596,
    "Train/PolicyRatio/Max": 0.9994043707847596,
    "Train/PolicyRatio/Min": 0.9994043707847596,
    "Train/PolicyRatio/Std": 0.0004211875202599913,
    "Train/PolicyStd": 0.7546572685241699,
    "Train/StopIter": 10,
    "Value/Adv": 7.629394005448376e-09,
    "Value/cost": 1.5172816514968872,
    "Value/reward": 0.4272556602954865,
    "_runtime": 25050.58952774,
    "_step": 100,
    "_timestamp": 1743330968.7595873,
    "_wandb": {
        "runtime": 25050
    }
}