{
    "Loss/Loss_cost_critic": 3.0722153186798096,
    "Loss/Loss_cost_critic/Delta": 1.8258732557296753,
    "Loss/Loss_pi": -0.014116774313151836,
    "Loss/Loss_pi/Delta": -0.13712589722126722,
    "Loss/Loss_reward_critic": 0.011616870760917664,
    "Loss/Loss_reward_critic/Delta": 0.0034570060670375824,
    "Metrics/EpCost": 3.740000009536743,
    "Metrics/EpLen": 1000,
    "Metrics/EpRet": -0.06849057972431183,
    "Metrics/LagrangeMultiplier": 3.098672389984131,
    "Metrics/LagrangeMultiplier/Max": 3.098672389984131,
    "Metrics/LagrangeMultiplier/Min": 3.098672389984131,
    "Metrics/LagrangeMultiplier/Std": 0,
    "Safety/EpCostShield": 31.75,
    "Safety/ShieldLagrangeMultiplier": 2.772801637649536,
    "Safety/ShieldLagrangeMultiplier/Max": 2.772801637649536,
    "Safety/ShieldLagrangeMultiplier/Min": 2.772801637649536,
    "Safety/ShieldLagrangeMultiplier/Std": 0,
    "Safety/shield_adv_c": "NaN",
    "Safety/shield_violation": 2.8100826740264893,
    "Time/Epoch": 203.21896362304688,
    "Time/FPS": 98.41600799560548,
    "Time/Rollout": 81.85446166992188,
    "Time/Total": 20666.5546875,
    "Time/Update": 121.3644561767578,
    "TotalEnvSteps": 2000000,
    "Train/Entropy": 0.07003001123666763,
    "Train/Epoch": 99,
    "Train/KL": 0.004683106206357479,
    "Train/LR": 0,
    "Train/PolicyRatio": 1.0003814697265625,
    "Train/PolicyRatio/Max": 1.000381588935852,
    "Train/PolicyRatio/Min": 1.000381588935852,
    "Train/PolicyRatio/Std": 0.007371747866272926,
    "Train/PolicyStd": 0.2603759467601776,
    "Train/StopIter": 40,
    "Value/Adv": 0.05339589715003967,
    "Value/cost": 0.8027229905128479,
    "Value/reward": -0.01741160824894905,
    "_runtime": 20667.927047202,
    "_step": 100,
    "_timestamp": 1746644951.957054,
    "_wandb": {
        "runtime": 20667
    }
}