{
    "Loss/Loss_cost_critic": 0.8927129507064819,
    "Loss/Loss_cost_critic/Delta": -0.42914772033691406,
    "Loss/Loss_pi": -0.0164385624229908,
    "Loss/Loss_pi/Delta": 0.00345662422478199,
    "Loss/Loss_reward_critic": 0.05846501141786575,
    "Loss/Loss_reward_critic/Delta": 0.007942508906126022,
    "Metrics/EpCost": 25.229999542236328,
    "Metrics/EpLen": 1000,
    "Metrics/EpRet": 7.406213760375977,
    "Metrics/LagrangeMultiplier": 2.5977659225463867,
    "Metrics/LagrangeMultiplier/Max": 2.5977659225463867,
    "Metrics/LagrangeMultiplier/Min": 2.5977659225463867,
    "Metrics/LagrangeMultiplier/Std": 0,
    "Misc/AcceptanceStep": 1,
    "Misc/Alpha": 0.8163555860519409,
    "Misc/FinalStepNorm": 0.2729684114456177,
    "Misc/H_inv_g": 0.33437439799308777,
    "Misc/gradient_norm": 0.27308759093284607,
    "Misc/xHx": 0.030010351911187172,
    "Time/Epoch": 109.55845642089844,
    "Time/FPS": 182.5509490966797,
    "Time/Rollout": 94.66539001464844,
    "Time/Total": 10967.6220703125,
    "Time/Update": 14.893030166625977,
    "TotalEnvSteps": 2000000,
    "Train/Entropy": 1.0464754104614258,
    "Train/Epoch": 99,
    "Train/KL": 0.0003568594984244555,
    "Train/LR": 0,
    "Train/PolicyRatio": 1.0020002126693726,
    "Train/PolicyRatio/Max": 1.0020002126693726,
    "Train/PolicyRatio/Min": 1.0020002126693726,
    "Train/PolicyRatio/Std": 0.0014143920270726085,
    "Train/PolicyStd": 0.7057936787605286,
    "Train/StopIter": 10,
    "Value/Adv": -7.629394338515282e-10,
    "Value/cost": 2.4289042949676514,
    "Value/reward": 0.807227611541748,
    "_runtime": 10969.816861691,
    "_step": 100,
    "_timestamp": 1743331458.9337063,
    "_wandb": {
        "runtime": 10969
    }
}