{
    "Loss/Loss_cost_critic": 5.1978607177734375,
    "Loss/Loss_cost_critic/Delta": -0.8136715888977051,
    "Loss/Loss_pi": -0.25779032707214355,
    "Loss/Loss_pi/Delta": -0.3077542893588543,
    "Loss/Loss_reward_critic": 0.07593852281570435,
    "Loss/Loss_reward_critic/Delta": 0.005346506834030151,
    "Metrics/EpCost": 26.15999984741211,
    "Metrics/EpLen": 1000,
    "Metrics/EpRet": 8.698513984680176,
    "Metrics/LagrangeMultiplier": 2.8646745681762695,
    "Metrics/LagrangeMultiplier/Max": 2.8646745681762695,
    "Metrics/LagrangeMultiplier/Min": 2.8646745681762695,
    "Metrics/LagrangeMultiplier/Std": 0,
    "Safety/EpCostShield": 47.79999923706055,
    "Safety/ShieldLagrangeMultiplier": 2.8491692543029785,
    "Safety/ShieldLagrangeMultiplier/Max": 2.8491692543029785,
    "Safety/ShieldLagrangeMultiplier/Min": 2.8491692543029785,
    "Safety/ShieldLagrangeMultiplier/Std": 0,
    "Safety/shield_adv_c": "NaN",
    "Safety/shield_violation": 6.090527057647705,
    "Time/Epoch": 264.82891845703125,
    "Time/FPS": 75.52044677734375,
    "Time/Rollout": 114.43096160888672,
    "Time/Total": 22514.73828125,
    "Time/Update": 150.39791870117188,
    "TotalEnvSteps": 2000000,
    "Train/Entropy": 0.027417615056037903,
    "Train/Epoch": 99,
    "Train/KL": 0.00446152500808239,
    "Train/LR": 0,
    "Train/PolicyRatio": 1.0012946128845217,
    "Train/PolicyRatio/Max": 1.0012946128845217,
    "Train/PolicyRatio/Min": 1.0012946128845217,
    "Train/PolicyRatio/Std": 0.007600863464176655,
    "Train/PolicyStd": 0.24879233539104464,
    "Train/StopIter": 40,
    "Value/Adv": -0.10472320020198822,
    "Value/cost": 2.3965799808502197,
    "Value/reward": 1.0342695713043213,
    "_runtime": 22516.367697014,
    "_step": 100,
    "_timestamp": 1746591939.929718,
    "_wandb": {
        "runtime": 22516
    }
}