{
    "Loss/Loss_cost_critic": 1.4741848707199097,
    "Loss/Loss_cost_critic/Delta": 1.0763229727745056,
    "Loss/Loss_pi": -0.018674731254577637,
    "Loss/Loss_pi/Delta": 0.026960399001836777,
    "Loss/Loss_reward_critic": 0.07748501002788544,
    "Loss/Loss_reward_critic/Delta": 0.004187844693660736,
    "Metrics/EpCost": 0.5299999713897705,
    "Metrics/EpLen": 500,
    "Metrics/EpRet": 10.129510879516602,
    "Metrics/LagrangeMultiplier": 1.0207630395889282,
    "Metrics/LagrangeMultiplier/Max": 1.0207630395889282,
    "Metrics/LagrangeMultiplier/Min": 1.0207630395889282,
    "Metrics/LagrangeMultiplier/Std": 0,
    "Safety/EpCostShield": 4.224999904632568,
    "Safety/ShieldLagrangeMultiplier": 1.2652748823165894,
    "Safety/ShieldLagrangeMultiplier/Max": 1.2652748823165894,
    "Safety/ShieldLagrangeMultiplier/Min": 1.2652748823165894,
    "Safety/ShieldLagrangeMultiplier/Std": 0,
    "Safety/shield_adv_c": "NaN",
    "Safety/shield_violation": 0.6027494072914124,
    "Time/Epoch": 222.38026428222656,
    "Time/FPS": 89.93603515625,
    "Time/Rollout": 96.7606201171875,
    "Time/Total": 20752.892578125,
    "Time/Update": 125.61959838867188,
    "TotalEnvSteps": 2000000,
    "Train/Entropy": 0.4814748167991638,
    "Train/Epoch": 99,
    "Train/KL": 0.003817924298346042,
    "Train/LR": 0,
    "Train/PolicyRatio": 0.9992448687553406,
    "Train/PolicyRatio/Max": 0.9992448687553406,
    "Train/PolicyRatio/Min": 0.9992448687553406,
    "Train/PolicyRatio/Std": 0.006714863236993551,
    "Train/PolicyStd": 0.3921094238758087,
    "Train/StopIter": 40,
    "Value/Adv": 0.0381840243935585,
    "Value/cost": 0.0727987214922905,
    "Value/reward": 2.0978105068206787,
    "_runtime": 20754.395910798,
    "_step": 100,
    "_timestamp": 1746595097.942093,
    "_wandb": {
        "runtime": 20754
    }
}