{
    "Loss/Loss_cost_critic": 2.306978464126587,
    "Loss/Loss_cost_critic/Delta": 0.6271942853927612,
    "Loss/Loss_pi": -0.14983107149600983,
    "Loss/Loss_pi/Delta": 0.10281901061534882,
    "Loss/Loss_reward_critic": 0.07464867830276489,
    "Loss/Loss_reward_critic/Delta": -0.007174372673034668,
    "Metrics/EpCost": 4.710000038146973,
    "Metrics/EpLen": 500,
    "Metrics/EpRet": 9.567688941955566,
    "Metrics/LagrangeMultiplier": 1.1408601999282837,
    "Metrics/LagrangeMultiplier/Max": 1.1408601999282837,
    "Metrics/LagrangeMultiplier/Min": 1.1408601999282837,
    "Metrics/LagrangeMultiplier/Std": 0,
    "Misc/AcceptanceStep": 1,
    "Misc/Alpha": 1.5174344778060913,
    "Misc/FinalStepNorm": 0.26513248682022095,
    "Misc/H_inv_g": 0.17472417652606964,
    "Misc/gradient_norm": 0.10082113742828368,
    "Misc/xHx": 0.008685794658958912,
    "Safety/EpCostShield": 13.25,
    "Safety/ShieldLagrangeMultiplier": 1.5047796964645386,
    "Safety/ShieldLagrangeMultiplier/Max": 1.5047796964645386,
    "Safety/ShieldLagrangeMultiplier/Min": 1.5047796964645386,
    "Safety/ShieldLagrangeMultiplier/Std": 0,
    "Safety/shield_adv_c": 0.3995455801486969,
    "Safety/shield_violation": 0.521435558795929,
    "Time/Epoch": 126.73877716064452,
    "Time/FPS": 157.80490112304688,
    "Time/Rollout": 104.0798110961914,
    "Time/Total": 12350.8798828125,
    "Time/Update": 22.658946990966797,
    "TotalEnvSteps": 2000000,
    "Train/Entropy": 1.813701033592224,
    "Train/Epoch": 99,
    "Train/KL": 0.0003415760875213891,
    "Train/LR": 0,
    "Train/PolicyRatio": 1.0011571645736694,
    "Train/PolicyRatio/Max": 1.0011571645736694,
    "Train/PolicyRatio/Min": 1.0011571645736694,
    "Train/PolicyRatio/Std": 0.0008182107703760266,
    "Train/PolicyStd": 1.728435516357422,
    "Train/StopIter": 10,
    "Value/Adv": -5.340575981449547e-09,
    "Value/cost": 0.07540233433246613,
    "Value/reward": 1.9362136125564575,
    "_runtime": 12352.416291131,
    "_step": 100,
    "_timestamp": 1746605876.938571,
    "_wandb": {
        "runtime": 12352
    }
}