{
    "Loss/Loss_cost_critic": 4.75938606262207,
    "Loss/Loss_cost_critic/Delta": 1.0195374488830566,
    "Loss/Loss_pi": -0.041661836206912994,
    "Loss/Loss_pi/Delta": -0.0933007188141346,
    "Loss/Loss_reward_critic": 0.04751292243599892,
    "Loss/Loss_reward_critic/Delta": -0.0024157725274562836,
    "Metrics/EpCost": 6.199999809265137,
    "Metrics/EpLen": 1000,
    "Metrics/EpRet": 3.463826894760132,
    "Metrics/LagrangeMultiplier": 1.9904919862747192,
    "Metrics/LagrangeMultiplier/Max": 1.9904919862747192,
    "Metrics/LagrangeMultiplier/Min": 1.9904919862747192,
    "Metrics/LagrangeMultiplier/Std": 0,
    "Misc/AcceptanceStep": 1,
    "Misc/Alpha": 0.7884549498558044,
    "Misc/FinalStepNorm": 0.29994624853134155,
    "Misc/H_inv_g": 0.38042283058166504,
    "Misc/gradient_norm": 0.356478750705719,
    "Misc/xHx": 0.03217185288667679,
    "Safety/EpCostShield": 32.150001525878906,
    "Safety/ShieldLagrangeMultiplier": 2.074103593826294,
    "Safety/ShieldLagrangeMultiplier/Max": 2.074103593826294,
    "Safety/ShieldLagrangeMultiplier/Min": 2.074103593826294,
    "Safety/ShieldLagrangeMultiplier/Std": 0,
    "Safety/shield_adv_c": -0.4304449856281281,
    "Safety/shield_violation": 3.076026678085327,
    "Time/Epoch": 108.8559341430664,
    "Time/FPS": 183.7290802001953,
    "Time/Rollout": 91.65747833251952,
    "Time/Total": 11155.6572265625,
    "Time/Update": 17.198434829711914,
    "TotalEnvSteps": 2000000,
    "Train/Entropy": 1.295441508293152,
    "Train/Epoch": 99,
    "Train/KL": 0.0003011684457305819,
    "Train/LR": 0,
    "Train/PolicyRatio": 1.0014114379882812,
    "Train/PolicyRatio/Max": 1.0014114379882812,
    "Train/PolicyRatio/Min": 1.0014114379882812,
    "Train/PolicyRatio/Std": 0.000998037401586771,
    "Train/PolicyStd": 0.883890688419342,
    "Train/StopIter": 10,
    "Value/Adv": -6.866454960174906e-09,
    "Value/cost": 0.7354525327682495,
    "Value/reward": 0.588877260684967,
    "_runtime": 11171.693440515,
    "_step": 100,
    "_timestamp": 1747261438.212362,
    "_wandb": {
        "runtime": 11171
    }
}