{
    "Loss/Loss_cost_critic": 4.117804050445557,
    "Loss/Loss_cost_critic/Delta": -0.6757102012634277,
    "Loss/Loss_pi": -0.11599987745285034,
    "Loss/Loss_pi/Delta": 0.058644965291023254,
    "Loss/Loss_reward_critic": 0.076198048889637,
    "Loss/Loss_reward_critic/Delta": 0.013828303664922714,
    "Metrics/EpCost": 16.520000457763672,
    "Metrics/EpLen": 1000,
    "Metrics/EpRet": 13.2874755859375,
    "Metrics/LagrangeMultiplier": 2.742053508758545,
    "Metrics/LagrangeMultiplier/Max": 2.742053508758545,
    "Metrics/LagrangeMultiplier/Min": 2.742053508758545,
    "Metrics/LagrangeMultiplier/Std": 0,
    "Misc/AcceptanceStep": 1,
    "Misc/Alpha": 0.6487444639205933,
    "Misc/FinalStepNorm": 0.2573312819004059,
    "Misc/H_inv_g": 0.3966604471206665,
    "Misc/gradient_norm": 0.32632502913475037,
    "Misc/xHx": 0.04752067103981972,
    "Safety/EpCostShield": 28.75,
    "Safety/ShieldLagrangeMultiplier": 2.6910550594329834,
    "Safety/ShieldLagrangeMultiplier/Max": 2.6910550594329834,
    "Safety/ShieldLagrangeMultiplier/Min": 2.6910550594329834,
    "Safety/ShieldLagrangeMultiplier/Std": 0,
    "Safety/shield_adv_c": 0.4801663756370544,
    "Safety/shield_violation": 3.402266502380371,
    "Time/Epoch": 119.77105712890624,
    "Time/FPS": 166.98524475097656,
    "Time/Rollout": 97.01665496826172,
    "Time/Total": 12446.12890625,
    "Time/Update": 22.754371643066406,
    "TotalEnvSteps": 2000000,
    "Train/Entropy": 1.080231785774231,
    "Train/Epoch": 99,
    "Train/KL": 0.0003620073839556426,
    "Train/LR": 0,
    "Train/PolicyRatio": 1.0013006925582886,
    "Train/PolicyRatio/Max": 1.0013006925582886,
    "Train/PolicyRatio/Min": 1.0013006925582886,
    "Train/PolicyRatio/Std": 0.0009197004255838692,
    "Train/PolicyStd": 0.7193353176116943,
    "Train/StopIter": 10,
    "Value/Adv": -1.2588500908350396e-08,
    "Value/cost": 1.4021321535110474,
    "Value/reward": 1.450639009475708,
    "_runtime": 12453.437458196,
    "_step": 100,
    "_timestamp": 1747262728.7191253,
    "_wandb": {
        "runtime": 12453
    }
}