{
    "Loss/Loss_cost_critic": 6.8115458488464355,
    "Loss/Loss_cost_critic/Delta": 1.8271474838256836,
    "Loss/Loss_pi": -0.046844758093357086,
    "Loss/Loss_pi/Delta": -0.005242448300123215,
    "Loss/Loss_reward_critic": 4.191935062408447,
    "Loss/Loss_reward_critic/Delta": -1.4557652473449707,
    "Metrics/EpCost": 36.029998779296875,
    "Metrics/EpLen": 500,
    "Metrics/EpRet": -0.08191666007041931,
    "Misc/A": 0.12092000991106032,
    "Misc/AcceptanceStep": 1,
    "Misc/Alpha": 0.40668031573295593,
    "Misc/B": -662.8443603515625,
    "Misc/FinalStepNorm": 0.3478204905986786,
    "Misc/H_inv_g": 0.8890419602394104,
    "Misc/Lambda_star": 0,
    "Misc/Nu_star": 0.10105623304843904,
    "Misc/OptimCase": 0,
    "Misc/cost_gradient_norm": 0.6839223504066467,
    "Misc/gradient_norm": 0.16140061616897583,
    "Misc/q": 0.1209271177649498,
    "Misc/r": -0.0037318039685487743,
    "Misc/s": 1.9584107398986816,
    "Misc/xHx": 0.1209271177649498,
    "Time/Epoch": 118.81143951416016,
    "Time/FPS": 168.33395385742188,
    "Time/Rollout": 110.29986572265624,
    "Time/Total": 11904.7734375,
    "Time/Update": 8.511555671691895,
    "TotalEnvSteps": 2000000,
    "Train/Entropy": 1.407570242881775,
    "Train/Epoch": 99,
    "Train/KL": 0.00011432376049924642,
    "Train/LR": 0,
    "Train/PolicyRatio": 0.999323070049286,
    "Train/PolicyRatio/Max": 0.999323070049286,
    "Train/PolicyRatio/Min": 0.999323070049286,
    "Train/PolicyRatio/Std": 0.0004786477074958384,
    "Train/PolicyStd": 1.004143238067627,
    "Train/StopIter": 10,
    "Value/Adv": 7.2479244828116415e-09,
    "Value/cost": 7.321495532989502,
    "Value/reward": 0.2209032028913498,
    "_runtime": 11906.016060183,
    "_step": 100,
    "_timestamp": 1743346447.1454914,
    "_wandb": {
        "runtime": 11906
    }
}