{
    "Loss/Loss_cost_critic": 2.003020763397217,
    "Loss/Loss_cost_critic/Delta": 0.31112658977508545,
    "Loss/Loss_pi": -0.13523299992084503,
    "Loss/Loss_pi/Delta": 0.006910726428031921,
    "Loss/Loss_reward_critic": 0.046889811754226685,
    "Loss/Loss_reward_critic/Delta": 0.009089864790439606,
    "Metrics/EpCost": 6.679999828338623,
    "Metrics/EpLen": 1000,
    "Metrics/EpRet": 1.9725580215454104,
    "Metrics/LagrangeMultiplier": 2.1232306957244873,
    "Metrics/LagrangeMultiplier/Max": 2.1232306957244873,
    "Metrics/LagrangeMultiplier/Min": 2.1232306957244873,
    "Metrics/LagrangeMultiplier/Std": 0,
    "Misc/AcceptanceStep": 1,
    "Misc/Alpha": 1.0976969003677368,
    "Misc/FinalStepNorm": 0.30466610193252563,
    "Misc/H_inv_g": 0.2775503098964691,
    "Misc/gradient_norm": 0.15390460193157196,
    "Misc/xHx": 0.016598347574472427,
    "Safety/EpCostShield": 17.5,
    "Safety/ShieldLagrangeMultiplier": 2.2796456813812256,
    "Safety/ShieldLagrangeMultiplier/Max": 2.2796456813812256,
    "Safety/ShieldLagrangeMultiplier/Min": 2.2796456813812256,
    "Safety/ShieldLagrangeMultiplier/Std": 0,
    "Safety/shield_adv_c": -0.4589026868343353,
    "Safety/shield_violation": 2.60159969329834,
    "Time/Epoch": 102.02677154541016,
    "Time/FPS": 196.02699279785156,
    "Time/Rollout": 85.57957458496094,
    "Time/Total": 10809.625,
    "Time/Update": 16.447174072265625,
    "TotalEnvSteps": 2000000,
    "Train/Entropy": 1.3882709741592407,
    "Train/Epoch": 99,
    "Train/KL": 0.0003103783819824457,
    "Train/LR": 0,
    "Train/PolicyRatio": 1.000200271606445,
    "Train/PolicyRatio/Max": 1.000200271606445,
    "Train/PolicyRatio/Min": 1.000200271606445,
    "Train/PolicyRatio/Std": 0.00014161341823637486,
    "Train/PolicyStd": 0.9856061935424804,
    "Train/StopIter": 10,
    "Value/Adv": -1.0681151962899094e-08,
    "Value/cost": 0.842995285987854,
    "Value/reward": 0.3166811466217041,
    "_runtime": 10811.735156864,
    "_step": 100,
    "_timestamp": 1746556701.991459,
    "_wandb": {
        "runtime": 10811
    }
}