{
    "Loss/Loss_cost_critic": 0.41524314880371094,
    "Loss/Loss_cost_critic/Delta": 0.17275767028331757,
    "Loss/Loss_pi": -0.010081404820084572,
    "Loss/Loss_pi/Delta": -0.0034358729608356953,
    "Loss/Loss_reward_critic": 0.01307265181094408,
    "Loss/Loss_reward_critic/Delta": 0.0013829544186592102,
    "Metrics/EpCost": 5.300000190734863,
    "Metrics/EpLen": 1000,
    "Metrics/EpRet": 0.5338591933250427,
    "Metrics/LagrangeMultiplier": 18.49476623535156,
    "Metrics/LagrangeMultiplier/Max": 18.49476623535156,
    "Metrics/LagrangeMultiplier/Min": 18.49476623535156,
    "Metrics/LagrangeMultiplier/Std": 0,
    "Misc/AcceptanceStep": 1,
    "Misc/Alpha": 1.080128788948059,
    "Misc/FinalStepNorm": 0.2713312804698944,
    "Misc/H_inv_g": 0.2512027323246002,
    "Misc/gradient_norm": 0.22430603206157684,
    "Misc/xHx": 0.017142675817012787,
    "Time/Epoch": 88.55842590332031,
    "Time/FPS": 225.8396148681641,
    "Time/Rollout": 79.84239196777344,
    "Time/Total": 8879.466796875,
    "Time/Update": 8.716011047363281,
    "TotalEnvSteps": 2000000,
    "Train/Entropy": 1.2461274862289429,
    "Train/Epoch": 99,
    "Train/KL": 0.0003730758326128125,
    "Train/LR": 0,
    "Train/PolicyRatio": 1.0010102987289429,
    "Train/PolicyRatio/Max": 1.0010102987289429,
    "Train/PolicyRatio/Min": 1.0010102987289429,
    "Train/PolicyRatio/Std": 0.0007143609691411257,
    "Train/PolicyStd": 0.8413400650024414,
    "Train/StopIter": 10,
    "Value/Adv": 3.814697002724188e-09,
    "Value/cost": 0.36266782879829407,
    "Value/reward": 0.08772939443588257,
    "_runtime": 8881.235653128,
    "_step": 100,
    "_timestamp": 1745024805.1516106,
    "_wandb": {
        "runtime": 8881
    }
}