{
    "Loss/Loss_cost_critic": 0.3648775815963745,
    "Loss/Loss_cost_critic/Delta": -0.6474670171737671,
    "Loss/Loss_pi": -0.009483929723501204,
    "Loss/Loss_pi/Delta": 0.007083170115947723,
    "Loss/Loss_reward_critic": 0.005062745418399572,
    "Loss/Loss_reward_critic/Delta": -0.0022585089318454266,
    "Metrics/EpCost": 9.520000457763672,
    "Metrics/EpLen": 1000,
    "Metrics/EpRet": 0.210903599858284,
    "Metrics/LagrangeMultiplier": 3.0324385166168213,
    "Metrics/LagrangeMultiplier/Max": 3.0324385166168213,
    "Metrics/LagrangeMultiplier/Min": 3.0324385166168213,
    "Metrics/LagrangeMultiplier/Std": 0,
    "Misc/AcceptanceStep": 1,
    "Misc/Alpha": 1.3805798292160034,
    "Misc/FinalStepNorm": 0.31091660261154175,
    "Misc/H_inv_g": 0.22520726919174192,
    "Misc/gradient_norm": 0.10685347020626068,
    "Misc/xHx": 0.010493164882063866,
    "Time/Epoch": 93.99261474609376,
    "Time/FPS": 212.78268432617188,
    "Time/Rollout": 85.3730697631836,
    "Time/Total": 9359.1630859375,
    "Time/Update": 8.619524002075195,
    "TotalEnvSteps": 2000000,
    "Train/Entropy": 1.2684909105300903,
    "Train/Epoch": 99,
    "Train/KL": 0.0002797677298076451,
    "Train/LR": 0,
    "Train/PolicyRatio": 1.0009984970092771,
    "Train/PolicyRatio/Max": 1.0009984970092771,
    "Train/PolicyRatio/Min": 1.0009984970092771,
    "Train/PolicyRatio/Std": 0.0007059877971187234,
    "Train/PolicyStd": 0.8605141639709473,
    "Train/StopIter": 10,
    "Value/Adv": -3.8146971692576415e-10,
    "Value/cost": 0.6373651623725891,
    "Value/reward": 0.00703744450584054,
    "_runtime": 9361.294574136,
    "_step": 100,
    "_timestamp": 1746907939.1151347,
    "_wandb": {
        "runtime": 9361
    }
}