{
    "Loss/Loss_cost_critic": 4.650552272796631,
    "Loss/Loss_cost_critic/Delta": -0.7529158592224121,
    "Loss/Loss_pi": -0.3226208984851837,
    "Loss/Loss_pi/Delta": -0.17950546741485596,
    "Loss/Loss_reward_critic": 0.03601006045937538,
    "Loss/Loss_reward_critic/Delta": 0.0013064853847026825,
    "Metrics/EpCost": 14.460000038146973,
    "Metrics/EpLen": 1000,
    "Metrics/EpRet": 10.966026306152344,
    "Metrics/LagrangeMultiplier": 2.740058422088623,
    "Metrics/LagrangeMultiplier/Max": 2.740058422088623,
    "Metrics/LagrangeMultiplier/Min": 2.740058422088623,
    "Metrics/LagrangeMultiplier/Std": 0,
    "Safety/EpCostShield": 23.25,
    "Safety/ShieldLagrangeMultiplier": 2.749825954437256,
    "Safety/ShieldLagrangeMultiplier/Max": 2.749825954437256,
    "Safety/ShieldLagrangeMultiplier/Min": 2.749825954437256,
    "Safety/ShieldLagrangeMultiplier/Std": 0,
    "Safety/shield_adv_c": "NaN",
    "Safety/shield_violation": 4.0760273933410645,
    "Time/Epoch": 209.02821350097656,
    "Time/FPS": 95.68087005615234,
    "Time/Rollout": 82.20160675048828,
    "Time/Total": 21148.17578125,
    "Time/Update": 126.82653045654295,
    "TotalEnvSteps": 2000000,
    "Train/Entropy": 0.6228727102279663,
    "Train/Epoch": 99,
    "Train/KL": 0.002716057002544403,
    "Train/LR": 0,
    "Train/PolicyRatio": 1.0015653371810913,
    "Train/PolicyRatio/Max": 1.0015653371810913,
    "Train/PolicyRatio/Min": 1.0015653371810913,
    "Train/PolicyRatio/Std": 0.006034297868609428,
    "Train/PolicyStd": 0.45228663086891174,
    "Train/StopIter": 40,
    "Value/Adv": -0.13438504934310913,
    "Value/cost": 1.857055068016052,
    "Value/reward": 1.2703675031661987,
    "_runtime": 21150.084562452,
    "_step": 100,
    "_timestamp": 1746517556.164857,
    "_wandb": {
        "runtime": 21150
    }
}