{
    "Loss/Loss_cost_critic": 2.5837490558624268,
    "Loss/Loss_cost_critic/Delta": -0.9470555782318116,
    "Loss/Loss_pi": -0.20818103849887848,
    "Loss/Loss_pi/Delta": -0.2438311763107777,
    "Loss/Loss_reward_critic": 0.029340650886297222,
    "Loss/Loss_reward_critic/Delta": -0.0041208043694496155,
    "Metrics/EpCost": 6.03000020980835,
    "Metrics/EpLen": 1000,
    "Metrics/EpRet": 2.0235986709594727,
    "Metrics/LagrangeMultiplier": 2.3105151653289795,
    "Metrics/LagrangeMultiplier/Max": 2.3105151653289795,
    "Metrics/LagrangeMultiplier/Min": 2.3105151653289795,
    "Metrics/LagrangeMultiplier/Std": 0,
    "Misc/AcceptanceStep": 1,
    "Misc/Alpha": 1.2459633350372314,
    "Misc/FinalStepNorm": 0.3250454366207123,
    "Misc/H_inv_g": 0.2608788013458252,
    "Misc/gradient_norm": 0.07924549281597137,
    "Misc/xHx": 0.012883063405752182,
    "Safety/EpCostShield": 27.25,
    "Safety/ShieldLagrangeMultiplier": 2.3414971828460693,
    "Safety/ShieldLagrangeMultiplier/Max": 2.3414971828460693,
    "Safety/ShieldLagrangeMultiplier/Min": 2.3414971828460693,
    "Safety/ShieldLagrangeMultiplier/Std": 0,
    "Safety/shield_adv_c": -0.1803935021162033,
    "Safety/shield_violation": 2.1015944480895996,
    "Time/Epoch": 108.3397216796875,
    "Time/FPS": 184.6044921875,
    "Time/Rollout": 91.73966979980467,
    "Time/Total": 11193.5244140625,
    "Time/Update": 16.60003662109375,
    "TotalEnvSteps": 2000000,
    "Train/Entropy": 2.1488940715789795,
    "Train/Epoch": 99,
    "Train/KL": 0.000284138455754146,
    "Train/LR": 0,
    "Train/PolicyRatio": 1.0008033514022827,
    "Train/PolicyRatio/Max": 1.0008033514022827,
    "Train/PolicyRatio/Min": 1.0008033514022827,
    "Train/PolicyRatio/Std": 0.0005680833128280938,
    "Train/PolicyStd": 2.0909132957458496,
    "Train/StopIter": 10,
    "Value/Adv": 1.1444091230217166e-09,
    "Value/cost": 0.3735988140106201,
    "Value/reward": 0.22721847891807556,
    "_runtime": 11195.296443605,
    "_step": 100,
    "_timestamp": 1746635178.5174663,
    "_wandb": {
        "runtime": 11195
    }
}