{
    "Loss/Loss_cost_critic": 2.549771308898926,
    "Loss/Loss_cost_critic/Delta": -0.061003923416137695,
    "Loss/Loss_pi": -0.2527327239513397,
    "Loss/Loss_pi/Delta": 0.0778125524520874,
    "Loss/Loss_reward_critic": 0.12358170747756958,
    "Loss/Loss_reward_critic/Delta": 0.01886819303035736,
    "Metrics/EpCost": 3.650000095367432,
    "Metrics/EpLen": 500,
    "Metrics/EpRet": 11.4207181930542,
    "Metrics/LagrangeMultiplier": 0.7301016449928284,
    "Metrics/LagrangeMultiplier/Max": 0.7301016449928284,
    "Metrics/LagrangeMultiplier/Min": 0.7301016449928284,
    "Metrics/LagrangeMultiplier/Std": 0,
    "Misc/AcceptanceStep": 1,
    "Misc/Alpha": 1.8274917602539065,
    "Misc/FinalStepNorm": 0.3004385828971863,
    "Misc/H_inv_g": 0.1643994152545929,
    "Misc/gradient_norm": 0.08541727066040039,
    "Misc/xHx": 0.005988505203276873,
    "Safety/EpCostShield": 14.100000381469728,
    "Safety/ShieldLagrangeMultiplier": 0.9563177227973938,
    "Safety/ShieldLagrangeMultiplier/Max": 0.9563177227973938,
    "Safety/ShieldLagrangeMultiplier/Min": 0.9563177227973938,
    "Safety/ShieldLagrangeMultiplier/Std": 0,
    "Safety/shield_adv_c": 0.8348396420478821,
    "Safety/shield_violation": 1.0177689790725708,
    "Time/Epoch": 85.67251586914062,
    "Time/FPS": 233.4470977783203,
    "Time/Rollout": 70.53309631347656,
    "Time/Total": 8638.6513671875,
    "Time/Update": 15.139386177062988,
    "TotalEnvSteps": 2000000,
    "Train/Entropy": 2.0270397663116455,
    "Train/Epoch": 99,
    "Train/KL": 0.0002999713469762355,
    "Train/LR": 0,
    "Train/PolicyRatio": 1.002937912940979,
    "Train/PolicyRatio/Max": 1.0029380321502686,
    "Train/PolicyRatio/Min": 1.0029380321502686,
    "Train/PolicyRatio/Std": 0.0020774463191628456,
    "Train/PolicyStd": 2.231087446212769,
    "Train/StopIter": 10,
    "Value/Adv": -7.2479244828116415e-09,
    "Value/cost": 0.6408284902572632,
    "Value/reward": 2.2359986305236816,
    "_runtime": 8640.040644838,
    "_step": 100,
    "_timestamp": 1746541203.1162505,
    "_wandb": {
        "runtime": 8640
    }
}