{
    "Loss/Loss_cost_critic": 2.0989866256713867,
    "Loss/Loss_cost_critic/Delta": -1.331399917602539,
    "Loss/Loss_pi": -0.16701938211917877,
    "Loss/Loss_pi/Delta": -0.17646607849746945,
    "Loss/Loss_reward_critic": 0.0390305332839489,
    "Loss/Loss_reward_critic/Delta": -0.0013161152601242063,
    "Metrics/EpCost": 7.269999980926514,
    "Metrics/EpLen": 1000,
    "Metrics/EpRet": 3.3955438137054443,
    "Metrics/LagrangeMultiplier": 2.3243248462677,
    "Metrics/LagrangeMultiplier/Max": 2.3243248462677,
    "Metrics/LagrangeMultiplier/Min": 2.3243248462677,
    "Metrics/LagrangeMultiplier/Std": 0,
    "Misc/AcceptanceStep": 1,
    "Misc/Alpha": 1.319205641746521,
    "Misc/FinalStepNorm": 0.3147536814212799,
    "Misc/H_inv_g": 0.2385933548212051,
    "Misc/gradient_norm": 0.10058633983135223,
    "Misc/xHx": 0.011492237448692322,
    "Safety/EpCostShield": 6.550000190734863,
    "Safety/ShieldLagrangeMultiplier": 2.390326976776123,
    "Safety/ShieldLagrangeMultiplier/Max": 2.390326976776123,
    "Safety/ShieldLagrangeMultiplier/Min": 2.390326976776123,
    "Safety/ShieldLagrangeMultiplier/Std": 0,
    "Safety/shield_adv_c": -0.315702885389328,
    "Safety/shield_violation": 1.8823055028915403,
    "Time/Epoch": 82.94564819335938,
    "Time/FPS": 241.1217498779297,
    "Time/Rollout": 69.14835357666016,
    "Time/Total": 8598.7158203125,
    "Time/Update": 13.797281265258787,
    "TotalEnvSteps": 2000000,
    "Train/Entropy": 1.197316288948059,
    "Train/Epoch": 99,
    "Train/KL": 0.0002823731629177928,
    "Train/LR": 0,
    "Train/PolicyRatio": 0.9994277954101562,
    "Train/PolicyRatio/Max": 0.9994277954101562,
    "Train/PolicyRatio/Min": 0.9994277954101562,
    "Train/PolicyRatio/Std": 0.0004046097456011921,
    "Train/PolicyStd": 0.8015740513801575,
    "Train/StopIter": 10,
    "Value/Adv": -2.2888182460434332e-09,
    "Value/cost": 0.5656720995903015,
    "Value/reward": 0.4123642146587372,
    "_runtime": 8601.220038027,
    "_step": 100,
    "_timestamp": 1746574792.059739,
    "_wandb": {
        "runtime": 8601
    }
}