{
    "Loss/Loss_cost_critic": 3.5241074562072754,
    "Loss/Loss_cost_critic/Delta": -0.054288625717163086,
    "Loss/Loss_pi": -0.3627896308898926,
    "Loss/Loss_pi/Delta": 0.0038946568965911865,
    "Loss/Loss_reward_critic": 0.03172524645924568,
    "Loss/Loss_reward_critic/Delta": 0.0004123896360397339,
    "Metrics/EpCost": 13.359999656677246,
    "Metrics/EpLen": 1000,
    "Metrics/EpRet": 7.231911659240723,
    "Metrics/LagrangeMultiplier": 2.940678596496582,
    "Metrics/LagrangeMultiplier/Max": 2.940678596496582,
    "Metrics/LagrangeMultiplier/Min": 2.940678596496582,
    "Metrics/LagrangeMultiplier/Std": 0,
    "Safety/EpCostShield": 21.350000381469727,
    "Safety/ShieldLagrangeMultiplier": 2.829493999481201,
    "Safety/ShieldLagrangeMultiplier/Max": 2.829493999481201,
    "Safety/ShieldLagrangeMultiplier/Min": 2.829493999481201,
    "Safety/ShieldLagrangeMultiplier/Std": 0,
    "Safety/shield_adv_c": "NaN",
    "Safety/shield_violation": 4.229867458343506,
    "Time/Epoch": 242.38787841796875,
    "Time/FPS": 82.51237487792969,
    "Time/Rollout": 101.82373046875,
    "Time/Total": 24918.052734375,
    "Time/Update": 140.56407165527344,
    "TotalEnvSteps": 2000000,
    "Train/Entropy": 0.7354514002799988,
    "Train/Epoch": 99,
    "Train/KL": 0.002161668846383691,
    "Train/LR": 0,
    "Train/PolicyRatio": 1.0005711317062378,
    "Train/PolicyRatio/Max": 1.0005711317062378,
    "Train/PolicyRatio/Min": 1.0005711317062378,
    "Train/PolicyRatio/Std": 0.005010474473237991,
    "Train/PolicyStd": 0.5136189460754395,
    "Train/StopIter": 40,
    "Value/Adv": -0.03642769902944565,
    "Value/cost": 2.0492725372314453,
    "Value/reward": 0.8210756778717041,
    "_runtime": 24919.778905485,
    "_step": 100,
    "_timestamp": 1746521325.982128,
    "_wandb": {
        "runtime": 24919
    }
}