{
    "Loss/Loss_cost_critic": 2.617630958557129,
    "Loss/Loss_cost_critic/Delta": 0.6084103584289551,
    "Loss/Loss_pi": -0.32166680693626404,
    "Loss/Loss_pi/Delta": -0.05768334865570069,
    "Loss/Loss_reward_critic": 0.2561367452144623,
    "Loss/Loss_reward_critic/Delta": 0.029521942138671875,
    "Metrics/EpCost": 0.9800000190734864,
    "Metrics/EpLen": 500,
    "Metrics/EpRet": 30.406625747680664,
    "Metrics/LagrangeMultiplier": 1.0256001949310305,
    "Metrics/LagrangeMultiplier/Max": 1.0256001949310305,
    "Metrics/LagrangeMultiplier/Min": 1.0256001949310305,
    "Metrics/LagrangeMultiplier/Std": 0,
    "Misc/AcceptanceStep": 1,
    "Misc/Alpha": 3.693132162094116,
    "Misc/FinalStepNorm": 0.2797287702560425,
    "Misc/H_inv_g": 0.07574295997619629,
    "Misc/gradient_norm": 0.053438350558280945,
    "Misc/xHx": 0.0014663490001112225,
    "Safety/EpCostShield": 5.400000095367432,
    "Safety/ShieldLagrangeMultiplier": 1.104251742362976,
    "Safety/ShieldLagrangeMultiplier/Max": 1.104251742362976,
    "Safety/ShieldLagrangeMultiplier/Min": 1.104251742362976,
    "Safety/ShieldLagrangeMultiplier/Std": 0,
    "Safety/shield_adv_c": -0.1497783660888672,
    "Safety/shield_violation": 0.9478265643119812,
    "Time/Epoch": 121.87854766845705,
    "Time/FPS": 164.09779357910156,
    "Time/Rollout": 95.87651824951172,
    "Time/Total": 12467.1220703125,
    "Time/Update": 26.001989364624023,
    "TotalEnvSteps": 2000000,
    "Train/Entropy": 2.076479196548462,
    "Train/Epoch": 99,
    "Train/KL": 0.00031122981454245746,
    "Train/LR": 0,
    "Train/PolicyRatio": 1.0025348663330078,
    "Train/PolicyRatio/Max": 1.0025348663330078,
    "Train/PolicyRatio/Min": 1.0025348663330078,
    "Train/PolicyRatio/Std": 0.0017924212152138352,
    "Train/PolicyStd": 2.070368766784668,
    "Train/StopIter": 10,
    "Value/Adv": -7.629394338515282e-10,
    "Value/cost": 0.33480098843574524,
    "Value/reward": 6.065361499786377,
    "_runtime": 12468.571281857,
    "_step": 100,
    "_timestamp": 1746521367.063436,
    "_wandb": {
        "runtime": 12468
    }
}