{
    "Loss/Loss_cost_critic": 2.3030359745025635,
    "Loss/Loss_cost_critic/Delta": 1.1276246309280396,
    "Loss/Loss_pi": 0.052245184779167175,
    "Loss/Loss_pi/Delta": 0.03591710701584816,
    "Loss/Loss_reward_critic": 0.11071635782718658,
    "Loss/Loss_reward_critic/Delta": 0.016981393098831177,
    "Metrics/EpCost": 0.8799999952316284,
    "Metrics/EpLen": 500,
    "Metrics/EpRet": 12.101910591125488,
    "Metrics/LagrangeMultiplier": 0.9138981103897096,
    "Metrics/LagrangeMultiplier/Max": 0.9138981103897096,
    "Metrics/LagrangeMultiplier/Min": 0.9138981103897096,
    "Metrics/LagrangeMultiplier/Std": 0,
    "Misc/AcceptanceStep": 1,
    "Misc/Alpha": 1.1019227504730225,
    "Misc/FinalStepNorm": 0.21107590198516848,
    "Misc/H_inv_g": 0.19155235588550568,
    "Misc/gradient_norm": 0.3666686713695526,
    "Misc/xHx": 0.01647128537297249,
    "Safety/EpCostShield": 8.274999618530273,
    "Safety/ShieldLagrangeMultiplier": 1.1783279180526731,
    "Safety/ShieldLagrangeMultiplier/Max": 1.1783279180526731,
    "Safety/ShieldLagrangeMultiplier/Min": 1.1783279180526731,
    "Safety/ShieldLagrangeMultiplier/Std": 0,
    "Safety/shield_adv_c": 0.35178959369659424,
    "Safety/shield_violation": 0.4614871144294739,
    "Time/Epoch": 123.69415283203124,
    "Time/FPS": 161.6891326904297,
    "Time/Rollout": 106.23929595947266,
    "Time/Total": 12540.0888671875,
    "Time/Update": 17.454833984375,
    "TotalEnvSteps": 2000000,
    "Train/Entropy": 0.8330621719360352,
    "Train/Epoch": 99,
    "Train/KL": 0.00042136356933042407,
    "Train/LR": 0,
    "Train/PolicyRatio": 0.9995574355125428,
    "Train/PolicyRatio/Max": 0.9995574355125428,
    "Train/PolicyRatio/Min": 0.9995574355125428,
    "Train/PolicyRatio/Std": 0.0003129543911200017,
    "Train/PolicyStd": 0.5726655125617981,
    "Train/StopIter": 10,
    "Value/Adv": 3.051757735406113e-09,
    "Value/cost": 0.22029496729373932,
    "Value/reward": 2.3435139656066895,
    "_runtime": 12541.251671036,
    "_step": 100,
    "_timestamp": 1746582991.542767,
    "_wandb": {
        "runtime": 12541
    }
}