{
    "Loss/Loss_cost_critic": 0.8026371598243713,
    "Loss/Loss_cost_critic/Delta": 0.2234863638877869,
    "Loss/Loss_pi": -0.0028139869682490826,
    "Loss/Loss_pi/Delta": 7.473956793546677e-05,
    "Loss/Loss_reward_critic": 0.10039621591567992,
    "Loss/Loss_reward_critic/Delta": -0.010838963091373444,
    "Metrics/EpCost": 1.3600000143051147,
    "Metrics/EpLen": 500,
    "Metrics/EpRet": 23.092313766479492,
    "Metrics/LagrangeMultiplier": 9.629314422607422,
    "Metrics/LagrangeMultiplier/Max": 9.629314422607422,
    "Metrics/LagrangeMultiplier/Min": 9.629314422607422,
    "Metrics/LagrangeMultiplier/Std": 0,
    "Time/Epoch": 188.31198120117188,
    "Time/FPS": 106.20673370361328,
    "Time/Rollout": 100.84650421142578,
    "Time/Total": 19001.83203125,
    "Time/Update": 87.46539306640625,
    "TotalEnvSteps": 2000000,
    "Train/Entropy": 0.7039902210235596,
    "Train/Epoch": 99,
    "Train/KL": 0.0045375400222837925,
    "Train/LR": 0,
    "Train/PolicyRatio": 1.0006157159805298,
    "Train/PolicyRatio/Max": 1.0006157159805298,
    "Train/PolicyRatio/Min": 1.0006157159805298,
    "Train/PolicyRatio/Std": 0.007198154926300049,
    "Train/PolicyStd": 0.4893662035465241,
    "Train/StopIter": 40,
    "Value/Adv": 0.020673610270023342,
    "Value/cost": 0.5946913957595825,
    "Value/reward": 4.677067756652832,
    "_runtime": 19003.404599846,
    "_step": 100,
    "_timestamp": 1745046203.3181138,
    "_wandb": {
        "runtime": 19003
    }
}