{
    "Loss/Loss_cost_critic": 3.3132729530334473,
    "Loss/Loss_cost_critic/Delta": 0.8137297630310059,
    "Loss/Loss_pi": -0.017338605597615242,
    "Loss/Loss_pi/Delta": -0.000484321266412735,
    "Loss/Loss_reward_critic": 0.0763215571641922,
    "Loss/Loss_reward_critic/Delta": 0.014341317117214205,
    "Metrics/EpCost": 19.170000076293945,
    "Metrics/EpLen": 500,
    "Metrics/EpRet": 12.79357624053955,
    "Metrics/LagrangeMultiplier": 1.3934844732284546,
    "Metrics/LagrangeMultiplier/Max": 1.3934844732284546,
    "Metrics/LagrangeMultiplier/Min": 1.3934844732284546,
    "Metrics/LagrangeMultiplier/Std": 0,
    "Misc/AcceptanceStep": 1,
    "Misc/Alpha": 0.7297043800354004,
    "Misc/FinalStepNorm": 0.2165248692035675,
    "Misc/H_inv_g": 0.29672956466674805,
    "Misc/gradient_norm": 0.4124948680400848,
    "Misc/xHx": 0.03756089508533478,
    "Time/Epoch": 110.96043395996094,
    "Time/FPS": 180.2444305419922,
    "Time/Rollout": 99.81043243408205,
    "Time/Total": 11140.10546875,
    "Time/Update": 11.149979591369627,
    "TotalEnvSteps": 2000000,
    "Train/Entropy": 0.6776449084281921,
    "Train/Epoch": 99,
    "Train/KL": 0.0004526292323134839,
    "Train/LR": 0,
    "Train/PolicyRatio": 0.9990496635437012,
    "Train/PolicyRatio/Max": 0.9990496635437012,
    "Train/PolicyRatio/Min": 0.9990496635437012,
    "Train/PolicyRatio/Std": 0.0006719612283632159,
    "Train/PolicyStd": 0.486140102148056,
    "Train/StopIter": 10,
    "Value/Adv": -6.2942504541751995e-09,
    "Value/cost": 2.572338581085205,
    "Value/reward": 2.648165702819824,
    "_runtime": 11141.711115021,
    "_step": 100,
    "_timestamp": 1743335190.543281,
    "_wandb": {
        "runtime": 11141
    }
}