{
    "Loss/Loss_cost_critic": 2.7301666736602783,
    "Loss/Loss_cost_critic/Delta": -0.3311901092529297,
    "Loss/Loss_pi": -0.35932621359825134,
    "Loss/Loss_pi/Delta": -0.07580673694610596,
    "Loss/Loss_reward_critic": 0.050415992736816406,
    "Loss/Loss_reward_critic/Delta": 0.0015752725303173063,
    "Metrics/EpCost": 6.190000057220459,
    "Metrics/EpLen": 1000,
    "Metrics/EpRet": 9.1065092086792,
    "Metrics/LagrangeMultiplier": 2.5163166522979736,
    "Metrics/LagrangeMultiplier/Max": 2.5163166522979736,
    "Metrics/LagrangeMultiplier/Min": 2.5163166522979736,
    "Metrics/LagrangeMultiplier/Std": 0,
    "Misc/AcceptanceStep": 1,
    "Misc/Alpha": 1.8787164688110352,
    "Misc/FinalStepNorm": 0.3065090775489807,
    "Misc/H_inv_g": 0.16314813494682312,
    "Misc/gradient_norm": 0.12702693045139313,
    "Misc/xHx": 0.0056663937866687775,
    "Safety/EpCostShield": 13.399999618530272,
    "Safety/ShieldLagrangeMultiplier": 2.4944727420806885,
    "Safety/ShieldLagrangeMultiplier/Max": 2.4944727420806885,
    "Safety/ShieldLagrangeMultiplier/Min": 2.4944727420806885,
    "Safety/ShieldLagrangeMultiplier/Std": 0,
    "Safety/shield_adv_c": -0.2396090030670166,
    "Safety/shield_violation": 2.6268961429595947,
    "Time/Epoch": 98.7751693725586,
    "Time/FPS": 202.48004150390625,
    "Time/Rollout": 73.83078002929688,
    "Time/Total": 9819.4873046875,
    "Time/Update": 24.944366455078125,
    "TotalEnvSteps": 2000000,
    "Train/Entropy": 1.941404700279236,
    "Train/Epoch": 99,
    "Train/KL": 0.00029066484421491623,
    "Train/LR": 0,
    "Train/PolicyRatio": 1.0024080276489258,
    "Train/PolicyRatio/Max": 1.0024080276489258,
    "Train/PolicyRatio/Min": 1.0024080276489258,
    "Train/PolicyRatio/Std": 0.0017026764107868075,
    "Train/PolicyStd": 1.7460330724716189,
    "Train/StopIter": 10,
    "Value/Adv": 1.678466787780053e-08,
    "Value/cost": 0.997567355632782,
    "Value/reward": 0.9436177611351012,
    "_runtime": 9821.255147549,
    "_step": 100,
    "_timestamp": 1746603267.8846753,
    "_wandb": {
        "runtime": 9821
    }
}