{
    "Loss/Loss_cost_critic": 0.3953331708908081,
    "Loss/Loss_cost_critic/Delta": -0.17722290754318237,
    "Loss/Loss_pi": -0.011377180926501753,
    "Loss/Loss_pi/Delta": -0.0004820702597498894,
    "Loss/Loss_reward_critic": 0.008174789138138294,
    "Loss/Loss_reward_critic/Delta": -0.006734918802976608,
    "Metrics/EpCost": 3.75,
    "Metrics/EpLen": 1000,
    "Metrics/EpRet": -0.23504428565502167,
    "Metrics/LagrangeMultiplier": 2.6905064582824707,
    "Metrics/LagrangeMultiplier/Max": 2.6905064582824707,
    "Metrics/LagrangeMultiplier/Min": 2.6905064582824707,
    "Metrics/LagrangeMultiplier/Std": 0,
    "Misc/AcceptanceStep": 1,
    "Misc/Alpha": 1.0845253467559814,
    "Misc/FinalStepNorm": 0.3058217763900757,
    "Misc/H_inv_g": 0.2819867432117462,
    "Misc/gradient_norm": 0.15103565156459808,
    "Misc/xHx": 0.017003970220685005,
    "Time/Epoch": 92.45024871826172,
    "Time/FPS": 216.33258056640625,
    "Time/Rollout": 83.98556518554688,
    "Time/Total": 9216.5390625,
    "Time/Update": 8.464648246765137,
    "TotalEnvSteps": 2000000,
    "Train/Entropy": 1.2228409051895142,
    "Train/Epoch": 99,
    "Train/KL": 0.00030165741918608546,
    "Train/LR": 0,
    "Train/PolicyRatio": 0.9994351267814636,
    "Train/PolicyRatio/Max": 0.9994351267814636,
    "Train/PolicyRatio/Min": 0.9994351267814636,
    "Train/PolicyRatio/Std": 0.00039941162685863674,
    "Train/PolicyStd": 0.8235492706298828,
    "Train/StopIter": 10,
    "Value/Adv": 1.2207030941624453e-08,
    "Value/cost": 0.4507375955581665,
    "Value/reward": 0.01187075302004814,
    "_runtime": 9217.872411777,
    "_step": 100,
    "_timestamp": 1743323731.4179993,
    "_wandb": {
        "runtime": 9217
    }
}