{
    "Loss/Loss_cost_critic": 1.8611449003219604,
    "Loss/Loss_cost_critic/Delta": 0.4084283113479614,
    "Loss/Loss_pi": 0.10447454452514648,
    "Loss/Loss_pi/Delta": 0.11067180568352342,
    "Loss/Loss_reward_critic": 0.006087935529649258,
    "Loss/Loss_reward_critic/Delta": -0.001983991824090481,
    "Metrics/EpCost": 6.539999961853027,
    "Metrics/EpLen": 1000,
    "Metrics/EpRet": -0.16811645030975342,
    "Metrics/LagrangeMultiplier": 2.16874098777771,
    "Metrics/LagrangeMultiplier/Max": 2.16874098777771,
    "Metrics/LagrangeMultiplier/Min": 2.16874098777771,
    "Metrics/LagrangeMultiplier/Std": 0,
    "Misc/AcceptanceStep": 1,
    "Misc/Alpha": 0.716294527053833,
    "Misc/FinalStepNorm": 0.32001399993896484,
    "Misc/H_inv_g": 0.44676315784454346,
    "Misc/gradient_norm": 0.15096940100193024,
    "Misc/xHx": 0.038980428129434586,
    "Safety/EpCostShield": 25.5,
    "Safety/ShieldLagrangeMultiplier": 2.2421302795410156,
    "Safety/ShieldLagrangeMultiplier/Max": 2.2421302795410156,
    "Safety/ShieldLagrangeMultiplier/Min": 2.2421302795410156,
    "Safety/ShieldLagrangeMultiplier/Std": 0,
    "Safety/shield_adv_c": 0.2511095702648163,
    "Safety/shield_violation": 0.9224774241447448,
    "Time/Epoch": 131.28785705566406,
    "Time/FPS": 152.33702087402344,
    "Time/Rollout": 105.8120346069336,
    "Time/Total": 13385.91796875,
    "Time/Update": 25.47576332092285,
    "TotalEnvSteps": 2000000,
    "Train/Entropy": 1.3870280981063845,
    "Train/Epoch": 99,
    "Train/KL": 0.00029055829509161413,
    "Train/LR": 0,
    "Train/PolicyRatio": 1.0002670288085938,
    "Train/PolicyRatio/Max": 1.0002670288085938,
    "Train/PolicyRatio/Min": 1.0002670288085938,
    "Train/PolicyRatio/Std": 0.00018881788128055632,
    "Train/PolicyStd": 0.974576473236084,
    "Train/StopIter": 10,
    "Value/Adv": -6.103515470812226e-09,
    "Value/cost": 0.4768431782722473,
    "Value/reward": 0.03404678776860237,
    "_runtime": 13387.981912554,
    "_step": 100,
    "_timestamp": 1746618405.3663056,
    "_wandb": {
        "runtime": 13387
    }
}