{
    "Loss/Loss_cost_critic": 1.7575820684432983,
    "Loss/Loss_cost_critic/Delta": -0.8623291254043579,
    "Loss/Loss_pi": -0.3584752082824707,
    "Loss/Loss_pi/Delta": 0.03912743926048279,
    "Loss/Loss_reward_critic": 0.034820251166820526,
    "Loss/Loss_reward_critic/Delta": 0.004463512450456619,
    "Metrics/EpCost": 10.550000190734863,
    "Metrics/EpLen": 1000,
    "Metrics/EpRet": 2.7891275882720947,
    "Metrics/LagrangeMultiplier": 2.28214693069458,
    "Metrics/LagrangeMultiplier/Max": 2.28214693069458,
    "Metrics/LagrangeMultiplier/Min": 2.28214693069458,
    "Metrics/LagrangeMultiplier/Std": 0,
    "Misc/AcceptanceStep": 1,
    "Misc/Alpha": 1.5897319316864014,
    "Misc/FinalStepNorm": 0.3371502161026001,
    "Misc/H_inv_g": 0.21207991242408752,
    "Misc/gradient_norm": 0.056965988129377365,
    "Misc/xHx": 0.007913737557828426,
    "Safety/EpCostShield": 12.300000190734863,
    "Safety/ShieldLagrangeMultiplier": 2.3245725631713867,
    "Safety/ShieldLagrangeMultiplier/Max": 2.3245725631713867,
    "Safety/ShieldLagrangeMultiplier/Min": 2.3245725631713867,
    "Safety/ShieldLagrangeMultiplier/Std": 0,
    "Safety/shield_adv_c": -0.38830333948135376,
    "Safety/shield_violation": 2.6008408069610596,
    "Time/Epoch": 81.91024017333984,
    "Time/FPS": 244.16973876953125,
    "Time/Rollout": 67.05272674560547,
    "Time/Total": 8774.1318359375,
    "Time/Update": 14.85747528076172,
    "TotalEnvSteps": 2000000,
    "Train/Entropy": 2.1079800128936768,
    "Train/Epoch": 99,
    "Train/KL": 0.0002486965386196971,
    "Train/LR": 0,
    "Train/PolicyRatio": 1.002588391304016,
    "Train/PolicyRatio/Max": 1.0025885105133057,
    "Train/PolicyRatio/Min": 1.0025885105133057,
    "Train/PolicyRatio/Std": 0.001830297173000872,
    "Train/PolicyStd": 2.010554552078247,
    "Train/StopIter": 10,
    "Value/Adv": -5.722045948175491e-09,
    "Value/cost": 1.0601061582565308,
    "Value/reward": 0.3805456757545471,
    "_runtime": 8775.196687292,
    "_step": 100,
    "_timestamp": 1746535772.1281855,
    "_wandb": {
        "runtime": 8775
    }
}