{
    "Loss/Loss_cost_critic": 0.6167187094688416,
    "Loss/Loss_cost_critic/Delta": -0.5463206171989441,
    "Loss/Loss_pi": -0.01351445820182562,
    "Loss/Loss_pi/Delta": 0.007238174788653851,
    "Loss/Loss_reward_critic": 0.01038436871021986,
    "Loss/Loss_reward_critic/Delta": -0.0007454100996255875,
    "Metrics/EpCost": 13.729999542236328,
    "Metrics/EpLen": 1000,
    "Metrics/EpRet": 0.35319992899894714,
    "Metrics/LagrangeMultiplier": 16.207199096679688,
    "Metrics/LagrangeMultiplier/Max": 16.207199096679688,
    "Metrics/LagrangeMultiplier/Min": 16.207199096679688,
    "Metrics/LagrangeMultiplier/Std": 0,
    "Misc/AcceptanceStep": 1,
    "Misc/Alpha": 1.0598114728927612,
    "Misc/FinalStepNorm": 0.24841651320457456,
    "Misc/H_inv_g": 0.23439690470695496,
    "Misc/gradient_norm": 0.2461463212966919,
    "Misc/xHx": 0.01780625246465206,
    "Time/Epoch": 81.56490325927734,
    "Time/FPS": 245.2035217285156,
    "Time/Rollout": 71.99156188964844,
    "Time/Total": 8157.7705078125,
    "Time/Update": 9.573321342468262,
    "TotalEnvSteps": 2000000,
    "Train/Entropy": 1.3835959434509275,
    "Train/Epoch": 99,
    "Train/KL": 0.00042109203059226274,
    "Train/LR": 0,
    "Train/PolicyRatio": 1.001331806182861,
    "Train/PolicyRatio/Max": 1.001331806182861,
    "Train/PolicyRatio/Min": 1.001331806182861,
    "Train/PolicyRatio/Std": 0.000941729173064232,
    "Train/PolicyStd": 0.9667388796806335,
    "Train/StopIter": 10,
    "Value/Adv": 1.5258788677030564e-09,
    "Value/cost": 1.337786078453064,
    "Value/reward": 0.02868505008518696,
    "_runtime": 8158.830002105,
    "_step": 100,
    "_timestamp": 1745011457.794283,
    "_wandb": {
        "runtime": 8158
    }
}