{
    "Loss/Loss_cost_critic": 0.0699365958571434,
    "Loss/Loss_cost_critic/Delta": 0.05024434067308903,
    "Loss/Loss_pi": -0.0031244666315615177,
    "Loss/Loss_pi/Delta": -0.003991906356532127,
    "Loss/Loss_reward_critic": 0.010051977820694448,
    "Loss/Loss_reward_critic/Delta": -0.0012975893914699554,
    "Metrics/EpCost": 0.6800000071525574,
    "Metrics/EpLen": 1000,
    "Metrics/EpRet": -2.699104070663452,
    "Misc/A": 0.012708859518170357,
    "Misc/AcceptanceStep": 1,
    "Misc/Alpha": 1.2486660480499268,
    "Misc/B": -431.09619140625,
    "Misc/FinalStepNorm": 0.28323137760162354,
    "Misc/H_inv_g": 0.18183653056621552,
    "Misc/Lambda_star": 0,
    "Misc/Nu_star": 4.318204879760742,
    "Misc/OptimCase": 0,
    "Misc/cost_gradient_norm": 0.05013705790042877,
    "Misc/gradient_norm": 0.4992327094078064,
    "Misc/q": 0.012827351689338684,
    "Misc/r": -0.00035649770870804787,
    "Misc/s": 0.0010725547326728702,
    "Misc/xHx": 0.012827351689338684,
    "Time/Epoch": 74.10558319091797,
    "Time/FPS": 269.8852233886719,
    "Time/Rollout": 65.62227630615234,
    "Time/Total": 8504.1123046875,
    "Time/Update": 8.483290672302246,
    "TotalEnvSteps": 2000000,
    "Train/Entropy": 1.254315972328186,
    "Train/Epoch": 99,
    "Train/KL": 0.00018676972831599417,
    "Train/LR": 0,
    "Train/PolicyRatio": 0.9998984336853028,
    "Train/PolicyRatio/Max": 0.9998984336853028,
    "Train/PolicyRatio/Min": 0.9998984336853028,
    "Train/PolicyRatio/Std": 7.179014210123569e-05,
    "Train/PolicyStd": 0.8482463955879211,
    "Train/StopIter": 10,
    "Value/Adv": -3.433227480087453e-09,
    "Value/cost": -0.036806825548410416,
    "Value/reward": -0.28697603940963745,
    "_runtime": 8506.365714725,
    "_step": 100,
    "_timestamp": 1743314436.9541168,
    "_wandb": {
        "runtime": 8506
    }
}