{
    "Loss/Loss_cost_critic": 3.075099468231201,
    "Loss/Loss_cost_critic/Delta": 0.971038818359375,
    "Loss/Loss_pi": -0.28114184737205505,
    "Loss/Loss_pi/Delta": 0.0427221953868866,
    "Loss/Loss_reward_critic": 0.04842914640903473,
    "Loss/Loss_reward_critic/Delta": 0.002989906817674637,
    "Metrics/EpCost": 10.529999732971191,
    "Metrics/EpLen": 1000,
    "Metrics/EpRet": 8.462345123291016,
    "Metrics/LagrangeMultiplier": 2.469426393508911,
    "Metrics/LagrangeMultiplier/Max": 2.469426393508911,
    "Metrics/LagrangeMultiplier/Min": 2.469426393508911,
    "Metrics/LagrangeMultiplier/Std": 0,
    "Misc/AcceptanceStep": 1,
    "Misc/Alpha": 1.500827074050903,
    "Misc/FinalStepNorm": 0.3194737434387207,
    "Misc/H_inv_g": 0.21286512911319733,
    "Misc/gradient_norm": 0.0976838544011116,
    "Misc/xHx": 0.008879084140062332,
    "Safety/EpCostShield": 18.899999618530273,
    "Safety/ShieldLagrangeMultiplier": 2.3866803646087646,
    "Safety/ShieldLagrangeMultiplier/Max": 2.3866803646087646,
    "Safety/ShieldLagrangeMultiplier/Min": 2.3866803646087646,
    "Safety/ShieldLagrangeMultiplier/Std": 0,
    "Safety/shield_adv_c": 0.1835792064666748,
    "Safety/shield_violation": 2.288691282272339,
    "Time/Epoch": 103.49288940429688,
    "Time/FPS": 193.24998474121097,
    "Time/Rollout": 79.95575714111328,
    "Time/Total": 10560.0830078125,
    "Time/Update": 23.537109375,
    "TotalEnvSteps": 2000000,
    "Train/Entropy": 2.1534245014190674,
    "Train/Epoch": 99,
    "Train/KL": 0.00027184453210793436,
    "Train/LR": 0,
    "Train/PolicyRatio": 1.001630783081055,
    "Train/PolicyRatio/Max": 1.001630783081055,
    "Train/PolicyRatio/Min": 1.001630783081055,
    "Train/PolicyRatio/Std": 0.00115313776768744,
    "Train/PolicyStd": 2.174943685531616,
    "Train/StopIter": 10,
    "Value/Adv": 3.051757735406113e-09,
    "Value/cost": 0.8085494637489319,
    "Value/reward": 0.9971206784248352,
    "_runtime": 10561.224341264,
    "_step": 100,
    "_timestamp": 1746606998.8845606,
    "_wandb": {
        "runtime": 10561
    }
}