{
    "Loss/Loss_cost_critic": 1.5847790241241455,
    "Loss/Loss_cost_critic/Delta": -0.20074033737182617,
    "Loss/Loss_pi": -0.015622039325535296,
    "Loss/Loss_pi/Delta": -0.03659007418900728,
    "Loss/Loss_reward_critic": 0.11520169675350188,
    "Loss/Loss_reward_critic/Delta": 0.018299952149391174,
    "Metrics/EpCost": 2.309999942779541,
    "Metrics/EpLen": 500,
    "Metrics/EpRet": 11.777724266052246,
    "Metrics/LagrangeMultiplier": 0.7398762106895447,
    "Metrics/LagrangeMultiplier/Max": 0.7398762106895447,
    "Metrics/LagrangeMultiplier/Min": 0.7398762106895447,
    "Metrics/LagrangeMultiplier/Std": 0,
    "Misc/AcceptanceStep": 1,
    "Misc/Alpha": 1.5832945108413696,
    "Misc/FinalStepNorm": 0.226163387298584,
    "Misc/H_inv_g": 0.14284352958202362,
    "Misc/gradient_norm": 0.22258242964744568,
    "Misc/xHx": 0.007978219538927078,
    "Safety/EpCostShield": 6.349999904632568,
    "Safety/ShieldLagrangeMultiplier": 0.9096739888191224,
    "Safety/ShieldLagrangeMultiplier/Max": 0.9096739888191224,
    "Safety/ShieldLagrangeMultiplier/Min": 0.9096739888191224,
    "Safety/ShieldLagrangeMultiplier/Std": 0,
    "Safety/shield_adv_c": 0.08205392956733704,
    "Safety/shield_violation": 0.896676778793335,
    "Time/Epoch": 138.5309600830078,
    "Time/FPS": 144.37205505371094,
    "Time/Rollout": 107.39372253417967,
    "Time/Total": 14320.1708984375,
    "Time/Update": 31.137197494506836,
    "TotalEnvSteps": 2000000,
    "Train/Entropy": 0.9577147960662842,
    "Train/Epoch": 99,
    "Train/KL": 0.0003908554499503225,
    "Train/LR": 0,
    "Train/PolicyRatio": 1.0023795366287231,
    "Train/PolicyRatio/Max": 1.0023796558380127,
    "Train/PolicyRatio/Min": 1.0023796558380127,
    "Train/PolicyRatio/Std": 0.001682614558376372,
    "Train/PolicyStd": 0.6684436798095703,
    "Train/StopIter": 10,
    "Value/Adv": 1.907348501362094e-09,
    "Value/cost": 0.02415808103978634,
    "Value/reward": 2.454140901565552,
    "_runtime": 14322.174695268,
    "_step": 100,
    "_timestamp": 1746584756.24446,
    "_wandb": {
        "runtime": 14322
    }
}