{
    "Loss/Loss_cost_critic": 2.113178014755249,
    "Loss/Loss_cost_critic/Delta": 1.8771170675754547,
    "Loss/Loss_pi": -0.016733020544052124,
    "Loss/Loss_pi/Delta": -0.01204989803954959,
    "Loss/Loss_reward_critic": 0.00457302900031209,
    "Loss/Loss_reward_critic/Delta": 0.0006544413045048714,
    "Metrics/EpCost": 22.799999237060547,
    "Metrics/EpLen": 1000,
    "Metrics/EpRet": 0.3432346284389496,
    "Metrics/LagrangeMultiplier": 2.8413381576538086,
    "Metrics/LagrangeMultiplier/Max": 2.8413381576538086,
    "Metrics/LagrangeMultiplier/Min": 2.8413381576538086,
    "Metrics/LagrangeMultiplier/Std": 0,
    "Misc/AcceptanceStep": 1,
    "Misc/Alpha": 0.8119184374809265,
    "Misc/FinalStepNorm": 0.31004807353019714,
    "Misc/H_inv_g": 0.38187095522880554,
    "Misc/gradient_norm": 0.2910383939743042,
    "Misc/xHx": 0.03033926710486412,
    "Time/Epoch": 92.56341552734376,
    "Time/FPS": 216.0680999755859,
    "Time/Rollout": 81.32112884521484,
    "Time/Total": 9243.66796875,
    "Time/Update": 11.242268562316896,
    "TotalEnvSteps": 2000000,
    "Train/Entropy": 1.554317831993103,
    "Train/Epoch": 99,
    "Train/KL": 0.0002732998109422624,
    "Train/LR": 0,
    "Train/PolicyRatio": 1.0018097162246704,
    "Train/PolicyRatio/Max": 1.00180983543396,
    "Train/PolicyRatio/Min": 1.00180983543396,
    "Train/PolicyRatio/Std": 0.0012797469971701505,
    "Train/PolicyStd": 1.1451433897018433,
    "Train/StopIter": 10,
    "Value/Adv": -6.866454960174906e-09,
    "Value/cost": 0.43691250681877136,
    "Value/reward": 0.08405636996030807,
    "_runtime": 9245.103738292,
    "_step": 100,
    "_timestamp": 1746907832.7452292,
    "_wandb": {
        "runtime": 9245
    }
}