{
    "Loss/Loss_cost_critic": 2.0385618209838867,
    "Loss/Loss_cost_critic/Delta": -0.09929895401000977,
    "Loss/Loss_pi": -0.24722273647785187,
    "Loss/Loss_pi/Delta": -0.050052762031555176,
    "Loss/Loss_reward_critic": 0.03771153464913368,
    "Loss/Loss_reward_critic/Delta": 0.010772692039608955,
    "Metrics/EpCost": 14.5600004196167,
    "Metrics/EpLen": 1000,
    "Metrics/EpRet": 3.465034246444702,
    "Metrics/LagrangeMultiplier": 2.1645021438598633,
    "Metrics/LagrangeMultiplier/Max": 2.1645021438598633,
    "Metrics/LagrangeMultiplier/Min": 2.1645021438598633,
    "Metrics/LagrangeMultiplier/Std": 0,
    "Misc/AcceptanceStep": 1,
    "Misc/Alpha": 1.3948602676391602,
    "Misc/FinalStepNorm": 0.32966387271881104,
    "Misc/H_inv_g": 0.23634186387062073,
    "Misc/gradient_norm": 0.10948576033115388,
    "Misc/xHx": 0.010279408656060696,
    "Safety/EpCostShield": 21.049999237060547,
    "Safety/ShieldLagrangeMultiplier": 2.258589744567871,
    "Safety/ShieldLagrangeMultiplier/Max": 2.258589744567871,
    "Safety/ShieldLagrangeMultiplier/Min": 2.258589744567871,
    "Safety/ShieldLagrangeMultiplier/Std": 0,
    "Safety/shield_adv_c": 1.1256093978881836,
    "Safety/shield_violation": 1.9477248191833496,
    "Time/Epoch": 86.52115631103516,
    "Time/FPS": 231.15733337402344,
    "Time/Rollout": 70.88285827636719,
    "Time/Total": 8833.67578125,
    "Time/Update": 15.638279914855955,
    "TotalEnvSteps": 2000000,
    "Train/Entropy": 2.115530014038086,
    "Train/Epoch": 99,
    "Train/KL": 0.0002542655565775931,
    "Train/LR": 0,
    "Train/PolicyRatio": 1.002431035041809,
    "Train/PolicyRatio/Max": 1.0024311542510986,
    "Train/PolicyRatio/Min": 1.0024311542510986,
    "Train/PolicyRatio/Std": 0.001719029387459159,
    "Train/PolicyStd": 2.0168826580047607,
    "Train/StopIter": 10,
    "Value/Adv": 2.6702879907247734e-09,
    "Value/cost": 0.5114636421203613,
    "Value/reward": 0.460941880941391,
    "_runtime": 8835.069463544,
    "_step": 100,
    "_timestamp": 1746532430.2270162,
    "_wandb": {
        "runtime": 8835
    }
}