{
    "Loss/Loss_cost_critic": 1.4765338897705078,
    "Loss/Loss_cost_critic/Delta": -0.45536279678344727,
    "Loss/Loss_pi": -0.012468487955629826,
    "Loss/Loss_pi/Delta": 0.0011268919333815577,
    "Loss/Loss_reward_critic": 0.10860403627157213,
    "Loss/Loss_reward_critic/Delta": -0.011419355869293211,
    "Metrics/EpCost": 8.989999771118164,
    "Metrics/EpLen": 500,
    "Metrics/EpRet": 11.776663780212402,
    "Metrics/LagrangeMultiplier": 1.4598281383514404,
    "Metrics/LagrangeMultiplier/Max": 1.4598281383514404,
    "Metrics/LagrangeMultiplier/Min": 1.4598281383514404,
    "Metrics/LagrangeMultiplier/Std": 0,
    "Misc/AcceptanceStep": 1,
    "Misc/Alpha": 0.9917755722999572,
    "Misc/FinalStepNorm": 0.1856011599302292,
    "Misc/H_inv_g": 0.18714028596878052,
    "Misc/gradient_norm": 0.2409550249576569,
    "Misc/xHx": 0.020333072170615196,
    "Time/Epoch": 100.63536834716795,
    "Time/FPS": 198.73728942871097,
    "Time/Rollout": 89.2864990234375,
    "Time/Total": 10095.251953125,
    "Time/Update": 11.348852157592772,
    "TotalEnvSteps": 2000000,
    "Train/Entropy": 0.5332151651382446,
    "Train/Epoch": 99,
    "Train/KL": 0.00048100869753398,
    "Train/LR": 0,
    "Train/PolicyRatio": 1.000905990600586,
    "Train/PolicyRatio/Max": 1.000905990600586,
    "Train/PolicyRatio/Min": 1.000905990600586,
    "Train/PolicyRatio/Std": 0.0006406321190297604,
    "Train/PolicyStd": 0.43077874183654785,
    "Train/StopIter": 10,
    "Value/Adv": 6.103515470812226e-09,
    "Value/cost": 0.3024379312992096,
    "Value/reward": 2.429362535476685,
    "_runtime": 10097.888077358,
    "_step": 100,
    "_timestamp": 1746908681.7339315,
    "_wandb": {
        "runtime": 10097
    }
}