{
    "Loss/Loss_cost_critic": 1.3736448287963867,
    "Loss/Loss_cost_critic/Delta": 0.5217523574829102,
    "Loss/Loss_pi": -0.01084031257778406,
    "Loss/Loss_pi/Delta": -0.00018716417253017423,
    "Loss/Loss_reward_critic": 0.11315203458070756,
    "Loss/Loss_reward_critic/Delta": 0.020666271448135376,
    "Metrics/EpCost": 10.149999618530272,
    "Metrics/EpLen": 500,
    "Metrics/EpRet": 13.545405387878418,
    "Metrics/LagrangeMultiplier": 1.2822500467300415,
    "Metrics/LagrangeMultiplier/Max": 1.2822500467300415,
    "Metrics/LagrangeMultiplier/Min": 1.2822500467300415,
    "Metrics/LagrangeMultiplier/Std": 0,
    "Misc/AcceptanceStep": 1,
    "Misc/Alpha": 1.0699485540390017,
    "Misc/FinalStepNorm": 0.1860571950674057,
    "Misc/H_inv_g": 0.17389360070228577,
    "Misc/gradient_norm": 0.27184274792671204,
    "Misc/xHx": 0.01747044548392296,
    "Time/Epoch": 112.74118041992188,
    "Time/FPS": 177.39747619628906,
    "Time/Rollout": 101.5640640258789,
    "Time/Total": 11273.2255859375,
    "Time/Update": 11.17709732055664,
    "TotalEnvSteps": 2000000,
    "Train/Entropy": 0.6878669261932373,
    "Train/Epoch": 99,
    "Train/KL": 0.00046767661115154624,
    "Train/LR": 0,
    "Train/PolicyRatio": 0.998847484588623,
    "Train/PolicyRatio/Max": 0.998847484588623,
    "Train/PolicyRatio/Min": 0.998847484588623,
    "Train/PolicyRatio/Std": 0.0008149233763106167,
    "Train/PolicyStd": 0.4826824963092804,
    "Train/StopIter": 10,
    "Value/Adv": -1.1444091230217166e-09,
    "Value/cost": 1.0415667295455933,
    "Value/reward": 2.5767157077789307,
    "_runtime": 11274.868563214,
    "_step": 100,
    "_timestamp": 1746909871.0404572,
    "_wandb": {
        "runtime": 11274
    }
}