{
    "Loss/Loss_cost_critic": 5.549069881439209,
    "Loss/Loss_cost_critic/Delta": 1.1394238471984863,
    "Loss/Loss_pi": 0.3443145453929901,
    "Loss/Loss_pi/Delta": 0.5426174402236938,
    "Loss/Loss_reward_critic": 0.031162232160568237,
    "Loss/Loss_reward_critic/Delta": -0.002331729978322983,
    "Metrics/EpCost": 18.719999313354492,
    "Metrics/EpLen": 1000,
    "Metrics/EpRet": 3.589376211166382,
    "Metrics/LagrangeMultiplier": 2.7294609546661377,
    "Metrics/LagrangeMultiplier/Max": 2.7294609546661377,
    "Metrics/LagrangeMultiplier/Min": 2.7294609546661377,
    "Metrics/LagrangeMultiplier/Std": 0,
    "Safety/EpCostShield": 103.8000030517578,
    "Safety/ShieldLagrangeMultiplier": 2.766247034072876,
    "Safety/ShieldLagrangeMultiplier/Max": 2.766247034072876,
    "Safety/ShieldLagrangeMultiplier/Min": 2.766247034072876,
    "Safety/ShieldLagrangeMultiplier/Std": 0,
    "Safety/shield_adv_c": "NaN",
    "Safety/shield_violation": 4.075291633605957,
    "Time/Epoch": 219.95187377929688,
    "Time/FPS": 90.92898559570312,
    "Time/Rollout": 93.77992248535156,
    "Time/Total": 19790.490234375,
    "Time/Update": 126.171875,
    "TotalEnvSteps": 2000000,
    "Train/Entropy": 0.4975358247756958,
    "Train/Epoch": 99,
    "Train/KL": 0.003331152256578207,
    "Train/LR": 0,
    "Train/PolicyRatio": 1.0003596544265747,
    "Train/PolicyRatio/Max": 1.0003596544265747,
    "Train/PolicyRatio/Min": 1.0003596544265747,
    "Train/PolicyRatio/Std": 0.005974661558866501,
    "Train/PolicyStd": 0.399027019739151,
    "Train/StopIter": 40,
    "Value/Adv": -0.16853059828281405,
    "Value/cost": 0.984249711036682,
    "Value/reward": 0.6027105450630188,
    "_runtime": 19791.564868047,
    "_step": 100,
    "_timestamp": 1746613322.9575934,
    "_wandb": {
        "runtime": 19791
    }
}