{
    "Loss/Loss_cost_critic": 1.4754480123519895,
    "Loss/Loss_cost_critic/Delta": -1.5360819101333618,
    "Loss/Loss_pi": -0.18765294551849365,
    "Loss/Loss_pi/Delta": -0.10397278517484664,
    "Loss/Loss_reward_critic": 0.003869181266054511,
    "Loss/Loss_reward_critic/Delta": -0.0018082268070429564,
    "Metrics/EpCost": 4.820000171661377,
    "Metrics/EpLen": 1000,
    "Metrics/EpRet": 0.7403355240821838,
    "Metrics/LagrangeMultiplier": 1.9999316930770872,
    "Metrics/LagrangeMultiplier/Max": 1.9999316930770872,
    "Metrics/LagrangeMultiplier/Min": 1.9999316930770872,
    "Metrics/LagrangeMultiplier/Std": 0,
    "Misc/AcceptanceStep": 1,
    "Misc/Alpha": 1.6100132465362549,
    "Misc/FinalStepNorm": 0.3353084325790405,
    "Misc/H_inv_g": 0.2082643955945969,
    "Misc/gradient_norm": 0.11167917400598526,
    "Misc/xHx": 0.007715615443885326,
    "Safety/EpCostShield": 7.849999904632568,
    "Safety/ShieldLagrangeMultiplier": 2.317411422729492,
    "Safety/ShieldLagrangeMultiplier/Max": 2.317411422729492,
    "Safety/ShieldLagrangeMultiplier/Min": 2.317411422729492,
    "Safety/ShieldLagrangeMultiplier/Std": 0,
    "Safety/shield_adv_c": -0.4722688496112823,
    "Safety/shield_violation": 2.2626636028289795,
    "Time/Epoch": 113.29304504394533,
    "Time/FPS": 176.53334045410156,
    "Time/Rollout": 88.54764556884766,
    "Time/Total": 11351.2333984375,
    "Time/Update": 24.745380401611328,
    "TotalEnvSteps": 2000000,
    "Train/Entropy": 1.5150933265686035,
    "Train/Epoch": 99,
    "Train/KL": 0.0002249966491945088,
    "Train/LR": 0,
    "Train/PolicyRatio": 1.0005611181259155,
    "Train/PolicyRatio/Max": 1.0005611181259155,
    "Train/PolicyRatio/Min": 1.0005611181259155,
    "Train/PolicyRatio/Std": 0.0003967423108406365,
    "Train/PolicyStd": 1.1032928228378296,
    "Train/StopIter": 10,
    "Value/Adv": -3.2424924967244806e-09,
    "Value/cost": 0.7660245299339294,
    "Value/reward": 0.07537670433521271,
    "_runtime": 11353.085571177,
    "_step": 100,
    "_timestamp": 1746637275.624632,
    "_wandb": {
        "runtime": 11353
    }
}