{
    "Loss/Loss_cost_critic": 5.691442489624023,
    "Loss/Loss_cost_critic/Delta": 2.868335962295532,
    "Loss/Loss_pi": 0.17801693081855774,
    "Loss/Loss_pi/Delta": 0.35825948417186737,
    "Loss/Loss_reward_critic": 0.004066335037350655,
    "Loss/Loss_reward_critic/Delta": -0.0002266857773065567,
    "Metrics/EpCost": 11.729999542236328,
    "Metrics/EpLen": 1000,
    "Metrics/EpRet": 0.8586657643318176,
    "Metrics/LagrangeMultiplier": 2.9797494411468506,
    "Metrics/LagrangeMultiplier/Max": 2.9797494411468506,
    "Metrics/LagrangeMultiplier/Min": 2.9797494411468506,
    "Metrics/LagrangeMultiplier/Std": 0,
    "Safety/EpCostShield": 56.900001525878906,
    "Safety/ShieldLagrangeMultiplier": 2.833935260772705,
    "Safety/ShieldLagrangeMultiplier/Max": 2.833935260772705,
    "Safety/ShieldLagrangeMultiplier/Min": 2.833935260772705,
    "Safety/ShieldLagrangeMultiplier/Std": 0,
    "Safety/shield_adv_c": "NaN",
    "Safety/shield_violation": 2.4819843769073486,
    "Time/Epoch": 150.00265502929688,
    "Time/FPS": 133.3309783935547,
    "Time/Rollout": 67.74513244628906,
    "Time/Total": 14871.4462890625,
    "Time/Update": 82.25747680664062,
    "TotalEnvSteps": 2000000,
    "Train/Entropy": 0.5907208919525146,
    "Train/Epoch": 99,
    "Train/KL": 0.003624179633334279,
    "Train/LR": 0,
    "Train/PolicyRatio": 1.000463843345642,
    "Train/PolicyRatio/Max": 1.000463843345642,
    "Train/PolicyRatio/Min": 1.000463843345642,
    "Train/PolicyRatio/Std": 0.006350894924253225,
    "Train/PolicyStd": 0.44277000427246094,
    "Train/StopIter": 40,
    "Value/Adv": 0.1768464744091034,
    "Value/cost": 1.0752599239349363,
    "Value/reward": 0.09857472032308578,
    "_runtime": 14873.202115523,
    "_step": 100,
    "_timestamp": 1746556695.7102106,
    "_wandb": {
        "runtime": 14873
    }
}