{
    "Loss/Loss_cost_critic": 0.5356095433235168,
    "Loss/Loss_cost_critic/Delta": -0.04772919416427612,
    "Loss/Loss_pi": -0.005631952080875635,
    "Loss/Loss_pi/Delta": 0.005120882298797369,
    "Loss/Loss_reward_critic": 0.003872832516208291,
    "Loss/Loss_reward_critic/Delta": -0.00032870867289602757,
    "Metrics/EpCost": 9.079999923706056,
    "Metrics/EpLen": 1000,
    "Metrics/EpRet": 0.41984325647354126,
    "Metrics/LagrangeMultiplier": 2.6102123260498047,
    "Metrics/LagrangeMultiplier/Max": 2.6102123260498047,
    "Metrics/LagrangeMultiplier/Min": 2.6102123260498047,
    "Metrics/LagrangeMultiplier/Std": 0,
    "Time/Epoch": 101.88946533203124,
    "Time/FPS": 196.29115295410156,
    "Time/Rollout": 52.31814956665039,
    "Time/Total": 10238.4462890625,
    "Time/Update": 49.57127380371094,
    "TotalEnvSteps": 2000000,
    "Train/Entropy": 0.1706719994544983,
    "Train/Epoch": 99,
    "Train/KL": 0.003726204624399543,
    "Train/LR": 0,
    "Train/PolicyRatio": 1.0008682012557983,
    "Train/PolicyRatio/Max": 1.0008682012557983,
    "Train/PolicyRatio/Min": 1.0008682012557983,
    "Train/PolicyRatio/Std": 0.006423324812203646,
    "Train/PolicyStd": 0.28700464963912964,
    "Train/StopIter": 40,
    "Value/Adv": 0.32694655656814575,
    "Value/cost": 1.7348636388778689,
    "Value/reward": 0.11734901368618011,
    "_runtime": 10247.655317263,
    "_step": 100,
    "_timestamp": 1743316163.3655088,
    "_wandb": {
        "runtime": 10247
    }
}