{
    "Loss/Loss_cost_critic": 4.312067985534668,
    "Loss/Loss_cost_critic/Delta": -4.059886932373047,
    "Loss/Loss_pi": -0.1990407407283783,
    "Loss/Loss_pi/Delta": -0.20159271522425115,
    "Loss/Loss_reward_critic": 0.036728475242853165,
    "Loss/Loss_reward_critic/Delta": -0.002529170364141464,
    "Metrics/EpCost": 27.030000686645508,
    "Metrics/EpLen": 1000,
    "Metrics/EpRet": 3.857877254486084,
    "Metrics/LagrangeMultiplier": 2.930065155029297,
    "Metrics/LagrangeMultiplier/Max": 2.930065155029297,
    "Metrics/LagrangeMultiplier/Min": 2.930065155029297,
    "Metrics/LagrangeMultiplier/Std": 0,
    "Safety/EpCostShield": 75,
    "Safety/ShieldLagrangeMultiplier": 2.9633853435516357,
    "Safety/ShieldLagrangeMultiplier/Max": 2.9633853435516357,
    "Safety/ShieldLagrangeMultiplier/Min": 2.9633853435516357,
    "Safety/ShieldLagrangeMultiplier/Std": 0,
    "Safety/shield_adv_c": "NaN",
    "Safety/shield_violation": 7.727035999298096,
    "Time/Epoch": 197.3757781982422,
    "Time/FPS": 101.32955932617188,
    "Time/Rollout": 100.9919204711914,
    "Time/Total": 17910.427734375,
    "Time/Update": 96.38378143310548,
    "TotalEnvSteps": 2000000,
    "Train/Entropy": 0.29031866788864136,
    "Train/Epoch": 99,
    "Train/KL": 0.003719324013218284,
    "Train/LR": 0,
    "Train/PolicyRatio": 1.002643346786499,
    "Train/PolicyRatio/Max": 1.0026434659957886,
    "Train/PolicyRatio/Min": 1.0026434659957886,
    "Train/PolicyRatio/Std": 0.006745907943695784,
    "Train/PolicyStd": 0.3351605236530304,
    "Train/StopIter": 40,
    "Value/Adv": 0.22836877405643463,
    "Value/cost": 3.4316368103027344,
    "Value/reward": 0.546232283115387,
    "_runtime": 17911.544506281,
    "_step": 100,
    "_timestamp": 1746928303.4768164,
    "_wandb": {
        "runtime": 17911
    }
}