{
    "Loss/Loss_cost_critic": 4.980907917022705,
    "Loss/Loss_cost_critic/Delta": -0.27245235443115234,
    "Loss/Loss_pi": -0.20363537967205048,
    "Loss/Loss_pi/Delta": 0.10176433622837068,
    "Loss/Loss_reward_critic": 0.035895317792892456,
    "Loss/Loss_reward_critic/Delta": 0.004616349935531616,
    "Metrics/EpCost": 23.1200008392334,
    "Metrics/EpLen": 1000,
    "Metrics/EpRet": 9.641227722167969,
    "Metrics/LagrangeMultiplier": 2.7886080741882324,
    "Metrics/LagrangeMultiplier/Max": 2.7886080741882324,
    "Metrics/LagrangeMultiplier/Min": 2.7886080741882324,
    "Metrics/LagrangeMultiplier/Std": 0,
    "Safety/EpCostShield": 38.29999923706055,
    "Safety/ShieldLagrangeMultiplier": 2.864497661590576,
    "Safety/ShieldLagrangeMultiplier/Max": 2.864497661590576,
    "Safety/ShieldLagrangeMultiplier/Min": 2.864497661590576,
    "Safety/ShieldLagrangeMultiplier/Std": 0,
    "Safety/shield_adv_c": "NaN",
    "Safety/shield_violation": 4.706783771514893,
    "Time/Epoch": 231.70999145507812,
    "Time/FPS": 86.31478881835938,
    "Time/Rollout": 92.0556869506836,
    "Time/Total": 23321.634765625,
    "Time/Update": 139.65423583984375,
    "TotalEnvSteps": 2000000,
    "Train/Entropy": 0.43361201882362366,
    "Train/Epoch": 99,
    "Train/KL": 0.0035717699211090803,
    "Train/LR": 0,
    "Train/PolicyRatio": 0.9999746680259703,
    "Train/PolicyRatio/Max": 0.9999746680259703,
    "Train/PolicyRatio/Min": 0.9999746680259703,
    "Train/PolicyRatio/Std": 0.006973675452172756,
    "Train/PolicyStd": 0.3756287693977356,
    "Train/StopIter": 40,
    "Value/Adv": 0.14666913449764252,
    "Value/cost": 2.486131429672241,
    "Value/reward": 0.992242693901062,
    "_runtime": 23323.891579544,
    "_step": 100,
    "_timestamp": 1746568426.0923965,
    "_wandb": {
        "runtime": 23323
    }
}