{
    "Loss/Loss_cost_critic": 5.937741279602051,
    "Loss/Loss_cost_critic/Delta": 2.8648247718811035,
    "Loss/Loss_pi": 0.10956206917762756,
    "Loss/Loss_pi/Delta": 0.30951862037181854,
    "Loss/Loss_reward_critic": 0.032227810472249985,
    "Loss/Loss_reward_critic/Delta": -0.0038695819675922394,
    "Metrics/EpCost": 10.029999732971191,
    "Metrics/EpLen": 1000,
    "Metrics/EpRet": 3.368255853652954,
    "Metrics/LagrangeMultiplier": 2.1175992488861084,
    "Metrics/LagrangeMultiplier/Max": 2.1175992488861084,
    "Metrics/LagrangeMultiplier/Min": 2.1175992488861084,
    "Metrics/LagrangeMultiplier/Std": 0,
    "Misc/AcceptanceStep": 1,
    "Misc/Alpha": 0.954118549823761,
    "Misc/FinalStepNorm": 0.35466092824935913,
    "Misc/H_inv_g": 0.371715784072876,
    "Misc/gradient_norm": 0.14019113779067993,
    "Misc/xHx": 0.02196975238621235,
    "Safety/EpCostShield": 69.5999984741211,
    "Safety/ShieldLagrangeMultiplier": 2.2858943939208984,
    "Safety/ShieldLagrangeMultiplier/Max": 2.2858943939208984,
    "Safety/ShieldLagrangeMultiplier/Min": 2.2858943939208984,
    "Safety/ShieldLagrangeMultiplier/Std": 0,
    "Safety/shield_adv_c": 0.7312387228012085,
    "Safety/shield_violation": 2.2533535957336426,
    "Time/Epoch": 106.22076416015624,
    "Time/FPS": 188.287109375,
    "Time/Rollout": 83.33244323730469,
    "Time/Total": 10833.9892578125,
    "Time/Update": 22.88829803466797,
    "TotalEnvSteps": 2000000,
    "Train/Entropy": 2.129602432250977,
    "Train/Epoch": 99,
    "Train/KL": 0.00019172887550666928,
    "Train/LR": 0,
    "Train/PolicyRatio": 0.9989612698554992,
    "Train/PolicyRatio/Max": 0.998961329460144,
    "Train/PolicyRatio/Min": 0.998961329460144,
    "Train/PolicyRatio/Std": 0.0007344509940594435,
    "Train/PolicyStd": 2.0430922508239746,
    "Train/StopIter": 10,
    "Value/Adv": 0,
    "Value/cost": 0.4959196150302887,
    "Value/reward": 0.5449187755584717,
    "_runtime": 10836.097428258,
    "_step": 100,
    "_timestamp": 1746604291.0205865,
    "_wandb": {
        "runtime": 10836
    }
}