{
    "Loss/Loss_cost_critic": 1.6949774026870728,
    "Loss/Loss_cost_critic/Delta": 0.8870713114738464,
    "Loss/Loss_pi": -0.05126160383224487,
    "Loss/Loss_pi/Delta": 0.185922309756279,
    "Loss/Loss_reward_critic": 0.005923986900597811,
    "Loss/Loss_reward_critic/Delta": 0.0002958965487778187,
    "Metrics/EpCost": 2.25,
    "Metrics/EpLen": 1000,
    "Metrics/EpRet": 0.23148436844348907,
    "Metrics/LagrangeMultiplier": 2.481069326400757,
    "Metrics/LagrangeMultiplier/Max": 2.481069326400757,
    "Metrics/LagrangeMultiplier/Min": 2.481069326400757,
    "Metrics/LagrangeMultiplier/Std": 0,
    "Misc/AcceptanceStep": 1,
    "Misc/Alpha": 1.2707953453063965,
    "Misc/FinalStepNorm": 0.3228071928024292,
    "Misc/H_inv_g": 0.2540198266506195,
    "Misc/gradient_norm": 0.0908515453338623,
    "Misc/xHx": 0.012384498491883278,
    "Safety/EpCostShield": 29,
    "Safety/ShieldLagrangeMultiplier": 2.44460129737854,
    "Safety/ShieldLagrangeMultiplier/Max": 2.44460129737854,
    "Safety/ShieldLagrangeMultiplier/Min": 2.44460129737854,
    "Safety/ShieldLagrangeMultiplier/Std": 0,
    "Safety/shield_adv_c": -0.11415733397006989,
    "Safety/shield_violation": 0.7915398478507996,
    "Time/Epoch": 86.31395721435547,
    "Time/FPS": 231.7122344970703,
    "Time/Rollout": 72.29380798339844,
    "Time/Total": 8600.0361328125,
    "Time/Update": 14.020136833190918,
    "TotalEnvSteps": 2000000,
    "Train/Entropy": 2.1602413654327393,
    "Train/Epoch": 99,
    "Train/KL": 0.00026727249496616423,
    "Train/LR": 0,
    "Train/PolicyRatio": 0.9988859295845032,
    "Train/PolicyRatio/Max": 0.998885989189148,
    "Train/PolicyRatio/Min": 0.998885989189148,
    "Train/PolicyRatio/Std": 0.0007877807947807014,
    "Train/PolicyStd": 2.103940486907959,
    "Train/StopIter": 10,
    "Value/Adv": -1.907348501362094e-09,
    "Value/cost": 0.24609965085983276,
    "Value/reward": 0.03696594387292862,
    "_runtime": 8601.77005521,
    "_step": 100,
    "_timestamp": 1746523497.0673563,
    "_wandb": {
        "runtime": 8601
    }
}