{
    "Loss/Loss_cost_critic": 2.18255352973938,
    "Loss/Loss_cost_critic/Delta": -0.12897324562072754,
    "Loss/Loss_pi": -0.0035536487121134996,
    "Loss/Loss_pi/Delta": 0.0007750110235065222,
    "Loss/Loss_reward_critic": 0.2222004234790802,
    "Loss/Loss_reward_critic/Delta": 0.0025792866945266724,
    "Metrics/EpCost": 8.84000015258789,
    "Metrics/EpLen": 500,
    "Metrics/EpRet": 26.619369506835938,
    "Metrics/LagrangeMultiplier": 1.4930176734924316,
    "Metrics/LagrangeMultiplier/Max": 1.4930176734924316,
    "Metrics/LagrangeMultiplier/Min": 1.4930176734924316,
    "Metrics/LagrangeMultiplier/Std": 0,
    "Time/Epoch": 214.39892578125,
    "Time/FPS": 93.28404998779295,
    "Time/Rollout": 91.45936584472656,
    "Time/Total": 21726.505859375,
    "Time/Update": 122.93941497802734,
    "TotalEnvSteps": 2000000,
    "Train/Entropy": 0.5690443515777588,
    "Train/Epoch": 99,
    "Train/KL": 0.0034867762587964535,
    "Train/LR": 0,
    "Train/PolicyRatio": 1.0004634857177734,
    "Train/PolicyRatio/Max": 1.0004634857177734,
    "Train/PolicyRatio/Min": 1.0004634857177734,
    "Train/PolicyRatio/Std": 0.0062917787581682205,
    "Train/PolicyStd": 0.4276536703109741,
    "Train/StopIter": 40,
    "Value/Adv": 0.08755706995725632,
    "Value/cost": 2.1889727115631104,
    "Value/reward": 5.192202568054199,
    "_runtime": 21728.684116431,
    "_step": 100,
    "_timestamp": 1746920330.226328,
    "_wandb": {
        "runtime": 21728
    }
}