{
    "Loss/Loss_cost_critic": 1.3506906032562256,
    "Loss/Loss_cost_critic/Delta": -0.15529072284698486,
    "Loss/Loss_pi": -0.16335369646549225,
    "Loss/Loss_pi/Delta": -0.01780688762664795,
    "Loss/Loss_reward_critic": 0.005612058565020561,
    "Loss/Loss_reward_critic/Delta": 0.0012797331437468529,
    "Metrics/EpCost": 3.740000009536743,
    "Metrics/EpLen": 1000,
    "Metrics/EpRet": -0.28612372279167175,
    "Metrics/LagrangeMultiplier": 2.6148152351379395,
    "Metrics/LagrangeMultiplier/Max": 2.6148152351379395,
    "Metrics/LagrangeMultiplier/Min": 2.6148152351379395,
    "Metrics/LagrangeMultiplier/Std": 0,
    "Misc/AcceptanceStep": 1,
    "Misc/Alpha": 1.331526756286621,
    "Misc/FinalStepNorm": 0.3205450475215912,
    "Misc/H_inv_g": 0.24073496460914612,
    "Misc/gradient_norm": 0.092181034386158,
    "Misc/xHx": 0.011280538514256476,
    "Safety/EpCostShield": 5.75,
    "Safety/ShieldLagrangeMultiplier": 2.746539831161499,
    "Safety/ShieldLagrangeMultiplier/Max": 2.746539831161499,
    "Safety/ShieldLagrangeMultiplier/Min": 2.746539831161499,
    "Safety/ShieldLagrangeMultiplier/Std": 0,
    "Safety/shield_adv_c": 0.025633230805397034,
    "Safety/shield_violation": 1.103268027305603,
    "Time/Epoch": 99.46695709228516,
    "Time/FPS": 201.07180786132812,
    "Time/Rollout": 81.15756225585938,
    "Time/Total": 10178.83203125,
    "Time/Update": 18.30937957763672,
    "TotalEnvSteps": 2000000,
    "Train/Entropy": 1.8367342948913576,
    "Train/Epoch": 99,
    "Train/KL": 0.00026137885288335383,
    "Train/LR": 0,
    "Train/PolicyRatio": 1.001691460609436,
    "Train/PolicyRatio/Max": 1.0016915798187256,
    "Train/PolicyRatio/Min": 1.0016915798187256,
    "Train/PolicyRatio/Std": 0.0011960151605308056,
    "Train/PolicyStd": 1.5192254781723022,
    "Train/StopIter": 10,
    "Value/Adv": 1.7166137400437263e-09,
    "Value/cost": 0.37346041202545166,
    "Value/reward": -0.010156034491956234,
    "_runtime": 10180.660513877,
    "_step": 100,
    "_timestamp": 1746568594.469934,
    "_wandb": {
        "runtime": 10180
    }
}