{
    "Loss/Loss_cost_critic": 3.3009965419769287,
    "Loss/Loss_cost_critic/Delta": -0.10667562484741212,
    "Loss/Loss_pi": -0.26200154423713684,
    "Loss/Loss_pi/Delta": 0.06377574801445007,
    "Loss/Loss_reward_critic": 0.03339550644159317,
    "Loss/Loss_reward_critic/Delta": -0.0024529583752155304,
    "Metrics/EpCost": 17.729999542236328,
    "Metrics/EpLen": 1000,
    "Metrics/EpRet": 3.906837701797486,
    "Metrics/LagrangeMultiplier": 2.8410091400146484,
    "Metrics/LagrangeMultiplier/Max": 2.8410091400146484,
    "Metrics/LagrangeMultiplier/Min": 2.8410091400146484,
    "Metrics/LagrangeMultiplier/Std": 0,
    "Safety/EpCostShield": 45.95000076293945,
    "Safety/ShieldLagrangeMultiplier": 2.763802289962769,
    "Safety/ShieldLagrangeMultiplier/Max": 2.763802289962769,
    "Safety/ShieldLagrangeMultiplier/Min": 2.763802289962769,
    "Safety/ShieldLagrangeMultiplier/Std": 0,
    "Safety/shield_adv_c": "NaN",
    "Safety/shield_violation": 5.437600135803223,
    "Time/Epoch": 146.79356384277344,
    "Time/FPS": 136.24575805664062,
    "Time/Rollout": 64.73834991455078,
    "Time/Total": 14191.3876953125,
    "Time/Update": 82.05514526367188,
    "TotalEnvSteps": 2000000,
    "Train/Entropy": 0.5077713131904602,
    "Train/Epoch": 99,
    "Train/KL": 0.0031344520393759012,
    "Train/LR": 0,
    "Train/PolicyRatio": 1.000316500663757,
    "Train/PolicyRatio/Max": 1.000316500663757,
    "Train/PolicyRatio/Min": 1.000316500663757,
    "Train/PolicyRatio/Std": 0.006143171340227127,
    "Train/PolicyStd": 0.4020617008209229,
    "Train/StopIter": 40,
    "Value/Adv": -0.26956599950790405,
    "Value/cost": 1.4991509914398191,
    "Value/reward": 0.4087948799133301,
    "_runtime": 14192.199844067,
    "_step": 100,
    "_timestamp": 1746541651.8032737,
    "_wandb": {
        "runtime": 14192
    }
}