{
    "Loss/Loss_cost_critic": 0.09439976513385771,
    "Loss/Loss_cost_critic/Delta": 0.025061920285224915,
    "Loss/Loss_pi": -0.0013730509672313929,
    "Loss/Loss_pi/Delta": -0.0002482115523889661,
    "Loss/Loss_reward_critic": 0.03939966484904289,
    "Loss/Loss_reward_critic/Delta": -0.008223459124565125,
    "Metrics/EpCost": 0.2800000011920929,
    "Metrics/EpLen": 500,
    "Metrics/EpRet": 7.201218128204346,
    "Metrics/LagrangeMultiplier": 75.45160675048828,
    "Metrics/LagrangeMultiplier/Max": 75.45160675048828,
    "Metrics/LagrangeMultiplier/Min": 75.45160675048828,
    "Metrics/LagrangeMultiplier/Std": 0,
    "Time/Epoch": 149.099853515625,
    "Time/FPS": 134.13829040527344,
    "Time/Rollout": 90.1456298828125,
    "Time/Total": 14825.400390625,
    "Time/Update": 58.95418167114258,
    "TotalEnvSteps": 2000000,
    "Train/Entropy": 1.1877825260162354,
    "Train/Epoch": 99,
    "Train/KL": 0.004677726421505213,
    "Train/LR": 0,
    "Train/PolicyRatio": 0.9989590644836426,
    "Train/PolicyRatio/Max": 0.9989590644836426,
    "Train/PolicyRatio/Min": 0.9989590644836426,
    "Train/PolicyRatio/Std": 0.007059446536004543,
    "Train/PolicyStd": 0.7943658232688904,
    "Train/StopIter": 40,
    "Value/Adv": -0.20500631630420685,
    "Value/cost": 0.09030899405479433,
    "Value/reward": 1.5503596067428589,
    "_runtime": 14827.17370665,
    "_step": 100,
    "_timestamp": 1745042666.2914376,
    "_wandb": {
        "runtime": 14827
    }
}