{
    "Loss/Loss_cost_critic": 4.057520389556885,
    "Loss/Loss_cost_critic/Delta": 1.8362367153167725,
    "Loss/Loss_pi": -0.17081260681152344,
    "Loss/Loss_pi/Delta": 0.1118144690990448,
    "Loss/Loss_reward_critic": 0.05407089740037918,
    "Loss/Loss_reward_critic/Delta": 0.012824203819036484,
    "Metrics/EpCost": 6.940000057220459,
    "Metrics/EpLen": 1000,
    "Metrics/EpRet": 4.388996601104736,
    "Metrics/LagrangeMultiplier": 2.278757333755493,
    "Metrics/LagrangeMultiplier/Max": 2.278757333755493,
    "Metrics/LagrangeMultiplier/Min": 2.278757333755493,
    "Metrics/LagrangeMultiplier/Std": 0,
    "Misc/AcceptanceStep": 1,
    "Misc/Alpha": 0.8975509405136108,
    "Misc/FinalStepNorm": 0.2961166501045227,
    "Misc/H_inv_g": 0.3299162685871124,
    "Misc/gradient_norm": 0.1942681670188904,
    "Misc/xHx": 0.024826278910040855,
    "Safety/EpCostShield": 45.79999923706055,
    "Safety/ShieldLagrangeMultiplier": 2.399996042251587,
    "Safety/ShieldLagrangeMultiplier/Max": 2.399996042251587,
    "Safety/ShieldLagrangeMultiplier/Min": 2.399996042251587,
    "Safety/ShieldLagrangeMultiplier/Std": 0,
    "Safety/shield_adv_c": 0.2122267484664917,
    "Safety/shield_violation": 3.4053590297698975,
    "Time/Epoch": 115.04528045654295,
    "Time/FPS": 173.8446044921875,
    "Time/Rollout": 98.0024185180664,
    "Time/Total": 11654.927734375,
    "Time/Update": 17.04283905029297,
    "TotalEnvSteps": 2000000,
    "Train/Entropy": 1.9297281503677368,
    "Train/Epoch": 99,
    "Train/KL": 0.0003065326891373843,
    "Train/LR": 0,
    "Train/PolicyRatio": 1.0014182329177856,
    "Train/PolicyRatio/Max": 1.0014183521270752,
    "Train/PolicyRatio/Min": 1.0014183521270752,
    "Train/PolicyRatio/Std": 0.0010028702672570944,
    "Train/PolicyStd": 1.6757105588912964,
    "Train/StopIter": 10,
    "Value/Adv": -6.103515470812226e-09,
    "Value/cost": 0.7655988335609436,
    "Value/reward": 0.540992021560669,
    "_runtime": 11663.03559157,
    "_step": 100,
    "_timestamp": 1746828517.9683886,
    "_wandb": {
        "runtime": 11663
    }
}