{
    "Loss/Loss_cost_critic": 6.840083122253418,
    "Loss/Loss_cost_critic/Delta": -0.21162986755371097,
    "Loss/Loss_pi": -0.1446753293275833,
    "Loss/Loss_pi/Delta": -0.02299375832080841,
    "Loss/Loss_reward_critic": 0.12001309543848038,
    "Loss/Loss_reward_critic/Delta": 0.032641515135765076,
    "Metrics/EpCost": 13.130000114440918,
    "Metrics/EpLen": 500,
    "Metrics/EpRet": 18.298444747924805,
    "Metrics/LagrangeMultiplier": 1.6413860321044922,
    "Metrics/LagrangeMultiplier/Max": 1.6413860321044922,
    "Metrics/LagrangeMultiplier/Min": 1.6413860321044922,
    "Metrics/LagrangeMultiplier/Std": 0,
    "Safety/EpCostShield": 21.325000762939453,
    "Safety/ShieldLagrangeMultiplier": 1.7121710777282717,
    "Safety/ShieldLagrangeMultiplier/Max": 1.7121710777282717,
    "Safety/ShieldLagrangeMultiplier/Min": 1.7121710777282717,
    "Safety/ShieldLagrangeMultiplier/Std": 0,
    "Safety/shield_adv_c": "NaN",
    "Safety/shield_violation": 2.5346195697784424,
    "Time/Epoch": 234.9022674560547,
    "Time/FPS": 85.14179229736328,
    "Time/Rollout": 91.96507263183594,
    "Time/Total": 23269.125,
    "Time/Update": 142.93707275390625,
    "TotalEnvSteps": 2000000,
    "Train/Entropy": 0.8649879097938538,
    "Train/Epoch": 99,
    "Train/KL": 0.002393072936683893,
    "Train/LR": 0,
    "Train/PolicyRatio": 1.0004271268844604,
    "Train/PolicyRatio/Max": 1.0004271268844604,
    "Train/PolicyRatio/Min": 1.0004271268844604,
    "Train/PolicyRatio/Std": 0.005115274805575609,
    "Train/PolicyStd": 0.574675440788269,
    "Train/StopIter": 40,
    "Value/Adv": 0.01223444566130638,
    "Value/cost": 0.5301563143730164,
    "Value/reward": 3.762584686279297,
    "_runtime": 23271.145612315,
    "_step": 100,
    "_timestamp": 1746616802.434144,
    "_wandb": {
        "runtime": 23271
    }
}