{
    "Loss/Loss_cost_critic": 1.7640284299850464,
    "Loss/Loss_cost_critic/Delta": -2.9816876649856567,
    "Loss/Loss_pi": -0.2645999491214752,
    "Loss/Loss_pi/Delta": -0.06826584041118622,
    "Loss/Loss_reward_critic": 0.0069280206225812435,
    "Loss/Loss_reward_critic/Delta": 0.0008658920414745808,
    "Metrics/EpCost": 3.559999942779541,
    "Metrics/EpLen": 1000,
    "Metrics/EpRet": -0.11850088089704514,
    "Metrics/LagrangeMultiplier": 2.291393280029297,
    "Metrics/LagrangeMultiplier/Max": 2.291393280029297,
    "Metrics/LagrangeMultiplier/Min": 2.291393280029297,
    "Metrics/LagrangeMultiplier/Std": 0,
    "Misc/AcceptanceStep": 1,
    "Misc/Alpha": 2.8747735023498535,
    "Misc/FinalStepNorm": 0.3271157741546631,
    "Misc/H_inv_g": 0.11378836631774902,
    "Misc/gradient_norm": 0.05689610168337822,
    "Misc/xHx": 0.002420030767098069,
    "Safety/EpCostShield": 4.650000095367432,
    "Safety/ShieldLagrangeMultiplier": 2.268341064453125,
    "Safety/ShieldLagrangeMultiplier/Max": 2.268341064453125,
    "Safety/ShieldLagrangeMultiplier/Min": 2.268341064453125,
    "Safety/ShieldLagrangeMultiplier/Std": 0,
    "Safety/shield_adv_c": 0.06342946738004684,
    "Safety/shield_violation": 1.0596308708190918,
    "Time/Epoch": 95.4758758544922,
    "Time/FPS": 209.4770050048828,
    "Time/Rollout": 78.34317779541016,
    "Time/Total": 9719.6962890625,
    "Time/Update": 17.13266944885254,
    "TotalEnvSteps": 2000000,
    "Train/Entropy": 2.375134229660034,
    "Train/Epoch": 99,
    "Train/KL": 0.00025123986415565014,
    "Train/LR": 0,
    "Train/PolicyRatio": 1.001987338066101,
    "Train/PolicyRatio/Max": 1.001987338066101,
    "Train/PolicyRatio/Min": 1.001987338066101,
    "Train/PolicyRatio/Std": 0.0014052321203052998,
    "Train/PolicyStd": 2.6049604415893555,
    "Train/StopIter": 10,
    "Value/Adv": -3.051757735406113e-09,
    "Value/cost": 0.1074349880218506,
    "Value/reward": 0.010292073711752892,
    "_runtime": 9721.560575113,
    "_step": 100,
    "_timestamp": 1746506101.7357466,
    "_wandb": {
        "runtime": 9721
    }
}