{
    "Loss/Loss_cost_critic": 4.683611869812012,
    "Loss/Loss_cost_critic/Delta": 2.4839956760406494,
    "Loss/Loss_pi": -0.14375601708889008,
    "Loss/Loss_pi/Delta": 0.015089556574821472,
    "Loss/Loss_reward_critic": 0.11607274413108826,
    "Loss/Loss_reward_critic/Delta": 0.03225620836019516,
    "Metrics/EpCost": 4.739999771118164,
    "Metrics/EpLen": 500,
    "Metrics/EpRet": 11.344927787780762,
    "Metrics/LagrangeMultiplier": 0.907797634601593,
    "Metrics/LagrangeMultiplier/Max": 0.907797634601593,
    "Metrics/LagrangeMultiplier/Min": 0.907797634601593,
    "Metrics/LagrangeMultiplier/Std": 0,
    "Safety/EpCostShield": 18.950000762939453,
    "Safety/ShieldLagrangeMultiplier": 1.087853193283081,
    "Safety/ShieldLagrangeMultiplier/Max": 1.087853193283081,
    "Safety/ShieldLagrangeMultiplier/Min": 1.087853193283081,
    "Safety/ShieldLagrangeMultiplier/Std": 0,
    "Safety/shield_adv_c": "NaN",
    "Safety/shield_violation": 1.112056851387024,
    "Time/Epoch": 162.9084014892578,
    "Time/FPS": 122.76837921142578,
    "Time/Rollout": 80.77190399169922,
    "Time/Total": 16232.5703125,
    "Time/Update": 82.1364517211914,
    "TotalEnvSteps": 2000000,
    "Train/Entropy": 0.6225192546844482,
    "Train/Epoch": 99,
    "Train/KL": 0.003186257556080818,
    "Train/LR": 0,
    "Train/PolicyRatio": 1.0017316341400146,
    "Train/PolicyRatio/Max": 1.0017316341400146,
    "Train/PolicyRatio/Min": 1.0017316341400146,
    "Train/PolicyRatio/Std": 0.006452537607401609,
    "Train/PolicyStd": 0.4843972027301788,
    "Train/StopIter": 40,
    "Value/Adv": 0.2710111737251282,
    "Value/cost": 0.31116339564323425,
    "Value/reward": 2.22013783454895,
    "_runtime": 16234.150754455,
    "_step": 100,
    "_timestamp": 1746551418.352021,
    "_wandb": {
        "runtime": 16234
    }
}