{
    "Loss/Loss_cost_critic": 0.5088468194007874,
    "Loss/Loss_cost_critic/Delta": -1.3208797574043274,
    "Loss/Loss_pi": -0.010109462775290012,
    "Loss/Loss_pi/Delta": 0.007082478143274784,
    "Loss/Loss_reward_critic": 0.004441937897354364,
    "Loss/Loss_reward_critic/Delta": -0.0004021963104605675,
    "Metrics/EpCost": 5.25,
    "Metrics/EpLen": 1000,
    "Metrics/EpRet": -0.2496570944786072,
    "Metrics/LagrangeMultiplier": 118.1364517211914,
    "Metrics/LagrangeMultiplier/Max": 118.1364517211914,
    "Metrics/LagrangeMultiplier/Min": 118.1364517211914,
    "Metrics/LagrangeMultiplier/Std": 0,
    "Misc/AcceptanceStep": 1,
    "Misc/Alpha": 1.188764572143555,
    "Misc/FinalStepNorm": 0.3153369128704071,
    "Misc/H_inv_g": 0.2652643918991089,
    "Misc/gradient_norm": 0.16814790666103363,
    "Misc/xHx": 0.014152655377984049,
    "Time/Epoch": 87.27301788330078,
    "Time/FPS": 229.16590881347656,
    "Time/Rollout": 77.78448486328125,
    "Time/Total": 8754.3212890625,
    "Time/Update": 9.48851490020752,
    "TotalEnvSteps": 2000000,
    "Train/Entropy": 1.25744891166687,
    "Train/Epoch": 99,
    "Train/KL": 0.000258674961514771,
    "Train/LR": 0,
    "Train/PolicyRatio": 0.9996679425239564,
    "Train/PolicyRatio/Max": 0.9996680021286012,
    "Train/PolicyRatio/Min": 0.9996680021286012,
    "Train/PolicyRatio/Std": 0.0002347860427107662,
    "Train/PolicyStd": 0.8544663786888123,
    "Train/StopIter": 10,
    "Value/Adv": -3.2424924967244806e-09,
    "Value/cost": 0.12987522780895233,
    "Value/reward": -0.0754360482096672,
    "_runtime": 8755.792446048,
    "_step": 100,
    "_timestamp": 1745029443.2684577,
    "_wandb": {
        "runtime": 8755
    }
}