{
    "Loss/Loss_cost_critic": 0.16633248329162598,
    "Loss/Loss_cost_critic/Delta": -0.059756696224212646,
    "Loss/Loss_pi": 0.0014221585588529706,
    "Loss/Loss_pi/Delta": 0.0061643809312954545,
    "Loss/Loss_reward_critic": 0.004516895394772291,
    "Loss/Loss_reward_critic/Delta": 0.0011953702196478844,
    "Metrics/EpCost": 1.1100000143051147,
    "Metrics/EpLen": 1000,
    "Metrics/EpRet": -1.6834073066711426,
    "Misc/A": 0.0114447558298707,
    "Misc/AcceptanceStep": 1,
    "Misc/Alpha": 1.2834457159042358,
    "Misc/B": -737.4136352539062,
    "Misc/FinalStepNorm": 0.33669513463974,
    "Misc/H_inv_g": 0.22088883817195892,
    "Misc/Lambda_star": 0,
    "Misc/Nu_star": 3.459820032119751,
    "Misc/OptimCase": 0,
    "Misc/cost_gradient_norm": 0.03831687942147255,
    "Misc/gradient_norm": 0.0801590159535408,
    "Misc/q": 0.01214156299829483,
    "Misc/r": 0.0010789912194013596,
    "Misc/s": 0.0016707844333723187,
    "Misc/xHx": 0.01214156299829483,
    "Time/Epoch": 84.51371002197266,
    "Time/FPS": 236.64801025390625,
    "Time/Rollout": 75.81979370117188,
    "Time/Total": 8578.15625,
    "Time/Update": 8.693888664245605,
    "TotalEnvSteps": 2000000,
    "Train/Entropy": 1.523845672607422,
    "Train/Epoch": 99,
    "Train/KL": 0.00014399734209291637,
    "Train/LR": 0,
    "Train/PolicyRatio": 1.0003753900527954,
    "Train/PolicyRatio/Max": 1.000375509262085,
    "Train/PolicyRatio/Min": 1.000375509262085,
    "Train/PolicyRatio/Std": 0.00026552515919320285,
    "Train/PolicyStd": 1.1110318899154663,
    "Train/StopIter": 10,
    "Value/Adv": -1.678466787780053e-08,
    "Value/cost": 0.15148422122001648,
    "Value/reward": -0.19116315245628357,
    "_runtime": 8579.167520559,
    "_step": 100,
    "_timestamp": 1743314504.5349722,
    "_wandb": {
        "runtime": 8579
    }
}