{
    "Loss/Loss_cost_critic": 1.5838081068864085e-08,
    "Loss/Loss_cost_critic/Delta": -5.977863537509621e-09,
    "Loss/Loss_pi": -4.1150004108203575e-05,
    "Loss/Loss_pi/Delta": -4.603272827807814e-06,
    "Loss/Loss_reward_critic": 0.0017460616072639823,
    "Loss/Loss_reward_critic/Delta": -0.0011001817183569074,
    "Metrics/EpCost": 0,
    "Metrics/EpLen": 1000,
    "Metrics/EpRet": -0.16581091284751892,
    "Metrics/LagrangeMultiplier": 178.6815948486328,
    "Metrics/LagrangeMultiplier/Max": 178.6815948486328,
    "Metrics/LagrangeMultiplier/Min": 178.6815948486328,
    "Metrics/LagrangeMultiplier/Std": 0,
    "Misc/AcceptanceStep": 1,
    "Misc/Alpha": 385.17584228515625,
    "Misc/FinalStepNorm": 0.0776287168264389,
    "Misc/H_inv_g": 0.00020154097001068297,
    "Misc/gradient_norm": 0.001459608320146799,
    "Misc/xHx": 1.248068457471163e-07,
    "Time/Epoch": 101.9311752319336,
    "Time/FPS": 196.2108154296875,
    "Time/Rollout": 86.82306671142578,
    "Time/Total": 10088.9658203125,
    "Time/Update": 15.108081817626951,
    "TotalEnvSteps": 2000000,
    "Train/Entropy": 1.364538550376892,
    "Train/Epoch": 99,
    "Train/KL": 0.0005100147682242095,
    "Train/LR": 0,
    "Train/PolicyRatio": 0.9998352527618408,
    "Train/PolicyRatio/Max": 0.9998352527618408,
    "Train/PolicyRatio/Min": 0.9998352527618408,
    "Train/PolicyRatio/Std": 0.00011649388761725275,
    "Train/PolicyStd": 0.9508426785469056,
    "Train/StopIter": 10,
    "Value/Adv": -6.866454960174906e-09,
    "Value/cost": 0.0038141882978379726,
    "Value/reward": -0.036003533750772476,
    "_runtime": 10090.950590687,
    "_step": 100,
    "_timestamp": 1745005342.4715686,
    "_wandb": {
        "runtime": 10090
    }
}