{
    "Loss/Loss_cost_critic": 2.0933892726898193,
    "Loss/Loss_cost_critic/Delta": 0.534490704536438,
    "Loss/Loss_pi": -0.013413970358669758,
    "Loss/Loss_pi/Delta": -0.0015414990484714508,
    "Loss/Loss_reward_critic": 0.05506514012813568,
    "Loss/Loss_reward_critic/Delta": 0.004103098064661026,
    "Metrics/EpCost": 31.559999465942383,
    "Metrics/EpLen": 1000,
    "Metrics/EpRet": 18.38146209716797,
    "Metrics/LagrangeMultiplier": 2.846709966659546,
    "Metrics/LagrangeMultiplier/Max": 2.846709966659546,
    "Metrics/LagrangeMultiplier/Min": 2.846709966659546,
    "Metrics/LagrangeMultiplier/Std": 0,
    "Misc/AcceptanceStep": 1,
    "Misc/Alpha": 0.9224989414215088,
    "Misc/FinalStepNorm": 0.2248063683509827,
    "Misc/H_inv_g": 0.24369283020496368,
    "Misc/gradient_norm": 0.4132714867591858,
    "Misc/xHx": 0.02350163646042347,
    "Time/Epoch": 97.59205627441406,
    "Time/FPS": 204.93470764160156,
    "Time/Rollout": 77.38825988769531,
    "Time/Total": 9790.400390625,
    "Time/Update": 20.20376205444336,
    "TotalEnvSteps": 2000000,
    "Train/Entropy": 1.0820719003677368,
    "Train/Epoch": 99,
    "Train/KL": 0.00042057689279317856,
    "Train/LR": 0,
    "Train/PolicyRatio": 1.001272678375244,
    "Train/PolicyRatio/Max": 1.001272678375244,
    "Train/PolicyRatio/Min": 1.001272678375244,
    "Train/PolicyRatio/Std": 0.0008999194833450019,
    "Train/PolicyStd": 0.7153207659721375,
    "Train/StopIter": 10,
    "Value/Adv": 7.629394005448376e-09,
    "Value/cost": 3.6456949710845943,
    "Value/reward": 1.81727933883667,
    "_runtime": 9792.585140693,
    "_step": 100,
    "_timestamp": 1746908390.6723845,
    "_wandb": {
        "runtime": 9792
    }
}