{
    "Loss/Loss_cost_critic": 0.690767228603363,
    "Loss/Loss_cost_critic/Delta": -0.07731300592422485,
    "Loss/Loss_pi": -0.021354636177420616,
    "Loss/Loss_pi/Delta": -0.0063978759571909904,
    "Loss/Loss_reward_critic": 0.08231379836797714,
    "Loss/Loss_reward_critic/Delta": -0.0022297799587249756,
    "Metrics/EpCost": 20.6200008392334,
    "Metrics/EpLen": 1000,
    "Metrics/EpRet": 5.470005035400391,
    "Metrics/LagrangeMultiplier": 2.6673660278320312,
    "Metrics/LagrangeMultiplier/Max": 2.6673660278320312,
    "Metrics/LagrangeMultiplier/Min": 2.6673660278320312,
    "Metrics/LagrangeMultiplier/Std": 0,
    "Misc/AcceptanceStep": 1,
    "Misc/Alpha": 0.5982244610786438,
    "Misc/FinalStepNorm": 0.26859793066978455,
    "Misc/H_inv_g": 0.4489918649196625,
    "Misc/gradient_norm": 0.28691521286964417,
    "Misc/xHx": 0.05588581413030624,
    "Time/Epoch": 100.6361846923828,
    "Time/FPS": 198.73568725585935,
    "Time/Rollout": 88.56832885742188,
    "Time/Total": 9995.8173828125,
    "Time/Update": 12.067834854125977,
    "TotalEnvSteps": 2000000,
    "Train/Entropy": 1.1826168298721311,
    "Train/Epoch": 99,
    "Train/KL": 0.0003835321113001555,
    "Train/LR": 0,
    "Train/PolicyRatio": 1.0007950067520142,
    "Train/PolicyRatio/Max": 1.0007951259613037,
    "Train/PolicyRatio/Min": 1.0007951259613037,
    "Train/PolicyRatio/Std": 0.0005622389726340771,
    "Train/PolicyStd": 0.7973725199699402,
    "Train/StopIter": 10,
    "Value/Adv": -1.2207030941624453e-08,
    "Value/cost": 1.8312593698501587,
    "Value/reward": 0.694564163684845,
    "_runtime": 9997.349590248,
    "_step": 100,
    "_timestamp": 1746908597.149514,
    "_wandb": {
        "runtime": 9997
    }
}