{
    "Loss/Loss_cost_critic": 2.2908942699432373,
    "Loss/Loss_cost_critic/Delta": -0.006060600280761719,
    "Loss/Loss_pi": -0.3266388475894928,
    "Loss/Loss_pi/Delta": 0.018460571765899655,
    "Loss/Loss_reward_critic": 0.035688914358615875,
    "Loss/Loss_reward_critic/Delta": 0.004461923614144325,
    "Metrics/EpCost": 8.850000381469727,
    "Metrics/EpLen": 1000,
    "Metrics/EpRet": 5.627689361572266,
    "Metrics/LagrangeMultiplier": 2.6834347248077393,
    "Metrics/LagrangeMultiplier/Max": 2.6834347248077393,
    "Metrics/LagrangeMultiplier/Min": 2.6834347248077393,
    "Metrics/LagrangeMultiplier/Std": 0,
    "Misc/AcceptanceStep": 1,
    "Misc/Alpha": 2.031491756439209,
    "Misc/FinalStepNorm": 0.3107094168663025,
    "Misc/H_inv_g": 0.15294644236564636,
    "Misc/gradient_norm": 0.12073619663715364,
    "Misc/xHx": 0.004846174269914627,
    "Safety/EpCostShield": 9.050000190734863,
    "Safety/ShieldLagrangeMultiplier": 2.5587573051452637,
    "Safety/ShieldLagrangeMultiplier/Max": 2.5587573051452637,
    "Safety/ShieldLagrangeMultiplier/Min": 2.5587573051452637,
    "Safety/ShieldLagrangeMultiplier/Std": 0,
    "Safety/shield_adv_c": -0.283002644777298,
    "Safety/shield_violation": 2.0730140209198,
    "Time/Epoch": 114.2269515991211,
    "Time/FPS": 175.09002685546875,
    "Time/Rollout": 89.46148681640625,
    "Time/Total": 12275.3388671875,
    "Time/Update": 24.76543426513672,
    "TotalEnvSteps": 2000000,
    "Train/Entropy": 2.030794382095337,
    "Train/Epoch": 99,
    "Train/KL": 0.00030725629767403007,
    "Train/LR": 0,
    "Train/PolicyRatio": 1.0030813217163086,
    "Train/PolicyRatio/Max": 1.0030813217163086,
    "Train/PolicyRatio/Min": 1.0030813217163086,
    "Train/PolicyRatio/Std": 0.002178879687562585,
    "Train/PolicyStd": 1.904288649559021,
    "Train/StopIter": 10,
    "Value/Adv": -6.103515470812226e-09,
    "Value/cost": 0.9617338180541992,
    "Value/reward": 0.6019626259803772,
    "_runtime": 12277.046204454,
    "_step": 100,
    "_timestamp": 1746508692.0807362,
    "_wandb": {
        "runtime": 12277
    }
}