{
    "Loss/Loss_cost_critic": 1.723571538925171,
    "Loss/Loss_cost_critic/Delta": 0.06897330284118652,
    "Loss/Loss_pi": -0.32893913984298706,
    "Loss/Loss_pi/Delta": -0.0200519859790802,
    "Loss/Loss_reward_critic": 0.03358834609389305,
    "Loss/Loss_reward_critic/Delta": -0.00018583983182907104,
    "Metrics/EpCost": 18.6200008392334,
    "Metrics/EpLen": 1000,
    "Metrics/EpRet": 2.754504442214966,
    "Metrics/LagrangeMultiplier": 2.306537628173828,
    "Metrics/LagrangeMultiplier/Max": 2.306537628173828,
    "Metrics/LagrangeMultiplier/Min": 2.306537628173828,
    "Metrics/LagrangeMultiplier/Std": 0,
    "Misc/AcceptanceStep": 1,
    "Misc/Alpha": 1.5751246213912964,
    "Misc/FinalStepNorm": 0.32550114393234253,
    "Misc/H_inv_g": 0.20665103197097776,
    "Misc/gradient_norm": 0.059104058891534805,
    "Misc/xHx": 0.008061197586357594,
    "Safety/EpCostShield": 12.300000190734863,
    "Safety/ShieldLagrangeMultiplier": 2.4126405715942383,
    "Safety/ShieldLagrangeMultiplier/Max": 2.4126405715942383,
    "Safety/ShieldLagrangeMultiplier/Min": 2.4126405715942383,
    "Safety/ShieldLagrangeMultiplier/Std": 0,
    "Safety/shield_adv_c": 0.10505126416683196,
    "Safety/shield_violation": 2.400186538696289,
    "Time/Epoch": 101.33596801757812,
    "Time/FPS": 197.36329650878903,
    "Time/Rollout": 84.73768615722656,
    "Time/Total": 10246.0595703125,
    "Time/Update": 16.598243713378906,
    "TotalEnvSteps": 2000000,
    "Train/Entropy": 1.9905637502670288,
    "Train/Epoch": 99,
    "Train/KL": 0.00026002232334576547,
    "Train/LR": 0,
    "Train/PolicyRatio": 1.003110408782959,
    "Train/PolicyRatio/Max": 1.003110408782959,
    "Train/PolicyRatio/Min": 1.003110408782959,
    "Train/PolicyRatio/Std": 0.002199391135945916,
    "Train/PolicyStd": 1.774325251579285,
    "Train/StopIter": 10,
    "Value/Adv": 1.2207030941624453e-08,
    "Value/cost": 0.7496441602706909,
    "Value/reward": 0.3580518662929535,
    "_runtime": 10248.199646666,
    "_step": 100,
    "_timestamp": 1746603773.3509588,
    "_wandb": {
        "runtime": 10248
    }
}