{
    "Loss/Loss_cost_critic": 4.069202899932861,
    "Loss/Loss_cost_critic/Delta": -1.149223804473877,
    "Loss/Loss_pi": -0.03665149584412575,
    "Loss/Loss_pi/Delta": -0.5668739713728428,
    "Loss/Loss_reward_critic": 0.003933821339160204,
    "Loss/Loss_reward_critic/Delta": -0.00034543732181191444,
    "Metrics/EpCost": 12.770000457763672,
    "Metrics/EpLen": 1000,
    "Metrics/EpRet": 0.5572428703308105,
    "Metrics/LagrangeMultiplier": 2.9655537605285645,
    "Metrics/LagrangeMultiplier/Max": 2.9655537605285645,
    "Metrics/LagrangeMultiplier/Min": 2.9655537605285645,
    "Metrics/LagrangeMultiplier/Std": 0,
    "Safety/EpCostShield": 58.95000076293945,
    "Safety/ShieldLagrangeMultiplier": 3.008536577224731,
    "Safety/ShieldLagrangeMultiplier/Max": 3.008536577224731,
    "Safety/ShieldLagrangeMultiplier/Min": 3.008536577224731,
    "Safety/ShieldLagrangeMultiplier/Std": 0,
    "Safety/shield_adv_c": "NaN",
    "Safety/shield_violation": 5.304452419281006,
    "Time/Epoch": 145.62637329101562,
    "Time/FPS": 137.3377685546875,
    "Time/Rollout": 65.06063079833984,
    "Time/Total": 14199.0029296875,
    "Time/Update": 80.56568908691406,
    "TotalEnvSteps": 2000000,
    "Train/Entropy": 0.27451395988464355,
    "Train/Epoch": 99,
    "Train/KL": 0.003557593561708927,
    "Train/LR": 0,
    "Train/PolicyRatio": 1.0005520582199097,
    "Train/PolicyRatio/Max": 1.0005521774291992,
    "Train/PolicyRatio/Min": 1.0005521774291992,
    "Train/PolicyRatio/Std": 0.00619677035138011,
    "Train/PolicyStd": 0.3187125027179718,
    "Train/StopIter": 40,
    "Value/Adv": 0.02821136638522148,
    "Value/cost": 1.7057698965072632,
    "Value/reward": 0.0697338655591011,
    "_runtime": 14200.845168293,
    "_step": 100,
    "_timestamp": 1746554349.7988503,
    "_wandb": {
        "runtime": 14200
    }
}