{
    "Loss/Loss_cost_critic": 1.3137807846069336,
    "Loss/Loss_cost_critic/Delta": 0.11143970489501952,
    "Loss/Loss_pi": -0.32919761538505554,
    "Loss/Loss_pi/Delta": -0.021942079067230225,
    "Loss/Loss_reward_critic": 0.011271732859313488,
    "Loss/Loss_reward_critic/Delta": 0.006593880709260702,
    "Metrics/EpCost": 9.15999984741211,
    "Metrics/EpLen": 1000,
    "Metrics/EpRet": 0.4249088764190674,
    "Metrics/LagrangeMultiplier": 2.706773281097412,
    "Metrics/LagrangeMultiplier/Max": 2.706773281097412,
    "Metrics/LagrangeMultiplier/Min": 2.706773281097412,
    "Metrics/LagrangeMultiplier/Std": 0,
    "Safety/EpCostShield": 16.100000381469727,
    "Safety/ShieldLagrangeMultiplier": 2.606720209121704,
    "Safety/ShieldLagrangeMultiplier/Max": 2.606720209121704,
    "Safety/ShieldLagrangeMultiplier/Min": 2.606720209121704,
    "Safety/ShieldLagrangeMultiplier/Std": 0,
    "Safety/shield_adv_c": "NaN",
    "Safety/shield_violation": 3.3900320529937744,
    "Time/Epoch": 219.51124572753903,
    "Time/FPS": 91.11150360107422,
    "Time/Rollout": 110.14652252197266,
    "Time/Total": 20761.962890625,
    "Time/Update": 109.36467742919922,
    "TotalEnvSteps": 2000000,
    "Train/Entropy": 0.6302387714385986,
    "Train/Epoch": 99,
    "Train/KL": 0.003245377214625478,
    "Train/LR": 0,
    "Train/PolicyRatio": 1.0028090476989746,
    "Train/PolicyRatio/Max": 1.0028091669082642,
    "Train/PolicyRatio/Min": 1.0028091669082642,
    "Train/PolicyRatio/Std": 0.006768930237740278,
    "Train/PolicyStd": 0.4618157148361206,
    "Train/StopIter": 40,
    "Value/Adv": 0.07980939000844955,
    "Value/cost": 0.968009889125824,
    "Value/reward": 0.04469229653477669,
    "_runtime": 20763.398288051,
    "_step": 100,
    "_timestamp": 1746537917.7397127,
    "_wandb": {
        "runtime": 20763
    }
}