{
    "Loss/Loss_cost_critic": 7.335367679595947,
    "Loss/Loss_cost_critic/Delta": 5.6434645652771,
    "Loss/Loss_pi": 0.117788128554821,
    "Loss/Loss_pi/Delta": 0.17212476953864098,
    "Loss/Loss_reward_critic": 0.15888343751430511,
    "Loss/Loss_reward_critic/Delta": 0.025478005409240723,
    "Metrics/EpCost": 2.819999933242798,
    "Metrics/EpLen": 500,
    "Metrics/EpRet": 22.731924057006836,
    "Metrics/LagrangeMultiplier": 1.1207261085510254,
    "Metrics/LagrangeMultiplier/Max": 1.1207261085510254,
    "Metrics/LagrangeMultiplier/Min": 1.1207261085510254,
    "Metrics/LagrangeMultiplier/Std": 0,
    "Misc/AcceptanceStep": 1,
    "Misc/Alpha": 1.0726032257080078,
    "Misc/FinalStepNorm": 0.16134287416934967,
    "Misc/H_inv_g": 0.15042176842689514,
    "Misc/gradient_norm": 0.4927967786788941,
    "Misc/xHx": 0.01738407276570797,
    "Safety/EpCostShield": 20.399999618530273,
    "Safety/ShieldLagrangeMultiplier": 1.3610241413116455,
    "Safety/ShieldLagrangeMultiplier/Max": 1.3610241413116455,
    "Safety/ShieldLagrangeMultiplier/Min": 1.3610241413116455,
    "Safety/ShieldLagrangeMultiplier/Std": 0,
    "Safety/shield_adv_c": 0.30896663665771484,
    "Safety/shield_violation": 1.8737784624099731,
    "Time/Epoch": 114.1860809326172,
    "Time/FPS": 175.15269470214844,
    "Time/Rollout": 91.6114501953125,
    "Time/Total": 11386.3251953125,
    "Time/Update": 22.574604034423828,
    "TotalEnvSteps": 2000000,
    "Train/Entropy": 0.8927740454673767,
    "Train/Epoch": 99,
    "Train/KL": 0.000510070938616991,
    "Train/LR": 0,
    "Train/PolicyRatio": 0.99865460395813,
    "Train/PolicyRatio/Max": 0.99865460395813,
    "Train/PolicyRatio/Min": 0.99865460395813,
    "Train/PolicyRatio/Std": 0.0009513386758044362,
    "Train/PolicyStd": 0.620536208152771,
    "Train/StopIter": 10,
    "Value/Adv": -3.051757735406113e-09,
    "Value/cost": 0.2612900137901306,
    "Value/reward": 4.578695297241211,
    "_runtime": 11388.555012651,
    "_step": 100,
    "_timestamp": 1746562307.4063184,
    "_wandb": {
        "runtime": 11388
    }
}