{
    "Loss/Loss_cost_critic": 1.193242430686951,
    "Loss/Loss_cost_critic/Delta": 0.7199428379535675,
    "Loss/Loss_pi": -0.0049382527358829975,
    "Loss/Loss_pi/Delta": -0.0023701621685177088,
    "Loss/Loss_reward_critic": 0.10068151354789734,
    "Loss/Loss_reward_critic/Delta": 0.014341995120048525,
    "Metrics/EpCost": 2.9800000190734863,
    "Metrics/EpLen": 500,
    "Metrics/EpRet": 12.606851577758787,
    "Metrics/LagrangeMultiplier": 79.55958557128906,
    "Metrics/LagrangeMultiplier/Max": 79.55958557128906,
    "Metrics/LagrangeMultiplier/Min": 79.55958557128906,
    "Metrics/LagrangeMultiplier/Std": 0,
    "Time/Epoch": 173.1942901611328,
    "Time/FPS": 115.47724151611328,
    "Time/Rollout": 95.31366729736328,
    "Time/Total": 17213.658203125,
    "Time/Update": 77.88056945800781,
    "TotalEnvSteps": 2000000,
    "Train/Entropy": 1.1768994331359863,
    "Train/Epoch": 99,
    "Train/KL": 0.0036268492694944143,
    "Train/LR": 0,
    "Train/PolicyRatio": 1.0010322332382202,
    "Train/PolicyRatio/Max": 1.0010322332382202,
    "Train/PolicyRatio/Min": 1.0010322332382202,
    "Train/PolicyRatio/Std": 0.007185390684753656,
    "Train/PolicyStd": 0.7858864068984985,
    "Train/StopIter": 40,
    "Value/Adv": 0.06271202117204666,
    "Value/cost": 0.17821718752384186,
    "Value/reward": 2.599532127380371,
    "_runtime": 17215.475181251,
    "_step": 100,
    "_timestamp": 1745044780.1674342,
    "_wandb": {
        "runtime": 17215
    }
}