{
    "Loss/Loss_cost_critic": 1.37614107131958,
    "Loss/Loss_cost_critic/Delta": 1.0767140090465546,
    "Loss/Loss_pi": -0.014954575337469578,
    "Loss/Loss_pi/Delta": -0.01049955701455474,
    "Loss/Loss_reward_critic": 0.00685093505308032,
    "Loss/Loss_reward_critic/Delta": 0.00048553338274359703,
    "Metrics/EpCost": 22.049999237060547,
    "Metrics/EpLen": 1000,
    "Metrics/EpRet": 0.13872897624969482,
    "Metrics/LagrangeMultiplier": 2.8393075466156006,
    "Metrics/LagrangeMultiplier/Max": 2.8393075466156006,
    "Metrics/LagrangeMultiplier/Min": 2.8393075466156006,
    "Metrics/LagrangeMultiplier/Std": 0,
    "Time/Epoch": 181.65045166015625,
    "Time/FPS": 110.10157012939452,
    "Time/Rollout": 75.93280029296875,
    "Time/Total": 17938.494140625,
    "Time/Update": 105.71756744384766,
    "TotalEnvSteps": 2000000,
    "Train/Entropy": 0.2392321228981018,
    "Train/Epoch": 99,
    "Train/KL": 0.003455010475590825,
    "Train/LR": 0,
    "Train/PolicyRatio": 0.9997742176055908,
    "Train/PolicyRatio/Max": 0.9997742176055908,
    "Train/PolicyRatio/Min": 0.9997742176055908,
    "Train/PolicyRatio/Std": 0.006684815511107445,
    "Train/PolicyStd": 0.3074071407318115,
    "Train/StopIter": 40,
    "Value/Adv": 0.1991781145334244,
    "Value/cost": 1.418182373046875,
    "Value/reward": 0.048510681837797165,
    "_runtime": 17940.431380483,
    "_step": 100,
    "_timestamp": 1746916536.1977742,
    "_wandb": {
        "runtime": 17940
    }
}