{
    "Loss/Loss_cost_critic": 3.604535818099976,
    "Loss/Loss_cost_critic/Delta": -2.4451324939727783,
    "Loss/Loss_pi": -0.09674415737390518,
    "Loss/Loss_pi/Delta": -0.09565142542123796,
    "Loss/Loss_reward_critic": 0.03676794096827507,
    "Loss/Loss_reward_critic/Delta": -0.007453147321939468,
    "Metrics/EpCost": 13.5600004196167,
    "Metrics/EpLen": 1000,
    "Metrics/EpRet": 2.975396633148194,
    "Metrics/LagrangeMultiplier": 2.295003652572632,
    "Metrics/LagrangeMultiplier/Max": 2.295003652572632,
    "Metrics/LagrangeMultiplier/Min": 2.295003652572632,
    "Metrics/LagrangeMultiplier/Std": 0,
    "Misc/AcceptanceStep": 1,
    "Misc/Alpha": 0.587937593460083,
    "Misc/FinalStepNorm": 0.27547866106033325,
    "Misc/H_inv_g": 0.4685508906841278,
    "Misc/gradient_norm": 0.4428165853023529,
    "Misc/xHx": 0.05785852670669556,
    "Safety/EpCostShield": 27.399999618530273,
    "Safety/ShieldLagrangeMultiplier": 2.325390577316284,
    "Safety/ShieldLagrangeMultiplier/Max": 2.325390577316284,
    "Safety/ShieldLagrangeMultiplier/Min": 2.325390577316284,
    "Safety/ShieldLagrangeMultiplier/Std": 0,
    "Safety/shield_adv_c": -0.34570008516311646,
    "Safety/shield_violation": 2.9909205436706543,
    "Time/Epoch": 117.41394805908205,
    "Time/FPS": 170.33750915527344,
    "Time/Rollout": 94.14484405517578,
    "Time/Total": 12342.5478515625,
    "Time/Update": 23.26907730102539,
    "TotalEnvSteps": 2000000,
    "Train/Entropy": 1.1520262956619265,
    "Train/Epoch": 99,
    "Train/KL": 0.0003202164371032268,
    "Train/LR": 0,
    "Train/PolicyRatio": 0.9996457099914552,
    "Train/PolicyRatio/Max": 0.9996457099914552,
    "Train/PolicyRatio/Min": 0.9996457099914552,
    "Train/PolicyRatio/Std": 0.00025054896832443774,
    "Train/PolicyStd": 0.7659080624580383,
    "Train/StopIter": 10,
    "Value/Adv": 6.103515470812226e-09,
    "Value/cost": 0.6789011359214783,
    "Value/reward": 0.4226055145263672,
    "_runtime": 12359.069768244,
    "_step": 100,
    "_timestamp": 1747262625.1059072,
    "_wandb": {
        "runtime": 12359
    }
}