{
    "Loss/Loss_cost_critic": 8.275501251220703,
    "Loss/Loss_cost_critic/Delta": 0.4921722412109375,
    "Loss/Loss_pi": 0.04721013829112053,
    "Loss/Loss_pi/Delta": -0.03895040974020958,
    "Loss/Loss_reward_critic": 0.0552075132727623,
    "Loss/Loss_reward_critic/Delta": -0.00773436576128006,
    "Metrics/EpCost": 30.11000061035156,
    "Metrics/EpLen": 1000,
    "Metrics/EpRet": 6.341874599456787,
    "Metrics/LagrangeMultiplier": 2.5516932010650635,
    "Metrics/LagrangeMultiplier/Max": 2.5516932010650635,
    "Metrics/LagrangeMultiplier/Min": 2.5516932010650635,
    "Metrics/LagrangeMultiplier/Std": 0,
    "Safety/EpCostShield": 111.6999969482422,
    "Safety/ShieldLagrangeMultiplier": 2.568702936172486,
    "Safety/ShieldLagrangeMultiplier/Max": 2.568702936172486,
    "Safety/ShieldLagrangeMultiplier/Min": 2.568702936172486,
    "Safety/ShieldLagrangeMultiplier/Std": 0,
    "Safety/shield_adv_c": "NaN",
    "Safety/shield_violation": 9.37780475616455,
    "Time/Epoch": 179.11883544921875,
    "Time/FPS": 111.65771484375,
    "Time/Rollout": 85.78339385986328,
    "Time/Total": 18514.583984375,
    "Time/Update": 93.33535766601562,
    "TotalEnvSteps": 2000000,
    "Train/Entropy": 0.07343629747629166,
    "Train/Epoch": 99,
    "Train/KL": 0.004173556342720985,
    "Train/LR": 0,
    "Train/PolicyRatio": 1.0020971298217771,
    "Train/PolicyRatio/Max": 1.0020971298217771,
    "Train/PolicyRatio/Min": 1.0020971298217771,
    "Train/PolicyRatio/Std": 0.006956981495022774,
    "Train/PolicyStd": 0.26130902767181396,
    "Train/StopIter": 40,
    "Value/Adv": 0.05345885828137398,
    "Value/cost": 3.4310977458953857,
    "Value/reward": 0.7898247838020325,
    "_runtime": 18530.689080252,
    "_step": 100,
    "_timestamp": 1747268797.1851654,
    "_wandb": {
        "runtime": 18530
    }
}