{
    "Loss/Loss_cost_critic": 3.964369058609009,
    "Loss/Loss_cost_critic/Delta": 1.233900547027588,
    "Loss/Loss_pi": -0.021208083257079124,
    "Loss/Loss_pi/Delta": 0.1907110307365656,
    "Loss/Loss_reward_critic": 0.037296999245882034,
    "Loss/Loss_reward_critic/Delta": -0.01923277974128723,
    "Metrics/EpCost": 4,
    "Metrics/EpLen": 1000,
    "Metrics/EpRet": 3.3915724754333496,
    "Metrics/LagrangeMultiplier": 2.271063327789306,
    "Metrics/LagrangeMultiplier/Max": 2.271063327789306,
    "Metrics/LagrangeMultiplier/Min": 2.271063327789306,
    "Metrics/LagrangeMultiplier/Std": 0,
    "Misc/AcceptanceStep": 1,
    "Misc/Alpha": 1.1076172590255735,
    "Misc/FinalStepNorm": 0.33036500215530396,
    "Misc/H_inv_g": 0.29826638102531433,
    "Misc/gradient_norm": 0.11485560983419418,
    "Misc/xHx": 0.016302354633808136,
    "Safety/EpCostShield": 54.79999923706055,
    "Safety/ShieldLagrangeMultiplier": 2.469111442565918,
    "Safety/ShieldLagrangeMultiplier/Max": 2.469111442565918,
    "Safety/ShieldLagrangeMultiplier/Min": 2.469111442565918,
    "Safety/ShieldLagrangeMultiplier/Std": 0,
    "Safety/shield_adv_c": 0.13621670007705688,
    "Safety/shield_violation": 2.5530359745025635,
    "Time/Epoch": 114.9849853515625,
    "Time/FPS": 173.93576049804688,
    "Time/Rollout": 90.28389739990234,
    "Time/Total": 11710.802734375,
    "Time/Update": 24.70106315612793,
    "TotalEnvSteps": 2000000,
    "Train/Entropy": 2.181165933609009,
    "Train/Epoch": 99,
    "Train/KL": 0.00022906920639798045,
    "Train/LR": 0,
    "Train/PolicyRatio": 1.0003957748413086,
    "Train/PolicyRatio/Max": 1.0003957748413086,
    "Train/PolicyRatio/Min": 1.0003957748413086,
    "Train/PolicyRatio/Std": 0.00027979890001006424,
    "Train/PolicyStd": 2.244924783706665,
    "Train/StopIter": 10,
    "Value/Adv": 6.103515470812226e-09,
    "Value/cost": 0.3571164309978485,
    "Value/reward": 0.5218395590782166,
    "_runtime": 11712.906187011,
    "_step": 100,
    "_timestamp": 1746605164.2429378,
    "_wandb": {
        "runtime": 11712
    }
}