{
    "Loss/Loss_cost_critic": 1.0700902938842771,
    "Loss/Loss_cost_critic/Delta": -0.6024966239929199,
    "Loss/Loss_pi": -0.008371623232960701,
    "Loss/Loss_pi/Delta": 0.017645379528403282,
    "Loss/Loss_reward_critic": 0.05871850252151489,
    "Loss/Loss_reward_critic/Delta": 0.013902828097343445,
    "Metrics/EpCost": 33.33000183105469,
    "Metrics/EpLen": 1000,
    "Metrics/EpRet": 19.505359649658203,
    "Metrics/LagrangeMultiplier": 3.235488176345825,
    "Metrics/LagrangeMultiplier/Max": 3.235488176345825,
    "Metrics/LagrangeMultiplier/Min": 3.235488176345825,
    "Metrics/LagrangeMultiplier/Std": 0,
    "Time/Epoch": 111.8584213256836,
    "Time/FPS": 178.79745483398438,
    "Time/Rollout": 53.654083251953125,
    "Time/Total": 10052.3984375,
    "Time/Update": 58.20425796508789,
    "TotalEnvSteps": 2000000,
    "Train/Entropy": 0.31417709589004517,
    "Train/Epoch": 99,
    "Train/KL": 0.0035117827355861664,
    "Train/LR": 0,
    "Train/PolicyRatio": 1.0006520748138428,
    "Train/PolicyRatio/Max": 1.0006520748138428,
    "Train/PolicyRatio/Min": 1.0006520748138428,
    "Train/PolicyRatio/Std": 0.006466980557888746,
    "Train/PolicyStd": 0.33132705092430115,
    "Train/StopIter": 40,
    "Value/Adv": -0.2015329897403717,
    "Value/cost": 4.063101768493652,
    "Value/reward": 2.202939033508301,
    "_runtime": 10054.601616463,
    "_step": 100,
    "_timestamp": 1743326737.4924948,
    "_wandb": {
        "runtime": 10054
    }
}