{
    "Loss/Loss_cost_critic": 1.025235891342163,
    "Loss/Loss_cost_critic/Delta": 0.1343434453010559,
    "Loss/Loss_pi": -0.020763957872986794,
    "Loss/Loss_pi/Delta": -0.0010561570525169373,
    "Loss/Loss_reward_critic": 0.06929638981819153,
    "Loss/Loss_reward_critic/Delta": 0.006747215986251831,
    "Metrics/EpCost": 16.329999923706055,
    "Metrics/EpLen": 1000,
    "Metrics/EpRet": 6.984904766082764,
    "Metrics/LagrangeMultiplier": 3.154744863510132,
    "Metrics/LagrangeMultiplier/Max": 3.154744863510132,
    "Metrics/LagrangeMultiplier/Min": 3.154744863510132,
    "Metrics/LagrangeMultiplier/Std": 0,
    "Misc/AcceptanceStep": 1,
    "Misc/Alpha": 0.612276017665863,
    "Misc/FinalStepNorm": 0.29515939950942993,
    "Misc/H_inv_g": 0.482069194316864,
    "Misc/gradient_norm": 0.2720712423324585,
    "Misc/xHx": 0.05335012078285217,
    "Time/Epoch": 110.43209075927734,
    "Time/FPS": 181.10678100585935,
    "Time/Rollout": 94.84333801269533,
    "Time/Total": 10866.1015625,
    "Time/Update": 15.588722229003906,
    "TotalEnvSteps": 2000000,
    "Train/Entropy": 1.2074837684631348,
    "Train/Epoch": 99,
    "Train/KL": 0.00033482746221125126,
    "Train/LR": 0,
    "Train/PolicyRatio": 1.000411033630371,
    "Train/PolicyRatio/Max": 1.000411033630371,
    "Train/PolicyRatio/Min": 1.000411033630371,
    "Train/PolicyRatio/Std": 0.0002906446752604097,
    "Train/PolicyStd": 0.809445858001709,
    "Train/StopIter": 10,
    "Value/Adv": 0,
    "Value/cost": 1.8129191398620603,
    "Value/reward": 0.926959753036499,
    "_runtime": 10868.204518864,
    "_step": 100,
    "_timestamp": 1743331769.9549956,
    "_wandb": {
        "runtime": 10868
    }
}