{
    "Loss/Loss_cost_critic": 2.833421230316162,
    "Loss/Loss_cost_critic/Delta": -0.9156622886657716,
    "Loss/Loss_pi": 0.04080737754702568,
    "Loss/Loss_pi/Delta": -0.06071283295750618,
    "Loss/Loss_reward_critic": 0.08569440245628357,
    "Loss/Loss_reward_critic/Delta": 0.020011961460113525,
    "Metrics/EpCost": 4.369999885559082,
    "Metrics/EpLen": 500,
    "Metrics/EpRet": 11.361403465270996,
    "Metrics/LagrangeMultiplier": 1.1775063276290894,
    "Metrics/LagrangeMultiplier/Max": 1.1775063276290894,
    "Metrics/LagrangeMultiplier/Min": 1.1775063276290894,
    "Metrics/LagrangeMultiplier/Std": 0,
    "Safety/EpCostShield": 12.699999809265137,
    "Safety/ShieldLagrangeMultiplier": 1.323721170425415,
    "Safety/ShieldLagrangeMultiplier/Max": 1.323721170425415,
    "Safety/ShieldLagrangeMultiplier/Min": 1.323721170425415,
    "Safety/ShieldLagrangeMultiplier/Std": 0,
    "Safety/shield_adv_c": "NaN",
    "Safety/shield_violation": 1.3693413734436035,
    "Time/Epoch": 188.85435485839844,
    "Time/FPS": 105.90171813964844,
    "Time/Rollout": 83.29948425292969,
    "Time/Total": 17131.099609375,
    "Time/Update": 105.55481719970705,
    "TotalEnvSteps": 2000000,
    "Train/Entropy": 0.6860695481300354,
    "Train/Epoch": 99,
    "Train/KL": 0.004654553718864918,
    "Train/LR": 0,
    "Train/PolicyRatio": 0.9988197088241576,
    "Train/PolicyRatio/Max": 0.9988197684288024,
    "Train/PolicyRatio/Min": 0.9988197684288024,
    "Train/PolicyRatio/Std": 0.007751757744699717,
    "Train/PolicyStd": 0.48550060391426086,
    "Train/StopIter": 40,
    "Value/Adv": -0.18469876050949097,
    "Value/cost": 0.1723543405532837,
    "Value/reward": 2.2045960426330566,
    "_runtime": 17132.5228522,
    "_step": 100,
    "_timestamp": 1746591189.427527,
    "_wandb": {
        "runtime": 17132
    }
}