{
    "Loss/Loss_cost_critic": 2.2060699462890625,
    "Loss/Loss_cost_critic/Delta": 0.21574103832244873,
    "Loss/Loss_pi": -0.004433270078152418,
    "Loss/Loss_pi/Delta": -0.00036710547283291817,
    "Loss/Loss_reward_critic": 0.3103439211845398,
    "Loss/Loss_reward_critic/Delta": 0.06424872577190399,
    "Metrics/EpCost": 15.800000190734863,
    "Metrics/EpLen": 500,
    "Metrics/EpRet": 30.529760360717773,
    "Metrics/LagrangeMultiplier": 1.4437551498413086,
    "Metrics/LagrangeMultiplier/Max": 1.4437551498413086,
    "Metrics/LagrangeMultiplier/Min": 1.4437551498413086,
    "Metrics/LagrangeMultiplier/Std": 0,
    "Time/Epoch": 189.41891479492188,
    "Time/FPS": 105.58607482910156,
    "Time/Rollout": 86.41998291015625,
    "Time/Total": 18477.400390625,
    "Time/Update": 102.99884796142578,
    "TotalEnvSteps": 2000000,
    "Train/Entropy": 0.49924078583717346,
    "Train/Epoch": 99,
    "Train/KL": 0.0032835223246365786,
    "Train/LR": 0,
    "Train/PolicyRatio": 0.9998416900634766,
    "Train/PolicyRatio/Max": 0.9998416900634766,
    "Train/PolicyRatio/Min": 0.9998416900634766,
    "Train/PolicyRatio/Std": 0.006470339372754097,
    "Train/PolicyStd": 0.3986931443214417,
    "Train/StopIter": 40,
    "Value/Adv": -0.13310208916664124,
    "Value/cost": 2.776963472366333,
    "Value/reward": 6.154097080230713,
    "_runtime": 18479.187541475,
    "_step": 100,
    "_timestamp": 1746917077.0622766,
    "_wandb": {
        "runtime": 18479
    }
}