{
    "Loss/Loss_cost_critic": 5.645920276641846,
    "Loss/Loss_cost_critic/Delta": 4.172021269798279,
    "Loss/Loss_pi": -0.022838955745100975,
    "Loss/Loss_pi/Delta": 0.1650312040001154,
    "Loss/Loss_reward_critic": 0.12688016891479492,
    "Loss/Loss_reward_critic/Delta": 0.01623169332742691,
    "Metrics/EpCost": 7.949999809265137,
    "Metrics/EpLen": 500,
    "Metrics/EpRet": 11.527705192565918,
    "Metrics/LagrangeMultiplier": 0.7604893445968628,
    "Metrics/LagrangeMultiplier/Max": 0.7604893445968628,
    "Metrics/LagrangeMultiplier/Min": 0.7604893445968628,
    "Metrics/LagrangeMultiplier/Std": 0,
    "Misc/AcceptanceStep": 1,
    "Misc/Alpha": 1.439085841178894,
    "Misc/FinalStepNorm": 0.30946049094200134,
    "Misc/H_inv_g": 0.21503962576389313,
    "Misc/gradient_norm": 0.2186860889196396,
    "Misc/xHx": 0.00965730845928192,
    "Safety/EpCostShield": 22.424999237060547,
    "Safety/ShieldLagrangeMultiplier": 1.010956645011902,
    "Safety/ShieldLagrangeMultiplier/Max": 1.010956645011902,
    "Safety/ShieldLagrangeMultiplier/Min": 1.010956645011902,
    "Safety/ShieldLagrangeMultiplier/Std": 0,
    "Safety/shield_adv_c": 0.6947011947631836,
    "Safety/shield_violation": 1.3429288864135742,
    "Time/Epoch": 132.63568115234375,
    "Time/FPS": 150.78900146484375,
    "Time/Rollout": 105.18600463867188,
    "Time/Total": 13030.595703125,
    "Time/Update": 27.449628829956055,
    "TotalEnvSteps": 2000000,
    "Train/Entropy": 1.7108641862869265,
    "Train/Epoch": 99,
    "Train/KL": 0.0002866310824174434,
    "Train/LR": 0,
    "Train/PolicyRatio": 1.0013246536254885,
    "Train/PolicyRatio/Max": 1.0013246536254885,
    "Train/PolicyRatio/Min": 1.0013246536254885,
    "Train/PolicyRatio/Std": 0.000936727796215564,
    "Train/PolicyStd": 1.4696227312088013,
    "Train/StopIter": 10,
    "Value/Adv": 1.5258788677030564e-09,
    "Value/cost": 0.20197694003582,
    "Value/reward": 2.3720507621765137,
    "_runtime": 13032.001144436,
    "_step": 100,
    "_timestamp": 1746585401.016229,
    "_wandb": {
        "runtime": 13032
    }
}