{
    "Loss/Loss_cost_critic": 1.088097333908081,
    "Loss/Loss_cost_critic/Delta": -0.9382309913635254,
    "Loss/Loss_pi": -0.25947174429893494,
    "Loss/Loss_pi/Delta": -0.03454439342021942,
    "Loss/Loss_reward_critic": 0.037354398518800735,
    "Loss/Loss_reward_critic/Delta": -0.020359687507152557,
    "Metrics/EpCost": 2.7699999809265137,
    "Metrics/EpLen": 1000,
    "Metrics/EpRet": 2.5444257259368896,
    "Metrics/LagrangeMultiplier": 2.07106876373291,
    "Metrics/LagrangeMultiplier/Max": 2.07106876373291,
    "Metrics/LagrangeMultiplier/Min": 2.07106876373291,
    "Metrics/LagrangeMultiplier/Std": 0,
    "Misc/AcceptanceStep": 1,
    "Misc/Alpha": 1.3084596395492554,
    "Misc/FinalStepNorm": 0.2677111327648163,
    "Misc/H_inv_g": 0.20460021495819092,
    "Misc/gradient_norm": 0.20820391178131104,
    "Misc/xHx": 0.011681776493787766,
    "Safety/EpCostShield": 6.150000095367432,
    "Safety/ShieldLagrangeMultiplier": 2.1659786701202393,
    "Safety/ShieldLagrangeMultiplier/Max": 2.1659786701202393,
    "Safety/ShieldLagrangeMultiplier/Min": 2.1659786701202393,
    "Safety/ShieldLagrangeMultiplier/Std": 0,
    "Safety/shield_adv_c": -0.7287191152572632,
    "Safety/shield_violation": 2.7221996784210205,
    "Time/Epoch": 108.7470474243164,
    "Time/FPS": 183.9130401611328,
    "Time/Rollout": 86.22714233398438,
    "Time/Total": 11651.9970703125,
    "Time/Update": 22.519880294799805,
    "TotalEnvSteps": 2000000,
    "Train/Entropy": 1.14861261844635,
    "Train/Epoch": 99,
    "Train/KL": 0.00034435803536325693,
    "Train/LR": 0,
    "Train/PolicyRatio": 1.0019325017929075,
    "Train/PolicyRatio/Max": 1.0019325017929075,
    "Train/PolicyRatio/Min": 1.0019325017929075,
    "Train/PolicyRatio/Std": 0.001366513315588236,
    "Train/PolicyStd": 0.7655174136161804,
    "Train/StopIter": 10,
    "Value/Adv": -9.53674250681047e-10,
    "Value/cost": 0.4433518648147583,
    "Value/reward": 0.44808945059776306,
    "_runtime": 11654.053955088,
    "_step": 100,
    "_timestamp": 1746626379.4557958,
    "_wandb": {
        "runtime": 11654
    }
}