{
    "Loss/Loss_cost_critic": 1.588674783706665,
    "Loss/Loss_cost_critic/Delta": 0.648962140083313,
    "Loss/Loss_pi": 0.12454567104578018,
    "Loss/Loss_pi/Delta": 0.12933562649413943,
    "Loss/Loss_reward_critic": 0.08202190697193146,
    "Loss/Loss_reward_critic/Delta": -0.0005730018019676208,
    "Metrics/EpCost": 4.610000133514404,
    "Metrics/EpLen": 500,
    "Metrics/EpRet": 9.901972770690918,
    "Metrics/LagrangeMultiplier": 0.9218745231628418,
    "Metrics/LagrangeMultiplier/Max": 0.9218745231628418,
    "Metrics/LagrangeMultiplier/Min": 0.9218745231628418,
    "Metrics/LagrangeMultiplier/Std": 0,
    "Misc/AcceptanceStep": 1,
    "Misc/Alpha": 0.7687110304832458,
    "Misc/FinalStepNorm": 0.1745993345975876,
    "Misc/H_inv_g": 0.22713260352611545,
    "Misc/gradient_norm": 0.2860725224018097,
    "Misc/xHx": 0.03384570777416229,
    "Safety/EpCostShield": 12.25,
    "Safety/ShieldLagrangeMultiplier": 1.2269941568374634,
    "Safety/ShieldLagrangeMultiplier/Max": 1.2269941568374634,
    "Safety/ShieldLagrangeMultiplier/Min": 1.2269941568374634,
    "Safety/ShieldLagrangeMultiplier/Std": 0,
    "Safety/shield_adv_c": -0.08562766015529633,
    "Safety/shield_violation": 0.48238760232925415,
    "Time/Epoch": 133.06414794921875,
    "Time/FPS": 150.30343627929688,
    "Time/Rollout": 110.38626861572266,
    "Time/Total": 13265.556640625,
    "Time/Update": 22.677854537963867,
    "TotalEnvSteps": 2000000,
    "Train/Entropy": 0.8512625694274902,
    "Train/Epoch": 99,
    "Train/KL": 0.0004734983667731285,
    "Train/LR": 0,
    "Train/PolicyRatio": 0.9998348355293274,
    "Train/PolicyRatio/Max": 0.9998348951339722,
    "Train/PolicyRatio/Min": 0.9998348951339722,
    "Train/PolicyRatio/Std": 0.00011674678535200655,
    "Train/PolicyStd": 0.5950143933296204,
    "Train/StopIter": 10,
    "Value/Adv": 4.577636492086867e-09,
    "Value/cost": 0.09169893711805344,
    "Value/reward": 1.9923670291900637,
    "_runtime": 13267.428293582,
    "_step": 100,
    "_timestamp": 1746583815.9564748,
    "_wandb": {
        "runtime": 13267
    }
}