{
    "Loss/Loss_cost_critic": 15.209564208984377,
    "Loss/Loss_cost_critic/Delta": 6.632880210876465,
    "Loss/Loss_pi": -0.20115405321121216,
    "Loss/Loss_pi/Delta": -0.015255764126777647,
    "Loss/Loss_reward_critic": 0.12229463458061218,
    "Loss/Loss_reward_critic/Delta": 0.03255500644445419,
    "Metrics/EpCost": 15.93000030517578,
    "Metrics/EpLen": 500,
    "Metrics/EpRet": 20.457054138183594,
    "Metrics/LagrangeMultiplier": 1.5602784156799316,
    "Metrics/LagrangeMultiplier/Max": 1.5602784156799316,
    "Metrics/LagrangeMultiplier/Min": 1.5602784156799316,
    "Metrics/LagrangeMultiplier/Std": 0,
    "Safety/EpCostShield": 33.5,
    "Safety/ShieldLagrangeMultiplier": 1.6849104166030884,
    "Safety/ShieldLagrangeMultiplier/Max": 1.6849104166030884,
    "Safety/ShieldLagrangeMultiplier/Min": 1.6849104166030884,
    "Safety/ShieldLagrangeMultiplier/Std": 0,
    "Safety/shield_adv_c": "NaN",
    "Safety/shield_violation": 5.66556453704834,
    "Time/Epoch": 285.2959899902344,
    "Time/FPS": 70.1026382446289,
    "Time/Rollout": 101.96491241455078,
    "Time/Total": 29317.587890625,
    "Time/Update": 183.3309783935547,
    "TotalEnvSteps": 2000000,
    "Train/Entropy": 0.8215498328208923,
    "Train/Epoch": 99,
    "Train/KL": 0.0030681018251925707,
    "Train/LR": 0,
    "Train/PolicyRatio": 1.0005921125411987,
    "Train/PolicyRatio/Max": 1.0005922317504885,
    "Train/PolicyRatio/Min": 1.0005922317504885,
    "Train/PolicyRatio/Std": 0.005838891491293907,
    "Train/PolicyStd": 0.550760805606842,
    "Train/StopIter": 40,
    "Value/Adv": -0.20366066694259644,
    "Value/cost": 2.835439443588257,
    "Value/reward": 4.24290657043457,
    "_runtime": 29319.243544128,
    "_step": 100,
    "_timestamp": 1746539504.9279945,
    "_wandb": {
        "runtime": 29319
    }
}