{
    "Loss/Loss_cost_critic": 0.004262787755578756,
    "Loss/Loss_cost_critic/Delta": -0.010049318429082632,
    "Loss/Loss_pi": -0.00027144435443915427,
    "Loss/Loss_pi/Delta": 0.0005880380922462791,
    "Loss/Loss_reward_critic": 0.0030850579496473074,
    "Loss/Loss_reward_critic/Delta": -0.0009335025679320096,
    "Metrics/EpCost": 0.5600000023841858,
    "Metrics/EpLen": 1000,
    "Metrics/EpRet": -0.6167013049125671,
    "Metrics/LagrangeMultiplier": 143.01806640625,
    "Metrics/LagrangeMultiplier/Max": 143.01806640625,
    "Metrics/LagrangeMultiplier/Min": 143.01806640625,
    "Metrics/LagrangeMultiplier/Std": 0,
    "Time/Epoch": 136.72348022460938,
    "Time/FPS": 146.28065490722656,
    "Time/Rollout": 70.05550384521484,
    "Time/Total": 13083.248046875,
    "Time/Update": 66.66792297363281,
    "TotalEnvSteps": 2000000,
    "Train/Entropy": 0.6722831726074219,
    "Train/Epoch": 99,
    "Train/KL": 0.0033960617147386074,
    "Train/LR": 0,
    "Train/PolicyRatio": 0.9997456669807434,
    "Train/PolicyRatio/Max": 0.9997456669807434,
    "Train/PolicyRatio/Min": 0.9997456669807434,
    "Train/PolicyRatio/Std": 0.005970948375761509,
    "Train/PolicyStd": 0.47551167011260986,
    "Train/StopIter": 40,
    "Value/Adv": 0.1904587745666504,
    "Value/cost": 0.08718879520893097,
    "Value/reward": -0.06867487728595734,
    "_runtime": 13084.284889578,
    "_step": 100,
    "_timestamp": 1745033599.3812933,
    "_wandb": {
        "runtime": 13084
    }
}