{
    "Loss/Loss_cost_critic": 0.09287472814321518,
    "Loss/Loss_cost_critic/Delta": -0.49164775758981705,
    "Loss/Loss_pi": -0.001153823803178966,
    "Loss/Loss_pi/Delta": 0.002782332361675799,
    "Loss/Loss_reward_critic": 0.00545107014477253,
    "Loss/Loss_reward_critic/Delta": -0.0021200687624514103,
    "Metrics/EpCost": 1.830000042915344,
    "Metrics/EpLen": 1000,
    "Metrics/EpRet": -1.3607865571975708,
    "Metrics/LagrangeMultiplier": 139.463134765625,
    "Metrics/LagrangeMultiplier/Max": 139.463134765625,
    "Metrics/LagrangeMultiplier/Min": 139.463134765625,
    "Metrics/LagrangeMultiplier/Std": 0,
    "Misc/AcceptanceStep": 1,
    "Misc/Alpha": 12.271561622619627,
    "Misc/FinalStepNorm": 0.3203456997871399,
    "Misc/H_inv_g": 0.026104722172021862,
    "Misc/gradient_norm": 0.010280998423695564,
    "Misc/xHx": 0.0001327998616034165,
    "Time/Epoch": 97.33782958984376,
    "Time/FPS": 205.4699554443359,
    "Time/Rollout": 83.28009796142578,
    "Time/Total": 9703.572265625,
    "Time/Update": 14.05770492553711,
    "TotalEnvSteps": 2000000,
    "Train/Entropy": 1.405415177345276,
    "Train/Epoch": 99,
    "Train/KL": 0.00026544451247900724,
    "Train/LR": 0,
    "Train/PolicyRatio": 0.9990637898445128,
    "Train/PolicyRatio/Max": 0.9990638494491576,
    "Train/PolicyRatio/Min": 0.9990638494491576,
    "Train/PolicyRatio/Std": 0.0006620145868510008,
    "Train/PolicyStd": 0.9928534626960754,
    "Train/StopIter": 10,
    "Value/Adv": -4.1961669694501325e-09,
    "Value/cost": 0.29397052526474,
    "Value/reward": -0.15250983834266665,
    "_runtime": 9705.145202795,
    "_step": 100,
    "_timestamp": 1745026742.4853773,
    "_wandb": {
        "runtime": 9705
    }
}