{
    "Loss/Loss_cost_critic": 1.589780569076538,
    "Loss/Loss_cost_critic/Delta": -0.2714496850967407,
    "Loss/Loss_pi": -0.0040831295773386955,
    "Loss/Loss_pi/Delta": 0.23897474724799397,
    "Loss/Loss_reward_critic": 0.007359917275607586,
    "Loss/Loss_reward_critic/Delta": -0.0007886476814746857,
    "Metrics/EpCost": 11,
    "Metrics/EpLen": 1000,
    "Metrics/EpRet": 0.008554747328162193,
    "Metrics/LagrangeMultiplier": 2.5255579948425293,
    "Metrics/LagrangeMultiplier/Max": 2.5255579948425293,
    "Metrics/LagrangeMultiplier/Min": 2.5255579948425293,
    "Metrics/LagrangeMultiplier/Std": 0,
    "Safety/EpCostShield": 36.400001525878906,
    "Safety/ShieldLagrangeMultiplier": 2.689995527267456,
    "Safety/ShieldLagrangeMultiplier/Max": 2.689995527267456,
    "Safety/ShieldLagrangeMultiplier/Min": 2.689995527267456,
    "Safety/ShieldLagrangeMultiplier/Std": 0,
    "Safety/shield_adv_c": "NaN",
    "Safety/shield_violation": 2.954622983932495,
    "Time/Epoch": 256.1324157714844,
    "Time/FPS": 78.08460998535156,
    "Time/Rollout": 93.6462860107422,
    "Time/Total": 20909.365234375,
    "Time/Update": 162.4860076904297,
    "TotalEnvSteps": 2000000,
    "Train/Entropy": 0.4649344980716706,
    "Train/Epoch": 99,
    "Train/KL": 0.0043637314811348915,
    "Train/LR": 0,
    "Train/PolicyRatio": 1.000560641288757,
    "Train/PolicyRatio/Max": 1.000560641288757,
    "Train/PolicyRatio/Min": 1.000560641288757,
    "Train/PolicyRatio/Std": 0.0071066939271986485,
    "Train/PolicyStd": 0.3859371542930603,
    "Train/StopIter": 40,
    "Value/Adv": 0.15252944827079773,
    "Value/cost": 0.8282692432403564,
    "Value/reward": -0.00691837165504694,
    "_runtime": 20911.532630882,
    "_step": 100,
    "_timestamp": 1746614450.8696814,
    "_wandb": {
        "runtime": 20911
    }
}