{
    "Loss/Loss_cost_critic": 1.1134881973266602,
    "Loss/Loss_cost_critic/Delta": 0.8074469566345215,
    "Loss/Loss_pi": -0.006309312302619219,
    "Loss/Loss_pi/Delta": -0.004759085248224437,
    "Loss/Loss_reward_critic": 0.06559434533119202,
    "Loss/Loss_reward_critic/Delta": 0.007886845618486404,
    "Metrics/EpCost": 4.03000020980835,
    "Metrics/EpLen": 500,
    "Metrics/EpRet": 22.675825119018555,
    "Metrics/LagrangeMultiplier": 11.136767387390137,
    "Metrics/LagrangeMultiplier/Max": 11.136767387390137,
    "Metrics/LagrangeMultiplier/Min": 11.136767387390137,
    "Metrics/LagrangeMultiplier/Std": 0,
    "Time/Epoch": 153.35386657714844,
    "Time/FPS": 130.4173126220703,
    "Time/Rollout": 92.3349380493164,
    "Time/Total": 15289.0185546875,
    "Time/Update": 61.01887893676758,
    "TotalEnvSteps": 2000000,
    "Train/Entropy": 1.0046591758728027,
    "Train/Epoch": 99,
    "Train/KL": 0.0038233762606978416,
    "Train/LR": 0,
    "Train/PolicyRatio": 1.000724196434021,
    "Train/PolicyRatio/Max": 1.000724196434021,
    "Train/PolicyRatio/Min": 1.000724196434021,
    "Train/PolicyRatio/Std": 0.007011044304817915,
    "Train/PolicyStd": 0.677037239074707,
    "Train/StopIter": 40,
    "Value/Adv": 0.1793111264705658,
    "Value/cost": 0.2586927115917206,
    "Value/reward": 4.507973670959473,
    "_runtime": 15290.784554282,
    "_step": 100,
    "_timestamp": 1745042041.0873404,
    "_wandb": {
        "runtime": 15290
    }
}