{
    "Loss/Loss_cost_critic": 0.11453107744455338,
    "Loss/Loss_cost_critic/Delta": -1.603111706674099,
    "Loss/Loss_pi": -0.002331371186301112,
    "Loss/Loss_pi/Delta": -0.0013399542076513171,
    "Loss/Loss_reward_critic": 0.010157356970012188,
    "Loss/Loss_reward_critic/Delta": 0.001172628253698349,
    "Metrics/EpCost": 1.8799999952316284,
    "Metrics/EpLen": 500,
    "Metrics/EpRet": 1.0080616474151611,
    "Misc/A": 0.01937113143503666,
    "Misc/AcceptanceStep": 1,
    "Misc/Alpha": 1.0144037008285522,
    "Misc/B": -2533.4404296875,
    "Misc/FinalStepNorm": 0.3082195222377777,
    "Misc/H_inv_g": 0.3107069432735443,
    "Misc/Lambda_star": 0,
    "Misc/Nu_star": 3.786292791366577,
    "Misc/OptimCase": 0,
    "Misc/cost_gradient_norm": 0.037067949771881104,
    "Misc/gradient_norm": 0.12866699695587158,
    "Misc/q": 0.019436053931713104,
    "Misc/r": -0.0003009520296473056,
    "Misc/s": 0.0013950779102742672,
    "Misc/xHx": 0.019436053931713104,
    "Time/Epoch": 104.8657455444336,
    "Time/FPS": 190.72006225585935,
    "Time/Rollout": 96.23095703125,
    "Time/Total": 10525.7626953125,
    "Time/Update": 8.634765625,
    "TotalEnvSteps": 2000000,
    "Train/Entropy": 1.3337713479995728,
    "Train/Epoch": 99,
    "Train/KL": 0.00015320708916988224,
    "Train/LR": 0,
    "Train/PolicyRatio": 1.000771403312683,
    "Train/PolicyRatio/Max": 1.000771403312683,
    "Train/PolicyRatio/Min": 1.000771403312683,
    "Train/PolicyRatio/Std": 0.0005454363999888301,
    "Train/PolicyStd": 0.9193173050880432,
    "Train/StopIter": 10,
    "Value/Adv": 6.103515470812226e-09,
    "Value/cost": 0.43441787362098694,
    "Value/reward": 0.20377059280872345,
    "_runtime": 10527.785233745,
    "_step": 100,
    "_timestamp": 1743336027.303969,
    "_wandb": {
        "runtime": 10527
    }
}