{
    "Loss/Loss_cost_critic": 2.0292067527770996,
    "Loss/Loss_cost_critic/Delta": -1.2417936325073242,
    "Loss/Loss_pi": -0.24381105601787567,
    "Loss/Loss_pi/Delta": -0.04578326642513275,
    "Loss/Loss_reward_critic": 0.00752198463305831,
    "Loss/Loss_reward_critic/Delta": -0.013987424317747356,
    "Metrics/EpCost": 6.699999809265137,
    "Metrics/EpLen": 1000,
    "Metrics/EpRet": -0.19518308341503143,
    "Metrics/LagrangeMultiplier": 2.7989981174468994,
    "Metrics/LagrangeMultiplier/Max": 2.7989981174468994,
    "Metrics/LagrangeMultiplier/Min": 2.7989981174468994,
    "Metrics/LagrangeMultiplier/Std": 0,
    "Safety/EpCostShield": 10.350000381469728,
    "Safety/ShieldLagrangeMultiplier": 2.6575303077697754,
    "Safety/ShieldLagrangeMultiplier/Max": 2.6575303077697754,
    "Safety/ShieldLagrangeMultiplier/Min": 2.6575303077697754,
    "Safety/ShieldLagrangeMultiplier/Std": 0,
    "Safety/shield_adv_c": "NaN",
    "Safety/shield_violation": 2.5662853717803955,
    "Time/Epoch": 189.70932006835935,
    "Time/FPS": 105.42444610595705,
    "Time/Rollout": 95.74053955078124,
    "Time/Total": 17794.279296875,
    "Time/Update": 93.9687042236328,
    "TotalEnvSteps": 2000000,
    "Train/Entropy": 0.6143067479133606,
    "Train/Epoch": 99,
    "Train/KL": 0.003348036902025342,
    "Train/LR": 0,
    "Train/PolicyRatio": 1.001307725906372,
    "Train/PolicyRatio/Max": 1.0013078451156616,
    "Train/PolicyRatio/Min": 1.0013078451156616,
    "Train/PolicyRatio/Std": 0.005955706816166639,
    "Train/PolicyStd": 0.4606004357337952,
    "Train/StopIter": 40,
    "Value/Adv": 0.14647682011127472,
    "Value/cost": 0.5500974059104919,
    "Value/reward": -0.012673494406044483,
    "_runtime": 17795.547280637,
    "_step": 100,
    "_timestamp": 1746578595.0005078,
    "_wandb": {
        "runtime": 17795
    }
}