{
    "Loss/Loss_cost_critic": 3.9800264835357666,
    "Loss/Loss_cost_critic/Delta": -0.8356215953826904,
    "Loss/Loss_pi": -0.33649489283561707,
    "Loss/Loss_pi/Delta": -0.27715660259127617,
    "Loss/Loss_reward_critic": 0.043839871883392334,
    "Loss/Loss_reward_critic/Delta": -0.001184467226266861,
    "Metrics/EpCost": 14.3100004196167,
    "Metrics/EpLen": 1000,
    "Metrics/EpRet": 5.809413909912109,
    "Metrics/LagrangeMultiplier": 3.058416843414306,
    "Metrics/LagrangeMultiplier/Max": 3.058416843414306,
    "Metrics/LagrangeMultiplier/Min": 3.058416843414306,
    "Metrics/LagrangeMultiplier/Std": 0,
    "Safety/EpCostShield": 42.099998474121094,
    "Safety/ShieldLagrangeMultiplier": 2.797797679901123,
    "Safety/ShieldLagrangeMultiplier/Max": 2.797797679901123,
    "Safety/ShieldLagrangeMultiplier/Min": 2.797797679901123,
    "Safety/ShieldLagrangeMultiplier/Std": 0,
    "Safety/shield_adv_c": "NaN",
    "Safety/shield_violation": 5.992448329925537,
    "Time/Epoch": 143.18289184570312,
    "Time/FPS": 139.68148803710938,
    "Time/Rollout": 61.45653533935547,
    "Time/Total": 14570.986328125,
    "Time/Update": 81.72631072998047,
    "TotalEnvSteps": 2000000,
    "Train/Entropy": 0.5523808598518372,
    "Train/Epoch": 99,
    "Train/KL": 0.002793574472889304,
    "Train/LR": 0,
    "Train/PolicyRatio": 1.0009193420410156,
    "Train/PolicyRatio/Max": 1.0009193420410156,
    "Train/PolicyRatio/Min": 1.0009193420410156,
    "Train/PolicyRatio/Std": 0.00549989752471447,
    "Train/PolicyStd": 0.4307917356491089,
    "Train/StopIter": 40,
    "Value/Adv": 0.18731221556663513,
    "Value/cost": 2.105759859085083,
    "Value/reward": 0.6508610248565674,
    "_runtime": 14572.023724445,
    "_step": 100,
    "_timestamp": 1746518615.7342231,
    "_wandb": {
        "runtime": 14572
    }
}