{
    "Loss/Loss_cost_critic": 2.597127676010132,
    "Loss/Loss_cost_critic/Delta": 0.5661797523498535,
    "Loss/Loss_pi": -0.2561663091182709,
    "Loss/Loss_pi/Delta": 0.046251922845840454,
    "Loss/Loss_reward_critic": 0.034753553569316864,
    "Loss/Loss_reward_critic/Delta": -0.0007966049015522003,
    "Metrics/EpCost": 3.660000085830689,
    "Metrics/EpLen": 1000,
    "Metrics/EpRet": 1.1700141429901123,
    "Metrics/LagrangeMultiplier": 2.2533860206604004,
    "Metrics/LagrangeMultiplier/Max": 2.2533860206604004,
    "Metrics/LagrangeMultiplier/Min": 2.2533860206604004,
    "Metrics/LagrangeMultiplier/Std": 0,
    "Misc/AcceptanceStep": 1,
    "Misc/Alpha": 1.2946418523788452,
    "Misc/FinalStepNorm": 0.3152463734149933,
    "Misc/H_inv_g": 0.24350084364414215,
    "Misc/gradient_norm": 0.15058492124080658,
    "Misc/xHx": 0.01193246990442276,
    "Safety/EpCostShield": 20.200000762939453,
    "Safety/ShieldLagrangeMultiplier": 2.362560987472534,
    "Safety/ShieldLagrangeMultiplier/Max": 2.362560987472534,
    "Safety/ShieldLagrangeMultiplier/Min": 2.362560987472534,
    "Safety/ShieldLagrangeMultiplier/Std": 0,
    "Safety/shield_adv_c": -0.22691568732261655,
    "Safety/shield_violation": 2.1777124404907227,
    "Time/Epoch": 98.98311614990234,
    "Time/FPS": 202.05465698242188,
    "Time/Rollout": 81.97188568115234,
    "Time/Total": 10268.857421875,
    "Time/Update": 17.011211395263672,
    "TotalEnvSteps": 2000000,
    "Train/Entropy": 2.172440528869629,
    "Train/Epoch": 99,
    "Train/KL": 0.00028984001255594194,
    "Train/LR": 0,
    "Train/PolicyRatio": 1.0023136138916016,
    "Train/PolicyRatio/Max": 1.0023136138916016,
    "Train/PolicyRatio/Min": 1.0023136138916016,
    "Train/PolicyRatio/Std": 0.0016360281733796,
    "Train/PolicyStd": 2.1819698810577393,
    "Train/StopIter": 10,
    "Value/Adv": 3.051757735406113e-09,
    "Value/cost": 0.5933647155761719,
    "Value/reward": 0.13686051964759827,
    "_runtime": 10270.832977685,
    "_step": 100,
    "_timestamp": 1746613571.624951,
    "_wandb": {
        "runtime": 10270
    }
}