{
    "Loss/Loss_cost_critic": 1.8362771272659304,
    "Loss/Loss_cost_critic/Delta": -1.2469297647476196,
    "Loss/Loss_pi": -0.38388556241989136,
    "Loss/Loss_pi/Delta": -0.6112671941518784,
    "Loss/Loss_reward_critic": 0.0041541773825883865,
    "Loss/Loss_reward_critic/Delta": -0.004216408357024193,
    "Metrics/EpCost": 11.350000381469728,
    "Metrics/EpLen": 1000,
    "Metrics/EpRet": 0.08855585008859634,
    "Metrics/LagrangeMultiplier": 2.8644895553588867,
    "Metrics/LagrangeMultiplier/Max": 2.8644895553588867,
    "Metrics/LagrangeMultiplier/Min": 2.8644895553588867,
    "Metrics/LagrangeMultiplier/Std": 0,
    "Safety/EpCostShield": 9.149999618530272,
    "Safety/ShieldLagrangeMultiplier": 2.7134816646575928,
    "Safety/ShieldLagrangeMultiplier/Max": 2.7134816646575928,
    "Safety/ShieldLagrangeMultiplier/Min": 2.7134816646575928,
    "Safety/ShieldLagrangeMultiplier/Std": 0,
    "Safety/shield_adv_c": "NaN",
    "Safety/shield_violation": 3.872950315475464,
    "Time/Epoch": 263.857666015625,
    "Time/FPS": 75.79844665527344,
    "Time/Rollout": 116.24186706542967,
    "Time/Total": 23641.1015625,
    "Time/Update": 147.61569213867188,
    "TotalEnvSteps": 2000000,
    "Train/Entropy": 0.502250075340271,
    "Train/Epoch": 99,
    "Train/KL": 0.0037310614716261625,
    "Train/LR": 0,
    "Train/PolicyRatio": 1.001672387123108,
    "Train/PolicyRatio/Max": 1.0016725063323977,
    "Train/PolicyRatio/Min": 1.0016725063323977,
    "Train/PolicyRatio/Std": 0.006834008730947971,
    "Train/PolicyStd": 0.40137553215026855,
    "Train/StopIter": 40,
    "Value/Adv": 0.027691420167684555,
    "Value/cost": 0.9355892539024352,
    "Value/reward": 0.022800160571932793,
    "_runtime": 23643.566384538,
    "_step": 100,
    "_timestamp": 1746641007.0805264,
    "_wandb": {
        "runtime": 23643
    }
}