{
    "Loss/Loss_cost_critic": 2.9553723335266113,
    "Loss/Loss_cost_critic/Delta": -0.04867815971374512,
    "Loss/Loss_pi": -0.1320725828409195,
    "Loss/Loss_pi/Delta": 0.1917203813791275,
    "Loss/Loss_reward_critic": 0.045716673135757446,
    "Loss/Loss_reward_critic/Delta": -0.010764501988887789,
    "Metrics/EpCost": 10.199999809265137,
    "Metrics/EpLen": 1000,
    "Metrics/EpRet": 10.248736381530762,
    "Metrics/LagrangeMultiplier": 2.199328660964966,
    "Metrics/LagrangeMultiplier/Max": 2.199328660964966,
    "Metrics/LagrangeMultiplier/Min": 2.199328660964966,
    "Metrics/LagrangeMultiplier/Std": 0,
    "Misc/AcceptanceStep": 1,
    "Misc/Alpha": 1.0769652128219604,
    "Misc/FinalStepNorm": 0.29689350724220276,
    "Misc/H_inv_g": 0.27567604184150696,
    "Misc/gradient_norm": 0.16185910999774933,
    "Misc/xHx": 0.017243538051843643,
    "Safety/EpCostShield": 28.850000381469727,
    "Safety/ShieldLagrangeMultiplier": 2.2508623600006104,
    "Safety/ShieldLagrangeMultiplier/Max": 2.2508623600006104,
    "Safety/ShieldLagrangeMultiplier/Min": 2.2508623600006104,
    "Safety/ShieldLagrangeMultiplier/Std": 0,
    "Safety/shield_adv_c": -0.13599278032779694,
    "Safety/shield_violation": 1.4389212131500244,
    "Time/Epoch": 121.16096496582033,
    "Time/FPS": 165.06967163085938,
    "Time/Rollout": 96.96834564208984,
    "Time/Total": 12339.5859375,
    "Time/Update": 24.19259262084961,
    "TotalEnvSteps": 2000000,
    "Train/Entropy": 1.8961189985275269,
    "Train/Epoch": 99,
    "Train/KL": 0.0003104177594650537,
    "Train/LR": 0,
    "Train/PolicyRatio": 1.000994324684143,
    "Train/PolicyRatio/Max": 1.0009944438934326,
    "Train/PolicyRatio/Min": 1.0009944438934326,
    "Train/PolicyRatio/Std": 0.0007030655979178846,
    "Train/PolicyStd": 1.6266244649887085,
    "Train/StopIter": 10,
    "Value/Adv": -6.103515470812226e-09,
    "Value/cost": 0.5916213393211365,
    "Value/reward": 0.9776540994644164,
    "_runtime": 12341.682010228,
    "_step": 100,
    "_timestamp": 1746617987.2754977,
    "_wandb": {
        "runtime": 12341
    }
}