{
    "Loss/Loss_cost_critic": 1.3975958824157717,
    "Loss/Loss_cost_critic/Delta": -0.10035765171051024,
    "Loss/Loss_pi": -0.2735684812068939,
    "Loss/Loss_pi/Delta": 0.04888927936553955,
    "Loss/Loss_reward_critic": 0.03478503227233887,
    "Loss/Loss_reward_critic/Delta": -0.0034554824233055115,
    "Metrics/EpCost": 4.409999847412109,
    "Metrics/EpLen": 1000,
    "Metrics/EpRet": 5.041956901550293,
    "Metrics/LagrangeMultiplier": 2.2352147102355957,
    "Metrics/LagrangeMultiplier/Max": 2.2352147102355957,
    "Metrics/LagrangeMultiplier/Min": 2.2352147102355957,
    "Metrics/LagrangeMultiplier/Std": 0,
    "Misc/AcceptanceStep": 1,
    "Misc/Alpha": 1.5409884452819824,
    "Misc/FinalStepNorm": 0.30750736594200134,
    "Misc/H_inv_g": 0.1995520144701004,
    "Misc/gradient_norm": 0.0750330314040184,
    "Misc/xHx": 0.008422300219535828,
    "Safety/EpCostShield": 8.550000190734863,
    "Safety/ShieldLagrangeMultiplier": 2.289071559906006,
    "Safety/ShieldLagrangeMultiplier/Max": 2.289071559906006,
    "Safety/ShieldLagrangeMultiplier/Min": 2.289071559906006,
    "Safety/ShieldLagrangeMultiplier/Std": 0,
    "Safety/shield_adv_c": -0.04456624388694763,
    "Safety/shield_violation": 1.234073281288147,
    "Time/Epoch": 96.28482055664062,
    "Time/FPS": 207.7170562744141,
    "Time/Rollout": 78.99581146240234,
    "Time/Total": 9655.494140625,
    "Time/Update": 17.28898811340332,
    "TotalEnvSteps": 2000000,
    "Train/Entropy": 1.9646085500717163,
    "Train/Epoch": 99,
    "Train/KL": 0.0003143601061310619,
    "Train/LR": 0,
    "Train/PolicyRatio": 1.0033769607543943,
    "Train/PolicyRatio/Max": 1.0033769607543943,
    "Train/PolicyRatio/Min": 1.0033769607543943,
    "Train/PolicyRatio/Std": 0.0023878717329353094,
    "Train/PolicyStd": 1.7369532585144043,
    "Train/StopIter": 10,
    "Value/Adv": 5.531310964812519e-09,
    "Value/cost": 0.45391958951950073,
    "Value/reward": 0.699569821357727,
    "_runtime": 9657.594615559,
    "_step": 100,
    "_timestamp": 1746603182.785398,
    "_wandb": {
        "runtime": 9657
    }
}