{
    "Loss/Loss_cost_critic": 1.6892560720443726,
    "Loss/Loss_cost_critic/Delta": 0.739425778388977,
    "Loss/Loss_pi": 0.07084815949201584,
    "Loss/Loss_pi/Delta": 0.1293732039630413,
    "Loss/Loss_reward_critic": 0.01278820913285017,
    "Loss/Loss_reward_critic/Delta": 0.00509240385144949,
    "Metrics/EpCost": 2.4700000286102295,
    "Metrics/EpLen": 1000,
    "Metrics/EpRet": 0.32449254393577576,
    "Metrics/LagrangeMultiplier": 1.98144793510437,
    "Metrics/LagrangeMultiplier/Max": 1.98144793510437,
    "Metrics/LagrangeMultiplier/Min": 1.98144793510437,
    "Metrics/LagrangeMultiplier/Std": 0,
    "Misc/AcceptanceStep": 1,
    "Misc/Alpha": 0.7705754637718201,
    "Misc/FinalStepNorm": 0.32301145792007446,
    "Misc/H_inv_g": 0.419182151556015,
    "Misc/gradient_norm": 0.21620601415634155,
    "Misc/xHx": 0.03368212655186653,
    "Safety/EpCostShield": 18.200000762939453,
    "Safety/ShieldLagrangeMultiplier": 2.229414701461792,
    "Safety/ShieldLagrangeMultiplier/Max": 2.229414701461792,
    "Safety/ShieldLagrangeMultiplier/Min": 2.229414701461792,
    "Safety/ShieldLagrangeMultiplier/Std": 0,
    "Safety/shield_adv_c": 0.009183153510093687,
    "Safety/shield_violation": 0.8741080164909363,
    "Time/Epoch": 135.32891845703125,
    "Time/FPS": 147.78807067871094,
    "Time/Rollout": 108.4983901977539,
    "Time/Total": 13569.5791015625,
    "Time/Update": 26.830453872680664,
    "TotalEnvSteps": 2000000,
    "Train/Entropy": 1.3075357675552368,
    "Train/Epoch": 99,
    "Train/KL": 0.00026495696511119604,
    "Train/LR": 0,
    "Train/PolicyRatio": 0.998401403427124,
    "Train/PolicyRatio/Max": 0.998401403427124,
    "Train/PolicyRatio/Min": 0.998401403427124,
    "Train/PolicyRatio/Std": 0.0011303784558549523,
    "Train/PolicyStd": 0.8960921168327332,
    "Train/StopIter": 10,
    "Value/Adv": 7.629394338515282e-10,
    "Value/cost": 0.24167528748512268,
    "Value/reward": 0.05339265614748001,
    "_runtime": 13576.535770386,
    "_step": 100,
    "_timestamp": 1747263852.1425912,
    "_wandb": {
        "runtime": 13576
    }
}