{
    "Loss/Loss_cost_critic": 6.549097061157227,
    "Loss/Loss_cost_critic/Delta": -0.2702751159667969,
    "Loss/Loss_pi": 0.21426086127758023,
    "Loss/Loss_pi/Delta": 0.06813046336174011,
    "Loss/Loss_reward_critic": 0.0051883249543607235,
    "Loss/Loss_reward_critic/Delta": -0.0014675469137728214,
    "Metrics/EpCost": 8.600000381469727,
    "Metrics/EpLen": 1000,
    "Metrics/EpRet": 0.3617529571056366,
    "Metrics/LagrangeMultiplier": 2.3200342655181885,
    "Metrics/LagrangeMultiplier/Max": 2.3200342655181885,
    "Metrics/LagrangeMultiplier/Min": 2.3200342655181885,
    "Metrics/LagrangeMultiplier/Std": 0,
    "Misc/AcceptanceStep": 1,
    "Misc/Alpha": 0.7446990609169006,
    "Misc/FinalStepNorm": 0.32605651021003723,
    "Misc/H_inv_g": 0.437836617231369,
    "Misc/gradient_norm": 0.2488782703876495,
    "Misc/xHx": 0.036063529551029205,
    "Safety/EpCostShield": 38.20000076293945,
    "Safety/ShieldLagrangeMultiplier": 2.565601587295532,
    "Safety/ShieldLagrangeMultiplier/Max": 2.565601587295532,
    "Safety/ShieldLagrangeMultiplier/Min": 2.565601587295532,
    "Safety/ShieldLagrangeMultiplier/Std": 0,
    "Safety/shield_adv_c": -0.0432208776473999,
    "Safety/shield_violation": 1.309598088264465,
    "Time/Epoch": 111.45868682861328,
    "Time/FPS": 179.4386749267578,
    "Time/Rollout": 94.14644622802734,
    "Time/Total": 10691.7900390625,
    "Time/Update": 17.312217712402344,
    "TotalEnvSteps": 2000000,
    "Train/Entropy": 1.5760904550552368,
    "Train/Epoch": 99,
    "Train/KL": 0.00024743250105530024,
    "Train/LR": 0,
    "Train/PolicyRatio": 0.9991950988769532,
    "Train/PolicyRatio/Max": 0.9991950988769532,
    "Train/PolicyRatio/Min": 0.9991950988769532,
    "Train/PolicyRatio/Std": 0.0005691510159522295,
    "Train/PolicyStd": 1.1706033945083618,
    "Train/StopIter": 10,
    "Value/Adv": -6.103515470812226e-09,
    "Value/cost": 0.4393790066242218,
    "Value/reward": 0.05071844160556793,
    "_runtime": 10693.309664378,
    "_step": 100,
    "_timestamp": 1746604264.1228237,
    "_wandb": {
        "runtime": 10693
    }
}