{
    "Loss/Loss_cost_critic": 1.1977663305628994e-08,
    "Loss/Loss_cost_critic/Delta": -4.725782432046799e-09,
    "Loss/Loss_pi": -0.012365693226456642,
    "Loss/Loss_pi/Delta": -0.23290538229048252,
    "Loss/Loss_reward_critic": 0.003177147125825286,
    "Loss/Loss_reward_critic/Delta": 0.0003048377111554146,
    "Metrics/EpCost": 0,
    "Metrics/EpLen": 1000,
    "Metrics/EpRet": -0.965801239013672,
    "Misc/A": 0.014316244050860403,
    "Misc/AcceptanceStep": 1,
    "Misc/Alpha": 1.181953191757202,
    "Misc/B": 0.019999999552965164,
    "Misc/FinalStepNorm": 0.2639813721179962,
    "Misc/H_inv_g": 0.22334323823451996,
    "Misc/Lambda_star": 0.8460568785667419,
    "Misc/Nu_star": 0,
    "Misc/OptimCase": 1,
    "Misc/cost_gradient_norm": 2.511661705284496e-06,
    "Misc/gradient_norm": 0.1872241497039795,
    "Misc/q": 0.014316244050860403,
    "Misc/r": 8.41810215285177e-12,
    "Misc/s": 5.966736190893339e-16,
    "Misc/xHx": 0.014316244050860403,
    "Time/Epoch": 83.09856414794922,
    "Time/FPS": 240.6780548095703,
    "Time/Rollout": 74.43970489501953,
    "Time/Total": 9476.953125,
    "Time/Update": 8.658832550048828,
    "TotalEnvSteps": 2000000,
    "Train/Entropy": 1.5467013120651243,
    "Train/Epoch": 99,
    "Train/KL": 0.00017741894407663494,
    "Train/LR": 0,
    "Train/PolicyRatio": 1.0011271238327026,
    "Train/PolicyRatio/Max": 1.0011271238327026,
    "Train/PolicyRatio/Min": 1.0011271238327026,
    "Train/PolicyRatio/Std": 0.0007969688158482313,
    "Train/PolicyStd": 1.1651328802108765,
    "Train/StopIter": 10,
    "Value/Adv": -1.2207030941624453e-08,
    "Value/cost": -0.0032296113204210997,
    "Value/reward": -0.19350558519363403,
    "_runtime": 9478.51909481,
    "_step": 100,
    "_timestamp": 1743315408.75027,
    "_wandb": {
        "runtime": 9478
    }
}