{
    "Loss/Loss_cost_critic": 4.759703636169434,
    "Loss/Loss_cost_critic/Delta": -1.210360050201416,
    "Loss/Loss_pi": -0.03472786396741867,
    "Loss/Loss_pi/Delta": 0.004589289426803589,
    "Loss/Loss_reward_critic": 4.1331868171691895,
    "Loss/Loss_reward_critic/Delta": -1.8057103157043457,
    "Metrics/EpCost": 21.440000534057617,
    "Metrics/EpLen": 500,
    "Metrics/EpRet": -2.2904210090637207,
    "Misc/A": 0.15281382203102112,
    "Misc/AcceptanceStep": 1,
    "Misc/Alpha": 0.3616010844707489,
    "Misc/B": -392.4114074707031,
    "Misc/FinalStepNorm": 0.35088661313056946,
    "Misc/H_inv_g": 0.9387701749801636,
    "Misc/Lambda_star": 0,
    "Misc/Nu_star": 0.13066884875297546,
    "Misc/OptimCase": 0,
    "Misc/cost_gradient_norm": 0.5440475344657898,
    "Misc/gradient_norm": 0.20362800359725952,
    "Misc/q": 0.15295740962028503,
    "Misc/r": 0.012968690134584904,
    "Misc/s": 1.171347737312317,
    "Misc/xHx": 0.15295740962028503,
    "Time/Epoch": 139.2301483154297,
    "Time/FPS": 143.6470489501953,
    "Time/Rollout": 122.8992156982422,
    "Time/Total": 13907.0419921875,
    "Time/Update": 16.33089828491211,
    "TotalEnvSteps": 2000000,
    "Train/Entropy": 1.359601616859436,
    "Train/Epoch": 99,
    "Train/KL": 0.0001121193345170468,
    "Train/LR": 0,
    "Train/PolicyRatio": 1.000912070274353,
    "Train/PolicyRatio/Max": 1.000912070274353,
    "Train/PolicyRatio/Min": 1.000912070274353,
    "Train/PolicyRatio/Std": 0.0006449591601267457,
    "Train/PolicyStd": 0.9500986933708192,
    "Train/StopIter": 10,
    "Value/Adv": 0,
    "Value/cost": 5.735379695892334,
    "Value/reward": -0.4055403769016266,
    "_runtime": 13909.034427867,
    "_step": 100,
    "_timestamp": 1743346605.245525,
    "_wandb": {
        "runtime": 13909
    }
}