{
    "Loss/Loss_cost_critic": 2.124680280685425,
    "Loss/Loss_cost_critic/Delta": -0.4404096603393554,
    "Loss/Loss_pi": -0.17130035161972046,
    "Loss/Loss_pi/Delta": 0.02510620653629303,
    "Loss/Loss_reward_critic": 0.06445854157209396,
    "Loss/Loss_reward_critic/Delta": 0.00876292958855629,
    "Metrics/EpCost": 5.800000190734863,
    "Metrics/EpLen": 1000,
    "Metrics/EpRet": 11.363290786743164,
    "Metrics/LagrangeMultiplier": 2.2774627208709717,
    "Metrics/LagrangeMultiplier/Max": 2.2774627208709717,
    "Metrics/LagrangeMultiplier/Min": 2.2774627208709717,
    "Metrics/LagrangeMultiplier/Std": 0,
    "Misc/AcceptanceStep": 1,
    "Misc/Alpha": 0.9040196537971495,
    "Misc/FinalStepNorm": 0.28305110335350037,
    "Misc/H_inv_g": 0.3131028115749359,
    "Misc/gradient_norm": 0.18969419598579407,
    "Misc/xHx": 0.024472258985042572,
    "Safety/EpCostShield": 16.799999237060547,
    "Safety/ShieldLagrangeMultiplier": 2.3276939392089844,
    "Safety/ShieldLagrangeMultiplier/Max": 2.3276939392089844,
    "Safety/ShieldLagrangeMultiplier/Min": 2.3276939392089844,
    "Safety/ShieldLagrangeMultiplier/Std": 0,
    "Safety/shield_adv_c": -0.3150941729545593,
    "Safety/shield_violation": 1.8075453042984009,
    "Time/Epoch": 115.0002899169922,
    "Time/FPS": 173.91261291503906,
    "Time/Rollout": 92.03404998779295,
    "Time/Total": 11834.201171875,
    "Time/Update": 22.966217041015625,
    "TotalEnvSteps": 2000000,
    "Train/Entropy": 1.5581871271133425,
    "Train/Epoch": 99,
    "Train/KL": 0.0003270521410740912,
    "Train/LR": 0,
    "Train/PolicyRatio": 1.0008482933044434,
    "Train/PolicyRatio/Max": 1.0008482933044434,
    "Train/PolicyRatio/Min": 1.0008482933044434,
    "Train/PolicyRatio/Std": 0.0005998339620418847,
    "Train/PolicyStd": 1.1542433500289917,
    "Train/StopIter": 10,
    "Value/Adv": 2.2888182460434332e-09,
    "Value/cost": 0.6528991460800171,
    "Value/reward": 1.1151533126831057,
    "_runtime": 11835.778254909,
    "_step": 100,
    "_timestamp": 1746574284.6924627,
    "_wandb": {
        "runtime": 11835
    }
}