{
    "Loss/Loss_cost_critic": 1.345560073852539,
    "Loss/Loss_cost_critic/Delta": 0.1155850887298584,
    "Loss/Loss_pi": -0.02315216325223446,
    "Loss/Loss_pi/Delta": -0.007947306148707867,
    "Loss/Loss_reward_critic": 0.06657971441745758,
    "Loss/Loss_reward_critic/Delta": -0.001286529004573822,
    "Metrics/EpCost": 26.8700008392334,
    "Metrics/EpLen": 1000,
    "Metrics/EpRet": 19.70979118347168,
    "Metrics/LagrangeMultiplier": 2.7619595527648926,
    "Metrics/LagrangeMultiplier/Max": 2.7619595527648926,
    "Metrics/LagrangeMultiplier/Min": 2.7619595527648926,
    "Metrics/LagrangeMultiplier/Std": 0,
    "Misc/AcceptanceStep": 1,
    "Misc/Alpha": 0.5441269278526306,
    "Misc/FinalStepNorm": 0.23686730861663816,
    "Misc/H_inv_g": 0.4353162944316864,
    "Misc/gradient_norm": 0.3892034590244293,
    "Misc/xHx": 0.0675506442785263,
    "Time/Epoch": 85.63639068603516,
    "Time/FPS": 233.54556274414065,
    "Time/Rollout": 76.30892944335938,
    "Time/Total": 8538.3515625,
    "Time/Update": 9.327435493469238,
    "TotalEnvSteps": 2000000,
    "Train/Entropy": 1.1138100624084473,
    "Train/Epoch": 99,
    "Train/KL": 0.0003961068287026137,
    "Train/LR": 0,
    "Train/PolicyRatio": 0.9991682171821594,
    "Train/PolicyRatio/Max": 0.9991682767868042,
    "Train/PolicyRatio/Min": 0.9991682767868042,
    "Train/PolicyRatio/Std": 0.0005881171091459692,
    "Train/PolicyStd": 0.7387892603874207,
    "Train/StopIter": 10,
    "Value/Adv": 5.340575981449547e-09,
    "Value/cost": 2.190837860107422,
    "Value/reward": 1.995477318763733,
    "_runtime": 8540.242013345,
    "_step": 100,
    "_timestamp": 1743324253.333454,
    "_wandb": {
        "runtime": 8540
    }
}