{
    "Loss/Loss_cost_critic": 7.805976390838623,
    "Loss/Loss_cost_critic/Delta": 1.4381070137023926,
    "Loss/Loss_pi": -0.2180975079536438,
    "Loss/Loss_pi/Delta": 0.08079022169113159,
    "Loss/Loss_reward_critic": 0.0508929118514061,
    "Loss/Loss_reward_critic/Delta": 0.006050858646631241,
    "Metrics/EpCost": 28.209999084472656,
    "Metrics/EpLen": 1000,
    "Metrics/EpRet": 7.132819652557373,
    "Metrics/LagrangeMultiplier": 2.674909830093384,
    "Metrics/LagrangeMultiplier/Max": 2.674909830093384,
    "Metrics/LagrangeMultiplier/Min": 2.674909830093384,
    "Metrics/LagrangeMultiplier/Std": 0,
    "Safety/EpCostShield": 77.0999984741211,
    "Safety/ShieldLagrangeMultiplier": 2.702315092086792,
    "Safety/ShieldLagrangeMultiplier/Max": 2.702315092086792,
    "Safety/ShieldLagrangeMultiplier/Min": 2.702315092086792,
    "Safety/ShieldLagrangeMultiplier/Std": 0,
    "Safety/shield_adv_c": "NaN",
    "Safety/shield_violation": 8.42038631439209,
    "Time/Epoch": 220.11610412597656,
    "Time/FPS": 90.86114501953124,
    "Time/Rollout": 99.4680633544922,
    "Time/Total": 22539.486328125,
    "Time/Update": 120.64796447753906,
    "TotalEnvSteps": 2000000,
    "Train/Entropy": 0.10287181288003922,
    "Train/Epoch": 99,
    "Train/KL": 0.00390322832390666,
    "Train/LR": 0,
    "Train/PolicyRatio": 1.0004944801330566,
    "Train/PolicyRatio/Max": 1.0004944801330566,
    "Train/PolicyRatio/Min": 1.0004944801330566,
    "Train/PolicyRatio/Std": 0.006430324167013168,
    "Train/PolicyStd": 0.2683548629283905,
    "Train/StopIter": 40,
    "Value/Adv": -0.1214914172887802,
    "Value/cost": 3.2881019115448,
    "Value/reward": 0.915534257888794,
    "_runtime": 22554.930606369,
    "_step": 100,
    "_timestamp": 1747272822.076424,
    "_wandb": {
        "runtime": 22554
    }
}