{
    "Loss/Loss_cost_critic": 1.564322829246521,
    "Loss/Loss_cost_critic/Delta": -0.9319692850112916,
    "Loss/Loss_pi": -0.29868316650390625,
    "Loss/Loss_pi/Delta": -0.02956029772758484,
    "Loss/Loss_reward_critic": 0.040255993604660034,
    "Loss/Loss_reward_critic/Delta": -0.006529614329338074,
    "Metrics/EpCost": 7.130000114440918,
    "Metrics/EpLen": 1000,
    "Metrics/EpRet": 6.8908586502075195,
    "Metrics/LagrangeMultiplier": 2.3598363399505615,
    "Metrics/LagrangeMultiplier/Max": 2.3598363399505615,
    "Metrics/LagrangeMultiplier/Min": 2.3598363399505615,
    "Metrics/LagrangeMultiplier/Std": 0,
    "Misc/AcceptanceStep": 1,
    "Misc/Alpha": 1.530613899230957,
    "Misc/FinalStepNorm": 0.3018752932548523,
    "Misc/H_inv_g": 0.1972249746322632,
    "Misc/gradient_norm": 0.0864596888422966,
    "Misc/xHx": 0.008536860346794128,
    "Safety/EpCostShield": 7.849999904632568,
    "Safety/ShieldLagrangeMultiplier": 2.3314177989959717,
    "Safety/ShieldLagrangeMultiplier/Max": 2.3314177989959717,
    "Safety/ShieldLagrangeMultiplier/Min": 2.3314177989959717,
    "Safety/ShieldLagrangeMultiplier/Std": 0,
    "Safety/shield_adv_c": -0.3320634961128235,
    "Safety/shield_violation": 1.551075458526611,
    "Time/Epoch": 69.51717376708984,
    "Time/FPS": 287.6986999511719,
    "Time/Rollout": 55.450191497802734,
    "Time/Total": 7390.56396484375,
    "Time/Update": 14.06696319580078,
    "TotalEnvSteps": 2000000,
    "Train/Entropy": 1.9027286767959597,
    "Train/Epoch": 99,
    "Train/KL": 0.0003029011422768235,
    "Train/LR": 0,
    "Train/PolicyRatio": 1.0037784576416016,
    "Train/PolicyRatio/Max": 1.0037784576416016,
    "Train/PolicyRatio/Min": 1.0037784576416016,
    "Train/PolicyRatio/Std": 0.002671716967597604,
    "Train/PolicyStd": 1.639015793800354,
    "Train/StopIter": 10,
    "Value/Adv": -7.629394005448376e-09,
    "Value/cost": 0.7272724509239197,
    "Value/reward": 0.637012779712677,
    "_runtime": 7391.561153411,
    "_step": 100,
    "_timestamp": 1746526906.4965727,
    "_wandb": {
        "runtime": 7391
    }
}