{
    "Loss/Loss_cost_critic": 0.41795670986175537,
    "Loss/Loss_cost_critic/Delta": -0.19726413488388064,
    "Loss/Loss_pi": -0.005749607924371958,
    "Loss/Loss_pi/Delta": 0.00717548793181777,
    "Loss/Loss_reward_critic": 0.002959007862955332,
    "Loss/Loss_reward_critic/Delta": 0.0004231440834701061,
    "Metrics/EpCost": 9.81999969482422,
    "Metrics/EpLen": 1000,
    "Metrics/EpRet": 0.182683527469635,
    "Metrics/LagrangeMultiplier": 24.84923934936523,
    "Metrics/LagrangeMultiplier/Max": 24.84923934936523,
    "Metrics/LagrangeMultiplier/Min": 24.84923934936523,
    "Metrics/LagrangeMultiplier/Std": 0,
    "Time/Epoch": 185.34786987304688,
    "Time/FPS": 107.90520477294922,
    "Time/Rollout": 83.60513305664062,
    "Time/Total": 17863.380859375,
    "Time/Update": 101.7426300048828,
    "TotalEnvSteps": 2000000,
    "Train/Entropy": 0.6684637069702148,
    "Train/Epoch": 99,
    "Train/KL": 0.0036309093702584505,
    "Train/LR": 0,
    "Train/PolicyRatio": 0.999534785747528,
    "Train/PolicyRatio/Max": 0.9995348453521729,
    "Train/PolicyRatio/Min": 0.9995348453521729,
    "Train/PolicyRatio/Std": 0.006461394485086203,
    "Train/PolicyStd": 0.4727364182472229,
    "Train/StopIter": 40,
    "Value/Adv": -0.12277200818061829,
    "Value/cost": 0.763002336025238,
    "Value/reward": 0.03502032905817032,
    "_runtime": 17865.093286097,
    "_step": 100,
    "_timestamp": 1745032400.247295,
    "_wandb": {
        "runtime": 17865
    }
}