{
    "Loss/Loss_cost_critic": 3.210941791534424,
    "Loss/Loss_cost_critic/Delta": 1.0718142986297607,
    "Loss/Loss_pi": -0.2522675096988678,
    "Loss/Loss_pi/Delta": 0.08488303422927856,
    "Loss/Loss_reward_critic": 0.00976200308650732,
    "Loss/Loss_reward_critic/Delta": 0.00458647171035409,
    "Metrics/EpCost": 7.309999942779541,
    "Metrics/EpLen": 1000,
    "Metrics/EpRet": 0.38803109526634216,
    "Metrics/LagrangeMultiplier": 2.6053309440612793,
    "Metrics/LagrangeMultiplier/Max": 2.6053309440612793,
    "Metrics/LagrangeMultiplier/Min": 2.6053309440612793,
    "Metrics/LagrangeMultiplier/Std": 0,
    "Safety/EpCostShield": 30.75,
    "Safety/ShieldLagrangeMultiplier": 2.648319721221924,
    "Safety/ShieldLagrangeMultiplier/Max": 2.648319721221924,
    "Safety/ShieldLagrangeMultiplier/Min": 2.648319721221924,
    "Safety/ShieldLagrangeMultiplier/Std": 0,
    "Safety/shield_adv_c": "NaN",
    "Safety/shield_violation": 4.815457820892334,
    "Time/Epoch": 239.3454742431641,
    "Time/FPS": 83.56121826171875,
    "Time/Rollout": 105.29692840576172,
    "Time/Total": 22227.7421875,
    "Time/Update": 134.04849243164062,
    "TotalEnvSteps": 2000000,
    "Train/Entropy": -0.2809135615825653,
    "Train/Epoch": 99,
    "Train/KL": 0.004580825101584196,
    "Train/LR": 0,
    "Train/PolicyRatio": 1.001583456993103,
    "Train/PolicyRatio/Max": 1.001583456993103,
    "Train/PolicyRatio/Min": 1.001583456993103,
    "Train/PolicyRatio/Std": 0.007787073962390423,
    "Train/PolicyStd": 0.1841369271278381,
    "Train/StopIter": 40,
    "Value/Adv": -0.09164698421955109,
    "Value/cost": 1.3028156757354736,
    "Value/reward": 0.05053471401333809,
    "_runtime": 22235.565744285,
    "_step": 100,
    "_timestamp": 1747272510.3341663,
    "_wandb": {
        "runtime": 22235
    }
}