{
    "Loss/Loss_cost_critic": 0.024211514741182327,
    "Loss/Loss_cost_critic/Delta": -0.005911201238632202,
    "Loss/Loss_pi": -0.0008416937780566514,
    "Loss/Loss_pi/Delta": 0.0006815817323513329,
    "Loss/Loss_reward_critic": 0.007083198521286249,
    "Loss/Loss_reward_critic/Delta": 0.0032195912208408117,
    "Metrics/EpCost": 0.5899999737739563,
    "Metrics/EpLen": 1000,
    "Metrics/EpRet": -0.2016096264123917,
    "Metrics/LagrangeMultiplier": 169.66293334960938,
    "Metrics/LagrangeMultiplier/Max": 169.66293334960938,
    "Metrics/LagrangeMultiplier/Min": 169.66293334960938,
    "Metrics/LagrangeMultiplier/Std": 0,
    "Misc/AcceptanceStep": 1,
    "Misc/Alpha": 12.603109359741213,
    "Misc/FinalStepNorm": 0.30920106172561646,
    "Misc/H_inv_g": 0.02453371323645115,
    "Misc/gradient_norm": 0.012600749731063845,
    "Misc/xHx": 0.00012590416008606553,
    "Time/Epoch": 100.02796173095705,
    "Time/FPS": 199.944091796875,
    "Time/Rollout": 85.1633529663086,
    "Time/Total": 10055.3916015625,
    "Time/Update": 14.86458683013916,
    "TotalEnvSteps": 2000000,
    "Train/Entropy": 1.3030006885528564,
    "Train/Epoch": 99,
    "Train/KL": 0.0003193375887349248,
    "Train/LR": 0,
    "Train/PolicyRatio": 1.001031756401062,
    "Train/PolicyRatio/Max": 1.001031756401062,
    "Train/PolicyRatio/Min": 1.001031756401062,
    "Train/PolicyRatio/Std": 0.0007295338436961174,
    "Train/PolicyStd": 0.8914476037025452,
    "Train/StopIter": 10,
    "Value/Adv": -9.155272984173736e-09,
    "Value/cost": 0.22049643099308017,
    "Value/reward": -0.024958500638604164,
    "_runtime": 10056.625254359,
    "_step": 100,
    "_timestamp": 1745014418.915629,
    "_wandb": {
        "runtime": 10056
    }
}