{
    "Loss/Loss_cost_critic": 2.1891767978668213,
    "Loss/Loss_cost_critic/Delta": -0.13165760040283203,
    "Loss/Loss_pi": -0.2800452411174774,
    "Loss/Loss_pi/Delta": -0.2454686462879181,
    "Loss/Loss_reward_critic": 0.005916697438806295,
    "Loss/Loss_reward_critic/Delta": 0.0001950906589627266,
    "Metrics/EpCost": 9.5600004196167,
    "Metrics/EpLen": 1000,
    "Metrics/EpRet": 0.3912515342235565,
    "Metrics/LagrangeMultiplier": 2.854163408279419,
    "Metrics/LagrangeMultiplier/Max": 2.854163408279419,
    "Metrics/LagrangeMultiplier/Min": 2.854163408279419,
    "Metrics/LagrangeMultiplier/Std": 0,
    "Safety/EpCostShield": 19.100000381469727,
    "Safety/ShieldLagrangeMultiplier": 2.896810293197632,
    "Safety/ShieldLagrangeMultiplier/Max": 2.896810293197632,
    "Safety/ShieldLagrangeMultiplier/Min": 2.896810293197632,
    "Safety/ShieldLagrangeMultiplier/Std": 0,
    "Safety/shield_adv_c": "NaN",
    "Safety/shield_violation": 3.656078100204468,
    "Time/Epoch": 139.2353515625,
    "Time/FPS": 143.6416778564453,
    "Time/Rollout": 57.22293472290039,
    "Time/Total": 14392.330078125,
    "Time/Update": 82.01235961914062,
    "TotalEnvSteps": 2000000,
    "Train/Entropy": 0.48529091477394104,
    "Train/Epoch": 99,
    "Train/KL": 0.0029030039440840483,
    "Train/LR": 0,
    "Train/PolicyRatio": 1.0018192529678345,
    "Train/PolicyRatio/Max": 1.0018192529678345,
    "Train/PolicyRatio/Min": 1.0018192529678345,
    "Train/PolicyRatio/Std": 0.005968410987406969,
    "Train/PolicyStd": 0.3995819687843323,
    "Train/StopIter": 40,
    "Value/Adv": 0.2133169621229172,
    "Value/cost": 1.3656530380249023,
    "Value/reward": 0.043715331703424454,
    "_runtime": 14393.742072958,
    "_step": 100,
    "_timestamp": 1746556443.7021987,
    "_wandb": {
        "runtime": 14393
    }
}