{
    "Loss/Loss_cost_critic": 4.793702125549316,
    "Loss/Loss_cost_critic/Delta": 0.5814342498779297,
    "Loss/Loss_pi": -0.22506411373615265,
    "Loss/Loss_pi/Delta": 0.06404407322406769,
    "Loss/Loss_reward_critic": 0.06567604839801788,
    "Loss/Loss_reward_critic/Delta": 0.0074068233370780945,
    "Metrics/EpCost": 18.90999984741211,
    "Metrics/EpLen": 1000,
    "Metrics/EpRet": 15.542985916137695,
    "Metrics/LagrangeMultiplier": 3.1093130111694336,
    "Metrics/LagrangeMultiplier/Max": 3.1093130111694336,
    "Metrics/LagrangeMultiplier/Min": 3.1093130111694336,
    "Metrics/LagrangeMultiplier/Std": 0,
    "Safety/EpCostShield": 39.400001525878906,
    "Safety/ShieldLagrangeMultiplier": 3.050132751464844,
    "Safety/ShieldLagrangeMultiplier/Max": 3.050132751464844,
    "Safety/ShieldLagrangeMultiplier/Min": 3.050132751464844,
    "Safety/ShieldLagrangeMultiplier/Std": 0,
    "Safety/shield_adv_c": "NaN",
    "Safety/shield_violation": 5.141714096069336,
    "Time/Epoch": 264.4502258300781,
    "Time/FPS": 75.62860107421875,
    "Time/Rollout": 107.14063262939452,
    "Time/Total": 23242.44921875,
    "Time/Update": 157.30947875976562,
    "TotalEnvSteps": 2000000,
    "Train/Entropy": 0.07140737771987915,
    "Train/Epoch": 99,
    "Train/KL": 0.003622508142143488,
    "Train/LR": 0,
    "Train/PolicyRatio": 1.0013794898986816,
    "Train/PolicyRatio/Max": 1.0013794898986816,
    "Train/PolicyRatio/Min": 1.0013794898986816,
    "Train/PolicyRatio/Std": 0.006321982946246862,
    "Train/PolicyStd": 0.2598820924758911,
    "Train/StopIter": 40,
    "Value/Adv": -0.06248312443494797,
    "Value/cost": 2.0889878273010254,
    "Value/reward": 1.7029742002487185,
    "_runtime": 23244.255143333,
    "_step": 100,
    "_timestamp": 1746586556.3972218,
    "_wandb": {
        "runtime": 23244
    }
}