{
    "Loss/Loss_cost_critic": 0.904541552066803,
    "Loss/Loss_cost_critic/Delta": -0.7977405190467834,
    "Loss/Loss_pi": -0.27215397357940674,
    "Loss/Loss_pi/Delta": -0.04334034025669098,
    "Loss/Loss_reward_critic": 0.009167402982711792,
    "Loss/Loss_reward_critic/Delta": -0.005235244520008564,
    "Metrics/EpCost": 3.1600000858306885,
    "Metrics/EpLen": 1000,
    "Metrics/EpRet": 0.4290471374988556,
    "Metrics/LagrangeMultiplier": 2.206712245941162,
    "Metrics/LagrangeMultiplier/Max": 2.206712245941162,
    "Metrics/LagrangeMultiplier/Min": 2.206712245941162,
    "Metrics/LagrangeMultiplier/Std": 0,
    "Misc/AcceptanceStep": 1,
    "Misc/Alpha": 2.1097118854522705,
    "Misc/FinalStepNorm": 0.3262385129928589,
    "Misc/H_inv_g": 0.15463653206825256,
    "Misc/gradient_norm": 0.06452257931232452,
    "Misc/xHx": 0.0044934796169400215,
    "Safety/EpCostShield": 5.650000095367432,
    "Safety/ShieldLagrangeMultiplier": 2.4377005100250244,
    "Safety/ShieldLagrangeMultiplier/Max": 2.4377005100250244,
    "Safety/ShieldLagrangeMultiplier/Min": 2.4377005100250244,
    "Safety/ShieldLagrangeMultiplier/Std": 0,
    "Safety/shield_adv_c": -0.20424723625183103,
    "Safety/shield_violation": 1.489124417304993,
    "Time/Epoch": 109.58865356445312,
    "Time/FPS": 182.50064086914065,
    "Time/Rollout": 92.55941009521484,
    "Time/Total": 10647.96484375,
    "Time/Update": 17.02922248840332,
    "TotalEnvSteps": 2000000,
    "Train/Entropy": 2.1853888034820557,
    "Train/Epoch": 99,
    "Train/KL": 0.0002524751180317253,
    "Train/LR": 0,
    "Train/PolicyRatio": 1.0022354125976562,
    "Train/PolicyRatio/Max": 1.0022354125976562,
    "Train/PolicyRatio/Min": 1.0022354125976562,
    "Train/PolicyRatio/Std": 0.0015806753654032946,
    "Train/PolicyStd": 2.160189628601074,
    "Train/StopIter": 10,
    "Value/Adv": -1.5258788677030564e-09,
    "Value/cost": 0.22214682400226593,
    "Value/reward": 0.03526955842971802,
    "_runtime": 10649.941073932,
    "_step": 100,
    "_timestamp": 1746918700.440081,
    "_wandb": {
        "runtime": 10649
    }
}