{
    "Loss/Loss_cost_critic": 1.4458881616592407,
    "Loss/Loss_cost_critic/Delta": -0.8902672529220581,
    "Loss/Loss_pi": -0.2577144205570221,
    "Loss/Loss_pi/Delta": -0.16220229119062424,
    "Loss/Loss_reward_critic": 0.0407092310488224,
    "Loss/Loss_reward_critic/Delta": -0.008547335863113403,
    "Metrics/EpCost": 11.210000038146973,
    "Metrics/EpLen": 1000,
    "Metrics/EpRet": 3.955148935317993,
    "Metrics/LagrangeMultiplier": 2.3599348068237305,
    "Metrics/LagrangeMultiplier/Max": 2.3599348068237305,
    "Metrics/LagrangeMultiplier/Min": 2.3599348068237305,
    "Metrics/LagrangeMultiplier/Std": 0,
    "Misc/AcceptanceStep": 1,
    "Misc/Alpha": 0.992458164691925,
    "Misc/FinalStepNorm": 0.3017103672027588,
    "Misc/H_inv_g": 0.3040030896663666,
    "Misc/gradient_norm": 0.1874241083860397,
    "Misc/xHx": 0.02030511200428009,
    "Safety/EpCostShield": 10.649999618530272,
    "Safety/ShieldLagrangeMultiplier": 2.516202211380005,
    "Safety/ShieldLagrangeMultiplier/Max": 2.516202211380005,
    "Safety/ShieldLagrangeMultiplier/Min": 2.516202211380005,
    "Safety/ShieldLagrangeMultiplier/Std": 0,
    "Safety/shield_adv_c": -0.4913155436515808,
    "Safety/shield_violation": 2.837981939315796,
    "Time/Epoch": 122.22229766845705,
    "Time/FPS": 163.63626098632812,
    "Time/Rollout": 98.44195556640624,
    "Time/Total": 13348.2646484375,
    "Time/Update": 23.780317306518555,
    "TotalEnvSteps": 2000000,
    "Train/Entropy": 1.3131111860275269,
    "Train/Epoch": 99,
    "Train/KL": 0.00029241101583465934,
    "Train/LR": 0,
    "Train/PolicyRatio": 1.0032639503479004,
    "Train/PolicyRatio/Max": 1.0032639503479004,
    "Train/PolicyRatio/Min": 1.0032639503479004,
    "Train/PolicyRatio/Std": 0.002307961229234934,
    "Train/PolicyStd": 0.8997228145599365,
    "Train/StopIter": 10,
    "Value/Adv": 1.5258788677030564e-09,
    "Value/cost": 0.5767577886581421,
    "Value/reward": 0.5619797110557556,
    "_runtime": 13349.95640075,
    "_step": 100,
    "_timestamp": 1746581099.702546,
    "_wandb": {
        "runtime": 13349
    }
}