{
    "Loss/Loss_cost_critic": 1.0939929485321045,
    "Loss/Loss_cost_critic/Delta": 0.19531100988388064,
    "Loss/Loss_pi": -0.04534848406910896,
    "Loss/Loss_pi/Delta": 0.061808180063962936,
    "Loss/Loss_reward_critic": 0.006313050631433725,
    "Loss/Loss_reward_critic/Delta": -0.001440130639821291,
    "Metrics/EpCost": 3.7300000190734863,
    "Metrics/EpLen": 1000,
    "Metrics/EpRet": 0.139253631234169,
    "Metrics/LagrangeMultiplier": 1.8970069885253904,
    "Metrics/LagrangeMultiplier/Max": 1.8970069885253904,
    "Metrics/LagrangeMultiplier/Min": 1.8970069885253904,
    "Metrics/LagrangeMultiplier/Std": 0,
    "Misc/AcceptanceStep": 1,
    "Misc/Alpha": 1.181459665298462,
    "Misc/FinalStepNorm": 0.3108040690422058,
    "Misc/H_inv_g": 0.2630678713321686,
    "Misc/gradient_norm": 0.12509414553642273,
    "Misc/xHx": 0.014328209683299065,
    "Safety/EpCostShield": 10.649999618530272,
    "Safety/ShieldLagrangeMultiplier": 2.2831385135650635,
    "Safety/ShieldLagrangeMultiplier/Max": 2.2831385135650635,
    "Safety/ShieldLagrangeMultiplier/Min": 2.2831385135650635,
    "Safety/ShieldLagrangeMultiplier/Std": 0,
    "Safety/shield_adv_c": 0.3237514793872833,
    "Safety/shield_violation": 1.254062533378601,
    "Time/Epoch": 128.82461547851562,
    "Time/FPS": 155.24984741210938,
    "Time/Rollout": 105.0557632446289,
    "Time/Total": 14005.29296875,
    "Time/Update": 23.768814086914062,
    "TotalEnvSteps": 2000000,
    "Train/Entropy": 1.3562058210372925,
    "Train/Epoch": 99,
    "Train/KL": 0.0002798880741465837,
    "Train/LR": 0,
    "Train/PolicyRatio": 1.0000180006027222,
    "Train/PolicyRatio/Max": 1.0000180006027222,
    "Train/PolicyRatio/Min": 1.0000180006027222,
    "Train/PolicyRatio/Std": 1.270031225431012e-05,
    "Train/PolicyStd": 0.942929208278656,
    "Train/StopIter": 10,
    "Value/Adv": -4.577636492086867e-09,
    "Value/cost": 0.14386877417564392,
    "Value/reward": 0.03749566152691841,
    "_runtime": 14007.093023364,
    "_step": 100,
    "_timestamp": 1746631630.296673,
    "_wandb": {
        "runtime": 14007
    }
}