{
    "Loss/Loss_cost_critic": 3.993906974792481,
    "Loss/Loss_cost_critic/Delta": -0.8664941787719727,
    "Loss/Loss_pi": -0.6566407084465027,
    "Loss/Loss_pi/Delta": -0.06464201211929321,
    "Loss/Loss_reward_critic": 0.033432185649871826,
    "Loss/Loss_reward_critic/Delta": 0.007730981335043907,
    "Metrics/EpCost": 25.950000762939453,
    "Metrics/EpLen": 1000,
    "Metrics/EpRet": 4.2766032218933105,
    "Metrics/LagrangeMultiplier": 2.849093437194824,
    "Metrics/LagrangeMultiplier/Max": 2.849093437194824,
    "Metrics/LagrangeMultiplier/Min": 2.849093437194824,
    "Metrics/LagrangeMultiplier/Std": 0,
    "Safety/EpCostShield": 32.70000076293945,
    "Safety/ShieldLagrangeMultiplier": 2.779494047164917,
    "Safety/ShieldLagrangeMultiplier/Max": 2.779494047164917,
    "Safety/ShieldLagrangeMultiplier/Min": 2.779494047164917,
    "Safety/ShieldLagrangeMultiplier/Std": 0,
    "Safety/shield_adv_c": "NaN",
    "Safety/shield_violation": 8.531579971313477,
    "Time/Epoch": 190.45263671875,
    "Time/FPS": 105.0129852294922,
    "Time/Rollout": 93.84660339355467,
    "Time/Total": 19325.798828125,
    "Time/Update": 96.60597229003906,
    "TotalEnvSteps": 2000000,
    "Train/Entropy": 0.6115552186965942,
    "Train/Epoch": 99,
    "Train/KL": 0.002695084549486637,
    "Train/LR": 0,
    "Train/PolicyRatio": 1.0020694732666016,
    "Train/PolicyRatio/Max": 1.0020694732666016,
    "Train/PolicyRatio/Min": 1.0020694732666016,
    "Train/PolicyRatio/Std": 0.005685665179044008,
    "Train/PolicyStd": 0.45103511214256287,
    "Train/StopIter": 40,
    "Value/Adv": 0.16286461055278778,
    "Value/cost": 3.4706859588623047,
    "Value/reward": 0.5601601600646973,
    "_runtime": 19326.981861618,
    "_step": 100,
    "_timestamp": 1746526496.635292,
    "_wandb": {
        "runtime": 19326
    }
}