{
    "Loss/Loss_cost_critic": 2.8626632690429688,
    "Loss/Loss_cost_critic/Delta": -2.247140884399414,
    "Loss/Loss_pi": -0.20147345960140228,
    "Loss/Loss_pi/Delta": -0.17025535739958286,
    "Loss/Loss_reward_critic": 0.03613724559545517,
    "Loss/Loss_reward_critic/Delta": -0.003599066287279129,
    "Metrics/EpCost": 12.390000343322754,
    "Metrics/EpLen": 1000,
    "Metrics/EpRet": 3.720721483230591,
    "Metrics/LagrangeMultiplier": 2.150120258331299,
    "Metrics/LagrangeMultiplier/Max": 2.150120258331299,
    "Metrics/LagrangeMultiplier/Min": 2.150120258331299,
    "Metrics/LagrangeMultiplier/Std": 0,
    "Misc/AcceptanceStep": 1,
    "Misc/Alpha": 0.7173484563827515,
    "Misc/FinalStepNorm": 0.2975950837135315,
    "Misc/H_inv_g": 0.4148542881011963,
    "Misc/gradient_norm": 0.33576786518096924,
    "Misc/xHx": 0.03886596858501434,
    "Safety/EpCostShield": 21.25,
    "Safety/ShieldLagrangeMultiplier": 2.272064447402954,
    "Safety/ShieldLagrangeMultiplier/Max": 2.272064447402954,
    "Safety/ShieldLagrangeMultiplier/Min": 2.272064447402954,
    "Safety/ShieldLagrangeMultiplier/Std": 0,
    "Safety/shield_adv_c": -0.1101379096508026,
    "Safety/shield_violation": 3.4830241203308105,
    "Time/Epoch": 112.59103393554688,
    "Time/FPS": 177.634033203125,
    "Time/Rollout": 95.55445098876952,
    "Time/Total": 12002.9345703125,
    "Time/Update": 17.036561965942383,
    "TotalEnvSteps": 2000000,
    "Train/Entropy": 1.1924978494644165,
    "Train/Epoch": 99,
    "Train/KL": 0.0002987210755236447,
    "Train/LR": 0,
    "Train/PolicyRatio": 1.0008349418640137,
    "Train/PolicyRatio/Max": 1.0008349418640137,
    "Train/PolicyRatio/Min": 1.0008349418640137,
    "Train/PolicyRatio/Std": 0.0005903930286876857,
    "Train/PolicyStd": 0.798133909702301,
    "Train/StopIter": 10,
    "Value/Adv": -1.0681151962899094e-08,
    "Value/cost": 1.2497882843017578,
    "Value/reward": 0.42320048809051514,
    "_runtime": 12004.097951791,
    "_step": 100,
    "_timestamp": 1746634041.2623456,
    "_wandb": {
        "runtime": 12004
    }
}