{
    "Loss/Loss_cost_critic": 2.715756893157959,
    "Loss/Loss_cost_critic/Delta": -0.695650577545166,
    "Loss/Loss_pi": -0.054310232400894165,
    "Loss/Loss_pi/Delta": 0.17041704058647156,
    "Loss/Loss_reward_critic": 0.03539295494556427,
    "Loss/Loss_reward_critic/Delta": -0.015023920685052872,
    "Metrics/EpCost": 9.670000076293944,
    "Metrics/EpLen": 1000,
    "Metrics/EpRet": 2.6567389965057373,
    "Metrics/LagrangeMultiplier": 2.3078927993774414,
    "Metrics/LagrangeMultiplier/Max": 2.3078927993774414,
    "Metrics/LagrangeMultiplier/Min": 2.3078927993774414,
    "Metrics/LagrangeMultiplier/Std": 0,
    "Misc/AcceptanceStep": 1,
    "Misc/Alpha": 0.8888944983482361,
    "Misc/FinalStepNorm": 0.32355818152427673,
    "Misc/H_inv_g": 0.3640006482601166,
    "Misc/gradient_norm": 0.20239916443824768,
    "Misc/xHx": 0.025312168523669243,
    "Safety/EpCostShield": 37.849998474121094,
    "Safety/ShieldLagrangeMultiplier": 2.363842248916626,
    "Safety/ShieldLagrangeMultiplier/Max": 2.363842248916626,
    "Safety/ShieldLagrangeMultiplier/Min": 2.363842248916626,
    "Safety/ShieldLagrangeMultiplier/Std": 0,
    "Safety/shield_adv_c": -0.2537901997566223,
    "Safety/shield_violation": 2.5885424613952637,
    "Time/Epoch": 125.93988800048828,
    "Time/FPS": 158.80592346191406,
    "Time/Rollout": 97.65218353271484,
    "Time/Total": 13111.658203125,
    "Time/Update": 28.287660598754883,
    "TotalEnvSteps": 2000000,
    "Train/Entropy": 1.8406695127487185,
    "Train/Epoch": 99,
    "Train/KL": 0.00029166380409151316,
    "Train/LR": 0,
    "Train/PolicyRatio": 0.9995216727256776,
    "Train/PolicyRatio/Max": 0.9995216727256776,
    "Train/PolicyRatio/Min": 0.9995216727256776,
    "Train/PolicyRatio/Std": 0.0003382425056770444,
    "Train/PolicyStd": 1.5629634857177734,
    "Train/StopIter": 10,
    "Value/Adv": -6.103515470812226e-09,
    "Value/cost": 0.6656796336174011,
    "Value/reward": 0.2806147038936615,
    "_runtime": 13113.733971817,
    "_step": 100,
    "_timestamp": 1746561936.833876,
    "_wandb": {
        "runtime": 13113
    }
}