{
    "Loss/Loss_cost_critic": 0.6105924248695374,
    "Loss/Loss_cost_critic/Delta": -1.0312543511390686,
    "Loss/Loss_pi": -0.3476707637310028,
    "Loss/Loss_pi/Delta": -0.23303396254777908,
    "Loss/Loss_reward_critic": 0.08353833109140396,
    "Loss/Loss_reward_critic/Delta": 0.0049903616309165955,
    "Metrics/EpCost": 3.4200000762939453,
    "Metrics/EpLen": 500,
    "Metrics/EpRet": 9.117526054382324,
    "Metrics/LagrangeMultiplier": 1.011893630027771,
    "Metrics/LagrangeMultiplier/Max": 1.011893630027771,
    "Metrics/LagrangeMultiplier/Min": 1.011893630027771,
    "Metrics/LagrangeMultiplier/Std": 0,
    "Misc/AcceptanceStep": 1,
    "Misc/Alpha": 2.9850218296051025,
    "Misc/FinalStepNorm": 0.27668312191963196,
    "Misc/H_inv_g": 0.09269048273563384,
    "Misc/gradient_norm": 0.06251959502696991,
    "Misc/xHx": 0.002244569594040513,
    "Safety/EpCostShield": 0.4000000059604645,
    "Safety/ShieldLagrangeMultiplier": 1.3187371492385864,
    "Safety/ShieldLagrangeMultiplier/Max": 1.3187371492385864,
    "Safety/ShieldLagrangeMultiplier/Min": 1.3187371492385864,
    "Safety/ShieldLagrangeMultiplier/Std": 0,
    "Safety/shield_adv_c": -0.0511091873049736,
    "Safety/shield_violation": 0.7686521410942078,
    "Time/Epoch": 119.47069549560548,
    "Time/FPS": 167.4050750732422,
    "Time/Rollout": 102.58804321289062,
    "Time/Total": 12137.416015625,
    "Time/Update": 16.882614135742188,
    "TotalEnvSteps": 2000000,
    "Train/Entropy": 1.8665056228637695,
    "Train/Epoch": 99,
    "Train/KL": 0.0003713436017278582,
    "Train/LR": 0,
    "Train/PolicyRatio": 1.0055046081542969,
    "Train/PolicyRatio/Max": 1.0055046081542969,
    "Train/PolicyRatio/Min": 1.0055046081542969,
    "Train/PolicyRatio/Std": 0.0038922897074371576,
    "Train/PolicyStd": 1.8376301527023315,
    "Train/StopIter": 10,
    "Value/Adv": 8.392333938900265e-09,
    "Value/cost": 0.35825037956237793,
    "Value/reward": 1.9997769594192505,
    "_runtime": 12138.874035544,
    "_step": 100,
    "_timestamp": 1746623872.8409016,
    "_wandb": {
        "runtime": 12138
    }
}