{
    "Loss/Loss_cost_critic": 5.845427513122559,
    "Loss/Loss_cost_critic/Delta": 0.8121247291564941,
    "Loss/Loss_pi": -0.0949804186820984,
    "Loss/Loss_pi/Delta": 0.5208855867385864,
    "Loss/Loss_reward_critic": 0.04575764015316963,
    "Loss/Loss_reward_critic/Delta": 0.0034615695476531982,
    "Metrics/EpCost": 34.61000061035156,
    "Metrics/EpLen": 1000,
    "Metrics/EpRet": 4.701826095581055,
    "Metrics/LagrangeMultiplier": 3.030085563659668,
    "Metrics/LagrangeMultiplier/Max": 3.030085563659668,
    "Metrics/LagrangeMultiplier/Min": 3.030085563659668,
    "Metrics/LagrangeMultiplier/Std": 0,
    "Safety/EpCostShield": 86.3499984741211,
    "Safety/ShieldLagrangeMultiplier": 3.001823902130127,
    "Safety/ShieldLagrangeMultiplier/Max": 3.001823902130127,
    "Safety/ShieldLagrangeMultiplier/Min": 3.001823902130127,
    "Safety/ShieldLagrangeMultiplier/Std": 0,
    "Safety/shield_adv_c": "NaN",
    "Safety/shield_violation": 7.114408016204834,
    "Time/Epoch": 177.2235565185547,
    "Time/FPS": 112.85181427001952,
    "Time/Rollout": 80.78843688964844,
    "Time/Total": 16224.9033203125,
    "Time/Update": 96.43506622314452,
    "TotalEnvSteps": 2000000,
    "Train/Entropy": 0.4293339252471924,
    "Train/Epoch": 99,
    "Train/KL": 0.003191146533936262,
    "Train/LR": 0,
    "Train/PolicyRatio": 1.0019264221191406,
    "Train/PolicyRatio/Max": 1.0019264221191406,
    "Train/PolicyRatio/Min": 1.0019264221191406,
    "Train/PolicyRatio/Std": 0.006155833601951599,
    "Train/PolicyStd": 0.37172582745552063,
    "Train/StopIter": 40,
    "Value/Adv": 0.22042103111743927,
    "Value/cost": 2.8179328441619873,
    "Value/reward": 0.6868076920509338,
    "_runtime": 16227.024381666,
    "_step": 100,
    "_timestamp": 1746609753.5730195,
    "_wandb": {
        "runtime": 16227
    }
}