{
    "Loss/Loss_cost_critic": 1.3940945863723757,
    "Loss/Loss_cost_critic/Delta": 0.2120121717453003,
    "Loss/Loss_pi": -0.18784666061401367,
    "Loss/Loss_pi/Delta": -0.13684526085853577,
    "Loss/Loss_reward_critic": 0.061207134276628494,
    "Loss/Loss_reward_critic/Delta": 0.0015065483748912811,
    "Metrics/EpCost": 1.309999942779541,
    "Metrics/EpLen": 500,
    "Metrics/EpRet": 8.259428024291992,
    "Metrics/LagrangeMultiplier": 1.193429470062256,
    "Metrics/LagrangeMultiplier/Max": 1.193429470062256,
    "Metrics/LagrangeMultiplier/Min": 1.193429470062256,
    "Metrics/LagrangeMultiplier/Std": 0,
    "Safety/EpCostShield": 3.174999952316284,
    "Safety/ShieldLagrangeMultiplier": 1.3379144668579102,
    "Safety/ShieldLagrangeMultiplier/Max": 1.3379144668579102,
    "Safety/ShieldLagrangeMultiplier/Min": 1.3379144668579102,
    "Safety/ShieldLagrangeMultiplier/Std": 0,
    "Safety/shield_adv_c": "NaN",
    "Safety/shield_violation": 0.4452399313449859,
    "Time/Epoch": 189.68177795410156,
    "Time/FPS": 105.43975067138672,
    "Time/Rollout": 83.14806365966797,
    "Time/Total": 18828.640625,
    "Time/Update": 106.5336685180664,
    "TotalEnvSteps": 2000000,
    "Train/Entropy": 0.4805831611156464,
    "Train/Epoch": 99,
    "Train/KL": 0.002678489312529564,
    "Train/LR": 0,
    "Train/PolicyRatio": 1.0014609098434448,
    "Train/PolicyRatio/Max": 1.0014610290527344,
    "Train/PolicyRatio/Min": 1.0014610290527344,
    "Train/PolicyRatio/Std": 0.005957745015621185,
    "Train/PolicyStd": 0.4097827672958374,
    "Train/StopIter": 40,
    "Value/Adv": -0.10325247794389723,
    "Value/cost": 0.13723124563694,
    "Value/reward": 1.741885542869568,
    "_runtime": 18830.084632249,
    "_step": 100,
    "_timestamp": 1746555080.8130882,
    "_wandb": {
        "runtime": 18830
    }
}