{
    "Loss/Loss_cost_critic": 2.8144829273223877,
    "Loss/Loss_cost_critic/Delta": -0.09034085273742676,
    "Loss/Loss_pi": -0.279633104801178,
    "Loss/Loss_pi/Delta": 0.23953169584274292,
    "Loss/Loss_reward_critic": 0.031240364536643028,
    "Loss/Loss_reward_critic/Delta": -0.007948590442538261,
    "Metrics/EpCost": 17.329999923706055,
    "Metrics/EpLen": 1000,
    "Metrics/EpRet": 4.588531017303467,
    "Metrics/LagrangeMultiplier": 2.811570882797241,
    "Metrics/LagrangeMultiplier/Max": 2.811570882797241,
    "Metrics/LagrangeMultiplier/Min": 2.811570882797241,
    "Metrics/LagrangeMultiplier/Std": 0,
    "Safety/EpCostShield": 43.900001525878906,
    "Safety/ShieldLagrangeMultiplier": 2.973357915878296,
    "Safety/ShieldLagrangeMultiplier/Max": 2.973357915878296,
    "Safety/ShieldLagrangeMultiplier/Min": 2.973357915878296,
    "Safety/ShieldLagrangeMultiplier/Std": 0,
    "Safety/shield_adv_c": "NaN",
    "Safety/shield_violation": 5.579184532165527,
    "Time/Epoch": 225.6628875732422,
    "Time/FPS": 88.62777709960938,
    "Time/Rollout": 99.12711334228516,
    "Time/Total": 20603.314453125,
    "Time/Update": 126.53572845458984,
    "TotalEnvSteps": 2000000,
    "Train/Entropy": 0.3633534908294678,
    "Train/Epoch": 99,
    "Train/KL": 0.003489434719085694,
    "Train/LR": 0,
    "Train/PolicyRatio": 1.0014508962631226,
    "Train/PolicyRatio/Max": 1.0014508962631226,
    "Train/PolicyRatio/Min": 1.0014508962631226,
    "Train/PolicyRatio/Std": 0.006532837636768818,
    "Train/PolicyStd": 0.353298157453537,
    "Train/StopIter": 40,
    "Value/Adv": 0.08203960955142975,
    "Value/cost": 1.8788236379623413,
    "Value/reward": 0.4972001016139984,
    "_runtime": 20604.95922051,
    "_step": 100,
    "_timestamp": 1746627731.7351549,
    "_wandb": {
        "runtime": 20604
    }
}