{
    "Loss/Loss_cost_critic": 2.6736228466033936,
    "Loss/Loss_cost_critic/Delta": -0.5737683773040771,
    "Loss/Loss_pi": -0.4198001027107239,
    "Loss/Loss_pi/Delta": -0.02593937516212463,
    "Loss/Loss_reward_critic": 0.036649078130722046,
    "Loss/Loss_reward_critic/Delta": -0.007686365395784378,
    "Metrics/EpCost": 11.279999732971191,
    "Metrics/EpLen": 1000,
    "Metrics/EpRet": 4.238253593444824,
    "Metrics/LagrangeMultiplier": 3.024620294570923,
    "Metrics/LagrangeMultiplier/Max": 3.024620294570923,
    "Metrics/LagrangeMultiplier/Min": 3.024620294570923,
    "Metrics/LagrangeMultiplier/Std": 0,
    "Safety/EpCostShield": 18.049999237060547,
    "Safety/ShieldLagrangeMultiplier": 2.9329516887664795,
    "Safety/ShieldLagrangeMultiplier/Max": 2.9329516887664795,
    "Safety/ShieldLagrangeMultiplier/Min": 2.9329516887664795,
    "Safety/ShieldLagrangeMultiplier/Std": 0,
    "Safety/shield_adv_c": "NaN",
    "Safety/shield_violation": 4.770496845245361,
    "Time/Epoch": 166.0234832763672,
    "Time/FPS": 120.46488189697266,
    "Time/Rollout": 73.44630432128906,
    "Time/Total": 17756.75390625,
    "Time/Update": 92.5771255493164,
    "TotalEnvSteps": 2000000,
    "Train/Entropy": 0.5886063575744629,
    "Train/Epoch": 99,
    "Train/KL": 0.0029902346432209015,
    "Train/LR": 0,
    "Train/PolicyRatio": 1.0015273094177246,
    "Train/PolicyRatio/Max": 1.0015274286270142,
    "Train/PolicyRatio/Min": 1.0015274286270142,
    "Train/PolicyRatio/Std": 0.0057636043056845665,
    "Train/PolicyStd": 0.44164347648620605,
    "Train/StopIter": 40,
    "Value/Adv": -0.0692012831568718,
    "Value/cost": 1.834392547607422,
    "Value/reward": 0.4024445414543152,
    "_runtime": 17758.305736872,
    "_step": 100,
    "_timestamp": 1746924706.9679077,
    "_wandb": {
        "runtime": 17758
    }
}