{
    "Loss/Loss_cost_critic": 4.415074825286865,
    "Loss/Loss_cost_critic/Delta": 0.17006921768188477,
    "Loss/Loss_pi": -0.11048030108213425,
    "Loss/Loss_pi/Delta": 0.012468121945858002,
    "Loss/Loss_reward_critic": 0.02313166856765747,
    "Loss/Loss_reward_critic/Delta": -0.0007078442722558975,
    "Metrics/EpCost": 13.359999656677246,
    "Metrics/EpLen": 1000,
    "Metrics/EpRet": 4.687389373779297,
    "Metrics/LagrangeMultiplier": 2.316519260406494,
    "Metrics/LagrangeMultiplier/Max": 2.316519260406494,
    "Metrics/LagrangeMultiplier/Min": 2.316519260406494,
    "Metrics/LagrangeMultiplier/Std": 0,
    "Safety/EpCostShield": 33.29999923706055,
    "Safety/ShieldLagrangeMultiplier": 2.4172067642211914,
    "Safety/ShieldLagrangeMultiplier/Max": 2.4172067642211914,
    "Safety/ShieldLagrangeMultiplier/Min": 2.4172067642211914,
    "Safety/ShieldLagrangeMultiplier/Std": 0,
    "Safety/shield_adv_c": "NaN",
    "Safety/shield_violation": 2.5646872520446777,
    "Time/Epoch": 222.1053009033203,
    "Time/FPS": 90.04737854003906,
    "Time/Rollout": 95.4451904296875,
    "Time/Total": 20881.52734375,
    "Time/Update": 126.66004180908205,
    "TotalEnvSteps": 2000000,
    "Train/Entropy": 0.6401052474975586,
    "Train/Epoch": 99,
    "Train/KL": 0.0028968246188014746,
    "Train/LR": 0,
    "Train/PolicyRatio": 1.0008540153503418,
    "Train/PolicyRatio/Max": 1.0008540153503418,
    "Train/PolicyRatio/Min": 1.0008540153503418,
    "Train/PolicyRatio/Std": 0.005627433769404888,
    "Train/PolicyStd": 0.4685235023498535,
    "Train/StopIter": 40,
    "Value/Adv": -0.14575742185115814,
    "Value/cost": 1.363074779510498,
    "Value/reward": 0.5281872153282166,
    "_runtime": 20883.381729008,
    "_step": 100,
    "_timestamp": 1746626119.3777924,
    "_wandb": {
        "runtime": 20883
    }
}