{
    "Loss/Loss_cost_critic": 1.241426944732666,
    "Loss/Loss_cost_critic/Delta": -0.7659006118774414,
    "Loss/Loss_pi": -0.3545461595058441,
    "Loss/Loss_pi/Delta": -0.0908595323562622,
    "Loss/Loss_reward_critic": 0.007325927261263132,
    "Loss/Loss_reward_critic/Delta": -0.01139357080683112,
    "Metrics/EpCost": 5.480000019073486,
    "Metrics/EpLen": 1000,
    "Metrics/EpRet": -0.12375828623771667,
    "Metrics/LagrangeMultiplier": 2.787436246871948,
    "Metrics/LagrangeMultiplier/Max": 2.787436246871948,
    "Metrics/LagrangeMultiplier/Min": 2.787436246871948,
    "Metrics/LagrangeMultiplier/Std": 0,
    "Misc/AcceptanceStep": 1,
    "Misc/Alpha": 1.555386662483215,
    "Misc/FinalStepNorm": 0.3295109272003174,
    "Misc/H_inv_g": 0.21185144782066345,
    "Misc/gradient_norm": 0.08881697803735733,
    "Misc/xHx": 0.008267090655863285,
    "Safety/EpCostShield": 7.650000095367432,
    "Safety/ShieldLagrangeMultiplier": 2.617550849914551,
    "Safety/ShieldLagrangeMultiplier/Max": 2.617550849914551,
    "Safety/ShieldLagrangeMultiplier/Min": 2.617550849914551,
    "Safety/ShieldLagrangeMultiplier/Std": 0,
    "Safety/shield_adv_c": -0.11376244574785233,
    "Safety/shield_violation": 2.167447566986084,
    "Time/Epoch": 78.85130310058594,
    "Time/FPS": 253.6419677734375,
    "Time/Rollout": 64.70494079589844,
    "Time/Total": 8140.337890625,
    "Time/Update": 14.14634132385254,
    "TotalEnvSteps": 2000000,
    "Train/Entropy": 2.2855165004730225,
    "Train/Epoch": 99,
    "Train/KL": 0.00025077888858504593,
    "Train/LR": 0,
    "Train/PolicyRatio": 1.0023587942123413,
    "Train/PolicyRatio/Max": 1.0023587942123413,
    "Train/PolicyRatio/Min": 1.0023587942123413,
    "Train/PolicyRatio/Std": 0.0016679475083947182,
    "Train/PolicyStd": 2.415374755859375,
    "Train/StopIter": 10,
    "Value/Adv": 3.051757735406113e-09,
    "Value/cost": 0.5780916213989258,
    "Value/reward": -0.013270904310047626,
    "_runtime": 8141.345389821,
    "_step": 100,
    "_timestamp": 1746519270.31661,
    "_wandb": {
        "runtime": 8141
    }
}