{
    "Loss/Loss_cost_critic": 1.2071603536605835,
    "Loss/Loss_cost_critic/Delta": -0.15568363666534424,
    "Loss/Loss_pi": -0.010782086290419102,
    "Loss/Loss_pi/Delta": 0.006574115715920925,
    "Loss/Loss_reward_critic": 0.04489452764391899,
    "Loss/Loss_reward_critic/Delta": -0.0017499476671218872,
    "Metrics/EpCost": 29.969999313354492,
    "Metrics/EpLen": 1000,
    "Metrics/EpRet": 16.922927856445312,
    "Metrics/LagrangeMultiplier": 3.2012548446655273,
    "Metrics/LagrangeMultiplier/Max": 3.2012548446655273,
    "Metrics/LagrangeMultiplier/Min": 3.2012548446655273,
    "Metrics/LagrangeMultiplier/Std": 0,
    "Time/Epoch": 220.0526428222656,
    "Time/FPS": 90.88734436035156,
    "Time/Rollout": 89.54056549072266,
    "Time/Total": 19675.849609375,
    "Time/Update": 130.51194763183594,
    "TotalEnvSteps": 2000000,
    "Train/Entropy": 0.5120805501937866,
    "Train/Epoch": 99,
    "Train/KL": 0.0036424582358449697,
    "Train/LR": 0,
    "Train/PolicyRatio": 1.0001899003982544,
    "Train/PolicyRatio/Max": 1.0001899003982544,
    "Train/PolicyRatio/Min": 1.0001899003982544,
    "Train/PolicyRatio/Std": 0.006127882283180952,
    "Train/PolicyStd": 0.4037929773330689,
    "Train/StopIter": 40,
    "Value/Adv": -0.019904352724552155,
    "Value/cost": 4.1452178955078125,
    "Value/reward": 1.7518647909164429,
    "_runtime": 19677.150175457,
    "_step": 100,
    "_timestamp": 1743336964.3811483,
    "_wandb": {
        "runtime": 19677
    }
}