{
    "Loss/Loss_cost_critic": 1.028428554534912,
    "Loss/Loss_cost_critic/Delta": -0.2615079879760742,
    "Loss/Loss_pi": -0.009592109359800816,
    "Loss/Loss_pi/Delta": 0.003972186706960201,
    "Loss/Loss_reward_critic": 0.01261770911514759,
    "Loss/Loss_reward_critic/Delta": 0.006760394666343927,
    "Metrics/EpCost": 19.469999313354492,
    "Metrics/EpLen": 1000,
    "Metrics/EpRet": -0.008322816342115402,
    "Metrics/LagrangeMultiplier": 0.3307350277900696,
    "Metrics/LagrangeMultiplier/Max": 0.3307350277900696,
    "Metrics/LagrangeMultiplier/Min": 0.3307350277900696,
    "Metrics/LagrangeMultiplier/Std": 0,
    "Misc/AcceptanceStep": 1,
    "Misc/Alpha": 1.216102123260498,
    "Misc/FinalStepNorm": 0.22779656946659088,
    "Misc/H_inv_g": 0.18731698393821716,
    "Misc/gradient_norm": 0.16608884930610657,
    "Misc/xHx": 0.013523513451218603,
    "Time/Epoch": 111.53450012207033,
    "Time/FPS": 179.3167266845703,
    "Time/Rollout": 99.87899780273438,
    "Time/Total": 11114.9384765625,
    "Time/Update": 11.65548038482666,
    "TotalEnvSteps": 2000000,
    "Train/Entropy": 1.1427968740463257,
    "Train/Epoch": 99,
    "Train/KL": 0.00043004698818549514,
    "Train/LR": 0,
    "Train/PolicyRatio": 0.9999759793281556,
    "Train/PolicyRatio/Max": 0.9999760389328004,
    "Train/PolicyRatio/Min": 0.9999760389328004,
    "Train/PolicyRatio/Std": 1.6943138689384796e-05,
    "Train/PolicyStd": 0.7626670002937317,
    "Train/StopIter": 10,
    "Value/Adv": 2.2888182460434332e-09,
    "Value/cost": 1.2062398195266724,
    "Value/reward": 0.0006813303916715086,
    "_runtime": 11116.740250711,
    "_step": 100,
    "_timestamp": 1745016614.495962,
    "_wandb": {
        "runtime": 11116
    }
}