{
    "Loss/Loss_cost_critic": 2.209280252456665,
    "Loss/Loss_cost_critic/Delta": -0.993821620941162,
    "Loss/Loss_pi": -0.015923691913485527,
    "Loss/Loss_pi/Delta": 0.004687659442424774,
    "Loss/Loss_reward_critic": 0.09632114320993423,
    "Loss/Loss_reward_critic/Delta": -0.015397220849990845,
    "Metrics/EpCost": 77.04000091552734,
    "Metrics/EpLen": 1000,
    "Metrics/EpRet": 19.75010681152344,
    "Metrics/LagrangeMultiplier": 0.35534024238586426,
    "Metrics/LagrangeMultiplier/Max": 0.35534024238586426,
    "Metrics/LagrangeMultiplier/Min": 0.35534024238586426,
    "Metrics/LagrangeMultiplier/Std": 0,
    "Misc/AcceptanceStep": 1,
    "Misc/Alpha": 0.8397982120513916,
    "Misc/FinalStepNorm": 0.21983738243579865,
    "Misc/H_inv_g": 0.2617740333080292,
    "Misc/gradient_norm": 0.30283790826797485,
    "Misc/xHx": 0.028358284384012222,
    "Time/Epoch": 106.80061340332033,
    "Time/FPS": 187.2648468017578,
    "Time/Rollout": 92.87276458740234,
    "Time/Total": 10589.767578125,
    "Time/Update": 13.927820205688477,
    "TotalEnvSteps": 2000000,
    "Train/Entropy": 0.8237726092338562,
    "Train/Epoch": 99,
    "Train/KL": 0.0004246006137691438,
    "Train/LR": 0,
    "Train/PolicyRatio": 1.0019006729125977,
    "Train/PolicyRatio/Max": 1.0019006729125977,
    "Train/PolicyRatio/Min": 1.0019006729125977,
    "Train/PolicyRatio/Std": 0.0013440349139273169,
    "Train/PolicyStd": 0.5541053414344788,
    "Train/StopIter": 10,
    "Value/Adv": -2.3651121949797016e-08,
    "Value/cost": 9.742445945739746,
    "Value/reward": 2.311131000518799,
    "_runtime": 10591.446892121,
    "_step": 100,
    "_timestamp": 1745027628.9636552,
    "_wandb": {
        "runtime": 10591
    }
}