{
    "Loss/Loss_cost_critic": 1.708790302276611,
    "Loss/Loss_cost_critic/Delta": -0.11326134204864502,
    "Loss/Loss_pi": -0.0084821917116642,
    "Loss/Loss_pi/Delta": 0.0004767095670104027,
    "Loss/Loss_reward_critic": 0.3824854791164398,
    "Loss/Loss_reward_critic/Delta": 0.059681981801986694,
    "Metrics/EpCost": 7.980000019073486,
    "Metrics/EpLen": 500,
    "Metrics/EpRet": 35.411651611328125,
    "Metrics/LagrangeMultiplier": 1.1294671297073364,
    "Metrics/LagrangeMultiplier/Max": 1.1294671297073364,
    "Metrics/LagrangeMultiplier/Min": 1.1294671297073364,
    "Metrics/LagrangeMultiplier/Std": 0,
    "Misc/AcceptanceStep": 1,
    "Misc/Alpha": 1.461373805999756,
    "Misc/FinalStepNorm": 0.19008229672908783,
    "Misc/H_inv_g": 0.13007095456123352,
    "Misc/gradient_norm": 0.2738439440727234,
    "Misc/xHx": 0.009364980272948742,
    "Time/Epoch": 75.17477416992188,
    "Time/FPS": 266.04669189453125,
    "Time/Rollout": 65.89579010009766,
    "Time/Total": 7536.98828125,
    "Time/Update": 9.278964042663574,
    "TotalEnvSteps": 2000000,
    "Train/Entropy": 0.6264185905456543,
    "Train/Epoch": 99,
    "Train/KL": 0.0004531910235527903,
    "Train/LR": 0,
    "Train/PolicyRatio": 0.9987470507621764,
    "Train/PolicyRatio/Max": 0.9987470507621764,
    "Train/PolicyRatio/Min": 0.9987470507621764,
    "Train/PolicyRatio/Std": 0.0008859548252075911,
    "Train/PolicyStd": 0.4549238383769989,
    "Train/StopIter": 10,
    "Value/Adv": -9.155272984173736e-09,
    "Value/cost": 2.0525662899017334,
    "Value/reward": 6.838809490203857,
    "_runtime": 7542.163108805,
    "_step": 100,
    "_timestamp": 1746906111.9842362,
    "_wandb": {
        "runtime": 7542
    }
}