{
    "Loss/Loss_cost_critic": 1.3193583488464355,
    "Loss/Loss_cost_critic/Delta": 0.27211153507232666,
    "Loss/Loss_pi": -0.020795470103621483,
    "Loss/Loss_pi/Delta": 0.001949535682797432,
    "Loss/Loss_reward_critic": 0.05854484438896179,
    "Loss/Loss_reward_critic/Delta": 0.0023760348558425903,
    "Metrics/EpCost": 30.510000228881836,
    "Metrics/EpLen": 1000,
    "Metrics/EpRet": 8.882915496826172,
    "Metrics/LagrangeMultiplier": 3.4191620349884033,
    "Metrics/LagrangeMultiplier/Max": 3.4191620349884033,
    "Metrics/LagrangeMultiplier/Min": 3.4191620349884033,
    "Metrics/LagrangeMultiplier/Std": 0,
    "Time/Epoch": 220.59776306152344,
    "Time/FPS": 90.66275024414062,
    "Time/Rollout": 100.21166229248048,
    "Time/Total": 20428.646484375,
    "Time/Update": 120.385986328125,
    "TotalEnvSteps": 2000000,
    "Train/Entropy": 0.4179498553276062,
    "Train/Epoch": 99,
    "Train/KL": 0.004576528910547495,
    "Train/LR": 0,
    "Train/PolicyRatio": 1.001042366027832,
    "Train/PolicyRatio/Max": 1.001042366027832,
    "Train/PolicyRatio/Min": 1.001042366027832,
    "Train/PolicyRatio/Std": 0.007634955924004316,
    "Train/PolicyStd": 0.3678613007068634,
    "Train/StopIter": 40,
    "Value/Adv": 0.02954760193824768,
    "Value/cost": 3.4466874599456787,
    "Value/reward": 1.0959619283676147,
    "_runtime": 20430.811301167,
    "_step": 100,
    "_timestamp": 1743341735.210022,
    "_wandb": {
        "runtime": 20430
    }
}