{
    "Loss/Loss_cost_critic": 2.0106289386749268,
    "Loss/Loss_cost_critic/Delta": -2.5205938816070557,
    "Loss/Loss_pi": -0.5182295441627502,
    "Loss/Loss_pi/Delta": -0.5394609570503235,
    "Loss/Loss_reward_critic": 0.04374842718243599,
    "Loss/Loss_reward_critic/Delta": 0.014573583379387856,
    "Metrics/EpCost": 10.550000190734863,
    "Metrics/EpLen": 1000,
    "Metrics/EpRet": 4.072200298309326,
    "Metrics/LagrangeMultiplier": 2.1943845748901367,
    "Metrics/LagrangeMultiplier/Max": 2.1943845748901367,
    "Metrics/LagrangeMultiplier/Min": 2.1943845748901367,
    "Metrics/LagrangeMultiplier/Std": 0,
    "Misc/AcceptanceStep": 1,
    "Misc/Alpha": 1.4682295322418213,
    "Misc/FinalStepNorm": 0.3092212378978729,
    "Misc/H_inv_g": 0.21060824394226071,
    "Misc/gradient_norm": 0.07405984401702881,
    "Misc/xHx": 0.009277727454900742,
    "Safety/EpCostShield": 0.8999999761581421,
    "Safety/ShieldLagrangeMultiplier": 2.380765438079834,
    "Safety/ShieldLagrangeMultiplier/Max": 2.380765438079834,
    "Safety/ShieldLagrangeMultiplier/Min": 2.380765438079834,
    "Safety/ShieldLagrangeMultiplier/Std": 0,
    "Safety/shield_adv_c": -0.7676107883453369,
    "Safety/shield_violation": 3.4023468494415283,
    "Time/Epoch": 163.45301818847656,
    "Time/FPS": 122.35932159423828,
    "Time/Rollout": 128.19717407226562,
    "Time/Total": 16109.3291015625,
    "Time/Update": 35.2557373046875,
    "TotalEnvSteps": 2000000,
    "Train/Entropy": 1.9084014892578125,
    "Train/Epoch": 99,
    "Train/KL": 0.00028944603400304914,
    "Train/LR": 0,
    "Train/PolicyRatio": 1.0055862665176392,
    "Train/PolicyRatio/Max": 1.0055863857269287,
    "Train/PolicyRatio/Min": 1.0055863857269287,
    "Train/PolicyRatio/Std": 0.003950115293264389,
    "Train/PolicyStd": 1.6390929222106934,
    "Train/StopIter": 10,
    "Value/Adv": 7.629394005448376e-09,
    "Value/cost": 1.0448092222213743,
    "Value/reward": 0.5761574506759644,
    "_runtime": 16110.7228914,
    "_step": 100,
    "_timestamp": 1746542680.488565,
    "_wandb": {
        "runtime": 16110
    }
}