{
    "Loss/Loss_cost_critic": 9.848844528198242,
    "Loss/Loss_cost_critic/Delta": 2.5557761192321777,
    "Loss/Loss_pi": -0.008957806043326855,
    "Loss/Loss_pi/Delta": 0.005056185647845268,
    "Loss/Loss_reward_critic": 0.16580884158611298,
    "Loss/Loss_reward_critic/Delta": 0.036777570843696594,
    "Metrics/EpCost": 115.8000030517578,
    "Metrics/EpLen": 500,
    "Metrics/EpRet": 16.865602493286133,
    "Metrics/LagrangeMultiplier": 0.28070345520973206,
    "Metrics/LagrangeMultiplier/Max": 0.28070345520973206,
    "Metrics/LagrangeMultiplier/Min": 0.28070345520973206,
    "Metrics/LagrangeMultiplier/Std": 0,
    "Time/Epoch": 247.35003662109375,
    "Time/FPS": 80.85707092285156,
    "Time/Rollout": 114.65533447265624,
    "Time/Total": 22675.00390625,
    "Time/Update": 132.6946258544922,
    "TotalEnvSteps": 2000000,
    "Train/Entropy": -0.36327654123306274,
    "Train/Epoch": 99,
    "Train/KL": 0.0043482291512191296,
    "Train/LR": 0,
    "Train/PolicyRatio": 1.0007193088531494,
    "Train/PolicyRatio/Max": 1.0007193088531494,
    "Train/PolicyRatio/Min": 1.0007193088531494,
    "Train/PolicyRatio/Std": 0.006942823529243469,
    "Train/PolicyStd": 0.17333373427391052,
    "Train/StopIter": 40,
    "Value/Adv": -0.24554117023944855,
    "Value/cost": 18.44618225097656,
    "Value/reward": 3.726593017578125,
    "_runtime": 22676.205734042,
    "_step": 100,
    "_timestamp": 1745062893.1857145,
    "_wandb": {
        "runtime": 22676
    }
}