{
    "Loss/Loss_cost_critic": 0.20677591860294345,
    "Loss/Loss_cost_critic/Delta": -0.056002989411354065,
    "Loss/Loss_pi": -0.0043033333495259285,
    "Loss/Loss_pi/Delta": 0.0020632813684642315,
    "Loss/Loss_reward_critic": 0.011383364908397198,
    "Loss/Loss_reward_critic/Delta": 0.0028212442994117737,
    "Metrics/EpCost": 3.819999933242798,
    "Metrics/EpLen": 1000,
    "Metrics/EpRet": -2.122512102127075,
    "Metrics/LagrangeMultiplier": 119.79681396484376,
    "Metrics/LagrangeMultiplier/Max": 119.79681396484376,
    "Metrics/LagrangeMultiplier/Min": 119.79681396484376,
    "Metrics/LagrangeMultiplier/Std": 0,
    "Time/Epoch": 102.5459976196289,
    "Time/FPS": 195.0344390869141,
    "Time/Rollout": 54.94627380371094,
    "Time/Total": 10026.314453125,
    "Time/Update": 47.59968185424805,
    "TotalEnvSteps": 2000000,
    "Train/Entropy": 0.4774228632450104,
    "Train/Epoch": 99,
    "Train/KL": 0.003941001836210489,
    "Train/LR": 0,
    "Train/PolicyRatio": 1.0007145404815674,
    "Train/PolicyRatio/Max": 1.0007145404815674,
    "Train/PolicyRatio/Min": 1.0007145404815674,
    "Train/PolicyRatio/Std": 0.007056902162730694,
    "Train/PolicyStd": 0.39793041348457336,
    "Train/StopIter": 40,
    "Value/Adv": 0.2207840085029602,
    "Value/cost": 0.30314621329307556,
    "Value/reward": -0.2665571868419647,
    "_runtime": 10027.670369826,
    "_step": 100,
    "_timestamp": 1745033365.115457,
    "_wandb": {
        "runtime": 10027
    }
}