{
    "Loss/Loss_cost_critic": 1.1608145236968994,
    "Loss/Loss_cost_critic/Delta": -2.91753888130188,
    "Loss/Loss_pi": -0.2818748950958252,
    "Loss/Loss_pi/Delta": -0.06478236615657806,
    "Loss/Loss_reward_critic": 0.08495157212018967,
    "Loss/Loss_reward_critic/Delta": 0.007892034947872162,
    "Metrics/EpCost": 1.7300000190734863,
    "Metrics/EpLen": 500,
    "Metrics/EpRet": 10.879460334777832,
    "Metrics/LagrangeMultiplier": 0.8693466782569885,
    "Metrics/LagrangeMultiplier/Max": 0.8693466782569885,
    "Metrics/LagrangeMultiplier/Min": 0.8693466782569885,
    "Metrics/LagrangeMultiplier/Std": 0,
    "Misc/AcceptanceStep": 1,
    "Misc/Alpha": 2.6477584838867188,
    "Misc/FinalStepNorm": 0.3127409517765045,
    "Misc/H_inv_g": 0.1181153655052185,
    "Misc/gradient_norm": 0.07277388125658035,
    "Misc/xHx": 0.0028528026305139065,
    "Safety/EpCostShield": 3.200000047683716,
    "Safety/ShieldLagrangeMultiplier": 1.1162407398223877,
    "Safety/ShieldLagrangeMultiplier/Max": 1.1162407398223877,
    "Safety/ShieldLagrangeMultiplier/Min": 1.1162407398223877,
    "Safety/ShieldLagrangeMultiplier/Std": 0,
    "Safety/shield_adv_c": 0.1084240898489952,
    "Safety/shield_violation": 0.1342087686061859,
    "Time/Epoch": 128.2537841796875,
    "Time/FPS": 155.94082641601562,
    "Time/Rollout": 101.77914428710938,
    "Time/Total": 13139.744140625,
    "Time/Update": 26.474609375,
    "TotalEnvSteps": 2000000,
    "Train/Entropy": 1.974609375,
    "Train/Epoch": 99,
    "Train/KL": 0.0002699837787076831,
    "Train/LR": 0,
    "Train/PolicyRatio": 1.0050538778305054,
    "Train/PolicyRatio/Max": 1.0050538778305054,
    "Train/PolicyRatio/Min": 1.0050538778305054,
    "Train/PolicyRatio/Std": 0.003573546884581446,
    "Train/PolicyStd": 1.9024018049240112,
    "Train/StopIter": 10,
    "Value/Adv": 4.577636492086867e-09,
    "Value/cost": 0.16950932145118713,
    "Value/reward": 2.108705520629883,
    "_runtime": 13141.51894052,
    "_step": 100,
    "_timestamp": 1746547850.7689323,
    "_wandb": {
        "runtime": 13141
    }
}