{
    "Loss/Loss_cost_critic": 1.6207352876663208,
    "Loss/Loss_cost_critic/Delta": -0.16299641132354736,
    "Loss/Loss_pi": -0.009108171798288822,
    "Loss/Loss_pi/Delta": -0.00024713389575481415,
    "Loss/Loss_reward_critic": 0.0390162467956543,
    "Loss/Loss_reward_critic/Delta": 0.006455324590206146,
    "Metrics/EpCost": 43.150001525878906,
    "Metrics/EpLen": 1000,
    "Metrics/EpRet": 22.661693572998047,
    "Metrics/LagrangeMultiplier": 0.32640764117240906,
    "Metrics/LagrangeMultiplier/Max": 0.32640764117240906,
    "Metrics/LagrangeMultiplier/Min": 0.32640764117240906,
    "Metrics/LagrangeMultiplier/Std": 0,
    "Misc/AcceptanceStep": 1,
    "Misc/Alpha": 1.4148694276809692,
    "Misc/FinalStepNorm": 0.15112394094467163,
    "Misc/H_inv_g": 0.10681122541427612,
    "Misc/gradient_norm": 0.30004942417144775,
    "Misc/xHx": 0.009990720078349112,
    "Time/Epoch": 92.55813598632812,
    "Time/FPS": 216.08041381835935,
    "Time/Rollout": 77.49016571044922,
    "Time/Total": 9180.3564453125,
    "Time/Update": 15.067936897277832,
    "TotalEnvSteps": 2000000,
    "Train/Entropy": 0.6121551394462585,
    "Train/Epoch": 99,
    "Train/KL": 0.0004958707140758634,
    "Train/LR": 0,
    "Train/PolicyRatio": 1.0009835958480835,
    "Train/PolicyRatio/Max": 1.0009835958480835,
    "Train/PolicyRatio/Min": 1.0009835958480835,
    "Train/PolicyRatio/Std": 0.0006954230484552681,
    "Train/PolicyStd": 0.4710666835308075,
    "Train/StopIter": 10,
    "Value/Adv": 3.051757735406113e-09,
    "Value/cost": 4.552786827087402,
    "Value/reward": 2.2629811763763428,
    "_runtime": 9182.411395736,
    "_step": 100,
    "_timestamp": 1745004434.957017,
    "_wandb": {
        "runtime": 9182
    }
}