{
    "Loss/Loss_cost_critic": 2.8549649715423584,
    "Loss/Loss_cost_critic/Delta": 1.442887783050537,
    "Loss/Loss_pi": -0.009779895655810831,
    "Loss/Loss_pi/Delta": 0.0014092214405536652,
    "Loss/Loss_reward_critic": 0.04100504890084267,
    "Loss/Loss_reward_critic/Delta": -0.009680062532424928,
    "Metrics/EpCost": 28.75,
    "Metrics/EpLen": 1000,
    "Metrics/EpRet": 17.855859756469727,
    "Metrics/LagrangeMultiplier": 2.994713544845581,
    "Metrics/LagrangeMultiplier/Max": 2.994713544845581,
    "Metrics/LagrangeMultiplier/Min": 2.994713544845581,
    "Metrics/LagrangeMultiplier/Std": 0,
    "Time/Epoch": 123.0315170288086,
    "Time/FPS": 162.5599822998047,
    "Time/Rollout": 61.29010772705078,
    "Time/Total": 12344.2568359375,
    "Time/Update": 61.7413444519043,
    "TotalEnvSteps": 2000000,
    "Train/Entropy": 0.6105377078056335,
    "Train/Epoch": 99,
    "Train/KL": 0.0034973204601556063,
    "Train/LR": 0,
    "Train/PolicyRatio": 1.0000932216644287,
    "Train/PolicyRatio/Max": 1.0000932216644287,
    "Train/PolicyRatio/Min": 1.0000932216644287,
    "Train/PolicyRatio/Std": 0.006868424359709024,
    "Train/PolicyStd": 0.4474524259567261,
    "Train/StopIter": 40,
    "Value/Adv": -0.037612371146678925,
    "Value/cost": 3.516555070877075,
    "Value/reward": 1.8929418325424192,
    "_runtime": 12345.759623793,
    "_step": 100,
    "_timestamp": 1746910922.7815497,
    "_wandb": {
        "runtime": 12345
    }
}