{
    "Loss/Loss_cost_critic": 1.7904253005981443,
    "Loss/Loss_cost_critic/Delta": 0.9236862659454346,
    "Loss/Loss_pi": 0.01983107253909111,
    "Loss/Loss_pi/Delta": 0.06395802274346352,
    "Loss/Loss_reward_critic": 0.08077514916658401,
    "Loss/Loss_reward_critic/Delta": 0.005551785230636597,
    "Metrics/EpCost": 0.6299999952316284,
    "Metrics/EpLen": 500,
    "Metrics/EpRet": 10.48355484008789,
    "Metrics/LagrangeMultiplier": 1.091526746749878,
    "Metrics/LagrangeMultiplier/Max": 1.091526746749878,
    "Metrics/LagrangeMultiplier/Min": 1.091526746749878,
    "Metrics/LagrangeMultiplier/Std": 0,
    "Safety/EpCostShield": 5.449999809265137,
    "Safety/ShieldLagrangeMultiplier": 1.4346683025360107,
    "Safety/ShieldLagrangeMultiplier/Max": 1.4346683025360107,
    "Safety/ShieldLagrangeMultiplier/Min": 1.4346683025360107,
    "Safety/ShieldLagrangeMultiplier/Std": 0,
    "Safety/shield_adv_c": "NaN",
    "Safety/shield_violation": 0.6787663698196411,
    "Time/Epoch": 223.55929565429688,
    "Time/FPS": 89.46172332763672,
    "Time/Rollout": 93.64933776855467,
    "Time/Total": 20633.60546875,
    "Time/Update": 129.909912109375,
    "TotalEnvSteps": 2000000,
    "Train/Entropy": 0.5943392515182495,
    "Train/Epoch": 99,
    "Train/KL": 0.003878410905599594,
    "Train/LR": 0,
    "Train/PolicyRatio": 1.000044822692871,
    "Train/PolicyRatio/Max": 1.000044822692871,
    "Train/PolicyRatio/Min": 1.000044822692871,
    "Train/PolicyRatio/Std": 0.0064767287112772465,
    "Train/PolicyStd": 0.4456785023212433,
    "Train/StopIter": 40,
    "Value/Adv": 0.1967829465866089,
    "Value/cost": 0.2117820382118225,
    "Value/reward": 2.0724573135375977,
    "_runtime": 20634.979110927,
    "_step": 100,
    "_timestamp": 1746594555.7141678,
    "_wandb": {
        "runtime": 20634
    }
}