{
    "Loss/Loss_cost_critic": 0.7808651328086853,
    "Loss/Loss_cost_critic/Delta": 0.6008415371179581,
    "Loss/Loss_pi": -0.012811213731765749,
    "Loss/Loss_pi/Delta": -0.006683187559247017,
    "Loss/Loss_reward_critic": 0.011559044010937214,
    "Loss/Loss_reward_critic/Delta": 0.003944508731365204,
    "Metrics/EpCost": 8.609999656677246,
    "Metrics/EpLen": 1000,
    "Metrics/EpRet": -0.25995689630508423,
    "Metrics/LagrangeMultiplier": 2.595881700515747,
    "Metrics/LagrangeMultiplier/Max": 2.595881700515747,
    "Metrics/LagrangeMultiplier/Min": 2.595881700515747,
    "Metrics/LagrangeMultiplier/Std": 0,
    "Misc/AcceptanceStep": 1,
    "Misc/Alpha": 0.93892103433609,
    "Misc/FinalStepNorm": 0.26754140853881836,
    "Misc/H_inv_g": 0.2849455773830414,
    "Misc/gradient_norm": 0.15434648096561432,
    "Misc/xHx": 0.02268671803176403,
    "Time/Epoch": 93.6338119506836,
    "Time/FPS": 213.5980529785156,
    "Time/Rollout": 85.12809753417969,
    "Time/Total": 9426.357421875,
    "Time/Update": 8.505701065063477,
    "TotalEnvSteps": 2000000,
    "Train/Entropy": 1.174261212348938,
    "Train/Epoch": 99,
    "Train/KL": 0.00035001643118448555,
    "Train/LR": 0,
    "Train/PolicyRatio": 1.000704646110535,
    "Train/PolicyRatio/Max": 1.000704646110535,
    "Train/PolicyRatio/Min": 1.000704646110535,
    "Train/PolicyRatio/Std": 0.0004982319660484791,
    "Train/PolicyStd": 0.7839332222938538,
    "Train/StopIter": 10,
    "Value/Adv": -7.629394005448376e-09,
    "Value/cost": 0.4931758642196655,
    "Value/reward": -9.047174535226075e-05,
    "_runtime": 9427.503733452,
    "_step": 100,
    "_timestamp": 1743323997.9471223,
    "_wandb": {
        "runtime": 9427
    }
}