{
    "Loss/Loss_cost_critic": 0.3577735424041748,
    "Loss/Loss_cost_critic/Delta": -0.023193061351776123,
    "Loss/Loss_pi": -0.009439445100724695,
    "Loss/Loss_pi/Delta": 0.0016029942780733109,
    "Loss/Loss_reward_critic": 0.008578747510910034,
    "Loss/Loss_reward_critic/Delta": -0.0003283228725194931,
    "Metrics/EpCost": 11.40999984741211,
    "Metrics/EpLen": 1000,
    "Metrics/EpRet": -1.078511357307434,
    "Metrics/LagrangeMultiplier": 210.2255096435547,
    "Metrics/LagrangeMultiplier/Max": 210.2255096435547,
    "Metrics/LagrangeMultiplier/Min": 210.2255096435547,
    "Metrics/LagrangeMultiplier/Std": 0,
    "Time/Epoch": 114.72270965576172,
    "Time/FPS": 174.33340454101562,
    "Time/Rollout": 62.40940475463867,
    "Time/Total": 9869.314453125,
    "Time/Update": 52.31326675415039,
    "TotalEnvSteps": 2000000,
    "Train/Entropy": 0.24041734635829928,
    "Train/Epoch": 99,
    "Train/KL": 0.002766449935734272,
    "Train/LR": 0,
    "Train/PolicyRatio": 1.004603385925293,
    "Train/PolicyRatio/Max": 1.004603385925293,
    "Train/PolicyRatio/Min": 1.004603385925293,
    "Train/PolicyRatio/Std": 0.006374352611601353,
    "Train/PolicyStd": 0.30790573358535767,
    "Train/StopIter": 40,
    "Value/Adv": 0.2109694927930832,
    "Value/cost": 0.1046118438243866,
    "Value/reward": -0.1111215353012085,
    "_runtime": 9870.419093383,
    "_step": 100,
    "_timestamp": 1745041951.007444,
    "_wandb": {
        "runtime": 9870
    }
}