{
    "Loss/Loss_cost_critic": 1.6989578008651731,
    "Loss/Loss_cost_critic/Delta": 0.13044321537017822,
    "Loss/Loss_pi": -0.011699741706252098,
    "Loss/Loss_pi/Delta": 0.004064574837684631,
    "Loss/Loss_reward_critic": 0.11104578524827956,
    "Loss/Loss_reward_critic/Delta": -0.010338515043258669,
    "Metrics/EpCost": 53.189998626708984,
    "Metrics/EpLen": 1000,
    "Metrics/EpRet": 19.177690505981445,
    "Metrics/LagrangeMultiplier": 0.3485507071018219,
    "Metrics/LagrangeMultiplier/Max": 0.3485507071018219,
    "Metrics/LagrangeMultiplier/Min": 0.3485507071018219,
    "Metrics/LagrangeMultiplier/Std": 0,
    "Time/Epoch": 109.0035171508789,
    "Time/FPS": 183.48031616210935,
    "Time/Rollout": 59.58340072631836,
    "Time/Total": 9269.6025390625,
    "Time/Update": 49.42007827758789,
    "TotalEnvSteps": 2000000,
    "Train/Entropy": -0.6276080012321472,
    "Train/Epoch": 99,
    "Train/KL": 0.005020391661673784,
    "Train/LR": 0,
    "Train/PolicyRatio": 0.9999724626541138,
    "Train/PolicyRatio/Max": 0.9999724626541138,
    "Train/PolicyRatio/Min": 0.9999724626541138,
    "Train/PolicyRatio/Std": 0.007171262986958027,
    "Train/PolicyStd": 0.12918031215667725,
    "Train/StopIter": 40,
    "Value/Adv": -0.018956348299980164,
    "Value/cost": 7.867432117462158,
    "Value/reward": 2.437178373336792,
    "_runtime": 9270.897350575,
    "_step": 100,
    "_timestamp": 1745044312.967819,
    "_wandb": {
        "runtime": 9270
    }
}