{
    "Loss/Loss_cost_critic": 2.8284151554107666,
    "Loss/Loss_cost_critic/Delta": -3.240694761276245,
    "Loss/Loss_pi": -0.3177727162837982,
    "Loss/Loss_pi/Delta": -0.5647788494825363,
    "Loss/Loss_reward_critic": 0.0329846628010273,
    "Loss/Loss_reward_critic/Delta": -0.0032101161777973175,
    "Metrics/EpCost": 13.800000190734863,
    "Metrics/EpLen": 1000,
    "Metrics/EpRet": 2.892490863800049,
    "Metrics/LagrangeMultiplier": 2.2458066940307617,
    "Metrics/LagrangeMultiplier/Max": 2.2458066940307617,
    "Metrics/LagrangeMultiplier/Min": 2.2458066940307617,
    "Metrics/LagrangeMultiplier/Std": 0,
    "Misc/AcceptanceStep": 1,
    "Misc/Alpha": 0.911514401435852,
    "Misc/FinalStepNorm": 0.30160218477249146,
    "Misc/H_inv_g": 0.3308803141117096,
    "Misc/gradient_norm": 0.13620437681674957,
    "Misc/xHx": 0.024071479216217995,
    "Safety/EpCostShield": 13.050000190734863,
    "Safety/ShieldLagrangeMultiplier": 2.376434803009033,
    "Safety/ShieldLagrangeMultiplier/Max": 2.376434803009033,
    "Safety/ShieldLagrangeMultiplier/Min": 2.376434803009033,
    "Safety/ShieldLagrangeMultiplier/Std": 0,
    "Safety/shield_adv_c": -0.4082881212234497,
    "Safety/shield_violation": 2.9857194423675537,
    "Time/Epoch": 131.28504943847656,
    "Time/FPS": 152.34027099609375,
    "Time/Rollout": 105.62874603271484,
    "Time/Total": 13464.525390625,
    "Time/Update": 25.656265258789062,
    "TotalEnvSteps": 2000000,
    "Train/Entropy": 1.5819587707519531,
    "Train/Epoch": 99,
    "Train/KL": 0.0002816877968143672,
    "Train/LR": 0,
    "Train/PolicyRatio": 1.0018033981323242,
    "Train/PolicyRatio/Max": 1.0018033981323242,
    "Train/PolicyRatio/Min": 1.0018033981323242,
    "Train/PolicyRatio/Std": 0.0012751950416713953,
    "Train/PolicyStd": 1.184659123420715,
    "Train/StopIter": 10,
    "Value/Adv": 7.629394005448376e-09,
    "Value/cost": 0.7457619905471802,
    "Value/reward": 0.34029537439346313,
    "_runtime": 13466.456291618,
    "_step": 100,
    "_timestamp": 1746582050.3279946,
    "_wandb": {
        "runtime": 13466
    }
}