{
    "Loss/Loss_cost_critic": 2.1582911014556885,
    "Loss/Loss_cost_critic/Delta": -0.038948774337768555,
    "Loss/Loss_pi": -0.2758726179599762,
    "Loss/Loss_pi/Delta": 0.0067681968212127686,
    "Loss/Loss_reward_critic": 0.009903285652399065,
    "Loss/Loss_reward_critic/Delta": 0.005117796361446381,
    "Metrics/EpCost": 6.730000019073486,
    "Metrics/EpLen": 1000,
    "Metrics/EpRet": 0.055972304195165634,
    "Metrics/LagrangeMultiplier": 3.467312812805176,
    "Metrics/LagrangeMultiplier/Max": 3.467312812805176,
    "Metrics/LagrangeMultiplier/Min": 3.467312812805176,
    "Metrics/LagrangeMultiplier/Std": 0,
    "Safety/EpCostShield": 20.600000381469727,
    "Safety/ShieldLagrangeMultiplier": 3.053600788116455,
    "Safety/ShieldLagrangeMultiplier/Max": 3.053600788116455,
    "Safety/ShieldLagrangeMultiplier/Min": 3.053600788116455,
    "Safety/ShieldLagrangeMultiplier/Std": 0,
    "Safety/shield_adv_c": "NaN",
    "Safety/shield_violation": 3.9077186584472656,
    "Time/Epoch": 197.97642517089844,
    "Time/FPS": 101.02213287353516,
    "Time/Rollout": 101.30119323730467,
    "Time/Total": 17585.423828125,
    "Time/Update": 96.67515563964844,
    "TotalEnvSteps": 2000000,
    "Train/Entropy": 0.9460140466690063,
    "Train/Epoch": 99,
    "Train/KL": 0.003425846109166742,
    "Train/LR": 0,
    "Train/PolicyRatio": 1.002362847328186,
    "Train/PolicyRatio/Max": 1.002362847328186,
    "Train/PolicyRatio/Min": 1.002362847328186,
    "Train/PolicyRatio/Std": 0.006343293469399214,
    "Train/PolicyStd": 0.6237950921058655,
    "Train/StopIter": 40,
    "Value/Adv": 0.11955761909484865,
    "Value/cost": 0.9990409016609192,
    "Value/reward": -0.010270120576024055,
    "_runtime": 17601.50173698,
    "_step": 100,
    "_timestamp": 1747267867.9829347,
    "_wandb": {
        "runtime": 17601
    }
}