{
    "Loss/Loss_cost_critic": 2.208198308944702,
    "Loss/Loss_cost_critic/Delta": 0.04026436805725098,
    "Loss/Loss_pi": -0.00878866482526064,
    "Loss/Loss_pi/Delta": 0.001589326187968254,
    "Loss/Loss_reward_critic": 0.044874563813209534,
    "Loss/Loss_reward_critic/Delta": 0.0017014481127262115,
    "Metrics/EpCost": 50.70000076293945,
    "Metrics/EpLen": 1000,
    "Metrics/EpRet": 24.625757217407227,
    "Metrics/LagrangeMultiplier": 0.32811394333839417,
    "Metrics/LagrangeMultiplier/Max": 0.32811394333839417,
    "Metrics/LagrangeMultiplier/Min": 0.32811394333839417,
    "Metrics/LagrangeMultiplier/Std": 0,
    "Misc/AcceptanceStep": 1,
    "Misc/Alpha": 1.5581965446472168,
    "Misc/FinalStepNorm": 0.13809144496917725,
    "Misc/H_inv_g": 0.08862260729074478,
    "Misc/gradient_norm": 0.333410382270813,
    "Misc/xHx": 0.008237302303314209,
    "Time/Epoch": 89.64471435546875,
    "Time/FPS": 223.1029510498047,
    "Time/Rollout": 76.81631469726562,
    "Time/Total": 9135.1171875,
    "Time/Update": 12.828369140625,
    "TotalEnvSteps": 2000000,
    "Train/Entropy": 0.6549035906791687,
    "Train/Epoch": 99,
    "Train/KL": 0.0004859233449678868,
    "Train/LR": 0,
    "Train/PolicyRatio": 1.0004620552062988,
    "Train/PolicyRatio/Max": 1.0004620552062988,
    "Train/PolicyRatio/Min": 1.0004620552062988,
    "Train/PolicyRatio/Std": 0.00032672236557118595,
    "Train/PolicyStd": 0.4728032648563385,
    "Train/StopIter": 10,
    "Value/Adv": -3.051757735406113e-09,
    "Value/cost": 5.338054656982422,
    "Value/reward": 2.550483226776123,
    "_runtime": 9136.489984482,
    "_step": 100,
    "_timestamp": 1745004389.8518329,
    "_wandb": {
        "runtime": 9136
    }
}