{
    "Loss/Loss_cost_critic": 6.4295573234558105,
    "Loss/Loss_cost_critic/Delta": 0.6486930847167969,
    "Loss/Loss_pi": -0.47028014063835144,
    "Loss/Loss_pi/Delta": 0.7271097004413605,
    "Loss/Loss_reward_critic": 0.04224303737282753,
    "Loss/Loss_reward_critic/Delta": 0.01005709543824196,
    "Metrics/EpCost": 44.20000076293945,
    "Metrics/EpLen": 1000,
    "Metrics/EpRet": 6.750886917114258,
    "Metrics/LagrangeMultiplier": 3.0973594188690186,
    "Metrics/LagrangeMultiplier/Max": 3.0973594188690186,
    "Metrics/LagrangeMultiplier/Min": 3.0973594188690186,
    "Metrics/LagrangeMultiplier/Std": 0,
    "Safety/EpCostShield": 82.4000015258789,
    "Safety/ShieldLagrangeMultiplier": 3.0946156978607178,
    "Safety/ShieldLagrangeMultiplier/Max": 3.0946156978607178,
    "Safety/ShieldLagrangeMultiplier/Min": 3.0946156978607178,
    "Safety/ShieldLagrangeMultiplier/Std": 0,
    "Safety/shield_adv_c": "NaN",
    "Safety/shield_violation": 10.92965030670166,
    "Time/Epoch": 191.96253967285156,
    "Time/FPS": 104.1869888305664,
    "Time/Rollout": 98.27792358398438,
    "Time/Total": 17559.75,
    "Time/Update": 93.68456268310548,
    "TotalEnvSteps": 2000000,
    "Train/Entropy": 0.10069548338651656,
    "Train/Epoch": 99,
    "Train/KL": 0.003932333085685968,
    "Train/LR": 0,
    "Train/PolicyRatio": 1.002389430999756,
    "Train/PolicyRatio/Max": 1.002389430999756,
    "Train/PolicyRatio/Min": 1.002389430999756,
    "Train/PolicyRatio/Std": 0.006997421383857727,
    "Train/PolicyStd": 0.2677338123321533,
    "Train/StopIter": 40,
    "Value/Adv": 0.2711088955402374,
    "Value/cost": 4.948986053466797,
    "Value/reward": 0.8299964070320129,
    "_runtime": 17561.961355556,
    "_step": 100,
    "_timestamp": 1746587973.7326567,
    "_wandb": {
        "runtime": 17561
    }
}