{
    "Loss/Loss_cost_critic": 4.526083946228027,
    "Loss/Loss_cost_critic/Delta": -1.1475892066955566,
    "Loss/Loss_pi": -0.3142050802707672,
    "Loss/Loss_pi/Delta": -0.019111335277557373,
    "Loss/Loss_reward_critic": 0.14218534529209137,
    "Loss/Loss_reward_critic/Delta": 0.010366752743721008,
    "Metrics/EpCost": 2.200000047683716,
    "Metrics/EpLen": 500,
    "Metrics/EpRet": 20.363750457763672,
    "Metrics/LagrangeMultiplier": 1.2266545295715332,
    "Metrics/LagrangeMultiplier/Max": 1.2266545295715332,
    "Metrics/LagrangeMultiplier/Min": 1.2266545295715332,
    "Metrics/LagrangeMultiplier/Std": 0,
    "Misc/AcceptanceStep": 1,
    "Misc/Alpha": 2.5795140266418457,
    "Misc/FinalStepNorm": 0.2335761934518814,
    "Misc/H_inv_g": 0.09055045992136002,
    "Misc/gradient_norm": 0.2843683362007141,
    "Misc/xHx": 0.003005749313160777,
    "Safety/EpCostShield": 8.375,
    "Safety/ShieldLagrangeMultiplier": 1.4409635066986084,
    "Safety/ShieldLagrangeMultiplier/Max": 1.4409635066986084,
    "Safety/ShieldLagrangeMultiplier/Min": 1.4409635066986084,
    "Safety/ShieldLagrangeMultiplier/Std": 0,
    "Safety/shield_adv_c": -0.033020198345184326,
    "Safety/shield_violation": 1.995409369468689,
    "Time/Epoch": 121.9215850830078,
    "Time/FPS": 164.0398712158203,
    "Time/Rollout": 96.52801513671876,
    "Time/Total": 12430.419921875,
    "Time/Update": 25.39354705810547,
    "TotalEnvSteps": 2000000,
    "Train/Entropy": 1.812167048454285,
    "Train/Epoch": 99,
    "Train/KL": 0.00038150325417518616,
    "Train/LR": 0,
    "Train/PolicyRatio": 1.003767967224121,
    "Train/PolicyRatio/Max": 1.003767967224121,
    "Train/PolicyRatio/Min": 1.003767967224121,
    "Train/PolicyRatio/Std": 0.0026644114404916763,
    "Train/PolicyStd": 1.6282830238342283,
    "Train/StopIter": 10,
    "Value/Adv": -7.629394005448376e-09,
    "Value/cost": 0.3131815195083618,
    "Value/reward": 4.130753993988037,
    "_runtime": 12432.740211281,
    "_step": 100,
    "_timestamp": 1746520681.9550135,
    "_wandb": {
        "runtime": 12432
    }
}