{
    "Loss/Loss_cost_critic": 0.2530795931816101,
    "Loss/Loss_cost_critic/Delta": -0.11524766683578493,
    "Loss/Loss_pi": -0.002589810872450471,
    "Loss/Loss_pi/Delta": 0.0020545332226902246,
    "Loss/Loss_reward_critic": 0.007160851266235113,
    "Loss/Loss_reward_critic/Delta": 0.0015131202526390553,
    "Metrics/EpCost": 3.25,
    "Metrics/EpLen": 1000,
    "Metrics/EpRet": -1.6764895915985107,
    "Misc/A": 0.022638849914073944,
    "Misc/AcceptanceStep": 1,
    "Misc/Alpha": 0.9397502541542052,
    "Misc/B": -1862.845458984375,
    "Misc/FinalStepNorm": 0.3039953410625458,
    "Misc/H_inv_g": 0.24736079573631287,
    "Misc/Lambda_star": 0,
    "Misc/Nu_star": 1.8781158924102783,
    "Misc/OptimCase": 0,
    "Misc/cost_gradient_norm": 0.117843896150589,
    "Misc/gradient_norm": 0.29511234164237976,
    "Misc/q": 0.022646699100732803,
    "Misc/r": 0.00021095172269269824,
    "Misc/s": 0.005670018494129181,
    "Misc/xHx": 0.022646699100732803,
    "Time/Epoch": 81.6858139038086,
    "Time/FPS": 244.84054565429688,
    "Time/Rollout": 73.19879150390625,
    "Time/Total": 8021.82763671875,
    "Time/Update": 8.487008094787598,
    "TotalEnvSteps": 2000000,
    "Train/Entropy": 1.507207989692688,
    "Train/Epoch": 99,
    "Train/KL": 0.00014320338959805667,
    "Train/LR": 0,
    "Train/PolicyRatio": 1.0010037422180176,
    "Train/PolicyRatio/Max": 1.0010037422180176,
    "Train/PolicyRatio/Min": 1.0010037422180176,
    "Train/PolicyRatio/Std": 0.0007097529014572501,
    "Train/PolicyStd": 1.1025837659835815,
    "Train/StopIter": 10,
    "Value/Adv": -3.051757735406113e-09,
    "Value/cost": 0.24140016734600067,
    "Value/reward": -0.20019413530826569,
    "_runtime": 8023.370801388,
    "_step": 100,
    "_timestamp": 1743325359.493206,
    "_wandb": {
        "runtime": 8023
    }
}