{
    "Loss/Loss_cost_critic": 3.775802612304687,
    "Loss/Loss_cost_critic/Delta": 0.4002554416656494,
    "Loss/Loss_pi": -0.09875611215829848,
    "Loss/Loss_pi/Delta": -0.06012982502579689,
    "Loss/Loss_reward_critic": 0.035324323922395706,
    "Loss/Loss_reward_critic/Delta": -0.0019621439278125763,
    "Metrics/EpCost": 7.889999866485596,
    "Metrics/EpLen": 1000,
    "Metrics/EpRet": 2.9554548263549805,
    "Metrics/LagrangeMultiplier": 1.8210208415985107,
    "Metrics/LagrangeMultiplier/Max": 1.8210208415985107,
    "Metrics/LagrangeMultiplier/Min": 1.8210208415985107,
    "Metrics/LagrangeMultiplier/Std": 0,
    "Misc/AcceptanceStep": 1,
    "Misc/Alpha": 0.7675804495811462,
    "Misc/FinalStepNorm": 0.3146156668663025,
    "Misc/H_inv_g": 0.4098797142505646,
    "Misc/gradient_norm": 0.2299484461545944,
    "Misc/xHx": 0.033945485949516296,
    "Safety/EpCostShield": 31.899999618530273,
    "Safety/ShieldLagrangeMultiplier": 2.119786024093628,
    "Safety/ShieldLagrangeMultiplier/Max": 2.119786024093628,
    "Safety/ShieldLagrangeMultiplier/Min": 2.119786024093628,
    "Safety/ShieldLagrangeMultiplier/Std": 0,
    "Safety/shield_adv_c": -0.1419748216867447,
    "Safety/shield_violation": 3.450750827789306,
    "Time/Epoch": 129.27044677734375,
    "Time/FPS": 154.71441650390625,
    "Time/Rollout": 104.63745880126952,
    "Time/Total": 13832.25390625,
    "Time/Update": 24.632944107055664,
    "TotalEnvSteps": 2000000,
    "Train/Entropy": 1.4342464208602903,
    "Train/Epoch": 99,
    "Train/KL": 0.00028632383327931166,
    "Train/LR": 0,
    "Train/PolicyRatio": 1.0002175569534302,
    "Train/PolicyRatio/Max": 1.0002176761627195,
    "Train/PolicyRatio/Min": 1.0002176761627195,
    "Train/PolicyRatio/Std": 0.00015386409359052777,
    "Train/PolicyStd": 1.0205440521240234,
    "Train/StopIter": 10,
    "Value/Adv": -1.5258788677030564e-09,
    "Value/cost": 0.963572084903717,
    "Value/reward": 0.4060239493846894,
    "_runtime": 13834.689679428,
    "_step": 100,
    "_timestamp": 1746561313.4044845,
    "_wandb": {
        "runtime": 13834
    }
}