{
    "Loss/Loss_cost_critic": 2.2717580795288086,
    "Loss/Loss_cost_critic/Delta": 0.5964064598083496,
    "Loss/Loss_pi": -0.31613194942474365,
    "Loss/Loss_pi/Delta": 0.010162025690078735,
    "Loss/Loss_reward_critic": 0.1909828186035156,
    "Loss/Loss_reward_critic/Delta": -0.004316583275794983,
    "Metrics/EpCost": 1.1299999952316284,
    "Metrics/EpLen": 500,
    "Metrics/EpRet": 29.076284408569336,
    "Metrics/LagrangeMultiplier": 0.9421892166137696,
    "Metrics/LagrangeMultiplier/Max": 0.9421892166137696,
    "Metrics/LagrangeMultiplier/Min": 0.9421892166137696,
    "Metrics/LagrangeMultiplier/Std": 0,
    "Misc/AcceptanceStep": 1,
    "Misc/Alpha": 3.5630905628204346,
    "Misc/FinalStepNorm": 0.2460135519504547,
    "Misc/H_inv_g": 0.06904498487710953,
    "Misc/gradient_norm": 0.07475831359624863,
    "Misc/xHx": 0.0015753370244055986,
    "Safety/EpCostShield": 5.699999809265137,
    "Safety/ShieldLagrangeMultiplier": 1.0628563165664673,
    "Safety/ShieldLagrangeMultiplier/Max": 1.0628563165664673,
    "Safety/ShieldLagrangeMultiplier/Min": 1.0628563165664673,
    "Safety/ShieldLagrangeMultiplier/Std": 0,
    "Safety/shield_adv_c": 0.15942879021167755,
    "Safety/shield_violation": 0.8568392395973206,
    "Time/Epoch": 104.5090103149414,
    "Time/FPS": 191.37106323242188,
    "Time/Rollout": 86.56025695800781,
    "Time/Total": 10731.845703125,
    "Time/Update": 17.948732376098633,
    "TotalEnvSteps": 2000000,
    "Train/Entropy": 2.139946222305298,
    "Train/Epoch": 99,
    "Train/KL": 0.00040783401345834136,
    "Train/LR": 0,
    "Train/PolicyRatio": 1.0042263269424438,
    "Train/PolicyRatio/Max": 1.0042264461517334,
    "Train/PolicyRatio/Min": 1.0042264461517334,
    "Train/PolicyRatio/Std": 0.002988436259329319,
    "Train/PolicyStd": 2.232870578765869,
    "Train/StopIter": 10,
    "Value/Adv": 2.2888182460434332e-09,
    "Value/cost": 0.3654228448867798,
    "Value/reward": 5.762977123260498,
    "_runtime": 10733.620110249,
    "_step": 100,
    "_timestamp": 1746517960.9710689,
    "_wandb": {
        "runtime": 10733
    }
}