{
    "Loss/Loss_cost_critic": 0.1262199431657791,
    "Loss/Loss_cost_critic/Delta": -0.15945594012737274,
    "Loss/Loss_pi": -0.005693655926734209,
    "Loss/Loss_pi/Delta": 0.0025432989932596684,
    "Loss/Loss_reward_critic": 0.004972559865564108,
    "Loss/Loss_reward_critic/Delta": -0.021890771109610796,
    "Metrics/EpCost": 4.710000038146973,
    "Metrics/EpLen": 1000,
    "Metrics/EpRet": -0.011888809502124786,
    "Metrics/LagrangeMultiplier": 2.095694065093994,
    "Metrics/LagrangeMultiplier/Max": 2.095694065093994,
    "Metrics/LagrangeMultiplier/Min": 2.095694065093994,
    "Metrics/LagrangeMultiplier/Std": 0,
    "Misc/AcceptanceStep": 1,
    "Misc/Alpha": 2.3300254344940186,
    "Misc/FinalStepNorm": 0.252726674079895,
    "Misc/H_inv_g": 0.10846520215272903,
    "Misc/gradient_norm": 0.13246703147888184,
    "Misc/xHx": 0.003683897666633129,
    "Time/Epoch": 90.08694458007812,
    "Time/FPS": 222.00775146484375,
    "Time/Rollout": 81.2079849243164,
    "Time/Total": 8947.7216796875,
    "Time/Update": 8.878925323486328,
    "TotalEnvSteps": 2000000,
    "Train/Entropy": 1.3009601831436155,
    "Train/Epoch": 99,
    "Train/KL": 0.00037556164897978306,
    "Train/LR": 0,
    "Train/PolicyRatio": 1.0002574920654297,
    "Train/PolicyRatio/Max": 1.0002574920654297,
    "Train/PolicyRatio/Min": 1.0002574920654297,
    "Train/PolicyRatio/Std": 0.00018201820785179737,
    "Train/PolicyStd": 0.8888567090034485,
    "Train/StopIter": 10,
    "Value/Adv": -1.907348501362094e-09,
    "Value/cost": 0.6555274128913879,
    "Value/reward": 0.00509142829105258,
    "_runtime": 8949.319311188,
    "_step": 100,
    "_timestamp": 1746907529.232454,
    "_wandb": {
        "runtime": 8949
    }
}