{
    "Loss/Loss_cost_critic": 5.770476818084717,
    "Loss/Loss_cost_critic/Delta": 0.9537849426269532,
    "Loss/Loss_pi": -0.5598843693733215,
    "Loss/Loss_pi/Delta": -0.499348271638155,
    "Loss/Loss_reward_critic": 0.026402967050671577,
    "Loss/Loss_reward_critic/Delta": -0.005190430209040642,
    "Metrics/EpCost": 23.959999084472656,
    "Metrics/EpLen": 1000,
    "Metrics/EpRet": 3.7954492568969727,
    "Metrics/LagrangeMultiplier": 2.9042608737945557,
    "Metrics/LagrangeMultiplier/Max": 2.9042608737945557,
    "Metrics/LagrangeMultiplier/Min": 2.9042608737945557,
    "Metrics/LagrangeMultiplier/Std": 0,
    "Safety/EpCostShield": 39.900001525878906,
    "Safety/ShieldLagrangeMultiplier": 2.8854949474334717,
    "Safety/ShieldLagrangeMultiplier/Max": 2.8854949474334717,
    "Safety/ShieldLagrangeMultiplier/Min": 2.8854949474334717,
    "Safety/ShieldLagrangeMultiplier/Std": 0,
    "Safety/shield_adv_c": "NaN",
    "Safety/shield_violation": 8.043495178222656,
    "Time/Epoch": 178.93167114257812,
    "Time/FPS": 111.77450561523438,
    "Time/Rollout": 86.62142181396484,
    "Time/Total": 16759.3125,
    "Time/Update": 92.3102035522461,
    "TotalEnvSteps": 2000000,
    "Train/Entropy": 0.4011608362197876,
    "Train/Epoch": 99,
    "Train/KL": 0.003538290038704872,
    "Train/LR": 0,
    "Train/PolicyRatio": 1.0023008584976196,
    "Train/PolicyRatio/Max": 1.0023009777069092,
    "Train/PolicyRatio/Min": 1.0023009777069092,
    "Train/PolicyRatio/Std": 0.006210958585143089,
    "Train/PolicyStd": 0.3629458546638489,
    "Train/StopIter": 40,
    "Value/Adv": 0.16582255065441132,
    "Value/cost": 3.473802328109741,
    "Value/reward": 0.5453574061393738,
    "_runtime": 16760.714486876,
    "_step": 100,
    "_timestamp": 1746927681.533297,
    "_wandb": {
        "runtime": 16760
    }
}