{
    "Loss/Loss_cost_critic": 5.404717445373535,
    "Loss/Loss_cost_critic/Delta": 2.5281107425689697,
    "Loss/Loss_pi": -0.03286490589380264,
    "Loss/Loss_pi/Delta": -0.0006168819963932037,
    "Loss/Loss_reward_critic": 4.708186149597168,
    "Loss/Loss_reward_critic/Delta": 0.30186033248901367,
    "Metrics/EpCost": 20.559999465942383,
    "Metrics/EpLen": 500,
    "Metrics/EpRet": 9.347599029541016,
    "Metrics/LagrangeMultiplier": 3.317943334579468,
    "Metrics/LagrangeMultiplier/Max": 3.317943334579468,
    "Metrics/LagrangeMultiplier/Min": 3.317943334579468,
    "Metrics/LagrangeMultiplier/Std": 0,
    "Time/Epoch": 226.50436401367188,
    "Time/FPS": 88.29851531982422,
    "Time/Rollout": 124.80387878417967,
    "Time/Total": 17400.14453125,
    "Time/Update": 101.70040893554688,
    "TotalEnvSteps": 2000000,
    "Train/Entropy": 1.4304816722869873,
    "Train/Epoch": 99,
    "Train/KL": 0.0066211712546646595,
    "Train/LR": 0,
    "Train/PolicyRatio": 0.9995095133781432,
    "Train/PolicyRatio/Max": 0.999509572982788,
    "Train/PolicyRatio/Min": 0.999509572982788,
    "Train/PolicyRatio/Std": 0.008298587054014206,
    "Train/PolicyStd": 1.012504816055298,
    "Train/StopIter": 40,
    "Value/Adv": 0.2748430669307709,
    "Value/cost": 5.3332624435424805,
    "Value/reward": 1.8343154191970823,
    "_runtime": 17401.562069489,
    "_step": 100,
    "_timestamp": 1743349441.8598042,
    "_wandb": {
        "runtime": 17401
    }
}