{
    "Loss/Loss_cost_critic": 5.424441337585449,
    "Loss/Loss_cost_critic/Delta": 2.0878942012786865,
    "Loss/Loss_pi": 0.003760633058845997,
    "Loss/Loss_pi/Delta": 0.07400911767035723,
    "Loss/Loss_reward_critic": 0.02491586282849312,
    "Loss/Loss_reward_critic/Delta": -0.0016733426600694656,
    "Metrics/EpCost": 14.56999969482422,
    "Metrics/EpLen": 1000,
    "Metrics/EpRet": 1.7809292078018188,
    "Metrics/LagrangeMultiplier": 2.5460081100463867,
    "Metrics/LagrangeMultiplier/Max": 2.5460081100463867,
    "Metrics/LagrangeMultiplier/Min": 2.5460081100463867,
    "Metrics/LagrangeMultiplier/Std": 0,
    "Misc/AcceptanceStep": 1,
    "Misc/Alpha": 0.679437518119812,
    "Misc/FinalStepNorm": 0.3381870687007904,
    "Misc/H_inv_g": 0.4977456331253052,
    "Misc/gradient_norm": 0.17507007718086243,
    "Misc/xHx": 0.04332422465085983,
    "Safety/EpCostShield": 70.30000305175781,
    "Safety/ShieldLagrangeMultiplier": 2.498545408248902,
    "Safety/ShieldLagrangeMultiplier/Max": 2.498545408248902,
    "Safety/ShieldLagrangeMultiplier/Min": 2.498545408248902,
    "Safety/ShieldLagrangeMultiplier/Std": 0,
    "Safety/shield_adv_c": -0.18990743160247803,
    "Safety/shield_violation": 3.7291581630706783,
    "Time/Epoch": 106.5760498046875,
    "Time/FPS": 187.659423828125,
    "Time/Rollout": 89.15758514404297,
    "Time/Total": 10620.1435546875,
    "Time/Update": 17.418434143066406,
    "TotalEnvSteps": 2000000,
    "Train/Entropy": 1.9876407384872437,
    "Train/Epoch": 99,
    "Train/KL": 0.00023501153918914497,
    "Train/LR": 0,
    "Train/PolicyRatio": 0.9986374378204346,
    "Train/PolicyRatio/Max": 0.9986374378204346,
    "Train/PolicyRatio/Min": 0.9986374378204346,
    "Train/PolicyRatio/Std": 0.0009634768939577044,
    "Train/PolicyStd": 1.7995761632919312,
    "Train/StopIter": 10,
    "Value/Adv": 3.051757735406113e-09,
    "Value/cost": 1.3013849258422852,
    "Value/reward": 0.27615612745285034,
    "_runtime": 10621.561435457,
    "_step": 100,
    "_timestamp": 1746604147.5462527,
    "_wandb": {
        "runtime": 10621
    }
}