{
    "Loss/Loss_cost_critic": 0.2781488597393036,
    "Loss/Loss_cost_critic/Delta": 0.26309642381966114,
    "Loss/Loss_pi": -0.004184564109891653,
    "Loss/Loss_pi/Delta": -0.004751189495436847,
    "Loss/Loss_reward_critic": 0.012513800524175169,
    "Loss/Loss_reward_critic/Delta": 0.0022391127422451973,
    "Metrics/EpCost": 2.009999990463257,
    "Metrics/EpLen": 1000,
    "Metrics/EpRet": -3.9603424072265625,
    "Misc/A": 0.01654682867228985,
    "Misc/AcceptanceStep": 1,
    "Misc/Alpha": 1.0988184213638306,
    "Misc/B": -540.5216674804688,
    "Misc/FinalStepNorm": 0.3358863294124603,
    "Misc/H_inv_g": 0.2066930830478668,
    "Misc/Lambda_star": 0,
    "Misc/Nu_star": 1.635812520980835,
    "Misc/OptimCase": 0,
    "Misc/cost_gradient_norm": 0.09137419611215591,
    "Misc/gradient_norm": 0.4435372054576874,
    "Misc/q": 0.01656448282301426,
    "Misc/r": -0.0003632454900071025,
    "Misc/s": 0.007474159356206656,
    "Misc/xHx": 0.01656448282301426,
    "Time/Epoch": 362.8781433105469,
    "Time/FPS": 55.11491775512695,
    "Time/Rollout": 351.5608215332031,
    "Time/Total": 36164.6796875,
    "Time/Update": 11.317305564880373,
    "TotalEnvSteps": 2000000,
    "Train/Entropy": 1.1828315258026123,
    "Train/Epoch": 99,
    "Train/KL": 0.0001368142984574661,
    "Train/LR": 0,
    "Train/PolicyRatio": 0.9995421767234802,
    "Train/PolicyRatio/Max": 0.9995421767234802,
    "Train/PolicyRatio/Min": 0.9995421767234802,
    "Train/PolicyRatio/Std": 0.00032374399597756565,
    "Train/PolicyStd": 0.7922077775001526,
    "Train/StopIter": 10,
    "Value/Adv": 1.9836425835251248e-08,
    "Value/cost": 0.07341551780700684,
    "Value/reward": -0.413578748703003,
    "_runtime": 36166.595435052,
    "_step": 100,
    "_timestamp": 1743350265.1761165,
    "_wandb": {
        "runtime": 36166
    }
}