{
    "Loss/Loss_cost_critic": 2.193321704864502,
    "Loss/Loss_cost_critic/Delta": 0.36343610286712646,
    "Loss/Loss_pi": -0.15810538828372955,
    "Loss/Loss_pi/Delta": 0.09142479300498962,
    "Loss/Loss_reward_critic": 0.05384107306599617,
    "Loss/Loss_reward_critic/Delta": 0.004758793860673904,
    "Metrics/EpCost": 6.679999828338623,
    "Metrics/EpLen": 1000,
    "Metrics/EpRet": 6.997612476348877,
    "Metrics/LagrangeMultiplier": 2.5193862915039062,
    "Metrics/LagrangeMultiplier/Max": 2.5193862915039062,
    "Metrics/LagrangeMultiplier/Min": 2.5193862915039062,
    "Metrics/LagrangeMultiplier/Std": 0,
    "Misc/AcceptanceStep": 1,
    "Misc/Alpha": 1.1097095012664795,
    "Misc/FinalStepNorm": 0.3175128698348999,
    "Misc/H_inv_g": 0.28612250089645386,
    "Misc/gradient_norm": 0.10864034295082092,
    "Misc/xHx": 0.016240939497947693,
    "Safety/EpCostShield": 19.049999237060547,
    "Safety/ShieldLagrangeMultiplier": 2.411292314529419,
    "Safety/ShieldLagrangeMultiplier/Max": 2.411292314529419,
    "Safety/ShieldLagrangeMultiplier/Min": 2.411292314529419,
    "Safety/ShieldLagrangeMultiplier/Std": 0,
    "Safety/shield_adv_c": 0.03789621591567993,
    "Safety/shield_violation": 2.0215914249420166,
    "Time/Epoch": 102.53751373291016,
    "Time/FPS": 195.05056762695312,
    "Time/Rollout": 85.79901885986328,
    "Time/Total": 10694.658203125,
    "Time/Update": 16.738468170166016,
    "TotalEnvSteps": 2000000,
    "Train/Entropy": 1.6574465036392212,
    "Train/Epoch": 99,
    "Train/KL": 0.0002681174664758146,
    "Train/LR": 0,
    "Train/PolicyRatio": 1.002084732055664,
    "Train/PolicyRatio/Max": 1.002084732055664,
    "Train/PolicyRatio/Min": 1.002084732055664,
    "Train/PolicyRatio/Std": 0.0014740719925612211,
    "Train/PolicyStd": 1.2792366743087769,
    "Train/StopIter": 10,
    "Value/Adv": -1.5258788677030564e-09,
    "Value/cost": 0.4705779254436493,
    "Value/reward": 0.7981268763542175,
    "_runtime": 10696.058434521,
    "_step": 100,
    "_timestamp": 1746572776.9892125,
    "_wandb": {
        "runtime": 10696
    }
}