{
    "Loss/Loss_cost_critic": 0.20387478172779083,
    "Loss/Loss_cost_critic/Delta": -0.4350170344114304,
    "Loss/Loss_pi": -0.004564198199659586,
    "Loss/Loss_pi/Delta": 0.000761296134442091,
    "Loss/Loss_reward_critic": 0.003133269026875496,
    "Loss/Loss_reward_critic/Delta": 0.0002150146756321192,
    "Metrics/EpCost": 4.989999771118164,
    "Metrics/EpLen": 1000,
    "Metrics/EpRet": -0.8686714172363281,
    "Misc/A": 0.019310662522912025,
    "Misc/AcceptanceStep": 1,
    "Misc/Alpha": 1.0065945386886597,
    "Misc/B": -5403.07470703125,
    "Misc/FinalStepNorm": 0.30737560987472534,
    "Misc/H_inv_g": 0.289305180311203,
    "Misc/Lambda_star": 0,
    "Misc/Nu_star": 2.0832228660583496,
    "Misc/OptimCase": 0,
    "Misc/cost_gradient_norm": 0.07537449151277542,
    "Misc/gradient_norm": 0.2219039350748062,
    "Misc/q": 0.01973879337310791,
    "Misc/r": -0.0014046489959582686,
    "Misc/s": 0.004608478397130966,
    "Misc/xHx": 0.01973879337310791,
    "Time/Epoch": 107.71222686767578,
    "Time/FPS": 185.679931640625,
    "Time/Rollout": 91.99066925048828,
    "Time/Total": 10703.89453125,
    "Time/Update": 15.721529960632324,
    "TotalEnvSteps": 2000000,
    "Train/Entropy": 1.3004169464111328,
    "Train/Epoch": 99,
    "Train/KL": 0.00014587451005354524,
    "Train/LR": 0,
    "Train/PolicyRatio": 1.0003703832626345,
    "Train/PolicyRatio/Max": 1.0003703832626345,
    "Train/PolicyRatio/Min": 1.0003703832626345,
    "Train/PolicyRatio/Std": 0.00026192862424068153,
    "Train/PolicyStd": 0.8912906050682068,
    "Train/StopIter": 10,
    "Value/Adv": 4.577636492086867e-09,
    "Value/cost": 0.5915306806564331,
    "Value/reward": -0.08874959498643875,
    "_runtime": 10705.346926396,
    "_step": 100,
    "_timestamp": 1743334341.417251,
    "_wandb": {
        "runtime": 10705
    }
}