{
    "Loss/Loss_cost_critic": 4.44241189956665,
    "Loss/Loss_cost_critic/Delta": -2.534849166870117,
    "Loss/Loss_pi": -0.07262187451124191,
    "Loss/Loss_pi/Delta": 0.038406431674957275,
    "Loss/Loss_reward_critic": 4.326816082000732,
    "Loss/Loss_reward_critic/Delta": -1.6380085945129397,
    "Metrics/EpCost": 24.270000457763672,
    "Metrics/EpLen": 500,
    "Metrics/EpRet": -1.6323918104171753,
    "Metrics/LagrangeMultiplier": 3.4896399974823,
    "Metrics/LagrangeMultiplier/Max": 3.4896399974823,
    "Metrics/LagrangeMultiplier/Min": 3.4896399974823,
    "Metrics/LagrangeMultiplier/Std": 0,
    "Misc/AcceptanceStep": 1,
    "Misc/Alpha": 0.17164483666419983,
    "Misc/FinalStepNorm": 0.35240986943244934,
    "Misc/H_inv_g": 2.0531342029571533,
    "Misc/gradient_norm": 0.3875989019870758,
    "Misc/xHx": 0.6788417100906372,
    "Time/Epoch": 111.39684295654295,
    "Time/FPS": 179.53829956054688,
    "Time/Rollout": 103.11576080322266,
    "Time/Total": 12300.146484375,
    "Time/Update": 8.281061172485352,
    "TotalEnvSteps": 2000000,
    "Train/Entropy": 1.395816445350647,
    "Train/Epoch": 99,
    "Train/KL": 0.0002118017728207633,
    "Train/LR": 0,
    "Train/PolicyRatio": 0.9996420741081238,
    "Train/PolicyRatio/Max": 0.9996420741081238,
    "Train/PolicyRatio/Min": 0.9996420741081238,
    "Train/PolicyRatio/Std": 0.0002531058853492141,
    "Train/PolicyStd": 0.985023319721222,
    "Train/StopIter": 10,
    "Value/Adv": 2.2888182460434332e-09,
    "Value/cost": 8.249128341674805,
    "Value/reward": 0.14562681317329407,
    "_runtime": 12301.381745697,
    "_step": 100,
    "_timestamp": 1743341509.019563,
    "_wandb": {
        "runtime": 12301
    }
}