{
    "Loss/Loss_cost_critic": 1.1144659519195557,
    "Loss/Loss_cost_critic/Delta": -0.2475433349609375,
    "Loss/Loss_pi": -0.007823646068572998,
    "Loss/Loss_pi/Delta": 0.0029504233971238136,
    "Loss/Loss_reward_critic": 0.04549843817949295,
    "Loss/Loss_reward_critic/Delta": 0.0006883442401885986,
    "Metrics/EpCost": 30.1299991607666,
    "Metrics/EpLen": 1000,
    "Metrics/EpRet": 7.93548583984375,
    "Metrics/LagrangeMultiplier": 3.0212604999542236,
    "Metrics/LagrangeMultiplier/Max": 3.0212604999542236,
    "Metrics/LagrangeMultiplier/Min": 3.0212604999542236,
    "Metrics/LagrangeMultiplier/Std": 0,
    "Time/Epoch": 285.6251525878906,
    "Time/FPS": 70.0218505859375,
    "Time/Rollout": 224.9984588623047,
    "Time/Total": 27595.888671875,
    "Time/Update": 60.626609802246094,
    "TotalEnvSteps": 2000000,
    "Train/Entropy": 0.9666274785995485,
    "Train/Epoch": 99,
    "Train/KL": 0.003732092911377549,
    "Train/LR": 0,
    "Train/PolicyRatio": 1.0002022981643677,
    "Train/PolicyRatio/Max": 1.0002022981643677,
    "Train/PolicyRatio/Min": 1.0002022981643677,
    "Train/PolicyRatio/Std": 0.006456130649894476,
    "Train/PolicyStd": 0.6365570425987244,
    "Train/StopIter": 40,
    "Value/Adv": -0.24423369765281677,
    "Value/cost": 2.786210060119629,
    "Value/reward": 0.7237704396247864,
    "_runtime": 27596.846769398,
    "_step": 100,
    "_timestamp": 1743339688.627879,
    "_wandb": {
        "runtime": 27596
    }
}