{
    "Loss/Loss_cost_critic": 2.023371458053589,
    "Loss/Loss_cost_critic/Delta": -0.22862696647644043,
    "Loss/Loss_pi": -0.1913065165281296,
    "Loss/Loss_pi/Delta": 0.006870090961456299,
    "Loss/Loss_reward_critic": 0.1021776795387268,
    "Loss/Loss_reward_critic/Delta": 0.025173760950565335,
    "Metrics/EpCost": 1.7200000286102295,
    "Metrics/EpLen": 500,
    "Metrics/EpRet": 11.175024032592772,
    "Metrics/LagrangeMultiplier": 0.888300359249115,
    "Metrics/LagrangeMultiplier/Max": 0.888300359249115,
    "Metrics/LagrangeMultiplier/Min": 0.888300359249115,
    "Metrics/LagrangeMultiplier/Std": 0,
    "Safety/EpCostShield": 4.974999904632568,
    "Safety/ShieldLagrangeMultiplier": 1.1419631242752075,
    "Safety/ShieldLagrangeMultiplier/Max": 1.1419631242752075,
    "Safety/ShieldLagrangeMultiplier/Min": 1.1419631242752075,
    "Safety/ShieldLagrangeMultiplier/Std": 0,
    "Safety/shield_adv_c": "NaN",
    "Safety/shield_violation": 0.7773082852363586,
    "Time/Epoch": 186.22982788085935,
    "Time/FPS": 107.39418029785156,
    "Time/Rollout": 91.11862182617188,
    "Time/Total": 18742.84375,
    "Time/Update": 95.11114501953124,
    "TotalEnvSteps": 2000000,
    "Train/Entropy": 0.554224967956543,
    "Train/Epoch": 99,
    "Train/KL": 0.0023715803399682045,
    "Train/LR": 0,
    "Train/PolicyRatio": 1.001976490020752,
    "Train/PolicyRatio/Max": 1.001976490020752,
    "Train/PolicyRatio/Min": 1.001976490020752,
    "Train/PolicyRatio/Std": 0.0055692158639431,
    "Train/PolicyStd": 0.4472506642341614,
    "Train/StopIter": 40,
    "Value/Adv": 0.07432354986667633,
    "Value/cost": 0.24588261544704437,
    "Value/reward": 2.270354747772217,
    "_runtime": 18744.556949305,
    "_step": 100,
    "_timestamp": 1746555576.9338028,
    "_wandb": {
        "runtime": 18744
    }
}