{
    "Loss/Loss_cost_critic": 3.3775851726531982,
    "Loss/Loss_cost_critic/Delta": 3.035851925611496,
    "Loss/Loss_pi": -0.022496819496154785,
    "Loss/Loss_pi/Delta": -0.016643273178488016,
    "Loss/Loss_reward_critic": 0.08821161091327667,
    "Loss/Loss_reward_critic/Delta": 0.020894713699817657,
    "Metrics/EpCost": 6.480000019073486,
    "Metrics/EpLen": 500,
    "Metrics/EpRet": 11.571794509887695,
    "Metrics/LagrangeMultiplier": 7.867176055908203,
    "Metrics/LagrangeMultiplier/Max": 7.867176055908203,
    "Metrics/LagrangeMultiplier/Min": 7.867176055908203,
    "Metrics/LagrangeMultiplier/Std": 0,
    "Misc/AcceptanceStep": 1,
    "Misc/Alpha": 0.5317886471748352,
    "Misc/FinalStepNorm": 0.22372329235076904,
    "Misc/H_inv_g": 0.42069968581199646,
    "Misc/gradient_norm": 0.7594088912010193,
    "Misc/xHx": 0.07072155177593231,
    "Time/Epoch": 127.15306091308594,
    "Time/FPS": 157.29075622558594,
    "Time/Rollout": 114.3560562133789,
    "Time/Total": 12778.3271484375,
    "Time/Update": 12.796977043151855,
    "TotalEnvSteps": 2000000,
    "Train/Entropy": 0.8502375483512878,
    "Train/Epoch": 99,
    "Train/KL": 0.0004302039451431483,
    "Train/LR": 0,
    "Train/PolicyRatio": 1.0007638931274414,
    "Train/PolicyRatio/Max": 1.0007638931274414,
    "Train/PolicyRatio/Min": 1.0007638931274414,
    "Train/PolicyRatio/Std": 0.000540153996553272,
    "Train/PolicyStd": 0.5746426582336426,
    "Train/StopIter": 10,
    "Value/Adv": 1.9073485901799362e-08,
    "Value/cost": 0.40569868683815,
    "Value/reward": 2.278284788131714,
    "_runtime": 12780.219313682,
    "_step": 100,
    "_timestamp": 1745038310.1065218,
    "_wandb": {
        "runtime": 12780
    }
}