{
    "Loss/Loss_cost_critic": 1.6396368741989136,
    "Loss/Loss_cost_critic/Delta": -0.995010256767273,
    "Loss/Loss_pi": -0.31079211831092834,
    "Loss/Loss_pi/Delta": -0.1319705992937088,
    "Loss/Loss_reward_critic": 0.03230031579732895,
    "Loss/Loss_reward_critic/Delta": -0.006598331034183502,
    "Metrics/EpCost": 4.920000076293945,
    "Metrics/EpLen": 1000,
    "Metrics/EpRet": 1.6720422506332395,
    "Metrics/LagrangeMultiplier": 2.4723358154296875,
    "Metrics/LagrangeMultiplier/Max": 2.4723358154296875,
    "Metrics/LagrangeMultiplier/Min": 2.4723358154296875,
    "Metrics/LagrangeMultiplier/Std": 0,
    "Misc/AcceptanceStep": 1,
    "Misc/Alpha": 2.1374545097351074,
    "Misc/FinalStepNorm": 0.33020520210266113,
    "Misc/H_inv_g": 0.15448525547981262,
    "Misc/gradient_norm": 0.08675966411828995,
    "Misc/xHx": 0.004377591423690319,
    "Safety/EpCostShield": 11.800000190734863,
    "Safety/ShieldLagrangeMultiplier": 2.4597184658050537,
    "Safety/ShieldLagrangeMultiplier/Max": 2.4597184658050537,
    "Safety/ShieldLagrangeMultiplier/Min": 2.4597184658050537,
    "Safety/ShieldLagrangeMultiplier/Std": 0,
    "Safety/shield_adv_c": -0.25154900550842285,
    "Safety/shield_violation": 2.03507399559021,
    "Time/Epoch": 73.40225982666016,
    "Time/FPS": 272.4711608886719,
    "Time/Rollout": 59.696533203125,
    "Time/Total": 7729.56396484375,
    "Time/Update": 13.70571517944336,
    "TotalEnvSteps": 2000000,
    "Train/Entropy": 2.1544504165649414,
    "Train/Epoch": 99,
    "Train/KL": 0.0002810195437632501,
    "Train/LR": 0,
    "Train/PolicyRatio": 1.0017166137695312,
    "Train/PolicyRatio/Max": 1.0017166137695312,
    "Train/PolicyRatio/Min": 1.0017166137695312,
    "Train/PolicyRatio/Std": 0.0012138292659074068,
    "Train/PolicyStd": 2.0934369564056396,
    "Train/StopIter": 10,
    "Value/Adv": -1.5258788677030564e-09,
    "Value/cost": 0.6367990970611572,
    "Value/reward": 0.19758376479148865,
    "_runtime": 7731.229625481,
    "_step": 100,
    "_timestamp": 1746913501.926765,
    "_wandb": {
        "runtime": 7731
    }
}