{
    "Loss/Loss_cost_critic": 3.620244026184082,
    "Loss/Loss_cost_critic/Delta": -0.8210062980651855,
    "Loss/Loss_pi": -0.03860217705368996,
    "Loss/Loss_pi/Delta": -0.21984698250889775,
    "Loss/Loss_reward_critic": 0.043817613273859024,
    "Loss/Loss_reward_critic/Delta": 0.003445904701948166,
    "Metrics/EpCost": 12.520000457763672,
    "Metrics/EpLen": 1000,
    "Metrics/EpRet": 3.2588396072387695,
    "Metrics/LagrangeMultiplier": 2.399712324142456,
    "Metrics/LagrangeMultiplier/Max": 2.399712324142456,
    "Metrics/LagrangeMultiplier/Min": 2.399712324142456,
    "Metrics/LagrangeMultiplier/Std": 0,
    "Misc/AcceptanceStep": 1,
    "Misc/Alpha": 0.7492552995681763,
    "Misc/FinalStepNorm": 0.3077737092971802,
    "Misc/H_inv_g": 0.41077283024787903,
    "Misc/gradient_norm": 0.20861610770225525,
    "Misc/xHx": 0.035626254975795746,
    "Safety/EpCostShield": 25.399999618530273,
    "Safety/ShieldLagrangeMultiplier": 2.480670213699341,
    "Safety/ShieldLagrangeMultiplier/Max": 2.480670213699341,
    "Safety/ShieldLagrangeMultiplier/Min": 2.480670213699341,
    "Safety/ShieldLagrangeMultiplier/Std": 0,
    "Safety/shield_adv_c": -0.0985325276851654,
    "Safety/shield_violation": 2.4679133892059326,
    "Time/Epoch": 127.33128356933594,
    "Time/FPS": 157.07058715820312,
    "Time/Rollout": 99.37800598144533,
    "Time/Total": 13399.9375,
    "Time/Update": 27.9532470703125,
    "TotalEnvSteps": 2000000,
    "Train/Entropy": 1.1969681978225708,
    "Train/Epoch": 99,
    "Train/KL": 0.00029958164668641984,
    "Train/LR": 0,
    "Train/PolicyRatio": 1.0005096197128296,
    "Train/PolicyRatio/Max": 1.0005096197128296,
    "Train/PolicyRatio/Min": 1.0005096197128296,
    "Train/PolicyRatio/Std": 0.000360327452654019,
    "Train/PolicyStd": 0.8101006150245667,
    "Train/StopIter": 10,
    "Value/Adv": 1.0681151962899094e-08,
    "Value/cost": 0.7166387438774109,
    "Value/reward": 0.5540298223495483,
    "_runtime": 13408.265309119,
    "_step": 100,
    "_timestamp": 1747263682.526157,
    "_wandb": {
        "runtime": 13408
    }
}