{
    "Loss/Loss_cost_critic": 4.139299392700195,
    "Loss/Loss_cost_critic/Delta": -2.1594738960266113,
    "Loss/Loss_pi": -0.22866444289684296,
    "Loss/Loss_pi/Delta": -0.051848217844963074,
    "Loss/Loss_reward_critic": 0.050312552601099014,
    "Loss/Loss_reward_critic/Delta": -0.006932880729436874,
    "Metrics/EpCost": 12.880000114440918,
    "Metrics/EpLen": 1000,
    "Metrics/EpRet": 10.985241889953612,
    "Metrics/LagrangeMultiplier": 2.2465901374816895,
    "Metrics/LagrangeMultiplier/Max": 2.2465901374816895,
    "Metrics/LagrangeMultiplier/Min": 2.2465901374816895,
    "Metrics/LagrangeMultiplier/Std": 0,
    "Misc/AcceptanceStep": 1,
    "Misc/Alpha": 1.7252980470657349,
    "Misc/FinalStepNorm": 0.310578316450119,
    "Misc/H_inv_g": 0.18001431226730347,
    "Misc/gradient_norm": 0.16569024324417114,
    "Misc/xHx": 0.006718944758176804,
    "Safety/EpCostShield": 24.200000762939453,
    "Safety/ShieldLagrangeMultiplier": 2.179370164871216,
    "Safety/ShieldLagrangeMultiplier/Max": 2.179370164871216,
    "Safety/ShieldLagrangeMultiplier/Min": 2.179370164871216,
    "Safety/ShieldLagrangeMultiplier/Std": 0,
    "Safety/shield_adv_c": -0.6037700772285461,
    "Safety/shield_violation": 2.1974854469299316,
    "Time/Epoch": 98.67656707763672,
    "Time/FPS": 202.6823577880859,
    "Time/Rollout": 73.45164489746094,
    "Time/Total": 9970.7841796875,
    "Time/Update": 25.224897384643555,
    "TotalEnvSteps": 2000000,
    "Train/Entropy": 2.0601351261138916,
    "Train/Epoch": 99,
    "Train/KL": 0.00030161754693835974,
    "Train/LR": 0,
    "Train/PolicyRatio": 1.000265121459961,
    "Train/PolicyRatio/Max": 1.000265121459961,
    "Train/PolicyRatio/Min": 1.000265121459961,
    "Train/PolicyRatio/Std": 0.000187525394721888,
    "Train/PolicyStd": 1.95252525806427,
    "Train/StopIter": 10,
    "Value/Adv": 3.814697002724188e-09,
    "Value/cost": 1.0204205513000488,
    "Value/reward": 1.0528326034545898,
    "_runtime": 9972.827040595,
    "_step": 100,
    "_timestamp": 1746603433.4380434,
    "_wandb": {
        "runtime": 9972
    }
}