{
    "Loss/Loss_cost_critic": 0.6662161350250244,
    "Loss/Loss_cost_critic/Delta": -0.2354077100753784,
    "Loss/Loss_pi": 0.055445075035095215,
    "Loss/Loss_pi/Delta": 0.11897463351488112,
    "Loss/Loss_reward_critic": 0.006783722434192896,
    "Loss/Loss_reward_critic/Delta": -0.008466545958071947,
    "Metrics/EpCost": 9.829999923706056,
    "Metrics/EpLen": 1000,
    "Metrics/EpRet": 0.11460080742836,
    "Metrics/LagrangeMultiplier": 2.425410747528076,
    "Metrics/LagrangeMultiplier/Max": 2.425410747528076,
    "Metrics/LagrangeMultiplier/Min": 2.425410747528076,
    "Metrics/LagrangeMultiplier/Std": 0,
    "Misc/AcceptanceStep": 1,
    "Misc/Alpha": 0.9783610701560974,
    "Misc/FinalStepNorm": 0.29564711451530457,
    "Misc/H_inv_g": 0.30218610167503357,
    "Misc/gradient_norm": 0.20253749191761017,
    "Misc/xHx": 0.020894475281238556,
    "Safety/EpCostShield": 17.149999618530273,
    "Safety/ShieldLagrangeMultiplier": 2.4727189540863037,
    "Safety/ShieldLagrangeMultiplier/Max": 2.4727189540863037,
    "Safety/ShieldLagrangeMultiplier/Min": 2.4727189540863037,
    "Safety/ShieldLagrangeMultiplier/Std": 0,
    "Safety/shield_adv_c": 0.4213096797466278,
    "Safety/shield_violation": 0.9641925692558287,
    "Time/Epoch": 164.22702026367188,
    "Time/FPS": 121.78263854980467,
    "Time/Rollout": 130.77139282226562,
    "Time/Total": 15329.80078125,
    "Time/Update": 33.455596923828125,
    "TotalEnvSteps": 2000000,
    "Train/Entropy": 1.2140239477157593,
    "Train/Epoch": 99,
    "Train/KL": 0.0003182782093062997,
    "Train/LR": 0,
    "Train/PolicyRatio": 1.000409722328186,
    "Train/PolicyRatio/Max": 1.0004098415374756,
    "Train/PolicyRatio/Min": 1.0004098415374756,
    "Train/PolicyRatio/Std": 0.00028980174101889133,
    "Train/PolicyStd": 0.8186166286468506,
    "Train/StopIter": 10,
    "Value/Adv": 6.103515470812226e-09,
    "Value/cost": 0.3307541012763977,
    "Value/reward": -0.0027890217024832964,
    "_runtime": 15331.238534629,
    "_step": 100,
    "_timestamp": 1746633844.3331835,
    "_wandb": {
        "runtime": 15331
    }
}