{
    "Loss/Loss_cost_critic": 4.5219407081604,
    "Loss/Loss_cost_critic/Delta": -0.4904947280883789,
    "Loss/Loss_pi": -0.12886017560958862,
    "Loss/Loss_pi/Delta": 0.06824027001857758,
    "Loss/Loss_reward_critic": 0.04625631868839264,
    "Loss/Loss_reward_critic/Delta": -0.007774859666824341,
    "Metrics/EpCost": 14.970000267028809,
    "Metrics/EpLen": 1000,
    "Metrics/EpRet": 12.531990051269531,
    "Metrics/LagrangeMultiplier": 2.5521347522735596,
    "Metrics/LagrangeMultiplier/Max": 2.5521347522735596,
    "Metrics/LagrangeMultiplier/Min": 2.5521347522735596,
    "Metrics/LagrangeMultiplier/Std": 0,
    "Misc/AcceptanceStep": 1,
    "Misc/Alpha": 0.8037022352218628,
    "Misc/FinalStepNorm": 0.2527865767478943,
    "Misc/H_inv_g": 0.3145276606082916,
    "Misc/gradient_norm": 0.16248533129692078,
    "Misc/xHx": 0.0309627503156662,
    "Safety/EpCostShield": 35.900001525878906,
    "Safety/ShieldLagrangeMultiplier": 2.5753936767578125,
    "Safety/ShieldLagrangeMultiplier/Max": 2.5753936767578125,
    "Safety/ShieldLagrangeMultiplier/Min": 2.5753936767578125,
    "Safety/ShieldLagrangeMultiplier/Std": 0,
    "Safety/shield_adv_c": -0.5965899229049683,
    "Safety/shield_violation": 4.212388038635254,
    "Time/Epoch": 75.123291015625,
    "Time/FPS": 266.2290344238281,
    "Time/Rollout": 60.64076614379883,
    "Time/Total": 7754.62353515625,
    "Time/Update": 14.482505798339844,
    "TotalEnvSteps": 2000000,
    "Train/Entropy": 1.1154218912124634,
    "Train/Epoch": 99,
    "Train/KL": 0.0003873610112350434,
    "Train/LR": 0,
    "Train/PolicyRatio": 0.9993972778320312,
    "Train/PolicyRatio/Max": 0.9993972778320312,
    "Train/PolicyRatio/Min": 0.9993972778320312,
    "Train/PolicyRatio/Std": 0.00042616084101609886,
    "Train/PolicyStd": 0.7386185526847839,
    "Train/StopIter": 10,
    "Value/Adv": -9.155272984173736e-09,
    "Value/cost": 1.6083617210388184,
    "Value/reward": 1.213312745094299,
    "_runtime": 7770.67472195,
    "_step": 100,
    "_timestamp": 1747258037.1718564,
    "_wandb": {
        "runtime": 7770
    }
}