{
    "Loss/Loss_cost_critic": 2.331615209579468,
    "Loss/Loss_cost_critic/Delta": -1.5064857006072998,
    "Loss/Loss_pi": -0.29204192757606506,
    "Loss/Loss_pi/Delta": -0.10695786774158478,
    "Loss/Loss_reward_critic": 0.0836457759141922,
    "Loss/Loss_reward_critic/Delta": -0.0016680285334587095,
    "Metrics/EpCost": 5.110000133514404,
    "Metrics/EpLen": 500,
    "Metrics/EpRet": 9.629066467285156,
    "Metrics/LagrangeMultiplier": 1.1062989234924316,
    "Metrics/LagrangeMultiplier/Max": 1.1062989234924316,
    "Metrics/LagrangeMultiplier/Min": 1.1062989234924316,
    "Metrics/LagrangeMultiplier/Std": 0,
    "Misc/AcceptanceStep": 1,
    "Misc/Alpha": 1.7522625923156738,
    "Misc/FinalStepNorm": 0.2686327397823334,
    "Misc/H_inv_g": 0.15330621600151062,
    "Misc/gradient_norm": 0.0986761525273323,
    "Misc/xHx": 0.00651374738663435,
    "Safety/EpCostShield": 6.025000095367432,
    "Safety/ShieldLagrangeMultiplier": 1.315100073814392,
    "Safety/ShieldLagrangeMultiplier/Max": 1.315100073814392,
    "Safety/ShieldLagrangeMultiplier/Min": 1.315100073814392,
    "Safety/ShieldLagrangeMultiplier/Std": 0,
    "Safety/shield_adv_c": 0.26204913854599,
    "Safety/shield_violation": 0.8439005613327026,
    "Time/Epoch": 140.88671875,
    "Time/FPS": 141.95802307128906,
    "Time/Rollout": 114.5870361328125,
    "Time/Total": 13829.841796875,
    "Time/Update": 26.29965591430664,
    "TotalEnvSteps": 2000000,
    "Train/Entropy": 1.8300371170043943,
    "Train/Epoch": 99,
    "Train/KL": 0.0003693149192258715,
    "Train/LR": 0,
    "Train/PolicyRatio": 1.0043529272079468,
    "Train/PolicyRatio/Max": 1.0043529272079468,
    "Train/PolicyRatio/Min": 1.0043529272079468,
    "Train/PolicyRatio/Std": 0.0030779000371694565,
    "Train/PolicyStd": 1.7287893295288086,
    "Train/StopIter": 10,
    "Value/Adv": 7.629394005448376e-09,
    "Value/cost": 0.4145354628562927,
    "Value/reward": 1.976319909095764,
    "_runtime": 13831.912495462,
    "_step": 100,
    "_timestamp": 1746548673.7811394,
    "_wandb": {
        "runtime": 13831
    }
}