{
    "Loss/Loss_cost_critic": 2.3112754821777344,
    "Loss/Loss_cost_critic/Delta": -0.4685041904449463,
    "Loss/Loss_pi": -0.2885708510875702,
    "Loss/Loss_pi/Delta": -0.10250435769557951,
    "Loss/Loss_reward_critic": 0.006042366847395897,
    "Loss/Loss_reward_critic/Delta": 0.0018596639856696129,
    "Metrics/EpCost": 6.460000038146973,
    "Metrics/EpLen": 1000,
    "Metrics/EpRet": 0.4488500654697418,
    "Metrics/LagrangeMultiplier": 2.8624489307403564,
    "Metrics/LagrangeMultiplier/Max": 2.8624489307403564,
    "Metrics/LagrangeMultiplier/Min": 2.8624489307403564,
    "Metrics/LagrangeMultiplier/Std": 0,
    "Safety/EpCostShield": 26.899999618530273,
    "Safety/ShieldLagrangeMultiplier": 2.671557903289795,
    "Safety/ShieldLagrangeMultiplier/Max": 2.671557903289795,
    "Safety/ShieldLagrangeMultiplier/Min": 2.671557903289795,
    "Safety/ShieldLagrangeMultiplier/Std": 0,
    "Safety/shield_adv_c": "NaN",
    "Safety/shield_violation": 3.7542147636413574,
    "Time/Epoch": 194.58531188964844,
    "Time/FPS": 102.78268432617188,
    "Time/Rollout": 87.48883056640625,
    "Time/Total": 19685.63671875,
    "Time/Update": 107.09642028808594,
    "TotalEnvSteps": 2000000,
    "Train/Entropy": 0.6766704320907593,
    "Train/Epoch": 99,
    "Train/KL": 0.002838555723428726,
    "Train/LR": 0,
    "Train/PolicyRatio": 1.0006729364395142,
    "Train/PolicyRatio/Max": 1.0006729364395142,
    "Train/PolicyRatio/Min": 1.0006729364395142,
    "Train/PolicyRatio/Std": 0.005252187140285969,
    "Train/PolicyStd": 0.4798474311828614,
    "Train/StopIter": 40,
    "Value/Adv": 0.1083258092403412,
    "Value/cost": 0.9159749746322632,
    "Value/reward": 0.0446590781211853,
    "_runtime": 19687.322841755,
    "_step": 100,
    "_timestamp": 1746516086.2546685,
    "_wandb": {
        "runtime": 19687
    }
}