{
    "Loss/Loss_cost_critic": 3.2577621936798096,
    "Loss/Loss_cost_critic/Delta": 0.844588041305542,
    "Loss/Loss_pi": -0.17288880050182345,
    "Loss/Loss_pi/Delta": 0.05612638592720032,
    "Loss/Loss_reward_critic": 0.1145639792084694,
    "Loss/Loss_reward_critic/Delta": 0.02305111289024353,
    "Metrics/EpCost": 2.1700000762939453,
    "Metrics/EpLen": 500,
    "Metrics/EpRet": 9.9052734375,
    "Metrics/LagrangeMultiplier": 1.1196796894073486,
    "Metrics/LagrangeMultiplier/Max": 1.1196796894073486,
    "Metrics/LagrangeMultiplier/Min": 1.1196796894073486,
    "Metrics/LagrangeMultiplier/Std": 0,
    "Safety/EpCostShield": 10.949999809265137,
    "Safety/ShieldLagrangeMultiplier": 1.2066516876220703,
    "Safety/ShieldLagrangeMultiplier/Max": 1.2066516876220703,
    "Safety/ShieldLagrangeMultiplier/Min": 1.2066516876220703,
    "Safety/ShieldLagrangeMultiplier/Std": 0,
    "Safety/shield_adv_c": "NaN",
    "Safety/shield_violation": 0.8563159108161926,
    "Time/Epoch": 191.61968994140625,
    "Time/FPS": 104.3734130859375,
    "Time/Rollout": 86.83354949951172,
    "Time/Total": 19031.841796875,
    "Time/Update": 104.78609466552734,
    "TotalEnvSteps": 2000000,
    "Train/Entropy": 0.8777644038200378,
    "Train/Epoch": 99,
    "Train/KL": 0.002648027613759041,
    "Train/LR": 0,
    "Train/PolicyRatio": 1.0003743171691897,
    "Train/PolicyRatio/Max": 1.0003743171691897,
    "Train/PolicyRatio/Min": 1.0003743171691897,
    "Train/PolicyRatio/Std": 0.006174308247864246,
    "Train/PolicyStd": 0.5843920111656189,
    "Train/StopIter": 40,
    "Value/Adv": -0.1444210261106491,
    "Value/cost": 0.39870885014534,
    "Value/reward": 1.9611095190048216,
    "_runtime": 19033.269929779,
    "_step": 100,
    "_timestamp": 1746554797.2651577,
    "_wandb": {
        "runtime": 19033
    }
}