{
    "Loss/Loss_cost_critic": 0.7038693428039551,
    "Loss/Loss_cost_critic/Delta": 0.4424765408039093,
    "Loss/Loss_pi": -0.013048560358583927,
    "Loss/Loss_pi/Delta": -0.007974063511937857,
    "Loss/Loss_reward_critic": 0.02074684575200081,
    "Loss/Loss_reward_critic/Delta": -0.004497664049267769,
    "Metrics/EpCost": 6.320000171661377,
    "Metrics/EpLen": 1000,
    "Metrics/EpRet": 1.6654064655303955,
    "Metrics/LagrangeMultiplier": 14.077655792236328,
    "Metrics/LagrangeMultiplier/Max": 14.077655792236328,
    "Metrics/LagrangeMultiplier/Min": 14.077655792236328,
    "Metrics/LagrangeMultiplier/Std": 0,
    "Misc/AcceptanceStep": 1,
    "Misc/Alpha": 0.9469122290611268,
    "Misc/FinalStepNorm": 0.3346267640590668,
    "Misc/H_inv_g": 0.3533872961997986,
    "Misc/gradient_norm": 0.1833478212356567,
    "Misc/xHx": 0.02230541780591011,
    "Time/Epoch": 92.64832305908205,
    "Time/FPS": 215.87008666992188,
    "Time/Rollout": 83.83438110351562,
    "Time/Total": 9268.9921875,
    "Time/Update": 8.813916206359863,
    "TotalEnvSteps": 2000000,
    "Train/Entropy": 1.3911205530166626,
    "Train/Epoch": 99,
    "Train/KL": 0.00022932072170078752,
    "Train/LR": 0,
    "Train/PolicyRatio": 1.0001134872436523,
    "Train/PolicyRatio/Max": 1.0001134872436523,
    "Train/PolicyRatio/Min": 1.0001134872436523,
    "Train/PolicyRatio/Std": 8.019144297577441e-05,
    "Train/PolicyStd": 0.9730024933815002,
    "Train/StopIter": 10,
    "Value/Adv": -3.814697002724188e-09,
    "Value/cost": 0.22485825419425964,
    "Value/reward": 0.22289691865444183,
    "_runtime": 9270.583247244,
    "_step": 100,
    "_timestamp": 1745013028.6676967,
    "_wandb": {
        "runtime": 9270
    }
}