{
    "Loss/Loss_cost_critic": 4.133264064788818,
    "Loss/Loss_cost_critic/Delta": 1.1950092315673828,
    "Loss/Loss_pi": 0.04294874146580696,
    "Loss/Loss_pi/Delta": 0.08453861996531487,
    "Loss/Loss_reward_critic": 0.25005581974983215,
    "Loss/Loss_reward_critic/Delta": 0.007147073745727539,
    "Metrics/EpCost": 2.4600000381469727,
    "Metrics/EpLen": 500,
    "Metrics/EpRet": 31.874340057373047,
    "Metrics/LagrangeMultiplier": 0.9421004056930542,
    "Metrics/LagrangeMultiplier/Max": 0.9421004056930542,
    "Metrics/LagrangeMultiplier/Min": 0.9421004056930542,
    "Metrics/LagrangeMultiplier/Std": 0,
    "Misc/AcceptanceStep": 1,
    "Misc/Alpha": 2.230069160461426,
    "Misc/FinalStepNorm": 0.19125977158546448,
    "Misc/H_inv_g": 0.08576405793428421,
    "Misc/gradient_norm": 0.24316276609897616,
    "Misc/xHx": 0.004021539352834225,
    "Safety/EpCostShield": 12.475000381469728,
    "Safety/ShieldLagrangeMultiplier": 1.0521081686019895,
    "Safety/ShieldLagrangeMultiplier/Max": 1.0521081686019895,
    "Safety/ShieldLagrangeMultiplier/Min": 1.0521081686019895,
    "Safety/ShieldLagrangeMultiplier/Std": 0,
    "Safety/shield_adv_c": 0.5159949660301208,
    "Safety/shield_violation": 1.3419843912124634,
    "Time/Epoch": 122.7533721923828,
    "Time/FPS": 162.92831420898438,
    "Time/Rollout": 96.9114227294922,
    "Time/Total": 12436.8671875,
    "Time/Update": 25.84192276000977,
    "TotalEnvSteps": 2000000,
    "Train/Entropy": 1.007551670074463,
    "Train/Epoch": 99,
    "Train/KL": 0.00044766347855329514,
    "Train/LR": 0,
    "Train/PolicyRatio": 1.000268816947937,
    "Train/PolicyRatio/Max": 1.000268816947937,
    "Train/PolicyRatio/Min": 1.000268816947937,
    "Train/PolicyRatio/Std": 0.0001900541974464431,
    "Train/PolicyStd": 0.756891667842865,
    "Train/StopIter": 10,
    "Value/Adv": 4.577636492086867e-09,
    "Value/cost": 0.38924428820610046,
    "Value/reward": 6.363324165344238,
    "_runtime": 12438.89498142,
    "_step": 100,
    "_timestamp": 1746563393.493384,
    "_wandb": {
        "runtime": 12438
    }
}