{
    "Loss/Loss_cost_critic": 6.796479225158691,
    "Loss/Loss_cost_critic/Delta": 1.841646671295166,
    "Loss/Loss_pi": -0.2107367068529129,
    "Loss/Loss_pi/Delta": 0.1669580191373825,
    "Loss/Loss_reward_critic": 0.03693432733416557,
    "Loss/Loss_reward_critic/Delta": -0.002153247594833374,
    "Metrics/EpCost": 24.5,
    "Metrics/EpLen": 1000,
    "Metrics/EpRet": 6.587596893310547,
    "Metrics/LagrangeMultiplier": 2.965372323989868,
    "Metrics/LagrangeMultiplier/Max": 2.965372323989868,
    "Metrics/LagrangeMultiplier/Min": 2.965372323989868,
    "Metrics/LagrangeMultiplier/Std": 0,
    "Safety/EpCostShield": 92.8000030517578,
    "Safety/ShieldLagrangeMultiplier": 2.8351480960845947,
    "Safety/ShieldLagrangeMultiplier/Max": 2.8351480960845947,
    "Safety/ShieldLagrangeMultiplier/Min": 2.8351480960845947,
    "Safety/ShieldLagrangeMultiplier/Std": 0,
    "Safety/shield_adv_c": "NaN",
    "Safety/shield_violation": 9.226909637451172,
    "Time/Epoch": 281.37384033203125,
    "Time/FPS": 71.07981872558594,
    "Time/Rollout": 91.75155639648438,
    "Time/Total": 27877.109375,
    "Time/Update": 189.62213134765625,
    "TotalEnvSteps": 2000000,
    "Train/Entropy": 0.5110449194908142,
    "Train/Epoch": 99,
    "Train/KL": 0.00365110207349062,
    "Train/LR": 0,
    "Train/PolicyRatio": 1.000832200050354,
    "Train/PolicyRatio/Max": 1.0008323192596436,
    "Train/PolicyRatio/Min": 1.0008323192596436,
    "Train/PolicyRatio/Std": 0.006362867075949907,
    "Train/PolicyStd": 0.4058271050453186,
    "Train/StopIter": 40,
    "Value/Adv": 0.12990042567253113,
    "Value/cost": 3.417757034301758,
    "Value/reward": 0.7718295454978943,
    "_runtime": 27878.737119766,
    "_step": 100,
    "_timestamp": 1746621324.310567,
    "_wandb": {
        "runtime": 27878
    }
}