{
    "Loss/Loss_cost_critic": 1.3504092693328855,
    "Loss/Loss_cost_critic/Delta": 0.22783446311950684,
    "Loss/Loss_pi": -0.006100987549871206,
    "Loss/Loss_pi/Delta": 0.0017434307374060154,
    "Loss/Loss_reward_critic": 0.04583699256181717,
    "Loss/Loss_reward_critic/Delta": -0.0018716007471084597,
    "Metrics/EpCost": 23.260000228881836,
    "Metrics/EpLen": 1000,
    "Metrics/EpRet": 18.66375160217285,
    "Metrics/LagrangeMultiplier": 2.748504638671875,
    "Metrics/LagrangeMultiplier/Max": 2.748504638671875,
    "Metrics/LagrangeMultiplier/Min": 2.748504638671875,
    "Metrics/LagrangeMultiplier/Std": 0,
    "Time/Epoch": 155.38636779785156,
    "Time/FPS": 128.71141052246094,
    "Time/Rollout": 74.13639831542969,
    "Time/Total": 15460.736328125,
    "Time/Update": 81.24991607666016,
    "TotalEnvSteps": 2000000,
    "Train/Entropy": 0.6290963292121887,
    "Train/Epoch": 99,
    "Train/KL": 0.0035216109827160835,
    "Train/LR": 0,
    "Train/PolicyRatio": 1.000873327255249,
    "Train/PolicyRatio/Max": 1.000873327255249,
    "Train/PolicyRatio/Min": 1.000873327255249,
    "Train/PolicyRatio/Std": 0.006518584210425615,
    "Train/PolicyStd": 0.4554048776626587,
    "Train/StopIter": 40,
    "Value/Adv": 0.05380331724882126,
    "Value/cost": 2.9469528198242188,
    "Value/reward": 1.9676865339279177,
    "_runtime": 15462.422243457,
    "_step": 100,
    "_timestamp": 1746914046.3812504,
    "_wandb": {
        "runtime": 15462
    }
}