{
    "Loss/Loss_cost_critic": 5.052476406097412,
    "Loss/Loss_cost_critic/Delta": 1.6833155155181885,
    "Loss/Loss_pi": -0.24949069321155548,
    "Loss/Loss_pi/Delta": -0.03399886190891266,
    "Loss/Loss_reward_critic": 0.1668597012758255,
    "Loss/Loss_reward_critic/Delta": 0.021994590759277344,
    "Metrics/EpCost": 2.619999885559082,
    "Metrics/EpLen": 500,
    "Metrics/EpRet": 19.952695846557617,
    "Metrics/LagrangeMultiplier": 1.11051607131958,
    "Metrics/LagrangeMultiplier/Max": 1.11051607131958,
    "Metrics/LagrangeMultiplier/Min": 1.11051607131958,
    "Metrics/LagrangeMultiplier/Std": 0,
    "Misc/AcceptanceStep": 1,
    "Misc/Alpha": 2.248457908630371,
    "Misc/FinalStepNorm": 0.25692543387413025,
    "Misc/H_inv_g": 0.11426740139722824,
    "Misc/gradient_norm": 0.1145092025399208,
    "Misc/xHx": 0.003956027794629335,
    "Safety/EpCostShield": 11.199999809265137,
    "Safety/ShieldLagrangeMultiplier": 1.3035151958465576,
    "Safety/ShieldLagrangeMultiplier/Max": 1.3035151958465576,
    "Safety/ShieldLagrangeMultiplier/Min": 1.3035151958465576,
    "Safety/ShieldLagrangeMultiplier/Std": 0,
    "Safety/shield_adv_c": 0.5120939016342163,
    "Safety/shield_violation": 1.224056601524353,
    "Time/Epoch": 103.52554321289062,
    "Time/FPS": 193.1890411376953,
    "Time/Rollout": 86.77628326416016,
    "Time/Total": 10551.2060546875,
    "Time/Update": 16.74922752380371,
    "TotalEnvSteps": 2000000,
    "Train/Entropy": 1.751280665397644,
    "Train/Epoch": 99,
    "Train/KL": 0.0003895549743901938,
    "Train/LR": 0,
    "Train/PolicyRatio": 1.0033241510391235,
    "Train/PolicyRatio/Max": 1.003324270248413,
    "Train/PolicyRatio/Min": 1.003324270248413,
    "Train/PolicyRatio/Std": 0.0023505017161369324,
    "Train/PolicyStd": 1.447495460510254,
    "Train/StopIter": 10,
    "Value/Adv": -1.5258788677030564e-09,
    "Value/cost": 0.2366031259298325,
    "Value/reward": 4.1678009033203125,
    "_runtime": 10552.794512353,
    "_step": 100,
    "_timestamp": 1746518882.0047088,
    "_wandb": {
        "runtime": 10552
    }
}