{
    "Loss/Loss_cost_critic": 0.23795002698898315,
    "Loss/Loss_cost_critic/Delta": -0.4532697796821594,
    "Loss/Loss_pi": -0.00594033719971776,
    "Loss/Loss_pi/Delta": 0.009523543063551188,
    "Loss/Loss_reward_critic": 0.0037762164138257504,
    "Loss/Loss_reward_critic/Delta": -0.0011784452944993973,
    "Metrics/EpCost": 4.559999942779541,
    "Metrics/EpLen": 1000,
    "Metrics/EpRet": -0.7342551946640015,
    "Metrics/LagrangeMultiplier": 168.1514129638672,
    "Metrics/LagrangeMultiplier/Max": 168.1514129638672,
    "Metrics/LagrangeMultiplier/Min": 168.1514129638672,
    "Metrics/LagrangeMultiplier/Std": 0,
    "Misc/AcceptanceStep": 1,
    "Misc/Alpha": 2.4668638706207275,
    "Misc/FinalStepNorm": 0.3077169954776764,
    "Misc/H_inv_g": 0.12474016845226288,
    "Misc/gradient_norm": 0.05531975254416466,
    "Misc/xHx": 0.0032865353859961033,
    "Time/Epoch": 104.40589141845705,
    "Time/FPS": 191.56007385253903,
    "Time/Rollout": 91.77278900146484,
    "Time/Total": 10442.2109375,
    "Time/Update": 12.633075714111328,
    "TotalEnvSteps": 2000000,
    "Train/Entropy": 1.2791399955749512,
    "Train/Epoch": 99,
    "Train/KL": 0.0003012471424881369,
    "Train/LR": 0,
    "Train/PolicyRatio": 0.9994398951530457,
    "Train/PolicyRatio/Max": 0.9994398951530457,
    "Train/PolicyRatio/Min": 0.9994398951530457,
    "Train/PolicyRatio/Std": 0.0003960960893891752,
    "Train/PolicyStd": 0.8708092570304871,
    "Train/StopIter": 10,
    "Value/Adv": -6.103515470812226e-09,
    "Value/cost": 0.4924614131450653,
    "Value/reward": -0.08121275901794434,
    "_runtime": 10444.47554893,
    "_step": 100,
    "_timestamp": 1745027116.3104515,
    "_wandb": {
        "runtime": 10444
    }
}