{
    "Loss/Loss_cost_critic": 4.663390636444092,
    "Loss/Loss_cost_critic/Delta": 0.9808728694915771,
    "Loss/Loss_pi": 0.11218459904193878,
    "Loss/Loss_pi/Delta": 0.29727600514888763,
    "Loss/Loss_reward_critic": 0.03550684079527855,
    "Loss/Loss_reward_critic/Delta": 0.009602556005120276,
    "Metrics/EpCost": 19.299999237060547,
    "Metrics/EpLen": 1000,
    "Metrics/EpRet": 4.862746715545654,
    "Metrics/LagrangeMultiplier": 2.878467321395874,
    "Metrics/LagrangeMultiplier/Max": 2.878467321395874,
    "Metrics/LagrangeMultiplier/Min": 2.878467321395874,
    "Metrics/LagrangeMultiplier/Std": 0,
    "Safety/EpCostShield": 76.0999984741211,
    "Safety/ShieldLagrangeMultiplier": 2.818051338195801,
    "Safety/ShieldLagrangeMultiplier/Max": 2.818051338195801,
    "Safety/ShieldLagrangeMultiplier/Min": 2.818051338195801,
    "Safety/ShieldLagrangeMultiplier/Std": 0,
    "Safety/shield_adv_c": "NaN",
    "Safety/shield_violation": 4.228354454040527,
    "Time/Epoch": 147.7353057861328,
    "Time/FPS": 135.37725830078125,
    "Time/Rollout": 66.72666931152344,
    "Time/Total": 13882.642578125,
    "Time/Update": 81.00859069824219,
    "TotalEnvSteps": 2000000,
    "Train/Entropy": 0.356711208820343,
    "Train/Epoch": 99,
    "Train/KL": 0.0041570644825696945,
    "Train/LR": 0,
    "Train/PolicyRatio": 1.0002769231796265,
    "Train/PolicyRatio/Max": 1.0002769231796265,
    "Train/PolicyRatio/Min": 1.0002769231796265,
    "Train/PolicyRatio/Std": 0.00704839127138257,
    "Train/PolicyStd": 0.37255024909973145,
    "Train/StopIter": 40,
    "Value/Adv": -0.06728646159172058,
    "Value/cost": 1.535993218421936,
    "Value/reward": 0.456634521484375,
    "_runtime": 13883.952688753,
    "_step": 100,
    "_timestamp": 1746541950.6211,
    "_wandb": {
        "runtime": 13883
    }
}