{
    "Loss/Loss_cost_critic": 2.1120095252990723,
    "Loss/Loss_cost_critic/Delta": -1.8445477485656736,
    "Loss/Loss_pi": -0.049052510410547256,
    "Loss/Loss_pi/Delta": -0.0999094769358635,
    "Loss/Loss_reward_critic": 0.09758578985929488,
    "Loss/Loss_reward_critic/Delta": 0.015857651829719543,
    "Metrics/EpCost": 1.3899999856948853,
    "Metrics/EpLen": 500,
    "Metrics/EpRet": 11.653602600097656,
    "Metrics/LagrangeMultiplier": 0.94306743144989,
    "Metrics/LagrangeMultiplier/Max": 0.94306743144989,
    "Metrics/LagrangeMultiplier/Min": 0.94306743144989,
    "Metrics/LagrangeMultiplier/Std": 0,
    "Misc/AcceptanceStep": 1,
    "Misc/Alpha": 1.4639848470687866,
    "Misc/FinalStepNorm": 0.19193722307682037,
    "Misc/H_inv_g": 0.13110601902008057,
    "Misc/gradient_norm": 0.1721848100423813,
    "Misc/xHx": 0.009331605397164822,
    "Safety/EpCostShield": 3.950000047683716,
    "Safety/ShieldLagrangeMultiplier": 1.1141942739486694,
    "Safety/ShieldLagrangeMultiplier/Max": 1.1141942739486694,
    "Safety/ShieldLagrangeMultiplier/Min": 1.1141942739486694,
    "Safety/ShieldLagrangeMultiplier/Std": 0,
    "Safety/shield_adv_c": -0.13944655656814575,
    "Safety/shield_violation": 1.163875937461853,
    "Time/Epoch": 106.70993041992188,
    "Time/FPS": 187.42398071289065,
    "Time/Rollout": 89.80525970458984,
    "Time/Total": 11154.720703125,
    "Time/Update": 16.904653549194336,
    "TotalEnvSteps": 2000000,
    "Train/Entropy": 0.6391089558601379,
    "Train/Epoch": 99,
    "Train/KL": 0.0004773483087774366,
    "Train/LR": 0,
    "Train/PolicyRatio": 1.0013569593429563,
    "Train/PolicyRatio/Max": 1.0013569593429563,
    "Train/PolicyRatio/Min": 1.0013569593429563,
    "Train/PolicyRatio/Std": 0.0009594870498403908,
    "Train/PolicyStd": 0.4801560938358307,
    "Train/StopIter": 10,
    "Value/Adv": 2.2888182460434332e-09,
    "Value/cost": 0.4255331158638001,
    "Value/reward": 2.3119213581085205,
    "_runtime": 11156.436939563,
    "_step": 100,
    "_timestamp": 1746633181.619404,
    "_wandb": {
        "runtime": 11156
    }
}