{
    "Loss/Loss_cost_critic": 6.599075794219971,
    "Loss/Loss_cost_critic/Delta": 0.9397954940795898,
    "Loss/Loss_pi": -0.14676058292388916,
    "Loss/Loss_pi/Delta": 0.22299373149871823,
    "Loss/Loss_reward_critic": 0.04447412118315697,
    "Loss/Loss_reward_critic/Delta": -0.004114829003810883,
    "Metrics/EpCost": 26.850000381469727,
    "Metrics/EpLen": 1000,
    "Metrics/EpRet": 14.331820487976074,
    "Metrics/LagrangeMultiplier": 2.772376298904419,
    "Metrics/LagrangeMultiplier/Max": 2.772376298904419,
    "Metrics/LagrangeMultiplier/Min": 2.772376298904419,
    "Metrics/LagrangeMultiplier/Std": 0,
    "Safety/EpCostShield": 57,
    "Safety/ShieldLagrangeMultiplier": 2.7659106254577637,
    "Safety/ShieldLagrangeMultiplier/Max": 2.7659106254577637,
    "Safety/ShieldLagrangeMultiplier/Min": 2.7659106254577637,
    "Safety/ShieldLagrangeMultiplier/Std": 0,
    "Safety/shield_adv_c": "NaN",
    "Safety/shield_violation": 6.122323989868164,
    "Time/Epoch": 252.8437957763672,
    "Time/FPS": 79.1002197265625,
    "Time/Rollout": 108.64347839355467,
    "Time/Total": 25474.08203125,
    "Time/Update": 144.20025634765625,
    "TotalEnvSteps": 2000000,
    "Train/Entropy": 0.06454871594905853,
    "Train/Epoch": 99,
    "Train/KL": 0.00359684182330966,
    "Train/LR": 0,
    "Train/PolicyRatio": 1.0000731945037842,
    "Train/PolicyRatio/Max": 1.0000733137130735,
    "Train/PolicyRatio/Min": 1.0000733137130735,
    "Train/PolicyRatio/Std": 0.00659414567053318,
    "Train/PolicyStd": 0.2597041726112366,
    "Train/StopIter": 40,
    "Value/Adv": 0.3064907193183899,
    "Value/cost": 3.4972684383392334,
    "Value/reward": 1.4562541246414185,
    "_runtime": 25475.933001218,
    "_step": 100,
    "_timestamp": 1746569255.3288147,
    "_wandb": {
        "runtime": 25475
    }
}