{
    "Loss/Loss_cost_critic": 3.875785589218139,
    "Loss/Loss_cost_critic/Delta": 0.16755318641662598,
    "Loss/Loss_pi": -0.40326350927352905,
    "Loss/Loss_pi/Delta": 0.29104721546173096,
    "Loss/Loss_reward_critic": 0.030888497829437256,
    "Loss/Loss_reward_critic/Delta": 0.005325188860297203,
    "Metrics/EpCost": 16.610000610351562,
    "Metrics/EpLen": 1000,
    "Metrics/EpRet": 3.8536384105682377,
    "Metrics/LagrangeMultiplier": 2.66247296333313,
    "Metrics/LagrangeMultiplier/Max": 2.66247296333313,
    "Metrics/LagrangeMultiplier/Min": 2.66247296333313,
    "Metrics/LagrangeMultiplier/Std": 0,
    "Safety/EpCostShield": 56.400001525878906,
    "Safety/ShieldLagrangeMultiplier": 2.708138942718506,
    "Safety/ShieldLagrangeMultiplier/Max": 2.708138942718506,
    "Safety/ShieldLagrangeMultiplier/Min": 2.708138942718506,
    "Safety/ShieldLagrangeMultiplier/Std": 0,
    "Safety/shield_adv_c": "NaN",
    "Safety/shield_violation": 7.674404621124268,
    "Time/Epoch": 219.9014129638672,
    "Time/FPS": 90.94984436035156,
    "Time/Rollout": 81.70357513427734,
    "Time/Total": 22314.169921875,
    "Time/Update": 138.19776916503906,
    "TotalEnvSteps": 2000000,
    "Train/Entropy": 0.5425080060958862,
    "Train/Epoch": 99,
    "Train/KL": 0.0032432745210826397,
    "Train/LR": 0,
    "Train/PolicyRatio": 1.0019675493240356,
    "Train/PolicyRatio/Max": 1.0019675493240356,
    "Train/PolicyRatio/Min": 1.0019675493240356,
    "Train/PolicyRatio/Std": 0.006693964824080467,
    "Train/PolicyStd": 0.42949116230010986,
    "Train/StopIter": 40,
    "Value/Adv": 0.16106492280960083,
    "Value/cost": 1.6317033767700195,
    "Value/reward": 0.5614619851112366,
    "_runtime": 22316.217216757,
    "_step": 100,
    "_timestamp": 1746615752.7858164,
    "_wandb": {
        "runtime": 22316
    }
}