{
    "Loss/Loss_cost_critic": 11.697647094726562,
    "Loss/Loss_cost_critic/Delta": -0.734868049621582,
    "Loss/Loss_pi": -0.005287438631057739,
    "Loss/Loss_pi/Delta": 0.0006882078014314175,
    "Loss/Loss_reward_critic": 0.5051977038383484,
    "Loss/Loss_reward_critic/Delta": 0.09787994623184204,
    "Metrics/EpCost": 79.73999786376953,
    "Metrics/EpLen": 500,
    "Metrics/EpRet": 41.513465881347656,
    "Metrics/LagrangeMultiplier": 0.24980223178863523,
    "Metrics/LagrangeMultiplier/Max": 0.24980223178863523,
    "Metrics/LagrangeMultiplier/Min": 0.24980223178863523,
    "Metrics/LagrangeMultiplier/Std": 0,
    "Misc/AcceptanceStep": 1,
    "Misc/Alpha": 2.4441583156585693,
    "Misc/FinalStepNorm": 0.20827940106391907,
    "Misc/H_inv_g": 0.08521518111228943,
    "Misc/gradient_norm": 0.20974087715148929,
    "Misc/xHx": 0.003347880905494094,
    "Time/Epoch": 105.53863525390624,
    "Time/FPS": 189.50405883789065,
    "Time/Rollout": 94.01427459716795,
    "Time/Total": 10549.5322265625,
    "Time/Update": 11.524346351623535,
    "TotalEnvSteps": 2000000,
    "Train/Entropy": 0.6716518402099609,
    "Train/Epoch": 99,
    "Train/KL": 0.00045556449913419783,
    "Train/LR": 0,
    "Train/PolicyRatio": 0.9991523623466492,
    "Train/PolicyRatio/Max": 0.9991523623466492,
    "Train/PolicyRatio/Min": 0.9991523623466492,
    "Train/PolicyRatio/Std": 0.0005993563099764287,
    "Train/PolicyStd": 0.4777335226535797,
    "Train/StopIter": 10,
    "Value/Adv": -2.6702879907247734e-09,
    "Value/cost": 16.169231414794922,
    "Value/reward": 8.465072631835938,
    "_runtime": 10551.309972227,
    "_step": 100,
    "_timestamp": 1745015203.390132,
    "_wandb": {
        "runtime": 10551
    }
}