{
    "Loss/Loss_cost_critic": 6.389977931976318,
    "Loss/Loss_cost_critic/Delta": 3.450098991394043,
    "Loss/Loss_pi": 0.053331535309553146,
    "Loss/Loss_pi/Delta": 0.029652368277311325,
    "Loss/Loss_reward_critic": 0.1459130495786667,
    "Loss/Loss_reward_critic/Delta": 0.013969585299491882,
    "Metrics/EpCost": 2.75,
    "Metrics/EpLen": 500,
    "Metrics/EpRet": 22.182579040527344,
    "Metrics/LagrangeMultiplier": 1.1357611417770386,
    "Metrics/LagrangeMultiplier/Max": 1.1357611417770386,
    "Metrics/LagrangeMultiplier/Min": 1.1357611417770386,
    "Metrics/LagrangeMultiplier/Std": 0,
    "Misc/AcceptanceStep": 1,
    "Misc/Alpha": 1.2678087949752808,
    "Misc/FinalStepNorm": 0.1330559402704239,
    "Misc/H_inv_g": 0.10494954138994216,
    "Misc/gradient_norm": 0.431379497051239,
    "Misc/xHx": 0.01244291290640831,
    "Safety/EpCostShield": 12,
    "Safety/ShieldLagrangeMultiplier": 1.3042187690734863,
    "Safety/ShieldLagrangeMultiplier/Max": 1.3042187690734863,
    "Safety/ShieldLagrangeMultiplier/Min": 1.3042187690734863,
    "Safety/ShieldLagrangeMultiplier/Std": 0,
    "Safety/shield_adv_c": 0.051285430788993835,
    "Safety/shield_violation": 1.3082391023635864,
    "Time/Epoch": 91.7982177734375,
    "Time/FPS": 217.86917114257812,
    "Time/Rollout": 76.53671264648438,
    "Time/Total": 9291.59765625,
    "Time/Update": 15.261470794677734,
    "TotalEnvSteps": 2000000,
    "Train/Entropy": 0.7126451134681702,
    "Train/Epoch": 99,
    "Train/KL": 0.0004940277431160212,
    "Train/LR": 0,
    "Train/PolicyRatio": 0.9982035756111144,
    "Train/PolicyRatio/Max": 0.9982036352157592,
    "Train/PolicyRatio/Min": 0.9982036352157592,
    "Train/PolicyRatio/Std": 0.0012702778913080692,
    "Train/PolicyStd": 0.5227177739143372,
    "Train/StopIter": 10,
    "Value/Adv": 1.5258788677030564e-09,
    "Value/cost": 0.6138351559638977,
    "Value/reward": 4.3352742195129395,
    "_runtime": 9292.941716048,
    "_step": 100,
    "_timestamp": 1746559812.750554,
    "_wandb": {
        "runtime": 9292
    }
}