{
    "Loss/Loss_cost_critic": 3.8210432529449463,
    "Loss/Loss_cost_critic/Delta": -2.823436975479126,
    "Loss/Loss_pi": -0.14127452671527865,
    "Loss/Loss_pi/Delta": -0.09022149071097374,
    "Loss/Loss_reward_critic": 0.10945741832256316,
    "Loss/Loss_reward_critic/Delta": 0.01753934472799301,
    "Metrics/EpCost": 3.740000009536743,
    "Metrics/EpLen": 500,
    "Metrics/EpRet": 11.854162216186523,
    "Metrics/LagrangeMultiplier": 0.8710556626319885,
    "Metrics/LagrangeMultiplier/Max": 0.8710556626319885,
    "Metrics/LagrangeMultiplier/Min": 0.8710556626319885,
    "Metrics/LagrangeMultiplier/Std": 0,
    "Misc/AcceptanceStep": 1,
    "Misc/Alpha": 1.3351304531097412,
    "Misc/FinalStepNorm": 0.26035600900650024,
    "Misc/H_inv_g": 0.1950041651725769,
    "Misc/gradient_norm": 0.29073721170425415,
    "Misc/xHx": 0.011219725012779236,
    "Safety/EpCostShield": 9.475000381469728,
    "Safety/ShieldLagrangeMultiplier": 1.21814227104187,
    "Safety/ShieldLagrangeMultiplier/Max": 1.21814227104187,
    "Safety/ShieldLagrangeMultiplier/Min": 1.21814227104187,
    "Safety/ShieldLagrangeMultiplier/Std": 0,
    "Safety/shield_adv_c": 0.4383835792541504,
    "Safety/shield_violation": 1.2945414781570437,
    "Time/Epoch": 122.2207260131836,
    "Time/FPS": 163.63836669921875,
    "Time/Rollout": 105.5765151977539,
    "Time/Total": 12429.2587890625,
    "Time/Update": 16.644195556640625,
    "TotalEnvSteps": 2000000,
    "Train/Entropy": 1.5184723138809204,
    "Train/Epoch": 99,
    "Train/KL": 0.0003994857834186405,
    "Train/LR": 0,
    "Train/PolicyRatio": 1.0009528398513794,
    "Train/PolicyRatio/Max": 1.000952959060669,
    "Train/PolicyRatio/Min": 1.000952959060669,
    "Train/PolicyRatio/Std": 0.0006737876101396978,
    "Train/PolicyStd": 1.200903058052063,
    "Train/StopIter": 10,
    "Value/Adv": 4.959106458812812e-09,
    "Value/cost": 0.3598857522010803,
    "Value/reward": 2.301316022872925,
    "_runtime": 12430.606110545,
    "_step": 100,
    "_timestamp": 1746585329.7678852,
    "_wandb": {
        "runtime": 12430
    }
}