{
    "Loss/Loss_cost_critic": 3.25254225730896,
    "Loss/Loss_cost_critic/Delta": -3.33748459815979,
    "Loss/Loss_pi": -0.31181326508522034,
    "Loss/Loss_pi/Delta": 0.012096285820007324,
    "Loss/Loss_reward_critic": 0.21197552978992465,
    "Loss/Loss_reward_critic/Delta": -0.011658772826194763,
    "Metrics/EpCost": 3.619999885559082,
    "Metrics/EpLen": 500,
    "Metrics/EpRet": 26.181459426879883,
    "Metrics/LagrangeMultiplier": 1.0250158309936523,
    "Metrics/LagrangeMultiplier/Max": 1.0250158309936523,
    "Metrics/LagrangeMultiplier/Min": 1.0250158309936523,
    "Metrics/LagrangeMultiplier/Std": 0,
    "Misc/AcceptanceStep": 1,
    "Misc/Alpha": 2.824244499206543,
    "Misc/FinalStepNorm": 0.2754471004009247,
    "Misc/H_inv_g": 0.09752947837114334,
    "Misc/gradient_norm": 0.07422280311584473,
    "Misc/xHx": 0.002507400466129184,
    "Safety/EpCostShield": 7.824999809265137,
    "Safety/ShieldLagrangeMultiplier": 1.134953498840332,
    "Safety/ShieldLagrangeMultiplier/Max": 1.134953498840332,
    "Safety/ShieldLagrangeMultiplier/Min": 1.134953498840332,
    "Safety/ShieldLagrangeMultiplier/Std": 0,
    "Safety/shield_adv_c": -0.33233287930488586,
    "Safety/shield_violation": 1.4020748138427734,
    "Time/Epoch": 112.99427795410156,
    "Time/FPS": 177.0001220703125,
    "Time/Rollout": 89.06143188476562,
    "Time/Total": 11436.1787109375,
    "Time/Update": 23.932817459106445,
    "TotalEnvSteps": 2000000,
    "Train/Entropy": 1.7299000024795532,
    "Train/Epoch": 99,
    "Train/KL": 0.0004053268639836461,
    "Train/LR": 0,
    "Train/PolicyRatio": 1.0021756887435913,
    "Train/PolicyRatio/Max": 1.0021756887435913,
    "Train/PolicyRatio/Min": 1.0021756887435913,
    "Train/PolicyRatio/Std": 0.0015384723665192723,
    "Train/PolicyStd": 1.4442723989486694,
    "Train/StopIter": 10,
    "Value/Adv": -3.051757735406113e-09,
    "Value/cost": 0.4043091833591461,
    "Value/reward": 5.220460891723633,
    "_runtime": 11437.622924694,
    "_step": 100,
    "_timestamp": 1746604888.7636874,
    "_wandb": {
        "runtime": 11437
    }
}