{
    "Loss/Loss_cost_critic": 0.6214142441749573,
    "Loss/Loss_cost_critic/Delta": 0.16271230578422546,
    "Loss/Loss_pi": -0.011843116022646427,
    "Loss/Loss_pi/Delta": -0.0006783213466405869,
    "Loss/Loss_reward_critic": 0.008127113804221153,
    "Loss/Loss_reward_critic/Delta": -0.0025223009288311005,
    "Metrics/EpCost": 9.880000114440918,
    "Metrics/EpLen": 1000,
    "Metrics/EpRet": -0.12122774124145508,
    "Metrics/LagrangeMultiplier": 0.3216531574726105,
    "Metrics/LagrangeMultiplier/Max": 0.3216531574726105,
    "Metrics/LagrangeMultiplier/Min": 0.3216531574726105,
    "Metrics/LagrangeMultiplier/Std": 0,
    "Misc/AcceptanceStep": 1,
    "Misc/Alpha": 1.093475341796875,
    "Misc/FinalStepNorm": 0.23535209894180295,
    "Misc/H_inv_g": 0.21523311734199524,
    "Misc/gradient_norm": 0.2408493012189865,
    "Misc/xHx": 0.01672675833106041,
    "Time/Epoch": 121.39476776123048,
    "Time/FPS": 164.7517547607422,
    "Time/Rollout": 101.14000701904295,
    "Time/Total": 12217.57421875,
    "Time/Update": 20.254735946655273,
    "TotalEnvSteps": 2000000,
    "Train/Entropy": 1.2138053178787231,
    "Train/Epoch": 99,
    "Train/KL": 0.0004196942027192563,
    "Train/LR": 0,
    "Train/PolicyRatio": 0.9987137913703918,
    "Train/PolicyRatio/Max": 0.9987138509750366,
    "Train/PolicyRatio/Min": 0.9987138509750366,
    "Train/PolicyRatio/Std": 0.0009094447013922036,
    "Train/PolicyStd": 0.8150655627250671,
    "Train/StopIter": 10,
    "Value/Adv": -1.5258788677030564e-09,
    "Value/cost": 0.904093623161316,
    "Value/reward": 0.0008597535197623074,
    "_runtime": 12219.06668944,
    "_step": 100,
    "_timestamp": 1745017902.211519,
    "_wandb": {
        "runtime": 12219
    }
}