{
    "Loss/Loss_cost_critic": 0.9965935945510864,
    "Loss/Loss_cost_critic/Delta": -0.011518597602844238,
    "Loss/Loss_pi": -0.10879667848348618,
    "Loss/Loss_pi/Delta": 0.14113079756498337,
    "Loss/Loss_reward_critic": 0.007516831625252962,
    "Loss/Loss_reward_critic/Delta": 0.0005538160912692547,
    "Metrics/EpCost": 5.809999942779541,
    "Metrics/EpLen": 1000,
    "Metrics/EpRet": 0.17122985422611237,
    "Metrics/LagrangeMultiplier": 2.750433921813965,
    "Metrics/LagrangeMultiplier/Max": 2.750433921813965,
    "Metrics/LagrangeMultiplier/Min": 2.750433921813965,
    "Metrics/LagrangeMultiplier/Std": 0,
    "Safety/EpCostShield": 24.850000381469727,
    "Safety/ShieldLagrangeMultiplier": 2.8970847129821777,
    "Safety/ShieldLagrangeMultiplier/Max": 2.8970847129821777,
    "Safety/ShieldLagrangeMultiplier/Min": 2.8970847129821777,
    "Safety/ShieldLagrangeMultiplier/Std": 0,
    "Safety/shield_adv_c": "NaN",
    "Safety/shield_violation": 1.9152626991271973,
    "Time/Epoch": 233.3961181640625,
    "Time/FPS": 85.69123077392578,
    "Time/Rollout": 108.0549545288086,
    "Time/Total": 21532.59765625,
    "Time/Update": 125.3411102294922,
    "TotalEnvSteps": 2000000,
    "Train/Entropy": 0.7579808235168457,
    "Train/Epoch": 99,
    "Train/KL": 0.003227246692404151,
    "Train/LR": 0,
    "Train/PolicyRatio": 1.0005816221237185,
    "Train/PolicyRatio/Max": 1.0005816221237185,
    "Train/PolicyRatio/Min": 1.0005816221237185,
    "Train/PolicyRatio/Std": 0.006292091216892004,
    "Train/PolicyStd": 0.5437667965888977,
    "Train/StopIter": 40,
    "Value/Adv": 0.1287970095872879,
    "Value/cost": 0.32321298122406006,
    "Value/reward": 0.015810931101441383,
    "_runtime": 21534.364294427,
    "_step": 100,
    "_timestamp": 1746539473.4959786,
    "_wandb": {
        "runtime": 21534
    }
}