{
    "Loss/Loss_cost_critic": 0.5922438502311707,
    "Loss/Loss_cost_critic/Delta": -0.6588055491447449,
    "Loss/Loss_pi": -0.00907824281603098,
    "Loss/Loss_pi/Delta": 0.007008501328527927,
    "Loss/Loss_reward_critic": 0.0072873374447226524,
    "Loss/Loss_reward_critic/Delta": -0.0021914122626185417,
    "Metrics/EpCost": 16.110000610351562,
    "Metrics/EpLen": 1000,
    "Metrics/EpRet": -0.7535159587860107,
    "Metrics/LagrangeMultiplier": 19.12786102294922,
    "Metrics/LagrangeMultiplier/Max": 19.12786102294922,
    "Metrics/LagrangeMultiplier/Min": 19.12786102294922,
    "Metrics/LagrangeMultiplier/Std": 0,
    "Misc/AcceptanceStep": 1,
    "Misc/Alpha": 1.506813883781433,
    "Misc/FinalStepNorm": 0.3326224982738495,
    "Misc/H_inv_g": 0.2207455933094025,
    "Misc/gradient_norm": 0.0936206951737404,
    "Misc/xHx": 0.008808668702840805,
    "Time/Epoch": 102.3856430053711,
    "Time/FPS": 195.3398895263672,
    "Time/Rollout": 82.27923583984375,
    "Time/Total": 10157.7705078125,
    "Time/Update": 20.106380462646484,
    "TotalEnvSteps": 2000000,
    "Train/Entropy": 1.3392404317855835,
    "Train/Epoch": 99,
    "Train/KL": 0.00023999882978387177,
    "Train/LR": 0,
    "Train/PolicyRatio": 1.0019181966781616,
    "Train/PolicyRatio/Max": 1.0019181966781616,
    "Train/PolicyRatio/Min": 1.0019181966781616,
    "Train/PolicyRatio/Std": 0.0013563979882746937,
    "Train/PolicyStd": 0.9275951385498048,
    "Train/StopIter": 10,
    "Value/Adv": 3.6239622414058204e-09,
    "Value/cost": 1.6174408197402954,
    "Value/reward": -0.07227493822574615,
    "_runtime": 10160.134494052,
    "_step": 100,
    "_timestamp": 1745005412.3822248,
    "_wandb": {
        "runtime": 10160
    }
}