{
    "Loss/Loss_cost_critic": 1.463222929487529e-07,
    "Loss/Loss_cost_critic/Delta": -1.2237623536748288e-07,
    "Loss/Loss_pi": -0.004060036968439817,
    "Loss/Loss_pi/Delta": -0.00039333547465503216,
    "Loss/Loss_reward_critic": 0.01730429194867611,
    "Loss/Loss_reward_critic/Delta": -0.0005489960312843323,
    "Metrics/EpCost": 0,
    "Metrics/EpLen": 1000,
    "Metrics/EpRet": -2.1895716190338135,
    "Misc/A": 0.018233181908726692,
    "Misc/AcceptanceStep": 0,
    "Misc/Alpha": 1.0473302602767944,
    "Misc/B": 0.019999999552965164,
    "Misc/FinalStepNorm": 0,
    "Misc/H_inv_g": 0.2294357419013977,
    "Misc/Lambda_star": 0.9548084139823914,
    "Misc/Nu_star": 0,
    "Misc/OptimCase": 1,
    "Misc/cost_gradient_norm": 1.686291398073081e-05,
    "Misc/gradient_norm": 0.28059181571006775,
    "Misc/q": 0.01823318377137184,
    "Misc/r": 4.9345301178505e-09,
    "Misc/s": 1.1282232743534126e-12,
    "Misc/xHx": 0.01823318377137184,
    "Time/Epoch": 112.51624298095705,
    "Time/FPS": 177.75210571289062,
    "Time/Rollout": 97.5794677734375,
    "Time/Total": 11258.8408203125,
    "Time/Update": 14.936724662780762,
    "TotalEnvSteps": 2000000,
    "Train/Entropy": 1.357370376586914,
    "Train/Epoch": 99,
    "Train/KL": 4.3456253706608556e-08,
    "Train/LR": 0,
    "Train/PolicyRatio": 0.9996849298477172,
    "Train/PolicyRatio/Max": 0.999684989452362,
    "Train/PolicyRatio/Min": 0.999684989452362,
    "Train/PolicyRatio/Std": 0.00037122334470041096,
    "Train/PolicyStd": 0.9409242868423462,
    "Train/StopIter": 10,
    "Value/Adv": 7.629394005448376e-09,
    "Value/cost": 0.012064065784215929,
    "Value/reward": -0.17871057987213135,
    "_runtime": 11260.131462203,
    "_step": 100,
    "_timestamp": 1743326708.25956,
    "_wandb": {
        "runtime": 11260
    }
}