{
    "Loss/Loss_cost_critic": 7.136040687561035,
    "Loss/Loss_cost_critic/Delta": 0.6306900978088379,
    "Loss/Loss_pi": -0.37193354964256287,
    "Loss/Loss_pi/Delta": -0.14845257997512817,
    "Loss/Loss_reward_critic": 0.0752113088965416,
    "Loss/Loss_reward_critic/Delta": 0.024075672030448914,
    "Metrics/EpCost": 28.770000457763672,
    "Metrics/EpLen": 1000,
    "Metrics/EpRet": 7.332990646362305,
    "Metrics/LagrangeMultiplier": 2.605599880218506,
    "Metrics/LagrangeMultiplier/Max": 2.605599880218506,
    "Metrics/LagrangeMultiplier/Min": 2.605599880218506,
    "Metrics/LagrangeMultiplier/Std": 0,
    "Safety/EpCostShield": 81.4000015258789,
    "Safety/ShieldLagrangeMultiplier": 2.7330524921417236,
    "Safety/ShieldLagrangeMultiplier/Max": 2.7330524921417236,
    "Safety/ShieldLagrangeMultiplier/Min": 2.7330524921417236,
    "Safety/ShieldLagrangeMultiplier/Std": 0,
    "Safety/shield_adv_c": "NaN",
    "Safety/shield_violation": 10.012411117553713,
    "Time/Epoch": 203.4885711669922,
    "Time/FPS": 98.28561401367188,
    "Time/Rollout": 98.59810638427734,
    "Time/Total": 20927.87109375,
    "Time/Update": 104.89041137695312,
    "TotalEnvSteps": 2000000,
    "Train/Entropy": -0.22828201949596405,
    "Train/Epoch": 99,
    "Train/KL": 0.004012496210634708,
    "Train/LR": 0,
    "Train/PolicyRatio": 1.0006492137908936,
    "Train/PolicyRatio/Max": 1.0006492137908936,
    "Train/PolicyRatio/Min": 1.0006492137908936,
    "Train/PolicyRatio/Std": 0.006711311638355255,
    "Train/PolicyStd": 0.1940777748823166,
    "Train/StopIter": 40,
    "Value/Adv": -0.23908457159996033,
    "Value/cost": 3.52477765083313,
    "Value/reward": 0.9792630076408386,
    "_runtime": 20929.236646413,
    "_step": 100,
    "_timestamp": 1746570005.3733706,
    "_wandb": {
        "runtime": 20929
    }
}