{
    "Loss/Loss_cost_critic": 1.013098120689392,
    "Loss/Loss_cost_critic/Delta": -0.12384963035583496,
    "Loss/Loss_pi": -0.21418428421020508,
    "Loss/Loss_pi/Delta": 0.028959855437278748,
    "Loss/Loss_reward_critic": 0.004006941337138414,
    "Loss/Loss_reward_critic/Delta": -0.0007591941393911839,
    "Metrics/EpCost": 10.18000030517578,
    "Metrics/EpLen": 1000,
    "Metrics/EpRet": 0.04421499744057655,
    "Metrics/LagrangeMultiplier": 2.429318904876709,
    "Metrics/LagrangeMultiplier/Max": 2.429318904876709,
    "Metrics/LagrangeMultiplier/Min": 2.429318904876709,
    "Metrics/LagrangeMultiplier/Std": 0,
    "Misc/AcceptanceStep": 1,
    "Misc/Alpha": 1.2110624313354492,
    "Misc/FinalStepNorm": 0.3406992554664612,
    "Misc/H_inv_g": 0.2813226282596588,
    "Misc/gradient_norm": 0.08859283477067947,
    "Misc/xHx": 0.013636300340294838,
    "Safety/EpCostShield": 15.649999618530272,
    "Safety/ShieldLagrangeMultiplier": 2.60866641998291,
    "Safety/ShieldLagrangeMultiplier/Max": 2.60866641998291,
    "Safety/ShieldLagrangeMultiplier/Min": 2.60866641998291,
    "Safety/ShieldLagrangeMultiplier/Std": 0,
    "Safety/shield_adv_c": 0.20897887647151947,
    "Safety/shield_violation": 1.5020740032196045,
    "Time/Epoch": 86.45183563232422,
    "Time/FPS": 231.3426971435547,
    "Time/Rollout": 72.36656951904297,
    "Time/Total": 8859.5947265625,
    "Time/Update": 14.085245132446287,
    "TotalEnvSteps": 2000000,
    "Train/Entropy": 2.118126630783081,
    "Train/Epoch": 99,
    "Train/KL": 0.00024177803425118327,
    "Train/LR": 0,
    "Train/PolicyRatio": 1.0013481378555298,
    "Train/PolicyRatio/Max": 1.0013482570648191,
    "Train/PolicyRatio/Min": 1.0013482570648191,
    "Train/PolicyRatio/Std": 0.0009533055126667024,
    "Train/PolicyStd": 2.0279645919799805,
    "Train/StopIter": 10,
    "Value/Adv": 7.629394338515282e-10,
    "Value/cost": 0.3881198465824127,
    "Value/reward": -0.0044853417202830315,
    "_runtime": 8861.363550663,
    "_step": 100,
    "_timestamp": 1746519587.7727675,
    "_wandb": {
        "runtime": 8861
    }
}