{
    "Loss/Loss_cost_critic": 7.798305511474609,
    "Loss/Loss_cost_critic/Delta": 1.467827320098877,
    "Loss/Loss_pi": -0.26041850447654724,
    "Loss/Loss_pi/Delta": -0.06674692034721375,
    "Loss/Loss_reward_critic": 0.05062045529484749,
    "Loss/Loss_reward_critic/Delta": 0.004040926694869995,
    "Metrics/EpCost": 29.309999465942383,
    "Metrics/EpLen": 1000,
    "Metrics/EpRet": 6.86985969543457,
    "Metrics/LagrangeMultiplier": 3.161180019378662,
    "Metrics/LagrangeMultiplier/Max": 3.161180019378662,
    "Metrics/LagrangeMultiplier/Min": 3.161180019378662,
    "Metrics/LagrangeMultiplier/Std": 0,
    "Safety/EpCostShield": 102.9000015258789,
    "Safety/ShieldLagrangeMultiplier": 3.0561704635620117,
    "Safety/ShieldLagrangeMultiplier/Max": 3.0561704635620117,
    "Safety/ShieldLagrangeMultiplier/Min": 3.0561704635620117,
    "Safety/ShieldLagrangeMultiplier/Std": 0,
    "Safety/shield_adv_c": "NaN",
    "Safety/shield_violation": 10.877582550048828,
    "Time/Epoch": 259.30694580078125,
    "Time/FPS": 77.12867736816406,
    "Time/Rollout": 116.75582122802734,
    "Time/Total": 23055.48828125,
    "Time/Update": 142.55105590820312,
    "TotalEnvSteps": 2000000,
    "Train/Entropy": 0.192823126912117,
    "Train/Epoch": 99,
    "Train/KL": 0.003893371904268861,
    "Train/LR": 0,
    "Train/PolicyRatio": 1.001169204711914,
    "Train/PolicyRatio/Max": 1.001169204711914,
    "Train/PolicyRatio/Min": 1.001169204711914,
    "Train/PolicyRatio/Std": 0.006710472051054239,
    "Train/PolicyStd": 0.29569002985954285,
    "Train/StopIter": 40,
    "Value/Adv": -0.03473898023366928,
    "Value/cost": 4.490208625793457,
    "Value/reward": 0.9109636545181274,
    "_runtime": 23057.164944489,
    "_step": 100,
    "_timestamp": 1746592818.748165,
    "_wandb": {
        "runtime": 23057
    }
}