{
    "Loss/Loss_cost_critic": 1.784899353981018,
    "Loss/Loss_cost_critic/Delta": 0.3614605665206909,
    "Loss/Loss_pi": -0.010264938697218897,
    "Loss/Loss_pi/Delta": 0.002087589353322983,
    "Loss/Loss_reward_critic": 0.05406411364674568,
    "Loss/Loss_reward_critic/Delta": -0.009009797126054764,
    "Metrics/EpCost": 56.130001068115234,
    "Metrics/EpLen": 1000,
    "Metrics/EpRet": 29.23399353027344,
    "Metrics/LagrangeMultiplier": 0.34120503067970276,
    "Metrics/LagrangeMultiplier/Max": 0.34120503067970276,
    "Metrics/LagrangeMultiplier/Min": 0.34120503067970276,
    "Metrics/LagrangeMultiplier/Std": 0,
    "Time/Epoch": 181.36631774902344,
    "Time/FPS": 110.27406311035156,
    "Time/Rollout": 81.08106994628906,
    "Time/Total": 15684.7578125,
    "Time/Update": 100.2851791381836,
    "TotalEnvSteps": 2000000,
    "Train/Entropy": -0.4390637576580048,
    "Train/Epoch": 99,
    "Train/KL": 0.004143944010138512,
    "Train/LR": 0,
    "Train/PolicyRatio": 1.0008611679077148,
    "Train/PolicyRatio/Max": 1.0008611679077148,
    "Train/PolicyRatio/Min": 1.0008611679077148,
    "Train/PolicyRatio/Std": 0.007621481083333492,
    "Train/PolicyStd": 0.15638981759548187,
    "Train/StopIter": 40,
    "Value/Adv": -0.12119603157043456,
    "Value/cost": 5.517550468444824,
    "Value/reward": 2.966196775436402,
    "_runtime": 15686.755785726,
    "_step": 100,
    "_timestamp": 1745048127.9422312,
    "_wandb": {
        "runtime": 15686
    }
}