{
    "Loss/Loss_cost_critic": 2.6285300254821777,
    "Loss/Loss_cost_critic/Delta": -0.4409956932067871,
    "Loss/Loss_pi": -0.24567943811416623,
    "Loss/Loss_pi/Delta": 0.052890390157699585,
    "Loss/Loss_reward_critic": 0.03500520437955856,
    "Loss/Loss_reward_critic/Delta": 0.0020708218216896057,
    "Metrics/EpCost": 8.65999984741211,
    "Metrics/EpLen": 1000,
    "Metrics/EpRet": 7.65780782699585,
    "Metrics/LagrangeMultiplier": 2.7736897468566895,
    "Metrics/LagrangeMultiplier/Max": 2.7736897468566895,
    "Metrics/LagrangeMultiplier/Min": 2.7736897468566895,
    "Metrics/LagrangeMultiplier/Std": 0,
    "Misc/AcceptanceStep": 1,
    "Misc/Alpha": 1.82212495803833,
    "Misc/FinalStepNorm": 0.3119255602359772,
    "Misc/H_inv_g": 0.17118778824806213,
    "Misc/gradient_norm": 0.11562977731227876,
    "Misc/xHx": 0.006023833528161049,
    "Safety/EpCostShield": 17.299999237060547,
    "Safety/ShieldLagrangeMultiplier": 2.706449508666992,
    "Safety/ShieldLagrangeMultiplier/Max": 2.706449508666992,
    "Safety/ShieldLagrangeMultiplier/Min": 2.706449508666992,
    "Safety/ShieldLagrangeMultiplier/Std": 0,
    "Safety/shield_adv_c": 0.5851401686668396,
    "Safety/shield_violation": 2.0369672775268555,
    "Time/Epoch": 121.00784301757812,
    "Time/FPS": 165.27854919433594,
    "Time/Rollout": 88.36099243164062,
    "Time/Total": 12614.0166015625,
    "Time/Update": 32.64680099487305,
    "TotalEnvSteps": 2000000,
    "Train/Entropy": 2.0767581462860107,
    "Train/Epoch": 99,
    "Train/KL": 0.0003028309147339314,
    "Train/LR": 0,
    "Train/PolicyRatio": 1.001905918121338,
    "Train/PolicyRatio/Max": 1.001905918121338,
    "Train/PolicyRatio/Min": 1.001905918121338,
    "Train/PolicyRatio/Std": 0.0013476876774802804,
    "Train/PolicyStd": 1.9526618719100952,
    "Train/StopIter": 10,
    "Value/Adv": -1.8310545968347472e-08,
    "Value/cost": 0.6127944588661194,
    "Value/reward": 0.8233464956283569,
    "_runtime": 12616.109442067,
    "_step": 100,
    "_timestamp": 1746911430.8985095,
    "_wandb": {
        "runtime": 12616
    }
}