{
    "Loss/Loss_cost_critic": 0.8596718311309814,
    "Loss/Loss_cost_critic/Delta": 0.3501344323158264,
    "Loss/Loss_pi": -0.012623902410268784,
    "Loss/Loss_pi/Delta": -0.004772461950778961,
    "Loss/Loss_reward_critic": 0.08441916108131409,
    "Loss/Loss_reward_critic/Delta": -0.01887613534927368,
    "Metrics/EpCost": 9.260000228881836,
    "Metrics/EpLen": 1000,
    "Metrics/EpRet": 9.239439964294434,
    "Metrics/LagrangeMultiplier": 2.8923470973968506,
    "Metrics/LagrangeMultiplier/Max": 2.8923470973968506,
    "Metrics/LagrangeMultiplier/Min": 2.8923470973968506,
    "Metrics/LagrangeMultiplier/Std": 0,
    "Misc/AcceptanceStep": 1,
    "Misc/Alpha": 1.0092846155166626,
    "Misc/FinalStepNorm": 0.2921157777309418,
    "Misc/H_inv_g": 0.2894285321235657,
    "Misc/gradient_norm": 0.16761870682239532,
    "Misc/xHx": 0.01963371224701405,
    "Time/Epoch": 93.30284881591795,
    "Time/FPS": 214.3557281494141,
    "Time/Rollout": 78.84699249267578,
    "Time/Total": 9256.84375,
    "Time/Update": 14.455825805664062,
    "TotalEnvSteps": 2000000,
    "Train/Entropy": 1.1394797563552856,
    "Train/Epoch": 99,
    "Train/KL": 0.0003358727553859353,
    "Train/LR": 0,
    "Train/PolicyRatio": 1.000097632408142,
    "Train/PolicyRatio/Max": 1.000097632408142,
    "Train/PolicyRatio/Min": 1.000097632408142,
    "Train/PolicyRatio/Std": 6.895234400872141e-05,
    "Train/PolicyStd": 0.759673535823822,
    "Train/StopIter": 10,
    "Value/Adv": -1.2207030941624453e-08,
    "Value/cost": 1.5358948707580566,
    "Value/reward": 1.061944842338562,
    "_runtime": 9258.436334875,
    "_step": 100,
    "_timestamp": 1746907851.3779435,
    "_wandb": {
        "runtime": 9258
    }
}