{
    "Loss/Loss_cost_critic": 2.1574673652648926,
    "Loss/Loss_cost_critic/Delta": 0.2120109796524048,
    "Loss/Loss_pi": -0.2026166170835495,
    "Loss/Loss_pi/Delta": 0.06120119988918304,
    "Loss/Loss_reward_critic": 0.0499550998210907,
    "Loss/Loss_reward_critic/Delta": 0.005128148943185806,
    "Metrics/EpCost": 5.130000114440918,
    "Metrics/EpLen": 1000,
    "Metrics/EpRet": 8.28650188446045,
    "Metrics/LagrangeMultiplier": 2.0269534587860107,
    "Metrics/LagrangeMultiplier/Max": 2.0269534587860107,
    "Metrics/LagrangeMultiplier/Min": 2.0269534587860107,
    "Metrics/LagrangeMultiplier/Std": 0,
    "Misc/AcceptanceStep": 1,
    "Misc/Alpha": 1.543761968612671,
    "Misc/FinalStepNorm": 0.28651171922683716,
    "Misc/H_inv_g": 0.18559320271015167,
    "Misc/gradient_norm": 0.10973308980464937,
    "Misc/xHx": 0.008392062969505787,
    "Safety/EpCostShield": 12,
    "Safety/ShieldLagrangeMultiplier": 2.1652519702911377,
    "Safety/ShieldLagrangeMultiplier/Max": 2.1652519702911377,
    "Safety/ShieldLagrangeMultiplier/Min": 2.1652519702911377,
    "Safety/ShieldLagrangeMultiplier/Std": 0,
    "Safety/shield_adv_c": 0.3550930619239807,
    "Safety/shield_violation": 1.0541595220565796,
    "Time/Epoch": 123.504638671875,
    "Time/FPS": 161.93724060058594,
    "Time/Rollout": 94.95021057128906,
    "Time/Total": 12723.0859375,
    "Time/Update": 28.554363250732425,
    "TotalEnvSteps": 2000000,
    "Train/Entropy": 1.9611209630966189,
    "Train/Epoch": 99,
    "Train/KL": 0.00032246101181954145,
    "Train/LR": 0,
    "Train/PolicyRatio": 1.003442883491516,
    "Train/PolicyRatio/Max": 1.0034430027008057,
    "Train/PolicyRatio/Min": 1.0034430027008057,
    "Train/PolicyRatio/Std": 0.0024345144629478455,
    "Train/PolicyStd": 1.7251418828964231,
    "Train/StopIter": 10,
    "Value/Adv": 4.577636492086867e-09,
    "Value/cost": 0.29044389724731445,
    "Value/reward": 0.895218551158905,
    "_runtime": 12725.197989736,
    "_step": 100,
    "_timestamp": 1746618503.630486,
    "_wandb": {
        "runtime": 12725
    }
}