{
    "Loss/Loss_cost_critic": 3.8418877124786377,
    "Loss/Loss_cost_critic/Delta": 0.05480051040649414,
    "Loss/Loss_pi": -0.3739836215972901,
    "Loss/Loss_pi/Delta": -0.009777486324310304,
    "Loss/Loss_reward_critic": 0.03573576733469963,
    "Loss/Loss_reward_critic/Delta": 0.0036622919142246246,
    "Metrics/EpCost": 11.199999809265137,
    "Metrics/EpLen": 1000,
    "Metrics/EpRet": 9.222994804382324,
    "Metrics/LagrangeMultiplier": 2.580134868621826,
    "Metrics/LagrangeMultiplier/Max": 2.580134868621826,
    "Metrics/LagrangeMultiplier/Min": 2.580134868621826,
    "Metrics/LagrangeMultiplier/Std": 0,
    "Safety/EpCostShield": 21.799999237060547,
    "Safety/ShieldLagrangeMultiplier": 2.573314428329468,
    "Safety/ShieldLagrangeMultiplier/Max": 2.573314428329468,
    "Safety/ShieldLagrangeMultiplier/Min": 2.573314428329468,
    "Safety/ShieldLagrangeMultiplier/Std": 0,
    "Safety/shield_adv_c": "NaN",
    "Safety/shield_violation": 4.435717582702637,
    "Time/Epoch": 180.02688598632812,
    "Time/FPS": 111.09451293945312,
    "Time/Rollout": 75.13652038574219,
    "Time/Total": 18217.33203125,
    "Time/Update": 104.89031982421876,
    "TotalEnvSteps": 2000000,
    "Train/Entropy": 0.7371034026145935,
    "Train/Epoch": 99,
    "Train/KL": 0.0022739486303180456,
    "Train/LR": 0,
    "Train/PolicyRatio": 1.000476598739624,
    "Train/PolicyRatio/Max": 1.000476598739624,
    "Train/PolicyRatio/Min": 1.000476598739624,
    "Train/PolicyRatio/Std": 0.00550382724031806,
    "Train/PolicyStd": 0.5061963796615601,
    "Train/StopIter": 40,
    "Value/Adv": -0.24254131317138672,
    "Value/cost": 2.1221303939819336,
    "Value/reward": 1.2520002126693726,
    "_runtime": 18219.019492053,
    "_step": 100,
    "_timestamp": 1746514590.139849,
    "_wandb": {
        "runtime": 18219
    }
}