{
    "Loss/Loss_cost_critic": 9.366491317749023,
    "Loss/Loss_cost_critic/Delta": 1.9266767501831057,
    "Loss/Loss_pi": -0.16956479847431183,
    "Loss/Loss_pi/Delta": -0.08200676739215851,
    "Loss/Loss_reward_critic": 0.2842288017272949,
    "Loss/Loss_reward_critic/Delta": 0.029877126216888428,
    "Metrics/EpCost": 7.460000038146973,
    "Metrics/EpLen": 500,
    "Metrics/EpRet": 24.360322952270508,
    "Metrics/LagrangeMultiplier": 1.5011879205703735,
    "Metrics/LagrangeMultiplier/Max": 1.5011879205703735,
    "Metrics/LagrangeMultiplier/Min": 1.5011879205703735,
    "Metrics/LagrangeMultiplier/Std": 0,
    "Safety/EpCostShield": 14.350000381469728,
    "Safety/ShieldLagrangeMultiplier": 1.581587791442871,
    "Safety/ShieldLagrangeMultiplier/Max": 1.581587791442871,
    "Safety/ShieldLagrangeMultiplier/Min": 1.581587791442871,
    "Safety/ShieldLagrangeMultiplier/Std": 0,
    "Safety/shield_adv_c": "NaN",
    "Safety/shield_violation": 3.5443999767303467,
    "Time/Epoch": 186.1695251464844,
    "Time/FPS": 107.42897033691406,
    "Time/Rollout": 87.69532775878906,
    "Time/Total": 19083.4609375,
    "Time/Update": 98.47409057617188,
    "TotalEnvSteps": 2000000,
    "Train/Entropy": 0.7823039889335632,
    "Train/Epoch": 99,
    "Train/KL": 0.002858130494132638,
    "Train/LR": 0,
    "Train/PolicyRatio": 1.0002007484436035,
    "Train/PolicyRatio/Max": 1.0002007484436035,
    "Train/PolicyRatio/Min": 1.0002007484436035,
    "Train/PolicyRatio/Std": 0.006138517986983061,
    "Train/PolicyStd": 0.5313237905502319,
    "Train/StopIter": 40,
    "Value/Adv": -0.0972582995891571,
    "Value/cost": 1.8201193809509275,
    "Value/reward": 4.997141361236572,
    "_runtime": 19085.327705433,
    "_step": 100,
    "_timestamp": 1746574881.0853891,
    "_wandb": {
        "runtime": 19085
    }
}