{
    "Loss/Loss_cost_critic": 3.4957966804504395,
    "Loss/Loss_cost_critic/Delta": 0.6354453563690186,
    "Loss/Loss_pi": -0.4164701998233795,
    "Loss/Loss_pi/Delta": -0.2147771418094635,
    "Loss/Loss_reward_critic": 0.03521019592881203,
    "Loss/Loss_reward_critic/Delta": -0.005077257752418518,
    "Metrics/EpCost": 5.400000095367432,
    "Metrics/EpLen": 1000,
    "Metrics/EpRet": 1.953922152519226,
    "Metrics/LagrangeMultiplier": 2.064157009124756,
    "Metrics/LagrangeMultiplier/Max": 2.064157009124756,
    "Metrics/LagrangeMultiplier/Min": 2.064157009124756,
    "Metrics/LagrangeMultiplier/Std": 0,
    "Misc/AcceptanceStep": 1,
    "Misc/Alpha": 1.168505072593689,
    "Misc/FinalStepNorm": 0.3300224840641022,
    "Misc/H_inv_g": 0.28243136405944824,
    "Misc/gradient_norm": 0.09143771231174468,
    "Misc/xHx": 0.014647667296230791,
    "Safety/EpCostShield": 18.5,
    "Safety/ShieldLagrangeMultiplier": 2.320692777633667,
    "Safety/ShieldLagrangeMultiplier/Max": 2.320692777633667,
    "Safety/ShieldLagrangeMultiplier/Min": 2.320692777633667,
    "Safety/ShieldLagrangeMultiplier/Std": 0,
    "Safety/shield_adv_c": -0.5336084365844727,
    "Safety/shield_violation": 3.6061594486236577,
    "Time/Epoch": 109.45175170898438,
    "Time/FPS": 182.7289123535156,
    "Time/Rollout": 92.72277069091795,
    "Time/Total": 11673.107421875,
    "Time/Update": 16.72896385192871,
    "TotalEnvSteps": 2000000,
    "Train/Entropy": 1.9921878576278689,
    "Train/Epoch": 99,
    "Train/KL": 0.0002516426320653409,
    "Train/LR": 0,
    "Train/PolicyRatio": 1.0024981498718262,
    "Train/PolicyRatio/Max": 1.0024981498718262,
    "Train/PolicyRatio/Min": 1.0024981498718262,
    "Train/PolicyRatio/Std": 0.0017664587358012795,
    "Train/PolicyStd": 1.7740336656570437,
    "Train/StopIter": 10,
    "Value/Adv": -1.0299681996173149e-08,
    "Value/cost": 0.8464716672897339,
    "Value/reward": 0.28016114234924316,
    "_runtime": 11680.956395379,
    "_step": 100,
    "_timestamp": 1746828536.161071,
    "_wandb": {
        "runtime": 11680
    }
}