{
    "Loss/Loss_cost_critic": 6.120724201202393,
    "Loss/Loss_cost_critic/Delta": 2.824561357498169,
    "Loss/Loss_pi": 0.02466030791401863,
    "Loss/Loss_pi/Delta": 0.2750158794224262,
    "Loss/Loss_reward_critic": 0.03788793459534645,
    "Loss/Loss_reward_critic/Delta": -0.01017957553267479,
    "Metrics/EpCost": 14.550000190734863,
    "Metrics/EpLen": 1000,
    "Metrics/EpRet": 10.650216102600098,
    "Metrics/LagrangeMultiplier": 2.987248659133911,
    "Metrics/LagrangeMultiplier/Max": 2.987248659133911,
    "Metrics/LagrangeMultiplier/Min": 2.987248659133911,
    "Metrics/LagrangeMultiplier/Std": 0,
    "Safety/EpCostShield": 49.599998474121094,
    "Safety/ShieldLagrangeMultiplier": 2.92232608795166,
    "Safety/ShieldLagrangeMultiplier/Max": 2.92232608795166,
    "Safety/ShieldLagrangeMultiplier/Min": 2.92232608795166,
    "Safety/ShieldLagrangeMultiplier/Std": 0,
    "Safety/shield_adv_c": "NaN",
    "Safety/shield_violation": 3.553786039352417,
    "Time/Epoch": 190.55618286132812,
    "Time/FPS": 104.95591735839844,
    "Time/Rollout": 91.98735809326172,
    "Time/Total": 17290.189453125,
    "Time/Update": 98.56877899169922,
    "TotalEnvSteps": 2000000,
    "Train/Entropy": 0.24191883206367493,
    "Train/Epoch": 99,
    "Train/KL": 0.004026987124234438,
    "Train/LR": 0,
    "Train/PolicyRatio": 0.999556601047516,
    "Train/PolicyRatio/Max": 0.999556601047516,
    "Train/PolicyRatio/Min": 0.999556601047516,
    "Train/PolicyRatio/Std": 0.006880549248307943,
    "Train/PolicyStd": 0.3108571767807007,
    "Train/StopIter": 40,
    "Value/Adv": 0.08198349177837372,
    "Value/cost": 1.6284672021865845,
    "Value/reward": 1.1581510305404663,
    "_runtime": 17292.659879121,
    "_step": 100,
    "_timestamp": 1746582662.7174156,
    "_wandb": {
        "runtime": 17292
    }
}