{
    "Loss/Loss_cost_critic": 3.5025458335876465,
    "Loss/Loss_cost_critic/Delta": 1.010279417037964,
    "Loss/Loss_pi": -0.011205422692000866,
    "Loss/Loss_pi/Delta": 8.016172796487808e-05,
    "Loss/Loss_reward_critic": 0.20695346593856812,
    "Loss/Loss_reward_critic/Delta": -0.002276882529258728,
    "Metrics/EpCost": 20.36000061035156,
    "Metrics/EpLen": 500,
    "Metrics/EpRet": 35.53433609008789,
    "Metrics/LagrangeMultiplier": 1.2122968435287476,
    "Metrics/LagrangeMultiplier/Max": 1.2122968435287476,
    "Metrics/LagrangeMultiplier/Min": 1.2122968435287476,
    "Metrics/LagrangeMultiplier/Std": 0,
    "Misc/AcceptanceStep": 1,
    "Misc/Alpha": 1.1282548904418943,
    "Misc/FinalStepNorm": 0.16647984087467194,
    "Misc/H_inv_g": 0.1475551724433899,
    "Misc/gradient_norm": 0.5249518752098083,
    "Misc/xHx": 0.01571141555905342,
    "Time/Epoch": 106.9173583984375,
    "Time/FPS": 187.06036376953125,
    "Time/Rollout": 95.61349487304688,
    "Time/Total": 10694.650390625,
    "Time/Update": 11.303844451904297,
    "TotalEnvSteps": 2000000,
    "Train/Entropy": 0.6496680378913879,
    "Train/Epoch": 99,
    "Train/KL": 0.000445493496954441,
    "Train/LR": 0,
    "Train/PolicyRatio": 0.9996636509895324,
    "Train/PolicyRatio/Max": 0.9996637105941772,
    "Train/PolicyRatio/Min": 0.9996637105941772,
    "Train/PolicyRatio/Std": 0.00023782061180099845,
    "Train/PolicyStd": 0.5001270174980164,
    "Train/StopIter": 10,
    "Value/Adv": 4.00543198608716e-09,
    "Value/cost": 2.937654733657837,
    "Value/reward": 7.1490702629089355,
    "_runtime": 10695.953093802,
    "_step": 100,
    "_timestamp": 1743316621.0430882,
    "_wandb": {
        "runtime": 10695
    }
}