{
    "Loss/Loss_cost_critic": 0.17483554780483246,
    "Loss/Loss_cost_critic/Delta": -0.12646187841892242,
    "Loss/Loss_pi": -0.008457550778985023,
    "Loss/Loss_pi/Delta": 0.0037195486947894096,
    "Loss/Loss_reward_critic": 0.006464341189712286,
    "Loss/Loss_reward_critic/Delta": -0.0027809240855276585,
    "Metrics/EpCost": 9.140000343322754,
    "Metrics/EpLen": 1000,
    "Metrics/EpRet": 0.261439710855484,
    "Metrics/LagrangeMultiplier": 0.2898072302341461,
    "Metrics/LagrangeMultiplier/Max": 0.2898072302341461,
    "Metrics/LagrangeMultiplier/Min": 0.2898072302341461,
    "Metrics/LagrangeMultiplier/Std": 0,
    "Time/Epoch": 195.59515380859375,
    "Time/FPS": 102.25202178955078,
    "Time/Rollout": 97.24517822265624,
    "Time/Total": 16464.685546875,
    "Time/Update": 98.3498992919922,
    "TotalEnvSteps": 2000000,
    "Train/Entropy": -0.023827921599149704,
    "Train/Epoch": 99,
    "Train/KL": 0.0046723210252821445,
    "Train/LR": 0,
    "Train/PolicyRatio": 0.9993523359298706,
    "Train/PolicyRatio/Max": 0.9993523359298706,
    "Train/PolicyRatio/Min": 0.9993523359298706,
    "Train/PolicyRatio/Std": 0.007575411349534988,
    "Train/PolicyStd": 0.23627327382564545,
    "Train/StopIter": 40,
    "Value/Adv": 0.1852574646472931,
    "Value/cost": 0.7591954469680786,
    "Value/reward": 0.028803683817386627,
    "_runtime": 16466.169626705,
    "_step": 100,
    "_timestamp": 1745044537.567556,
    "_wandb": {
        "runtime": 16466
    }
}