{
    "Loss/Loss_cost_critic": 2.113041877746582,
    "Loss/Loss_cost_critic/Delta": -0.4288971424102783,
    "Loss/Loss_pi": -0.2965127229690552,
    "Loss/Loss_pi/Delta": 0.04728081822395325,
    "Loss/Loss_reward_critic": 0.04024123772978783,
    "Loss/Loss_reward_critic/Delta": -0.005845427513122559,
    "Metrics/EpCost": 7.590000152587891,
    "Metrics/EpLen": 1000,
    "Metrics/EpRet": 6.867434024810791,
    "Metrics/LagrangeMultiplier": 2.4929163455963135,
    "Metrics/LagrangeMultiplier/Max": 2.4929163455963135,
    "Metrics/LagrangeMultiplier/Min": 2.4929163455963135,
    "Metrics/LagrangeMultiplier/Std": 0,
    "Misc/AcceptanceStep": 1,
    "Misc/Alpha": 2.002095937728882,
    "Misc/FinalStepNorm": 0.2877851128578186,
    "Misc/H_inv_g": 0.1437419205904007,
    "Misc/gradient_norm": 0.10904130339622498,
    "Misc/xHx": 0.00498952716588974,
    "Safety/EpCostShield": 10.25,
    "Safety/ShieldLagrangeMultiplier": 2.5659244060516357,
    "Safety/ShieldLagrangeMultiplier/Max": 2.5659244060516357,
    "Safety/ShieldLagrangeMultiplier/Min": 2.5659244060516357,
    "Safety/ShieldLagrangeMultiplier/Std": 0,
    "Safety/shield_adv_c": -0.02249785512685776,
    "Safety/shield_violation": 1.9204111099243164,
    "Time/Epoch": 87.45389556884766,
    "Time/FPS": 228.6919403076172,
    "Time/Rollout": 71.05864715576172,
    "Time/Total": 9162.7451171875,
    "Time/Update": 16.395225524902344,
    "TotalEnvSteps": 2000000,
    "Train/Entropy": 2.183103322982788,
    "Train/Epoch": 99,
    "Train/KL": 0.00031268896418623626,
    "Train/LR": 0,
    "Train/PolicyRatio": 1.0011094808578491,
    "Train/PolicyRatio/Max": 1.0011094808578491,
    "Train/PolicyRatio/Min": 1.0011094808578491,
    "Train/PolicyRatio/Std": 0.0007844371721148491,
    "Train/PolicyStd": 2.26418399810791,
    "Train/StopIter": 10,
    "Value/Adv": 3.051757735406113e-09,
    "Value/cost": 0.7901983261108398,
    "Value/reward": 0.6464180946350098,
    "_runtime": 9164.635179097,
    "_step": 100,
    "_timestamp": 1746610398.3317006,
    "_wandb": {
        "runtime": 9164
    }
}