{
    "Loss/Loss_cost_critic": 12.381802558898926,
    "Loss/Loss_cost_critic/Delta": -0.8504972457885742,
    "Loss/Loss_pi": 0.10173926502466202,
    "Loss/Loss_pi/Delta": 0.11216994374990465,
    "Loss/Loss_reward_critic": 0.1605079472064972,
    "Loss/Loss_reward_critic/Delta": 0.04560689628124237,
    "Metrics/EpCost": 20.229999542236328,
    "Metrics/EpLen": 500,
    "Metrics/EpRet": 23.497453689575195,
    "Metrics/LagrangeMultiplier": 1.6084579229354858,
    "Metrics/LagrangeMultiplier/Max": 1.6084579229354858,
    "Metrics/LagrangeMultiplier/Min": 1.6084579229354858,
    "Metrics/LagrangeMultiplier/Std": 0,
    "Safety/EpCostShield": 37.099998474121094,
    "Safety/ShieldLagrangeMultiplier": 1.7205307483673096,
    "Safety/ShieldLagrangeMultiplier/Max": 1.7205307483673096,
    "Safety/ShieldLagrangeMultiplier/Min": 1.7205307483673096,
    "Safety/ShieldLagrangeMultiplier/Std": 0,
    "Safety/shield_adv_c": "NaN",
    "Safety/shield_violation": 5.526733875274658,
    "Time/Epoch": 165.3799285888672,
    "Time/FPS": 120.93366241455078,
    "Time/Rollout": 74.71065521240234,
    "Time/Total": 15974.6513671875,
    "Time/Update": 90.66921997070312,
    "TotalEnvSteps": 2000000,
    "Train/Entropy": 0.639187753200531,
    "Train/Epoch": 99,
    "Train/KL": 0.0032084952108561993,
    "Train/LR": 0,
    "Train/PolicyRatio": 1.0000441074371338,
    "Train/PolicyRatio/Max": 1.0000442266464231,
    "Train/PolicyRatio/Min": 1.0000442266464231,
    "Train/PolicyRatio/Std": 0.006606723181903362,
    "Train/PolicyStd": 0.45872822403907776,
    "Train/StopIter": 40,
    "Value/Adv": 0.25898224115371704,
    "Value/cost": 3.143749713897705,
    "Value/reward": 4.890157222747803,
    "_runtime": 15976.271332907,
    "_step": 100,
    "_timestamp": 1746570418.3202488,
    "_wandb": {
        "runtime": 15976
    }
}