{
    "Loss/Loss_cost_critic": 4.942170143127441,
    "Loss/Loss_cost_critic/Delta": 0.981151819229126,
    "Loss/Loss_pi": -0.020827343687415123,
    "Loss/Loss_pi/Delta": 0.06033320911228657,
    "Loss/Loss_reward_critic": 0.02712271548807621,
    "Loss/Loss_reward_critic/Delta": -0.0030189957469701767,
    "Metrics/EpCost": 21.940000534057617,
    "Metrics/EpLen": 1000,
    "Metrics/EpRet": 5.906286716461182,
    "Metrics/LagrangeMultiplier": 3.1411733627319336,
    "Metrics/LagrangeMultiplier/Max": 3.1411733627319336,
    "Metrics/LagrangeMultiplier/Min": 3.1411733627319336,
    "Metrics/LagrangeMultiplier/Std": 0,
    "Safety/EpCostShield": 53.75,
    "Safety/ShieldLagrangeMultiplier": 3.029977798461914,
    "Safety/ShieldLagrangeMultiplier/Max": 3.029977798461914,
    "Safety/ShieldLagrangeMultiplier/Min": 3.029977798461914,
    "Safety/ShieldLagrangeMultiplier/Std": 0,
    "Safety/shield_adv_c": "NaN",
    "Safety/shield_violation": 3.598261833190918,
    "Time/Epoch": 223.791748046875,
    "Time/FPS": 89.36880493164062,
    "Time/Rollout": 76.9324722290039,
    "Time/Total": 20320.89453125,
    "Time/Update": 146.8592071533203,
    "TotalEnvSteps": 2000000,
    "Train/Entropy": 0.5310531258583069,
    "Train/Epoch": 99,
    "Train/KL": 0.0033527060877531767,
    "Train/LR": 0,
    "Train/PolicyRatio": 1.000563383102417,
    "Train/PolicyRatio/Max": 1.000563383102417,
    "Train/PolicyRatio/Min": 1.000563383102417,
    "Train/PolicyRatio/Std": 0.006412218324840069,
    "Train/PolicyStd": 0.4123666286468506,
    "Train/StopIter": 40,
    "Value/Adv": 0.0822092592716217,
    "Value/cost": 1.601899266242981,
    "Value/reward": 0.6541983485221863,
    "_runtime": 20322.696970044,
    "_step": 100,
    "_timestamp": 1746613861.214966,
    "_wandb": {
        "runtime": 20322
    }
}