{
    "Loss/Loss_cost_critic": 1.2465771436691284,
    "Loss/Loss_cost_critic/Delta": 0.2829086184501648,
    "Loss/Loss_pi": -0.25585898756980896,
    "Loss/Loss_pi/Delta": -0.02456679940223694,
    "Loss/Loss_reward_critic": 0.008476857095956802,
    "Loss/Loss_reward_critic/Delta": -0.006517719477415085,
    "Metrics/EpCost": 3.799999952316284,
    "Metrics/EpLen": 1000,
    "Metrics/EpRet": 0.3291684091091156,
    "Metrics/LagrangeMultiplier": 2.6336095333099365,
    "Metrics/LagrangeMultiplier/Max": 2.6336095333099365,
    "Metrics/LagrangeMultiplier/Min": 2.6336095333099365,
    "Metrics/LagrangeMultiplier/Std": 0,
    "Misc/AcceptanceStep": 1,
    "Misc/Alpha": 1.736628770828247,
    "Misc/FinalStepNorm": 0.3513283431529999,
    "Misc/H_inv_g": 0.20230481028556824,
    "Misc/gradient_norm": 0.05504290759563446,
    "Misc/xHx": 0.006631555035710335,
    "Safety/EpCostShield": 9.149999618530272,
    "Safety/ShieldLagrangeMultiplier": 2.643631935119629,
    "Safety/ShieldLagrangeMultiplier/Max": 2.643631935119629,
    "Safety/ShieldLagrangeMultiplier/Min": 2.643631935119629,
    "Safety/ShieldLagrangeMultiplier/Std": 0,
    "Safety/shield_adv_c": -0.20650479197502136,
    "Safety/shield_violation": 1.1907837390899658,
    "Time/Epoch": 83.14513397216797,
    "Time/FPS": 240.54324340820312,
    "Time/Rollout": 69.91522979736328,
    "Time/Total": 8622.994140625,
    "Time/Update": 13.229887962341309,
    "TotalEnvSteps": 2000000,
    "Train/Entropy": 2.2417027950286865,
    "Train/Epoch": 99,
    "Train/KL": 0.00021103787003085017,
    "Train/LR": 0,
    "Train/PolicyRatio": 1.0007606744766235,
    "Train/PolicyRatio/Max": 1.000760793685913,
    "Train/PolicyRatio/Min": 1.000760793685913,
    "Train/PolicyRatio/Std": 0.0005378499627113342,
    "Train/PolicyStd": 2.2768049240112305,
    "Train/StopIter": 10,
    "Value/Adv": 4.577636492086867e-09,
    "Value/cost": 0.23610295355319977,
    "Value/reward": 0.026038406416773796,
    "_runtime": 8624.784263633,
    "_step": 100,
    "_timestamp": 1746520714.8058555,
    "_wandb": {
        "runtime": 8624
    }
}