{
    "Loss/Loss_cost_critic": 0.08258408308029175,
    "Loss/Loss_cost_critic/Delta": -0.6001901626586914,
    "Loss/Loss_pi": -0.0004144328413531184,
    "Loss/Loss_pi/Delta": 0.00309643370565027,
    "Loss/Loss_reward_critic": 0.0037855084519833326,
    "Loss/Loss_reward_critic/Delta": -8.312729187309742e-05,
    "Metrics/EpCost": 1.6699999570846558,
    "Metrics/EpLen": 1000,
    "Metrics/EpRet": -0.7220794558525085,
    "Misc/A": 0.015436590649187565,
    "Misc/AcceptanceStep": 1,
    "Misc/Alpha": 1.1372517347335815,
    "Misc/B": -4905.138671875,
    "Misc/FinalStepNorm": 0.32230573892593384,
    "Misc/H_inv_g": 0.26731956005096436,
    "Misc/Lambda_star": 0,
    "Misc/Nu_star": 5.930960655212402,
    "Misc/OptimCase": 0,
    "Misc/cost_gradient_norm": 0.017229558899998665,
    "Misc/gradient_norm": 0.14603722095489502,
    "Misc/q": 0.015463808551430702,
    "Misc/r": 0.00012440014688763767,
    "Misc/s": 0.000568554678466171,
    "Misc/xHx": 0.015463808551430702,
    "Time/Epoch": 101.38800048828124,
    "Time/FPS": 197.2620086669922,
    "Time/Rollout": 91.8990249633789,
    "Time/Total": 10118.0283203125,
    "Time/Update": 9.48895263671875,
    "TotalEnvSteps": 2000000,
    "Train/Entropy": 1.5045009851455688,
    "Train/Epoch": 99,
    "Train/KL": 0.0001359056623186916,
    "Train/LR": 0,
    "Train/PolicyRatio": 1.0014060735702517,
    "Train/PolicyRatio/Max": 1.0014060735702517,
    "Train/PolicyRatio/Min": 1.0014060735702517,
    "Train/PolicyRatio/Std": 0.0009941599564626813,
    "Train/PolicyStd": 1.099097490310669,
    "Train/StopIter": 10,
    "Value/Adv": -8.392333938900265e-09,
    "Value/cost": -0.03279028460383415,
    "Value/reward": -0.11442960053682329,
    "_runtime": 10119.442259783,
    "_step": 100,
    "_timestamp": 1743325599.655392,
    "_wandb": {
        "runtime": 10119
    }
}