{
    "Loss/Loss_cost_critic": 8.86102294921875,
    "Loss/Loss_cost_critic/Delta": 2.387937545776367,
    "Loss/Loss_pi": -0.011468805372714996,
    "Loss/Loss_pi/Delta": -0.0008556796237826347,
    "Loss/Loss_reward_critic": 0.16260932385921478,
    "Loss/Loss_reward_critic/Delta": 0.02379162609577179,
    "Metrics/EpCost": 49.720001220703125,
    "Metrics/EpLen": 500,
    "Metrics/EpRet": 16.03302764892578,
    "Metrics/LagrangeMultiplier": 0.22886870801448825,
    "Metrics/LagrangeMultiplier/Max": 0.22886870801448825,
    "Metrics/LagrangeMultiplier/Min": 0.22886870801448825,
    "Metrics/LagrangeMultiplier/Std": 0,
    "Misc/AcceptanceStep": 1,
    "Misc/Alpha": 1.134418249130249,
    "Misc/FinalStepNorm": 0.23815961182117465,
    "Misc/H_inv_g": 0.2099398821592331,
    "Misc/gradient_norm": 0.21431221067905423,
    "Misc/xHx": 0.015541154891252518,
    "Time/Epoch": 133.8015594482422,
    "Time/FPS": 149.47508239746094,
    "Time/Rollout": 112.94422912597656,
    "Time/Total": 13353.990234375,
    "Time/Update": 20.85730743408203,
    "TotalEnvSteps": 2000000,
    "Train/Entropy": 0.8547194600105286,
    "Train/Epoch": 99,
    "Train/KL": 0.00039626777288503945,
    "Train/LR": 0,
    "Train/PolicyRatio": 1.0012630224227903,
    "Train/PolicyRatio/Max": 1.0012630224227903,
    "Train/PolicyRatio/Min": 1.0012630224227903,
    "Train/PolicyRatio/Std": 0.0008931198390200734,
    "Train/PolicyStd": 0.5798506736755371,
    "Train/StopIter": 10,
    "Value/Adv": -3.051757735406113e-09,
    "Value/cost": 8.697819709777832,
    "Value/reward": 3.51803207397461,
    "_runtime": 13355.974684956,
    "_step": 100,
    "_timestamp": 1745037141.595348,
    "_wandb": {
        "runtime": 13355
    }
}