{
    "Loss/Loss_cost_critic": 0.13504555821418762,
    "Loss/Loss_cost_critic/Delta": -0.1394389569759369,
    "Loss/Loss_pi": -0.0031761229038238525,
    "Loss/Loss_pi/Delta": 0.005737099796533585,
    "Loss/Loss_reward_critic": 0.006869038101285696,
    "Loss/Loss_reward_critic/Delta": -0.0022491547279059887,
    "Metrics/EpCost": 4.440000057220459,
    "Metrics/EpLen": 1000,
    "Metrics/EpRet": 0.3026094436645508,
    "Metrics/LagrangeMultiplier": 3.1731364727020264,
    "Metrics/LagrangeMultiplier/Max": 3.1731364727020264,
    "Metrics/LagrangeMultiplier/Min": 3.1731364727020264,
    "Metrics/LagrangeMultiplier/Std": 0,
    "Time/Epoch": 196.50164794921875,
    "Time/FPS": 101.7803192138672,
    "Time/Rollout": 95.05115509033205,
    "Time/Total": 16722.3125,
    "Time/Update": 101.45035552978516,
    "TotalEnvSteps": 2000000,
    "Train/Entropy": 0.2721237540245056,
    "Train/Epoch": 99,
    "Train/KL": 0.003956126514822245,
    "Train/LR": 0,
    "Train/PolicyRatio": 1.000187635421753,
    "Train/PolicyRatio/Max": 1.0001877546310425,
    "Train/PolicyRatio/Min": 1.0001877546310425,
    "Train/PolicyRatio/Std": 0.006509256549179554,
    "Train/PolicyStd": 0.3181290328502655,
    "Train/StopIter": 40,
    "Value/Adv": 0.08146026730537415,
    "Value/cost": 0.7001603245735168,
    "Value/reward": 0.010960531421005726,
    "_runtime": 16724.684755755,
    "_step": 100,
    "_timestamp": 1743331982.447115,
    "_wandb": {
        "runtime": 16724
    }
}