{
    "Loss/Loss_cost_critic": 2.4134700298309326,
    "Loss/Loss_cost_critic/Delta": -1.250307559967041,
    "Loss/Loss_pi": 0.11159586161375046,
    "Loss/Loss_pi/Delta": -0.09685134142637251,
    "Loss/Loss_reward_critic": 0.003980579320341349,
    "Loss/Loss_reward_critic/Delta": -0.003048409707844258,
    "Metrics/EpCost": 4.800000190734863,
    "Metrics/EpLen": 1000,
    "Metrics/EpRet": 0.2303413599729538,
    "Metrics/LagrangeMultiplier": 2.6524226665496826,
    "Metrics/LagrangeMultiplier/Max": 2.6524226665496826,
    "Metrics/LagrangeMultiplier/Min": 2.6524226665496826,
    "Metrics/LagrangeMultiplier/Std": 0,
    "Misc/AcceptanceStep": 1,
    "Misc/Alpha": 0.7714952826499939,
    "Misc/FinalStepNorm": 0.31360578536987305,
    "Misc/H_inv_g": 0.40649089217185974,
    "Misc/gradient_norm": 0.31816041469573975,
    "Misc/xHx": 0.033601853996515274,
    "Safety/EpCostShield": 34.599998474121094,
    "Safety/ShieldLagrangeMultiplier": 2.6566591262817383,
    "Safety/ShieldLagrangeMultiplier/Max": 2.6566591262817383,
    "Safety/ShieldLagrangeMultiplier/Min": 2.6566591262817383,
    "Safety/ShieldLagrangeMultiplier/Std": 0,
    "Safety/shield_adv_c": -0.1280858814716339,
    "Safety/shield_violation": 1.8236894607543943,
    "Time/Epoch": 96.45996856689452,
    "Time/FPS": 207.33990478515625,
    "Time/Rollout": 79.23737335205078,
    "Time/Total": 9608.4365234375,
    "Time/Update": 17.22257423400879,
    "TotalEnvSteps": 2000000,
    "Train/Entropy": 1.5989941358566284,
    "Train/Epoch": 99,
    "Train/KL": 0.00027117467834614217,
    "Train/LR": 0,
    "Train/PolicyRatio": 0.9997135996818542,
    "Train/PolicyRatio/Max": 0.9997135996818542,
    "Train/PolicyRatio/Min": 0.9997135996818542,
    "Train/PolicyRatio/Std": 0.0002025296416832134,
    "Train/PolicyStd": 1.2238482236862185,
    "Train/StopIter": 10,
    "Value/Adv": -1.2207030941624453e-08,
    "Value/cost": 0.4510054290294647,
    "Value/reward": 0.04562131687998772,
    "_runtime": 9610.6510126,
    "_step": 100,
    "_timestamp": 1746603132.534739,
    "_wandb": {
        "runtime": 9610
    }
}