{
    "Loss/Loss_cost_critic": 2.389780044555664,
    "Loss/Loss_cost_critic/Delta": 0.9284058809280396,
    "Loss/Loss_pi": 0.01848742552101612,
    "Loss/Loss_pi/Delta": 0.14473281987011433,
    "Loss/Loss_reward_critic": 0.0523793026804924,
    "Loss/Loss_reward_critic/Delta": -0.021935276687145233,
    "Metrics/EpCost": 16.600000381469727,
    "Metrics/EpLen": 1000,
    "Metrics/EpRet": 9.781641960144045,
    "Metrics/LagrangeMultiplier": 2.3724381923675537,
    "Metrics/LagrangeMultiplier/Max": 2.3724381923675537,
    "Metrics/LagrangeMultiplier/Min": 2.3724381923675537,
    "Metrics/LagrangeMultiplier/Std": 0,
    "Misc/AcceptanceStep": 1,
    "Misc/Alpha": 0.734686017036438,
    "Misc/FinalStepNorm": 0.28237998485565186,
    "Misc/H_inv_g": 0.3843546211719513,
    "Misc/gradient_norm": 0.19846263527870175,
    "Misc/xHx": 0.03705324977636337,
    "Safety/EpCostShield": 21.149999618530273,
    "Safety/ShieldLagrangeMultiplier": 2.367626428604126,
    "Safety/ShieldLagrangeMultiplier/Max": 2.367626428604126,
    "Safety/ShieldLagrangeMultiplier/Min": 2.367626428604126,
    "Safety/ShieldLagrangeMultiplier/Std": 0,
    "Safety/shield_adv_c": -0.17474588751792908,
    "Safety/shield_violation": 1.3782944679260254,
    "Time/Epoch": 113.6247100830078,
    "Time/FPS": 176.01805114746094,
    "Time/Rollout": 91.1041488647461,
    "Time/Total": 11768.46875,
    "Time/Update": 22.52054214477539,
    "TotalEnvSteps": 2000000,
    "Train/Entropy": 1.2722172737121582,
    "Train/Epoch": 99,
    "Train/KL": 0.00033474352676421404,
    "Train/LR": 0,
    "Train/PolicyRatio": 1.0005706548690796,
    "Train/PolicyRatio/Max": 1.0005706548690796,
    "Train/PolicyRatio/Min": 1.0005706548690796,
    "Train/PolicyRatio/Std": 0.00040354201337322593,
    "Train/PolicyStd": 0.8652917742729187,
    "Train/StopIter": 10,
    "Value/Adv": 8.01086397217432e-09,
    "Value/cost": 0.7139183878898621,
    "Value/reward": 1.0349260568618774,
    "_runtime": 11769.84262275,
    "_step": 100,
    "_timestamp": 1746573789.2529874,
    "_wandb": {
        "runtime": 11769
    }
}