{
    "Loss/Loss_cost_critic": 1.6313364505767822,
    "Loss/Loss_cost_critic/Delta": 1.17535999417305,
    "Loss/Loss_pi": -0.011195635423064232,
    "Loss/Loss_pi/Delta": -0.00776857347227633,
    "Loss/Loss_reward_critic": 0.006572983227670193,
    "Loss/Loss_reward_critic/Delta": 0.0006519523449242115,
    "Metrics/EpCost": 5.110000133514404,
    "Metrics/EpLen": 500,
    "Metrics/EpRet": -0.3731618523597718,
    "Misc/A": 0.023131689056754112,
    "Misc/AcceptanceStep": 1,
    "Misc/Alpha": 0.926547646522522,
    "Misc/B": -281.2583923339844,
    "Misc/FinalStepNorm": 0.3191145956516266,
    "Misc/H_inv_g": 0.3338693082332611,
    "Misc/Lambda_star": 0,
    "Misc/Nu_star": 0.4641541838645935,
    "Misc/OptimCase": 0,
    "Misc/cost_gradient_norm": 0.2579253017902374,
    "Misc/gradient_norm": 0.19525782763957977,
    "Misc/q": 0.02329669333994389,
    "Misc/r": -0.003913823049515486,
    "Misc/s": 0.09283364564180374,
    "Misc/xHx": 0.02329669333994389,
    "Time/Epoch": 108.04379272460938,
    "Time/FPS": 185.1101226806641,
    "Time/Rollout": 98.44501495361328,
    "Time/Total": 10855.291015625,
    "Time/Update": 9.59875774383545,
    "TotalEnvSteps": 2000000,
    "Train/Entropy": 1.355207443237305,
    "Train/Epoch": 99,
    "Train/KL": 0.0001391038967994973,
    "Train/LR": 0,
    "Train/PolicyRatio": 1.000012993812561,
    "Train/PolicyRatio/Max": 1.0000131130218506,
    "Train/PolicyRatio/Min": 1.0000131130218506,
    "Train/PolicyRatio/Std": 9.273073374060914e-06,
    "Train/PolicyStd": 0.9464566111564636,
    "Train/StopIter": 10,
    "Value/Adv": -7.629394338515282e-10,
    "Value/cost": 0.2736760377883911,
    "Value/reward": -0.08594018220901489,
    "_runtime": 10857.093678184,
    "_step": 100,
    "_timestamp": 1743336508.501356,
    "_wandb": {
        "runtime": 10857
    }
}