{
    "Loss/Loss_cost_critic": 9.55591869354248,
    "Loss/Loss_cost_critic/Delta": 3.321014404296875,
    "Loss/Loss_pi": -0.04501834139227867,
    "Loss/Loss_pi/Delta": 0.07365778461098671,
    "Loss/Loss_reward_critic": 0.23510536551475525,
    "Loss/Loss_reward_critic/Delta": 0.05657142400741577,
    "Metrics/EpCost": 18.989999771118164,
    "Metrics/EpLen": 500,
    "Metrics/EpRet": 22.525779724121097,
    "Metrics/LagrangeMultiplier": 1.51024067401886,
    "Metrics/LagrangeMultiplier/Max": 1.51024067401886,
    "Metrics/LagrangeMultiplier/Min": 1.51024067401886,
    "Metrics/LagrangeMultiplier/Std": 0,
    "Safety/EpCostShield": 40.625,
    "Safety/ShieldLagrangeMultiplier": 1.6006596088409424,
    "Safety/ShieldLagrangeMultiplier/Max": 1.6006596088409424,
    "Safety/ShieldLagrangeMultiplier/Min": 1.6006596088409424,
    "Safety/ShieldLagrangeMultiplier/Std": 0,
    "Safety/shield_adv_c": "NaN",
    "Safety/shield_violation": 4.418526649475098,
    "Time/Epoch": 240.3203582763672,
    "Time/FPS": 83.22224426269531,
    "Time/Rollout": 105.82938385009766,
    "Time/Total": 24113.251953125,
    "Time/Update": 134.4908905029297,
    "TotalEnvSteps": 2000000,
    "Train/Entropy": 0.8345137238502502,
    "Train/Epoch": 99,
    "Train/KL": 0.0031679458916187286,
    "Train/LR": 0,
    "Train/PolicyRatio": 1.0011814832687378,
    "Train/PolicyRatio/Max": 1.0011814832687378,
    "Train/PolicyRatio/Min": 1.0011814832687378,
    "Train/PolicyRatio/Std": 0.00579521618783474,
    "Train/PolicyStd": 0.5623205900192261,
    "Train/StopIter": 40,
    "Value/Adv": -0.019928177818655968,
    "Value/cost": 2.1268186569213867,
    "Value/reward": 4.691587448120117,
    "_runtime": 24115.109036985,
    "_step": 100,
    "_timestamp": 1746533076.018504,
    "_wandb": {
        "runtime": 24115
    }
}