{
    "Loss/Loss_cost_critic": 0.05702909082174301,
    "Loss/Loss_cost_critic/Delta": -0.08664614707231522,
    "Loss/Loss_pi": 0.007701644208282232,
    "Loss/Loss_pi/Delta": 0.0006846641190350056,
    "Loss/Loss_reward_critic": 0.018033884465694427,
    "Loss/Loss_reward_critic/Delta": -0.001402365043759346,
    "Metrics/EpCost": 1.3700000047683716,
    "Metrics/EpLen": 500,
    "Metrics/EpRet": 3.674717903137207,
    "Misc/A": 0.02162584476172924,
    "Misc/AcceptanceStep": 1,
    "Misc/Alpha": 0.8729751706123352,
    "Misc/B": -76552.046875,
    "Misc/FinalStepNorm": 0.20471437275409696,
    "Misc/H_inv_g": 0.20326299965381625,
    "Misc/Lambda_star": 0,
    "Misc/Nu_star": 28.56096649169922,
    "Misc/OptimCase": 0,
    "Misc/cost_gradient_norm": 0.009016395546495914,
    "Misc/gradient_norm": 0.3709447383880615,
    "Misc/q": 0.02624375931918621,
    "Misc/r": 0.00033648445969447494,
    "Misc/s": 2.4507951820851304e-05,
    "Misc/xHx": 0.02624375931918621,
    "Time/Epoch": 67.14683532714844,
    "Time/FPS": 297.8547058105469,
    "Time/Rollout": 62.14553451538086,
    "Time/Total": 6639.373046875,
    "Time/Update": 5.001287937164307,
    "TotalEnvSteps": 2000000,
    "Train/Entropy": 1.5889989137649536,
    "Train/Epoch": 99,
    "Train/KL": 0.00021990419190842656,
    "Train/LR": 0,
    "Train/PolicyRatio": 1.0004557371139526,
    "Train/PolicyRatio/Max": 1.0004557371139526,
    "Train/PolicyRatio/Min": 1.0004557371139526,
    "Train/PolicyRatio/Std": 0.00032222672598436475,
    "Train/PolicyStd": 1.192352056503296,
    "Train/StopIter": 10,
    "Value/Adv": 2.25067129377976e-08,
    "Value/cost": 0.12853513658046722,
    "Value/reward": 0.8720617890357971,
    "_runtime": 6648.491527829,
    "_step": 100,
    "_timestamp": 1743312564.3406703,
    "_wandb": {
        "runtime": 6648
    }
}