{
    "Loss/Loss_cost_critic": 3.5814335346221924,
    "Loss/Loss_cost_critic/Delta": -0.28992772102355957,
    "Loss/Loss_pi": -0.2458710670471191,
    "Loss/Loss_pi/Delta": -0.09451331198215485,
    "Loss/Loss_reward_critic": 0.039143241941928864,
    "Loss/Loss_reward_critic/Delta": 0.003636907786130905,
    "Metrics/EpCost": 12.829999923706056,
    "Metrics/EpLen": 1000,
    "Metrics/EpRet": 7.734738826751709,
    "Metrics/LagrangeMultiplier": 2.4466116428375244,
    "Metrics/LagrangeMultiplier/Max": 2.4466116428375244,
    "Metrics/LagrangeMultiplier/Min": 2.4466116428375244,
    "Metrics/LagrangeMultiplier/Std": 0,
    "Safety/EpCostShield": 20.049999237060547,
    "Safety/ShieldLagrangeMultiplier": 2.5002191066741943,
    "Safety/ShieldLagrangeMultiplier/Max": 2.5002191066741943,
    "Safety/ShieldLagrangeMultiplier/Min": 2.5002191066741943,
    "Safety/ShieldLagrangeMultiplier/Std": 0,
    "Safety/shield_adv_c": "NaN",
    "Safety/shield_violation": 2.744428873062134,
    "Time/Epoch": 209.17807006835935,
    "Time/FPS": 95.61231994628906,
    "Time/Rollout": 80.77239990234375,
    "Time/Total": 20942.576171875,
    "Time/Update": 128.40560913085938,
    "TotalEnvSteps": 2000000,
    "Train/Entropy": 0.787554919719696,
    "Train/Epoch": 99,
    "Train/KL": 0.0032338493037968874,
    "Train/LR": 0,
    "Train/PolicyRatio": 1.001554012298584,
    "Train/PolicyRatio/Max": 1.001554012298584,
    "Train/PolicyRatio/Min": 1.001554012298584,
    "Train/PolicyRatio/Std": 0.006707293912768364,
    "Train/PolicyStd": 0.5383157730102539,
    "Train/StopIter": 40,
    "Value/Adv": -0.18885061144828796,
    "Value/cost": 1.7947949171066284,
    "Value/reward": 0.9619642496109008,
    "_runtime": 20943.947066924,
    "_step": 100,
    "_timestamp": 1746616159.514238,
    "_wandb": {
        "runtime": 20943
    }
}