{
    "Loss/Loss_cost_critic": 1.2231974601745603,
    "Loss/Loss_cost_critic/Delta": 0.06903254985809326,
    "Loss/Loss_pi": -0.2733778655529022,
    "Loss/Loss_pi/Delta": 0.05094677209854126,
    "Loss/Loss_reward_critic": 0.04047632589936256,
    "Loss/Loss_reward_critic/Delta": -0.014429956674575806,
    "Metrics/EpCost": 4.159999847412109,
    "Metrics/EpLen": 1000,
    "Metrics/EpRet": 5.581636905670166,
    "Metrics/LagrangeMultiplier": 2.272005558013916,
    "Metrics/LagrangeMultiplier/Max": 2.272005558013916,
    "Metrics/LagrangeMultiplier/Min": 2.272005558013916,
    "Metrics/LagrangeMultiplier/Std": 0,
    "Misc/AcceptanceStep": 1,
    "Misc/Alpha": 2.0476224422454834,
    "Misc/FinalStepNorm": 0.31331032514572144,
    "Misc/H_inv_g": 0.15301178395748138,
    "Misc/gradient_norm": 0.08152617514133453,
    "Misc/xHx": 0.004770120605826378,
    "Safety/EpCostShield": 8.449999809265137,
    "Safety/ShieldLagrangeMultiplier": 2.380013942718506,
    "Safety/ShieldLagrangeMultiplier/Max": 2.380013942718506,
    "Safety/ShieldLagrangeMultiplier/Min": 2.380013942718506,
    "Safety/ShieldLagrangeMultiplier/Std": 0,
    "Safety/shield_adv_c": -0.029091477394104004,
    "Safety/shield_violation": 1.3983440399169922,
    "Time/Epoch": 76.09941864013672,
    "Time/FPS": 262.8140869140625,
    "Time/Rollout": 61.723777770996094,
    "Time/Total": 8106.53271484375,
    "Time/Update": 14.375618934631348,
    "TotalEnvSteps": 2000000,
    "Train/Entropy": 2.022221803665161,
    "Train/Epoch": 99,
    "Train/KL": 0.0002748402184806764,
    "Train/LR": 0,
    "Train/PolicyRatio": 1.002213478088379,
    "Train/PolicyRatio/Max": 1.002213478088379,
    "Train/PolicyRatio/Min": 1.002213478088379,
    "Train/PolicyRatio/Std": 0.0015651652356609702,
    "Train/PolicyStd": 1.831631064414978,
    "Train/StopIter": 10,
    "Value/Adv": -1.525878801089675e-08,
    "Value/cost": 0.33804115653038025,
    "Value/reward": 0.760369598865509,
    "_runtime": 8108.04369881,
    "_step": 100,
    "_timestamp": 1746527787.2936482,
    "_wandb": {
        "runtime": 8108
    }
}