{
    "Loss/Loss_cost_critic": 0.14345867931842804,
    "Loss/Loss_cost_critic/Delta": -0.1227622777223587,
    "Loss/Loss_pi": 0.0028509129770100117,
    "Loss/Loss_pi/Delta": 0.00416360970120877,
    "Loss/Loss_reward_critic": 0.045253679156303406,
    "Loss/Loss_reward_critic/Delta": -0.016271322965621948,
    "Metrics/EpCost": 4.199999809265137,
    "Metrics/EpLen": 1000,
    "Metrics/EpRet": -11.347875595092772,
    "Misc/A": 0.014515729621052742,
    "Misc/AcceptanceStep": 1,
    "Misc/Alpha": 1.095792531967163,
    "Misc/B": -15493.869140625,
    "Misc/FinalStepNorm": 0.3181098401546478,
    "Misc/H_inv_g": 0.2169787436723709,
    "Misc/Lambda_star": 0,
    "Misc/Nu_star": 4.191273212432861,
    "Misc/OptimCase": 0,
    "Misc/cost_gradient_norm": 0.06326509267091751,
    "Misc/gradient_norm": 0.3277781307697296,
    "Misc/q": 0.016656091436743736,
    "Misc/r": 0.0015610349364578724,
    "Misc/s": 0.001138503197580576,
    "Misc/xHx": 0.016656091436743736,
    "Time/Epoch": 330.21728515625,
    "Time/FPS": 60.566184997558594,
    "Time/Rollout": 321.675537109375,
    "Time/Total": 33916.6015625,
    "Time/Update": 8.541698455810547,
    "TotalEnvSteps": 2000000,
    "Train/Entropy": 1.5310674905776978,
    "Train/Epoch": 99,
    "Train/KL": 0.00011934449867112562,
    "Train/LR": 0,
    "Train/PolicyRatio": 0.9995889663696288,
    "Train/PolicyRatio/Max": 0.9995889663696288,
    "Train/PolicyRatio/Min": 0.9995889663696288,
    "Train/PolicyRatio/Std": 0.00029067276045680046,
    "Train/PolicyStd": 1.1248258352279663,
    "Train/StopIter": 10,
    "Value/Adv": 5.340575981449547e-09,
    "Value/cost": 0.3731061518192291,
    "Value/reward": -0.7766054272651672,
    "_runtime": 33918.083910981,
    "_step": 100,
    "_timestamp": 1743348401.1671755,
    "_wandb": {
        "runtime": 33918
    }
}