{
    "Loss/Loss_cost_critic": 2.2373998165130615,
    "Loss/Loss_cost_critic/Delta": 0.2920107841491699,
    "Loss/Loss_pi": -0.1525866836309433,
    "Loss/Loss_pi/Delta": -0.01890622079372406,
    "Loss/Loss_reward_critic": 0.018239701166749,
    "Loss/Loss_reward_critic/Delta": 0.00852438434958458,
    "Metrics/EpCost": 8.869999885559082,
    "Metrics/EpLen": 1000,
    "Metrics/EpRet": -0.005365405231714249,
    "Metrics/LagrangeMultiplier": 2.5933544635772705,
    "Metrics/LagrangeMultiplier/Max": 2.5933544635772705,
    "Metrics/LagrangeMultiplier/Min": 2.5933544635772705,
    "Metrics/LagrangeMultiplier/Std": 0,
    "Safety/EpCostShield": 21.200000762939453,
    "Safety/ShieldLagrangeMultiplier": 2.6862356662750244,
    "Safety/ShieldLagrangeMultiplier/Max": 2.6862356662750244,
    "Safety/ShieldLagrangeMultiplier/Min": 2.6862356662750244,
    "Safety/ShieldLagrangeMultiplier/Std": 0,
    "Safety/shield_adv_c": "NaN",
    "Safety/shield_violation": 2.9516797065734863,
    "Time/Epoch": 196.17820739746097,
    "Time/FPS": 101.9481201171875,
    "Time/Rollout": 96.5278778076172,
    "Time/Total": 17529.72265625,
    "Time/Update": 99.6502685546875,
    "TotalEnvSteps": 2000000,
    "Train/Entropy": 0.5524521470069885,
    "Train/Epoch": 99,
    "Train/KL": 0.003677986096590758,
    "Train/LR": 0,
    "Train/PolicyRatio": 1.0010130405426023,
    "Train/PolicyRatio/Max": 1.0010130405426023,
    "Train/PolicyRatio/Min": 1.0010130405426023,
    "Train/PolicyRatio/Std": 0.0064381686970591545,
    "Train/PolicyStd": 0.4204844534397125,
    "Train/StopIter": 40,
    "Value/Adv": 0.15802869200706482,
    "Value/cost": 1.1936402320861816,
    "Value/reward": -0.008173277601599693,
    "_runtime": 17531.152090078,
    "_step": 100,
    "_timestamp": 1746621913.7549834,
    "_wandb": {
        "runtime": 17531
    }
}