{
    "Loss/Loss_cost_critic": 2.323892593383789,
    "Loss/Loss_cost_critic/Delta": 1.1193383932113647,
    "Loss/Loss_pi": -0.0093626631423831,
    "Loss/Loss_pi/Delta": -0.008232359192334116,
    "Loss/Loss_reward_critic": 0.03137267380952835,
    "Loss/Loss_reward_critic/Delta": -0.003552023321390152,
    "Metrics/EpCost": 8.850000381469727,
    "Metrics/EpLen": 500,
    "Metrics/EpRet": -0.718658447265625,
    "Misc/A": 0.020313963294029236,
    "Misc/AcceptanceStep": 1,
    "Misc/Alpha": 0.961822748184204,
    "Misc/B": -2570.531982421875,
    "Misc/FinalStepNorm": 0.2543807923793793,
    "Misc/H_inv_g": 0.23310744762420657,
    "Misc/Lambda_star": 0,
    "Misc/Nu_star": 0.8101862668991089,
    "Misc/OptimCase": 0,
    "Misc/cost_gradient_norm": 0.37966015934944153,
    "Misc/gradient_norm": 0.3133978843688965,
    "Misc/q": 0.021619204431772232,
    "Misc/r": -0.006306314840912819,
    "Misc/s": 0.030469132587313652,
    "Misc/xHx": 0.021619204431772232,
    "Time/Epoch": 94.16703033447266,
    "Time/FPS": 212.38856506347656,
    "Time/Rollout": 85.78618621826172,
    "Time/Total": 9414.529296875,
    "Time/Update": 8.380817413330078,
    "TotalEnvSteps": 2000000,
    "Train/Entropy": 1.440630316734314,
    "Train/Epoch": 99,
    "Train/KL": 0.00018141990585718304,
    "Train/LR": 0,
    "Train/PolicyRatio": 1.0011457204818726,
    "Train/PolicyRatio/Max": 1.0011457204818726,
    "Train/PolicyRatio/Min": 1.0011457204818726,
    "Train/PolicyRatio/Std": 0.0008100624545477331,
    "Train/PolicyStd": 1.0255649089813232,
    "Train/StopIter": 10,
    "Value/Adv": 6.866454960174906e-09,
    "Value/cost": 1.1811556816101074,
    "Value/reward": -0.2164799273014069,
    "_runtime": 9417.410624561,
    "_step": 100,
    "_timestamp": 1743315339.460723,
    "_wandb": {
        "runtime": 9417
    }
}