{
    "Loss/Loss_cost_critic": 0.09569860249757768,
    "Loss/Loss_cost_critic/Delta": -0.31492694467306137,
    "Loss/Loss_pi": -0.0015326454304158688,
    "Loss/Loss_pi/Delta": 0.007749107200652361,
    "Loss/Loss_reward_critic": 0.01457754708826542,
    "Loss/Loss_reward_critic/Delta": 0.004024541936814785,
    "Metrics/EpCost": 2.5899999141693115,
    "Metrics/EpLen": 1000,
    "Metrics/EpRet": -1.6661372184753418,
    "Metrics/LagrangeMultiplier": 185.92640686035156,
    "Metrics/LagrangeMultiplier/Max": 185.92640686035156,
    "Metrics/LagrangeMultiplier/Min": 185.92640686035156,
    "Metrics/LagrangeMultiplier/Std": 0,
    "Time/Epoch": 100.8243179321289,
    "Time/FPS": 198.36485290527344,
    "Time/Rollout": 50.91226959228515,
    "Time/Total": 9114.6298828125,
    "Time/Update": 49.91200256347656,
    "TotalEnvSteps": 2000000,
    "Train/Entropy": 0.3666139245033264,
    "Train/Epoch": 99,
    "Train/KL": 0.0036767455749213696,
    "Train/LR": 0,
    "Train/PolicyRatio": 0.9999842643737792,
    "Train/PolicyRatio/Max": 0.999984323978424,
    "Train/PolicyRatio/Min": 0.999984323978424,
    "Train/PolicyRatio/Std": 0.006340967956930399,
    "Train/PolicyStd": 0.3511533737182617,
    "Train/StopIter": 40,
    "Value/Adv": 0.2195058166980743,
    "Value/cost": 0.2007312774658203,
    "Value/reward": -0.196455180644989,
    "_runtime": 9115.755566493,
    "_step": 100,
    "_timestamp": 1745042506.5858226,
    "_wandb": {
        "runtime": 9115
    }
}