{
    "Loss/Loss_cost_critic": 0.0426168218255043,
    "Loss/Loss_cost_critic/Delta": -0.35381724685430527,
    "Loss/Loss_pi": -0.004213925451040268,
    "Loss/Loss_pi/Delta": 0.00035664020106196404,
    "Loss/Loss_reward_critic": 0.01914265938103199,
    "Loss/Loss_reward_critic/Delta": 0.0023979898542165756,
    "Metrics/EpCost": 0.5400000214576721,
    "Metrics/EpLen": 500,
    "Metrics/EpRet": 3.934408664703369,
    "Metrics/LagrangeMultiplier": 63.60542678833008,
    "Metrics/LagrangeMultiplier/Max": 63.60542678833008,
    "Metrics/LagrangeMultiplier/Min": 63.60542678833008,
    "Metrics/LagrangeMultiplier/Std": 0,
    "Misc/AcceptanceStep": 1,
    "Misc/Alpha": 3.308868408203125,
    "Misc/FinalStepNorm": 0.2909301817417145,
    "Misc/H_inv_g": 0.08792437613010406,
    "Misc/gradient_norm": 0.04547577723860741,
    "Misc/xHx": 0.0018267057603225112,
    "Time/Epoch": 125.0106430053711,
    "Time/FPS": 159.9863739013672,
    "Time/Rollout": 110.29681396484376,
    "Time/Total": 12287.2314453125,
    "Time/Update": 14.71380615234375,
    "TotalEnvSteps": 2000000,
    "Train/Entropy": 1.2308834791183472,
    "Train/Epoch": 99,
    "Train/KL": 0.0003125257499050349,
    "Train/LR": 0,
    "Train/PolicyRatio": 1.001240611076355,
    "Train/PolicyRatio/Max": 1.001240611076355,
    "Train/PolicyRatio/Min": 1.001240611076355,
    "Train/PolicyRatio/Std": 0.0008772164001129568,
    "Train/PolicyStd": 0.8289991021156311,
    "Train/StopIter": 10,
    "Value/Adv": -2.8991697931246566e-08,
    "Value/cost": 0.0338493213057518,
    "Value/reward": 0.7008127570152283,
    "_runtime": 12288.539582137,
    "_step": 100,
    "_timestamp": 1745038265.019298,
    "_wandb": {
        "runtime": 12288
    }
}