{
    "Loss/Loss_cost_critic": 2.7203283309936523,
    "Loss/Loss_cost_critic/Delta": 1.3149462938308716,
    "Loss/Loss_pi": 0.20171061158180237,
    "Loss/Loss_pi/Delta": 0.06965875625610352,
    "Loss/Loss_reward_critic": 0.0067024533636868,
    "Loss/Loss_reward_critic/Delta": -0.0038067535497248177,
    "Metrics/EpCost": 5.690000057220459,
    "Metrics/EpLen": 1000,
    "Metrics/EpRet": -0.2279101610183716,
    "Metrics/LagrangeMultiplier": 2.2634549140930176,
    "Metrics/LagrangeMultiplier/Max": 2.2634549140930176,
    "Metrics/LagrangeMultiplier/Min": 2.2634549140930176,
    "Metrics/LagrangeMultiplier/Std": 0,
    "Safety/EpCostShield": 49.79999923706055,
    "Safety/ShieldLagrangeMultiplier": 2.713106870651245,
    "Safety/ShieldLagrangeMultiplier/Max": 2.713106870651245,
    "Safety/ShieldLagrangeMultiplier/Min": 2.713106870651245,
    "Safety/ShieldLagrangeMultiplier/Std": 0,
    "Safety/shield_adv_c": "NaN",
    "Safety/shield_violation": 2.524224042892456,
    "Time/Epoch": 261.4320983886719,
    "Time/FPS": 76.50170135498047,
    "Time/Rollout": 122.86042022705078,
    "Time/Total": 21717.63671875,
    "Time/Update": 138.5716094970703,
    "TotalEnvSteps": 2000000,
    "Train/Entropy": 0.7215815782546997,
    "Train/Epoch": 99,
    "Train/KL": 0.004822793882340193,
    "Train/LR": 0,
    "Train/PolicyRatio": 0.9994416832923888,
    "Train/PolicyRatio/Max": 0.9994416832923888,
    "Train/PolicyRatio/Min": 0.9994416832923888,
    "Train/PolicyRatio/Std": 0.007918469607830048,
    "Train/PolicyStd": 0.4979209303855896,
    "Train/StopIter": 40,
    "Value/Adv": 0.10622930526733398,
    "Value/cost": 0.6495342254638672,
    "Value/reward": -0.008012527599930763,
    "_runtime": 21719.27499618,
    "_step": 100,
    "_timestamp": 1746639022.4398873,
    "_wandb": {
        "runtime": 21719
    }
}