{
    "Loss/Loss_cost_critic": 2.83191442489624,
    "Loss/Loss_cost_critic/Delta": -1.1872434616088867,
    "Loss/Loss_pi": -0.2824976444244385,
    "Loss/Loss_pi/Delta": -0.0909862369298935,
    "Loss/Loss_reward_critic": 0.09185183793306352,
    "Loss/Loss_reward_critic/Delta": 0.01669718325138092,
    "Metrics/EpCost": 3.2100000381469727,
    "Metrics/EpLen": 500,
    "Metrics/EpRet": 10.78118896484375,
    "Metrics/LagrangeMultiplier": 0.9624062776565552,
    "Metrics/LagrangeMultiplier/Max": 0.9624062776565552,
    "Metrics/LagrangeMultiplier/Min": 0.9624062776565552,
    "Metrics/LagrangeMultiplier/Std": 0,
    "Misc/AcceptanceStep": 1,
    "Misc/Alpha": 2.1120660305023193,
    "Misc/FinalStepNorm": 0.3033784329891205,
    "Misc/H_inv_g": 0.14364060759544373,
    "Misc/gradient_norm": 0.05843764916062355,
    "Misc/xHx": 0.004483467433601618,
    "Safety/EpCostShield": 5.5,
    "Safety/ShieldLagrangeMultiplier": 1.1639244556427002,
    "Safety/ShieldLagrangeMultiplier/Max": 1.1639244556427002,
    "Safety/ShieldLagrangeMultiplier/Min": 1.1639244556427002,
    "Safety/ShieldLagrangeMultiplier/Std": 0,
    "Safety/shield_adv_c": -0.048781149089336395,
    "Safety/shield_violation": 0.5412077307701111,
    "Time/Epoch": 96.03057861328124,
    "Time/FPS": 208.2669982910156,
    "Time/Rollout": 80.16802978515625,
    "Time/Total": 9709.6005859375,
    "Time/Update": 15.862512588500977,
    "TotalEnvSteps": 2000000,
    "Train/Entropy": 1.714160442352295,
    "Train/Epoch": 99,
    "Train/KL": 0.0002821031666826457,
    "Train/LR": 0,
    "Train/PolicyRatio": 1.0043140649795532,
    "Train/PolicyRatio/Max": 1.0043141841888428,
    "Train/PolicyRatio/Min": 1.0043141841888428,
    "Train/PolicyRatio/Std": 0.0030505890026688576,
    "Train/PolicyStd": 1.3910218477249146,
    "Train/StopIter": 10,
    "Value/Adv": -3.814697002724188e-09,
    "Value/cost": 0.1644139140844345,
    "Value/reward": 2.0646514892578125,
    "_runtime": 9711.052289304,
    "_step": 100,
    "_timestamp": 1746542428.455707,
    "_wandb": {
        "runtime": 9711
    }
}