{
    "Loss/Loss_cost_critic": 2.106081962585449,
    "Loss/Loss_cost_critic/Delta": -1.8254389762878416,
    "Loss/Loss_pi": -0.3145667612552643,
    "Loss/Loss_pi/Delta": -0.11169029772281648,
    "Loss/Loss_reward_critic": 0.08792287111282349,
    "Loss/Loss_reward_critic/Delta": 0.007260710000991821,
    "Metrics/EpCost": 1.1200000047683716,
    "Metrics/EpLen": 500,
    "Metrics/EpRet": 11.576135635375977,
    "Metrics/LagrangeMultiplier": 0.8820521831512451,
    "Metrics/LagrangeMultiplier/Max": 0.8820521831512451,
    "Metrics/LagrangeMultiplier/Min": 0.8820521831512451,
    "Metrics/LagrangeMultiplier/Std": 0,
    "Misc/AcceptanceStep": 1,
    "Misc/Alpha": 1.9125808477401731,
    "Misc/FinalStepNorm": 0.2752907872200012,
    "Misc/H_inv_g": 0.14393681287765503,
    "Misc/gradient_norm": 0.1269587129354477,
    "Misc/xHx": 0.005467510316520929,
    "Safety/EpCostShield": 6.099999904632568,
    "Safety/ShieldLagrangeMultiplier": 1.1158130168914795,
    "Safety/ShieldLagrangeMultiplier/Max": 1.1158130168914795,
    "Safety/ShieldLagrangeMultiplier/Min": 1.1158130168914795,
    "Safety/ShieldLagrangeMultiplier/Std": 0,
    "Safety/shield_adv_c": -0.030689697712659836,
    "Safety/shield_violation": 0.9960325360298156,
    "Time/Epoch": 108.95294189453124,
    "Time/FPS": 183.56549072265625,
    "Time/Rollout": 91.72637176513672,
    "Time/Total": 10853.5791015625,
    "Time/Update": 17.226543426513672,
    "TotalEnvSteps": 2000000,
    "Train/Entropy": 1.9420331716537476,
    "Train/Epoch": 99,
    "Train/KL": 0.000343306950526312,
    "Train/LR": 0,
    "Train/PolicyRatio": 1.0030285120010376,
    "Train/PolicyRatio/Max": 1.0030286312103271,
    "Train/PolicyRatio/Min": 1.0030286312103271,
    "Train/PolicyRatio/Std": 0.0021415655501186848,
    "Train/PolicyStd": 1.9512649774551392,
    "Train/StopIter": 10,
    "Value/Adv": 2.2888182460434332e-09,
    "Value/cost": 0.17400281131267548,
    "Value/reward": 2.2258458137512207,
    "_runtime": 10855.252111367,
    "_step": 100,
    "_timestamp": 1746604379.417822,
    "_wandb": {
        "runtime": 10855
    }
}