{
    "Loss/Loss_cost_critic": 1.2651432752609253,
    "Loss/Loss_cost_critic/Delta": -0.08844196796417236,
    "Loss/Loss_pi": -0.00958453118801117,
    "Loss/Loss_pi/Delta": 0.007908167317509651,
    "Loss/Loss_reward_critic": 0.05915658175945282,
    "Loss/Loss_reward_critic/Delta": 0.01013575866818428,
    "Metrics/EpCost": 31.440000534057617,
    "Metrics/EpLen": 1000,
    "Metrics/EpRet": 9.228867530822754,
    "Metrics/LagrangeMultiplier": 2.9886114597320557,
    "Metrics/LagrangeMultiplier/Max": 2.9886114597320557,
    "Metrics/LagrangeMultiplier/Min": 2.9886114597320557,
    "Metrics/LagrangeMultiplier/Std": 0,
    "Time/Epoch": 176.4407958984375,
    "Time/FPS": 113.35247802734376,
    "Time/Rollout": 77.61023712158203,
    "Time/Total": 17582.66796875,
    "Time/Update": 98.83048248291016,
    "TotalEnvSteps": 2000000,
    "Train/Entropy": 0.6071990728378296,
    "Train/Epoch": 99,
    "Train/KL": 0.003588341409340501,
    "Train/LR": 0,
    "Train/PolicyRatio": 0.9997058510780334,
    "Train/PolicyRatio/Max": 0.9997058510780334,
    "Train/PolicyRatio/Min": 0.9997058510780334,
    "Train/PolicyRatio/Std": 0.006599694490432739,
    "Train/PolicyStd": 0.44485369324684143,
    "Train/StopIter": 40,
    "Value/Adv": 0.13355505466461182,
    "Value/cost": 4.646491527557373,
    "Value/reward": 0.9854275584220886,
    "_runtime": 17584.772225351,
    "_step": 100,
    "_timestamp": 1746916173.6630287,
    "_wandb": {
        "runtime": 17584
    }
}