{
    "Loss/Loss_cost_critic": 4.584707260131836,
    "Loss/Loss_cost_critic/Delta": 1.2132134437561035,
    "Loss/Loss_pi": -0.07738205790519714,
    "Loss/Loss_pi/Delta": 0.2730858623981476,
    "Loss/Loss_reward_critic": 0.029622411355376244,
    "Loss/Loss_reward_critic/Delta": 0.0003002062439918518,
    "Metrics/EpCost": 17.350000381469727,
    "Metrics/EpLen": 1000,
    "Metrics/EpRet": 2.6591546535491943,
    "Metrics/LagrangeMultiplier": 2.596712827682495,
    "Metrics/LagrangeMultiplier/Max": 2.596712827682495,
    "Metrics/LagrangeMultiplier/Min": 2.596712827682495,
    "Metrics/LagrangeMultiplier/Std": 0,
    "Safety/EpCostShield": 75.9000015258789,
    "Safety/ShieldLagrangeMultiplier": 2.7895944118499756,
    "Safety/ShieldLagrangeMultiplier/Max": 2.7895944118499756,
    "Safety/ShieldLagrangeMultiplier/Min": 2.7895944118499756,
    "Safety/ShieldLagrangeMultiplier/Std": 0,
    "Safety/shield_adv_c": "NaN",
    "Safety/shield_violation": 6.186726093292236,
    "Time/Epoch": 146.95079040527344,
    "Time/FPS": 136.0999755859375,
    "Time/Rollout": 65.92137908935547,
    "Time/Total": 14962.3662109375,
    "Time/Update": 81.02937316894531,
    "TotalEnvSteps": 2000000,
    "Train/Entropy": 0.6160248517990112,
    "Train/Epoch": 99,
    "Train/KL": 0.003623891854658723,
    "Train/LR": 0,
    "Train/PolicyRatio": 0.9982930421829224,
    "Train/PolicyRatio/Max": 0.9982930421829224,
    "Train/PolicyRatio/Min": 0.9982930421829224,
    "Train/PolicyRatio/Std": 0.0069757006131112576,
    "Train/PolicyStd": 0.4485418498516083,
    "Train/StopIter": 40,
    "Value/Adv": 0.2112140953540802,
    "Value/cost": 2.248483180999756,
    "Value/reward": 0.3333393931388855,
    "_runtime": 14963.358411031,
    "_step": 100,
    "_timestamp": 1746518473.1844962,
    "_wandb": {
        "runtime": 14963
    }
}