{
    "Loss/Loss_cost_critic": 0.5252721905708313,
    "Loss/Loss_cost_critic/Delta": 0.46937309950590134,
    "Loss/Loss_pi": -0.006193264853209257,
    "Loss/Loss_pi/Delta": -0.004620264749974012,
    "Loss/Loss_reward_critic": 0.007097521331161261,
    "Loss/Loss_reward_critic/Delta": 0.0007972228340804577,
    "Metrics/EpCost": 4.159999847412109,
    "Metrics/EpLen": 500,
    "Metrics/EpRet": 1.5241328477859497,
    "Metrics/LagrangeMultiplier": 74.38164520263672,
    "Metrics/LagrangeMultiplier/Max": 74.38164520263672,
    "Metrics/LagrangeMultiplier/Min": 74.38164520263672,
    "Metrics/LagrangeMultiplier/Std": 0,
    "Time/Epoch": 180.38197326660156,
    "Time/FPS": 110.87582397460938,
    "Time/Rollout": 101.80134582519533,
    "Time/Total": 16397.6171875,
    "Time/Update": 78.58058166503906,
    "TotalEnvSteps": 2000000,
    "Train/Entropy": 0.12448006123304368,
    "Train/Epoch": 99,
    "Train/KL": 0.002711281878873706,
    "Train/LR": 0,
    "Train/PolicyRatio": 1.0050817728042605,
    "Train/PolicyRatio/Max": 1.0050817728042605,
    "Train/PolicyRatio/Min": 1.0050817728042605,
    "Train/PolicyRatio/Std": 0.006488964892923832,
    "Train/PolicyStd": 0.27426353096961975,
    "Train/StopIter": 40,
    "Value/Adv": -0.07688096165657043,
    "Value/cost": 0.03499091789126396,
    "Value/reward": 0.30485689640045166,
    "_runtime": 16399.047647252,
    "_step": 100,
    "_timestamp": 1745058730.3250127,
    "_wandb": {
        "runtime": 16399
    }
}