{
    "Loss/Loss_cost_critic": 1.135896921157837,
    "Loss/Loss_cost_critic/Delta": -0.08330428600311279,
    "Loss/Loss_pi": 0.006202128250151873,
    "Loss/Loss_pi/Delta": 0.1110921991057694,
    "Loss/Loss_reward_critic": 0.004907314665615559,
    "Loss/Loss_reward_critic/Delta": -0.0017662914469838142,
    "Metrics/EpCost": 3.740000009536743,
    "Metrics/EpLen": 1000,
    "Metrics/EpRet": -0.19298671185970304,
    "Metrics/LagrangeMultiplier": 2.5461368560791016,
    "Metrics/LagrangeMultiplier/Max": 2.5461368560791016,
    "Metrics/LagrangeMultiplier/Min": 2.5461368560791016,
    "Metrics/LagrangeMultiplier/Std": 0,
    "Misc/AcceptanceStep": 1,
    "Misc/Alpha": 1.0255223512649536,
    "Misc/FinalStepNorm": 0.32551243901252747,
    "Misc/H_inv_g": 0.317411333322525,
    "Misc/gradient_norm": 0.11758249998092651,
    "Misc/xHx": 0.019016891717910767,
    "Safety/EpCostShield": 13.149999618530272,
    "Safety/ShieldLagrangeMultiplier": 2.4250147342681885,
    "Safety/ShieldLagrangeMultiplier/Max": 2.4250147342681885,
    "Safety/ShieldLagrangeMultiplier/Min": 2.4250147342681885,
    "Safety/ShieldLagrangeMultiplier/Std": 0,
    "Safety/shield_adv_c": -0.08519581705331802,
    "Safety/shield_violation": 0.7924996614456177,
    "Time/Epoch": 141.02157592773438,
    "Time/FPS": 141.82228088378906,
    "Time/Rollout": 106.2441635131836,
    "Time/Total": 14121.7412109375,
    "Time/Update": 34.777374267578125,
    "TotalEnvSteps": 2000000,
    "Train/Entropy": 1.4904636144638062,
    "Train/Epoch": 99,
    "Train/KL": 0.00027575783315114677,
    "Train/LR": 0,
    "Train/PolicyRatio": 0.9998309016227722,
    "Train/PolicyRatio/Max": 0.9998309016227722,
    "Train/PolicyRatio/Min": 0.9998309016227722,
    "Train/PolicyRatio/Std": 0.00011961277050431818,
    "Train/PolicyStd": 1.0743252038955688,
    "Train/StopIter": 10,
    "Value/Adv": 8.392333938900265e-09,
    "Value/cost": 0.3021257221698761,
    "Value/reward": -0.013734047301113604,
    "_runtime": 14124.046327162,
    "_step": 100,
    "_timestamp": 1746607592.8776784,
    "_wandb": {
        "runtime": 14124
    }
}