{
    "Loss/Loss_cost_critic": 3.1019628047943115,
    "Loss/Loss_cost_critic/Delta": -4.497438669204712,
    "Loss/Loss_pi": -0.3710726201534271,
    "Loss/Loss_pi/Delta": -0.3785795266740024,
    "Loss/Loss_reward_critic": 0.029039764776825905,
    "Loss/Loss_reward_critic/Delta": -0.005772745236754417,
    "Metrics/EpCost": 9.1899995803833,
    "Metrics/EpLen": 1000,
    "Metrics/EpRet": 2.558671474456787,
    "Metrics/LagrangeMultiplier": 2.242722272872925,
    "Metrics/LagrangeMultiplier/Max": 2.242722272872925,
    "Metrics/LagrangeMultiplier/Min": 2.242722272872925,
    "Metrics/LagrangeMultiplier/Std": 0,
    "Misc/AcceptanceStep": 1,
    "Misc/Alpha": 2.0470192432403564,
    "Misc/FinalStepNorm": 0.3398143947124481,
    "Misc/H_inv_g": 0.1660044938325882,
    "Misc/gradient_norm": 0.10089514404535294,
    "Misc/xHx": 0.004772931803017855,
    "Safety/EpCostShield": 19.5,
    "Safety/ShieldLagrangeMultiplier": 2.4885146617889404,
    "Safety/ShieldLagrangeMultiplier/Max": 2.4885146617889404,
    "Safety/ShieldLagrangeMultiplier/Min": 2.4885146617889404,
    "Safety/ShieldLagrangeMultiplier/Std": 0,
    "Safety/shield_adv_c": 0.25365954637527466,
    "Safety/shield_violation": 3.3294968605041504,
    "Time/Epoch": 103.69849395751952,
    "Time/FPS": 192.86683654785156,
    "Time/Rollout": 86.67704010009766,
    "Time/Total": 10697.6552734375,
    "Time/Update": 17.02143096923828,
    "TotalEnvSteps": 2000000,
    "Train/Entropy": 2.254077672958374,
    "Train/Epoch": 99,
    "Train/KL": 0.00022665475262328985,
    "Train/LR": 0,
    "Train/PolicyRatio": 1.0017223358154297,
    "Train/PolicyRatio/Max": 1.0017223358154297,
    "Train/PolicyRatio/Min": 1.0017223358154297,
    "Train/PolicyRatio/Std": 0.0012178191682323811,
    "Train/PolicyStd": 2.31372332572937,
    "Train/StopIter": 10,
    "Value/Adv": 5.722045948175491e-09,
    "Value/cost": 1.0279598236083984,
    "Value/reward": 0.279251366853714,
    "_runtime": 10699.760952645,
    "_step": 100,
    "_timestamp": 1746613844.9137497,
    "_wandb": {
        "runtime": 10699
    }
}