{
    "Loss/Loss_cost_critic": 2.935194492340088,
    "Loss/Loss_cost_critic/Delta": 0.08023738861083984,
    "Loss/Loss_pi": -0.20534475147724152,
    "Loss/Loss_pi/Delta": -0.02485862374305725,
    "Loss/Loss_reward_critic": 0.02658163383603096,
    "Loss/Loss_reward_critic/Delta": -0.010556776076555252,
    "Metrics/EpCost": 6.340000152587891,
    "Metrics/EpLen": 1000,
    "Metrics/EpRet": 3.194706916809082,
    "Metrics/LagrangeMultiplier": 2.4997620582580566,
    "Metrics/LagrangeMultiplier/Max": 2.4997620582580566,
    "Metrics/LagrangeMultiplier/Min": 2.4997620582580566,
    "Metrics/LagrangeMultiplier/Std": 0,
    "Misc/AcceptanceStep": 1,
    "Misc/Alpha": 1.215792179107666,
    "Misc/FinalStepNorm": 0.324687123298645,
    "Misc/H_inv_g": 0.2670580744743347,
    "Misc/gradient_norm": 0.1083354875445366,
    "Misc/xHx": 0.013530410826206207,
    "Safety/EpCostShield": 26.25,
    "Safety/ShieldLagrangeMultiplier": 2.4355428218841553,
    "Safety/ShieldLagrangeMultiplier/Max": 2.4355428218841553,
    "Safety/ShieldLagrangeMultiplier/Min": 2.4355428218841553,
    "Safety/ShieldLagrangeMultiplier/Std": 0,
    "Safety/shield_adv_c": 0.22518303990364075,
    "Safety/shield_violation": 2.0587902069091797,
    "Time/Epoch": 140.42446899414062,
    "Time/FPS": 142.42532348632812,
    "Time/Rollout": 115.61296081542967,
    "Time/Total": 14343.4794921875,
    "Time/Update": 24.811477661132812,
    "TotalEnvSteps": 2000000,
    "Train/Entropy": 1.9786454439163208,
    "Train/Epoch": 99,
    "Train/KL": 0.0002557795087341219,
    "Train/LR": 0,
    "Train/PolicyRatio": 1.0023107528686523,
    "Train/PolicyRatio/Max": 1.0023107528686523,
    "Train/PolicyRatio/Min": 1.0023107528686523,
    "Train/PolicyRatio/Std": 0.001633948995731771,
    "Train/PolicyStd": 1.750666260719299,
    "Train/StopIter": 10,
    "Value/Adv": 9.155272984173736e-09,
    "Value/cost": 0.7036734819412231,
    "Value/reward": 0.5044053792953491,
    "_runtime": 14345.61761527,
    "_step": 100,
    "_timestamp": 1746924703.7729945,
    "_wandb": {
        "runtime": 14345
    }
}