{
    "Loss/Loss_cost_critic": 2.9423160552978516,
    "Loss/Loss_cost_critic/Delta": -1.4894967079162598,
    "Loss/Loss_pi": -0.36075228452682495,
    "Loss/Loss_pi/Delta": -0.07686305046081543,
    "Loss/Loss_reward_critic": 0.03735063970088959,
    "Loss/Loss_reward_critic/Delta": -0.012220550328493118,
    "Metrics/EpCost": 12.199999809265137,
    "Metrics/EpLen": 1000,
    "Metrics/EpRet": 1.964366793632507,
    "Metrics/LagrangeMultiplier": 2.64265775680542,
    "Metrics/LagrangeMultiplier/Max": 2.64265775680542,
    "Metrics/LagrangeMultiplier/Min": 2.64265775680542,
    "Metrics/LagrangeMultiplier/Std": 0,
    "Safety/EpCostShield": 22.549999237060547,
    "Safety/ShieldLagrangeMultiplier": 2.5394413471221924,
    "Safety/ShieldLagrangeMultiplier/Max": 2.5394413471221924,
    "Safety/ShieldLagrangeMultiplier/Min": 2.5394413471221924,
    "Safety/ShieldLagrangeMultiplier/Std": 0,
    "Safety/shield_adv_c": "NaN",
    "Safety/shield_violation": 4.20988130569458,
    "Time/Epoch": 212.3485565185547,
    "Time/FPS": 94.1847686767578,
    "Time/Rollout": 84.96208190917969,
    "Time/Total": 21969.986328125,
    "Time/Update": 127.38642120361328,
    "TotalEnvSteps": 2000000,
    "Train/Entropy": 0.7685632109642029,
    "Train/Epoch": 99,
    "Train/KL": 0.0025180457159876823,
    "Train/LR": 0,
    "Train/PolicyRatio": 1.0016354322433472,
    "Train/PolicyRatio/Max": 1.0016354322433472,
    "Train/PolicyRatio/Min": 1.0016354322433472,
    "Train/PolicyRatio/Std": 0.004939992446452379,
    "Train/PolicyStd": 0.5224917531013489,
    "Train/StopIter": 40,
    "Value/Adv": 0.25311702489852905,
    "Value/cost": 1.227216362953186,
    "Value/reward": 0.23681020736694336,
    "_runtime": 21972.102914145,
    "_step": 100,
    "_timestamp": 1746624166.671471,
    "_wandb": {
        "runtime": 21972
    }
}