{
    "Loss/Loss_cost_critic": 3.60940146446228,
    "Loss/Loss_cost_critic/Delta": -0.9157040119171144,
    "Loss/Loss_pi": -0.027651380747556686,
    "Loss/Loss_pi/Delta": 0.06355704739689827,
    "Loss/Loss_reward_critic": 0.07684051990509033,
    "Loss/Loss_reward_critic/Delta": -0.003629051148891449,
    "Metrics/EpCost": 7.03000020980835,
    "Metrics/EpLen": 500,
    "Metrics/EpRet": 10.010513305664062,
    "Metrics/LagrangeMultiplier": 1.0404818058013916,
    "Metrics/LagrangeMultiplier/Max": 1.0404818058013916,
    "Metrics/LagrangeMultiplier/Min": 1.0404818058013916,
    "Metrics/LagrangeMultiplier/Std": 0,
    "Safety/EpCostShield": 14.050000190734863,
    "Safety/ShieldLagrangeMultiplier": 1.324995040893555,
    "Safety/ShieldLagrangeMultiplier/Max": 1.324995040893555,
    "Safety/ShieldLagrangeMultiplier/Min": 1.324995040893555,
    "Safety/ShieldLagrangeMultiplier/Std": 0,
    "Safety/shield_adv_c": "NaN",
    "Safety/shield_violation": 0.803230345249176,
    "Time/Epoch": 187.35379028320312,
    "Time/FPS": 106.74990844726562,
    "Time/Rollout": 90.53157043457033,
    "Time/Total": 18538.2578125,
    "Time/Update": 96.82215118408205,
    "TotalEnvSteps": 2000000,
    "Train/Entropy": 0.20130354166030884,
    "Train/Epoch": 99,
    "Train/KL": 0.004147276747971773,
    "Train/LR": 0,
    "Train/PolicyRatio": 1.0000933408737185,
    "Train/PolicyRatio/Max": 1.0000933408737185,
    "Train/PolicyRatio/Min": 1.0000933408737185,
    "Train/PolicyRatio/Std": 0.0068978844210505486,
    "Train/PolicyStd": 0.299919456243515,
    "Train/StopIter": 40,
    "Value/Adv": -0.06594740599393845,
    "Value/cost": 0.4459133744239807,
    "Value/reward": 2.070150136947632,
    "_runtime": 18539.571250094,
    "_step": 100,
    "_timestamp": 1746612062.357377,
    "_wandb": {
        "runtime": 18539
    }
}