{
    "Loss/Loss_cost_critic": 4.238374710083008,
    "Loss/Loss_cost_critic/Delta": 0.6087985038757324,
    "Loss/Loss_pi": -0.010702273808419704,
    "Loss/Loss_pi/Delta": -0.08082035835832357,
    "Loss/Loss_reward_critic": 0.011459075845777988,
    "Loss/Loss_reward_critic/Delta": 0.002769059501588345,
    "Metrics/EpCost": 14.020000457763672,
    "Metrics/EpLen": 1000,
    "Metrics/EpRet": 0.07255888730287552,
    "Metrics/LagrangeMultiplier": 2.7057549953460693,
    "Metrics/LagrangeMultiplier/Max": 2.7057549953460693,
    "Metrics/LagrangeMultiplier/Min": 2.7057549953460693,
    "Metrics/LagrangeMultiplier/Std": 0,
    "Safety/EpCostShield": 61.349998474121094,
    "Safety/ShieldLagrangeMultiplier": 2.8008368015289307,
    "Safety/ShieldLagrangeMultiplier/Max": 2.8008368015289307,
    "Safety/ShieldLagrangeMultiplier/Min": 2.8008368015289307,
    "Safety/ShieldLagrangeMultiplier/Std": 0,
    "Safety/shield_adv_c": "NaN",
    "Safety/shield_violation": 5.1681365966796875,
    "Time/Epoch": 265.82427978515625,
    "Time/FPS": 75.23767852783203,
    "Time/Rollout": 105.95443725585938,
    "Time/Total": 23288.943359375,
    "Time/Update": 159.86968994140625,
    "TotalEnvSteps": 2000000,
    "Train/Entropy": 0.8224964141845703,
    "Train/Epoch": 99,
    "Train/KL": 0.003830856876447797,
    "Train/LR": 0,
    "Train/PolicyRatio": 0.9997854828834534,
    "Train/PolicyRatio/Max": 0.9997854828834534,
    "Train/PolicyRatio/Min": 0.9997854828834534,
    "Train/PolicyRatio/Std": 0.007080614101141691,
    "Train/PolicyStd": 0.551311731338501,
    "Train/StopIter": 40,
    "Value/Adv": 0.00993376225233078,
    "Value/cost": 1.871942400932312,
    "Value/reward": 0.020596886053681377,
    "_runtime": 23291.048343198,
    "_step": 100,
    "_timestamp": 1746627718.1302905,
    "_wandb": {
        "runtime": 23291
    }
}