{
    "Loss/Loss_cost_critic": 3.755725383758545,
    "Loss/Loss_cost_critic/Delta": -1.784736156463623,
    "Loss/Loss_pi": -0.005655063781887293,
    "Loss/Loss_pi/Delta": 0.0033492152579128742,
    "Loss/Loss_reward_critic": 0.32256853580474854,
    "Loss/Loss_reward_critic/Delta": 0.06083616614341736,
    "Metrics/EpCost": 48.040000915527344,
    "Metrics/EpLen": 500,
    "Metrics/EpRet": 31.860252380371097,
    "Metrics/LagrangeMultiplier": 2.204972982406616,
    "Metrics/LagrangeMultiplier/Max": 2.204972982406616,
    "Metrics/LagrangeMultiplier/Min": 2.204972982406616,
    "Metrics/LagrangeMultiplier/Std": 0,
    "Time/Epoch": 151.04649353027344,
    "Time/FPS": 132.40956115722656,
    "Time/Rollout": 91.77129364013672,
    "Time/Total": 15106.2978515625,
    "Time/Update": 59.27511978149414,
    "TotalEnvSteps": 2000000,
    "Train/Entropy": 0.4589790105819702,
    "Train/Epoch": 99,
    "Train/KL": 0.0029049585573375225,
    "Train/LR": 0,
    "Train/PolicyRatio": 0.9994319677352904,
    "Train/PolicyRatio/Max": 0.9994319677352904,
    "Train/PolicyRatio/Min": 0.9994319677352904,
    "Train/PolicyRatio/Std": 0.005417378153651953,
    "Train/PolicyStd": 0.38292452692985535,
    "Train/StopIter": 40,
    "Value/Adv": -0.1673808395862579,
    "Value/cost": 8.898980140686035,
    "Value/reward": 6.165414333343506,
    "_runtime": 15107.424220996,
    "_step": 100,
    "_timestamp": 1743321032.6724794,
    "_wandb": {
        "runtime": 15107
    }
}