{
    "Loss/Loss_cost_critic": 2.308617115020752,
    "Loss/Loss_cost_critic/Delta": -0.4480378627777099,
    "Loss/Loss_pi": -0.2776161730289459,
    "Loss/Loss_pi/Delta": -0.00997498631477356,
    "Loss/Loss_reward_critic": 0.13370290398597717,
    "Loss/Loss_reward_critic/Delta": 0.03731939196586609,
    "Metrics/EpCost": 3.5999999046325684,
    "Metrics/EpLen": 500,
    "Metrics/EpRet": 11.794510841369627,
    "Metrics/LagrangeMultiplier": 0.7586093544960022,
    "Metrics/LagrangeMultiplier/Max": 0.7586093544960022,
    "Metrics/LagrangeMultiplier/Min": 0.7586093544960022,
    "Metrics/LagrangeMultiplier/Std": 0,
    "Misc/AcceptanceStep": 1,
    "Misc/Alpha": 2.3027024269104004,
    "Misc/FinalStepNorm": 0.2957044541835785,
    "Misc/H_inv_g": 0.1284162700176239,
    "Misc/gradient_norm": 0.06855867058038712,
    "Misc/xHx": 0.0037718391977250576,
    "Safety/EpCostShield": 9.375,
    "Safety/ShieldLagrangeMultiplier": 0.9509788155555724,
    "Safety/ShieldLagrangeMultiplier/Max": 0.9509788155555724,
    "Safety/ShieldLagrangeMultiplier/Min": 0.9509788155555724,
    "Safety/ShieldLagrangeMultiplier/Std": 0,
    "Safety/shield_adv_c": 0.19847698509693143,
    "Safety/shield_violation": 0.5605462789535522,
    "Time/Epoch": 107.76407623291016,
    "Time/FPS": 185.59060668945312,
    "Time/Rollout": 90.94452667236328,
    "Time/Total": 10891.5654296875,
    "Time/Update": 16.81952476501465,
    "TotalEnvSteps": 2000000,
    "Train/Entropy": 1.9309459924697876,
    "Train/Epoch": 99,
    "Train/KL": 0.0002853001933544874,
    "Train/LR": 0,
    "Train/PolicyRatio": 1.0038591623306274,
    "Train/PolicyRatio/Max": 1.003859281539917,
    "Train/PolicyRatio/Min": 1.003859281539917,
    "Train/PolicyRatio/Std": 0.0027288116980344057,
    "Train/PolicyStd": 1.9672914743423464,
    "Train/StopIter": 10,
    "Value/Adv": -7.629394005448376e-09,
    "Value/cost": 0.18902671337127688,
    "Value/reward": 2.31970477104187,
    "_runtime": 10892.812997273,
    "_step": 100,
    "_timestamp": 1746545766.8769214,
    "_wandb": {
        "runtime": 10892
    }
}