{
    "Loss/Loss_cost_critic": 2.289191484451294,
    "Loss/Loss_cost_critic/Delta": -0.19456052780151367,
    "Loss/Loss_pi": -0.011461883783340454,
    "Loss/Loss_pi/Delta": 0.0003820331767201424,
    "Loss/Loss_reward_critic": 0.12011118233203888,
    "Loss/Loss_reward_critic/Delta": -0.006819933652877808,
    "Metrics/EpCost": 58.18000030517578,
    "Metrics/EpLen": 1000,
    "Metrics/EpRet": 26.532485961914062,
    "Metrics/LagrangeMultiplier": 0.345162570476532,
    "Metrics/LagrangeMultiplier/Max": 0.345162570476532,
    "Metrics/LagrangeMultiplier/Min": 0.345162570476532,
    "Metrics/LagrangeMultiplier/Std": 0,
    "Misc/AcceptanceStep": 1,
    "Misc/Alpha": 1.1812260150909424,
    "Misc/FinalStepNorm": 0.17523856461048126,
    "Misc/H_inv_g": 0.14835311472415924,
    "Misc/gradient_norm": 0.28233781456947327,
    "Misc/xHx": 0.014333877712488174,
    "Time/Epoch": 101.54576873779295,
    "Time/FPS": 196.95553588867188,
    "Time/Rollout": 89.77005767822266,
    "Time/Total": 10185.115234375,
    "Time/Update": 11.775675773620604,
    "TotalEnvSteps": 2000000,
    "Train/Entropy": 0.7826313972473145,
    "Train/Epoch": 99,
    "Train/KL": 0.0004772488609887659,
    "Train/LR": 0,
    "Train/PolicyRatio": 0.9994003772735596,
    "Train/PolicyRatio/Max": 0.9994003772735596,
    "Train/PolicyRatio/Min": 0.9994003772735596,
    "Train/PolicyRatio/Std": 0.0004239972913637758,
    "Train/PolicyStd": 0.5316938161849976,
    "Train/StopIter": 10,
    "Value/Adv": -1.5258788677030564e-09,
    "Value/cost": 6.693886756896973,
    "Value/reward": 2.6465585231781006,
    "_runtime": 10186.888186796,
    "_step": 100,
    "_timestamp": 1745005432.0440388,
    "_wandb": {
        "runtime": 10186
    }
}