{
    "Loss/Loss_cost_critic": 4.039780139923096,
    "Loss/Loss_cost_critic/Delta": 2.679309606552124,
    "Loss/Loss_pi": 0.1746152490377426,
    "Loss/Loss_pi/Delta": 0.2914039045572281,
    "Loss/Loss_reward_critic": 0.003191388677805662,
    "Loss/Loss_reward_critic/Delta": -0.0007076342590153217,
    "Metrics/EpCost": 4.690000057220459,
    "Metrics/EpLen": 1000,
    "Metrics/EpRet": 0.32498669624328613,
    "Metrics/LagrangeMultiplier": 2.8849596977233887,
    "Metrics/LagrangeMultiplier/Max": 2.8849596977233887,
    "Metrics/LagrangeMultiplier/Min": 2.8849596977233887,
    "Metrics/LagrangeMultiplier/Std": 0,
    "Safety/EpCostShield": 55.849998474121094,
    "Safety/ShieldLagrangeMultiplier": 2.660834789276123,
    "Safety/ShieldLagrangeMultiplier/Max": 2.660834789276123,
    "Safety/ShieldLagrangeMultiplier/Min": 2.660834789276123,
    "Safety/ShieldLagrangeMultiplier/Std": 0,
    "Safety/shield_adv_c": "NaN",
    "Safety/shield_violation": 2.3426032066345215,
    "Time/Epoch": 253.98529052734375,
    "Time/FPS": 78.74472045898438,
    "Time/Rollout": 101.98176574707033,
    "Time/Total": 24753.435546875,
    "Time/Update": 152.0034637451172,
    "TotalEnvSteps": 2000000,
    "Train/Entropy": 0.7052969336509705,
    "Train/Epoch": 99,
    "Train/KL": 0.003203839296475053,
    "Train/LR": 0,
    "Train/PolicyRatio": 0.9996830821037292,
    "Train/PolicyRatio/Max": 0.9996830821037292,
    "Train/PolicyRatio/Min": 0.9996830821037292,
    "Train/PolicyRatio/Std": 0.006396153010427952,
    "Train/PolicyStd": 0.5006206631660461,
    "Train/StopIter": 40,
    "Value/Adv": 0.02861381694674492,
    "Value/cost": 0.8272259831428528,
    "Value/reward": 0.02321525476872921,
    "_runtime": 24755.659881191,
    "_step": 100,
    "_timestamp": 1746566571.7701075,
    "_wandb": {
        "runtime": 24755
    }
}