{
    "Loss/Loss_cost_critic": 0.8971467614173889,
    "Loss/Loss_cost_critic/Delta": 0.15104305744171145,
    "Loss/Loss_pi": -0.008281045593321323,
    "Loss/Loss_pi/Delta": 0.004247445613145828,
    "Loss/Loss_reward_critic": 0.0170760340988636,
    "Loss/Loss_reward_critic/Delta": -0.007569743320345879,
    "Metrics/EpCost": 11.119999885559082,
    "Metrics/EpLen": 1000,
    "Metrics/EpRet": 2.076742172241211,
    "Metrics/LagrangeMultiplier": 20.41031837463379,
    "Metrics/LagrangeMultiplier/Max": 20.41031837463379,
    "Metrics/LagrangeMultiplier/Min": 20.41031837463379,
    "Metrics/LagrangeMultiplier/Std": 0,
    "Time/Epoch": 130.0527801513672,
    "Time/FPS": 153.78372192382812,
    "Time/Rollout": 65.87802124023438,
    "Time/Total": 12703.9638671875,
    "Time/Update": 64.17472076416016,
    "TotalEnvSteps": 2000000,
    "Train/Entropy": 0.5909112691879272,
    "Train/Epoch": 99,
    "Train/KL": 0.0031061870977282524,
    "Train/LR": 0,
    "Train/PolicyRatio": 1.0006613731384275,
    "Train/PolicyRatio/Max": 1.0006613731384275,
    "Train/PolicyRatio/Min": 1.0006613731384275,
    "Train/PolicyRatio/Std": 0.006149557419121265,
    "Train/PolicyStd": 0.4415002465248108,
    "Train/StopIter": 40,
    "Value/Adv": -0.12180262058973312,
    "Value/cost": 0.9488317370414734,
    "Value/reward": 0.1639706790447235,
    "_runtime": 12705.251312029,
    "_step": 100,
    "_timestamp": 1745035013.615646,
    "_wandb": {
        "runtime": 12705
    }
}