{
    "Loss/Loss_cost_critic": 1.8696361780166624,
    "Loss/Loss_cost_critic/Delta": -0.9154690504074096,
    "Loss/Loss_pi": -0.19652093946933744,
    "Loss/Loss_pi/Delta": -0.05098658800125122,
    "Loss/Loss_reward_critic": 0.048591312021017075,
    "Loss/Loss_reward_critic/Delta": 0.01234210655093193,
    "Metrics/EpCost": 11.59000015258789,
    "Metrics/EpLen": 1000,
    "Metrics/EpRet": 2.6780784130096436,
    "Metrics/LagrangeMultiplier": 2.353686809539795,
    "Metrics/LagrangeMultiplier/Max": 2.353686809539795,
    "Metrics/LagrangeMultiplier/Min": 2.353686809539795,
    "Metrics/LagrangeMultiplier/Std": 0,
    "Misc/AcceptanceStep": 1,
    "Misc/Alpha": 0.915024995803833,
    "Misc/FinalStepNorm": 0.3178016245365143,
    "Misc/H_inv_g": 0.3473146855831146,
    "Misc/gradient_norm": 0.14131857454776764,
    "Misc/xHx": 0.02388712763786316,
    "Safety/EpCostShield": 18.399999618530273,
    "Safety/ShieldLagrangeMultiplier": 2.3222639560699463,
    "Safety/ShieldLagrangeMultiplier/Max": 2.3222639560699463,
    "Safety/ShieldLagrangeMultiplier/Min": 2.3222639560699463,
    "Safety/ShieldLagrangeMultiplier/Std": 0,
    "Safety/shield_adv_c": -0.14126934111118317,
    "Safety/shield_violation": 2.3454842567443848,
    "Time/Epoch": 127.08370971679688,
    "Time/FPS": 157.3765869140625,
    "Time/Rollout": 101.16511535644533,
    "Time/Total": 13356.93359375,
    "Time/Update": 25.91857147216797,
    "TotalEnvSteps": 2000000,
    "Train/Entropy": 1.9372512102127075,
    "Train/Epoch": 99,
    "Train/KL": 0.0002726709353737533,
    "Train/LR": 0,
    "Train/PolicyRatio": 1.0006738901138306,
    "Train/PolicyRatio/Max": 1.00067400932312,
    "Train/PolicyRatio/Min": 1.00067400932312,
    "Train/PolicyRatio/Std": 0.0004765403573401272,
    "Train/PolicyStd": 1.6794418096542358,
    "Train/StopIter": 10,
    "Value/Adv": -3.051757735406113e-09,
    "Value/cost": 0.5710415244102478,
    "Value/reward": 0.5026821494102478,
    "_runtime": 13358.633358661,
    "_step": 100,
    "_timestamp": 1746581297.9168165,
    "_wandb": {
        "runtime": 13358
    }
}