{
    "Loss/Loss_cost_critic": 2.112666606903076,
    "Loss/Loss_cost_critic/Delta": 0.503156304359436,
    "Loss/Loss_pi": -2.369501999055501e-05,
    "Loss/Loss_pi/Delta": 0.03125244534203375,
    "Loss/Loss_reward_critic": 0.1376485675573349,
    "Loss/Loss_reward_critic/Delta": 0.008104026317596436,
    "Metrics/EpCost": 0.3499999940395355,
    "Metrics/EpLen": 500,
    "Metrics/EpRet": 22.766191482543945,
    "Metrics/LagrangeMultiplier": 1.0438021421432495,
    "Metrics/LagrangeMultiplier/Max": 1.0438021421432495,
    "Metrics/LagrangeMultiplier/Min": 1.0438021421432495,
    "Metrics/LagrangeMultiplier/Std": 0,
    "Misc/AcceptanceStep": 1,
    "Misc/Alpha": 2.316143035888672,
    "Misc/FinalStepNorm": 0.12588854134082794,
    "Misc/H_inv_g": 0.05435265973210335,
    "Misc/gradient_norm": 0.24429745972156525,
    "Misc/xHx": 0.0037281904369592662,
    "Safety/EpCostShield": 5.849999904632568,
    "Safety/ShieldLagrangeMultiplier": 1.234798789024353,
    "Safety/ShieldLagrangeMultiplier/Max": 1.234798789024353,
    "Safety/ShieldLagrangeMultiplier/Min": 1.234798789024353,
    "Safety/ShieldLagrangeMultiplier/Std": 0,
    "Safety/shield_adv_c": -0.2518504559993744,
    "Safety/shield_violation": 0.990972936153412,
    "Time/Epoch": 114.16810607910156,
    "Time/FPS": 175.18026733398438,
    "Time/Rollout": 90.7721939086914,
    "Time/Total": 11644.294921875,
    "Time/Update": 23.395891189575195,
    "TotalEnvSteps": 2000000,
    "Train/Entropy": 0.4557747840881348,
    "Train/Epoch": 99,
    "Train/KL": 0.0005271761328913271,
    "Train/LR": 0,
    "Train/PolicyRatio": 1.0019735097885132,
    "Train/PolicyRatio/Max": 1.0019735097885132,
    "Train/PolicyRatio/Min": 1.0019735097885132,
    "Train/PolicyRatio/Std": 0.0013953978195786476,
    "Train/PolicyStd": 0.3968532085418701,
    "Train/StopIter": 10,
    "Value/Adv": 4.00543198608716e-09,
    "Value/cost": 0.12852497398853302,
    "Value/reward": 4.540330410003662,
    "_runtime": 11660.359812801,
    "_step": 100,
    "_timestamp": 1747261926.8533597,
    "_wandb": {
        "runtime": 11660
    }
}