{
    "Loss/Loss_cost_critic": 2.593235969543457,
    "Loss/Loss_cost_critic/Delta": -1.070521116256714,
    "Loss/Loss_pi": -0.4148503839969635,
    "Loss/Loss_pi/Delta": -0.1558784544467926,
    "Loss/Loss_reward_critic": 0.028467200696468353,
    "Loss/Loss_reward_critic/Delta": -0.0030054450035095215,
    "Metrics/EpCost": 17.360000610351562,
    "Metrics/EpLen": 1000,
    "Metrics/EpRet": 3.9279069900512695,
    "Metrics/LagrangeMultiplier": 2.729620933532715,
    "Metrics/LagrangeMultiplier/Max": 2.729620933532715,
    "Metrics/LagrangeMultiplier/Min": 2.729620933532715,
    "Metrics/LagrangeMultiplier/Std": 0,
    "Safety/EpCostShield": 21.149999618530273,
    "Safety/ShieldLagrangeMultiplier": 2.8018429279327393,
    "Safety/ShieldLagrangeMultiplier/Max": 2.8018429279327393,
    "Safety/ShieldLagrangeMultiplier/Min": 2.8018429279327393,
    "Safety/ShieldLagrangeMultiplier/Std": 0,
    "Safety/shield_adv_c": "NaN",
    "Safety/shield_violation": 5.0598273277282715,
    "Time/Epoch": 151.17201232910156,
    "Time/FPS": 132.29962158203125,
    "Time/Rollout": 70.53018951416016,
    "Time/Total": 14295.87890625,
    "Time/Update": 80.64176940917969,
    "TotalEnvSteps": 2000000,
    "Train/Entropy": 0.4568585753440857,
    "Train/Epoch": 99,
    "Train/KL": 0.0029475826304405928,
    "Train/LR": 0,
    "Train/PolicyRatio": 1.0027557611465454,
    "Train/PolicyRatio/Max": 1.0027557611465454,
    "Train/PolicyRatio/Min": 1.0027557611465454,
    "Train/PolicyRatio/Std": 0.006087678484618664,
    "Train/PolicyStd": 0.3826746940612793,
    "Train/StopIter": 40,
    "Value/Adv": -0.06793607771396637,
    "Value/cost": 1.887214422225952,
    "Value/reward": 0.5738213062286377,
    "_runtime": 14297.262028796,
    "_step": 100,
    "_timestamp": 1746541730.5463436,
    "_wandb": {
        "runtime": 14297
    }
}