{
    "Loss/Loss_cost_critic": 0.35649585723876953,
    "Loss/Loss_cost_critic/Delta": 0.23824764043092728,
    "Loss/Loss_pi": -0.007574304938316345,
    "Loss/Loss_pi/Delta": -0.003474337514489889,
    "Loss/Loss_reward_critic": 0.010665862821042538,
    "Loss/Loss_reward_critic/Delta": -0.0018249796703457832,
    "Metrics/EpCost": 3.990000009536743,
    "Metrics/EpLen": 1000,
    "Metrics/EpRet": 0.9443334937095642,
    "Metrics/LagrangeMultiplier": 19.05922508239746,
    "Metrics/LagrangeMultiplier/Max": 19.05922508239746,
    "Metrics/LagrangeMultiplier/Min": 19.05922508239746,
    "Metrics/LagrangeMultiplier/Std": 0,
    "Misc/AcceptanceStep": 1,
    "Misc/Alpha": 1.5239434242248535,
    "Misc/FinalStepNorm": 0.3525712192058563,
    "Misc/H_inv_g": 0.23135453462600708,
    "Misc/gradient_norm": 0.05343003198504448,
    "Misc/xHx": 0.00861175823956728,
    "Time/Epoch": 122.64254760742188,
    "Time/FPS": 163.07554626464844,
    "Time/Rollout": 102.33991241455078,
    "Time/Total": 12218.26171875,
    "Time/Update": 20.302589416503903,
    "TotalEnvSteps": 2000000,
    "Train/Entropy": 1.5490398406982422,
    "Train/Epoch": 99,
    "Train/KL": 0.00020111686899326744,
    "Train/LR": 0,
    "Train/PolicyRatio": 0.9991178512573242,
    "Train/PolicyRatio/Max": 0.9991178512573242,
    "Train/PolicyRatio/Min": 0.9991178512573242,
    "Train/PolicyRatio/Std": 0.0006238014320842922,
    "Train/PolicyStd": 1.1570500135421753,
    "Train/StopIter": 10,
    "Value/Adv": 0,
    "Value/cost": 0.33002758026123047,
    "Value/reward": 0.12240812927484512,
    "_runtime": 12220.070695207,
    "_step": 100,
    "_timestamp": 1745030188.1502233,
    "_wandb": {
        "runtime": 12220
    }
}