{
    "Loss/Loss_cost_critic": 0.849237859249115,
    "Loss/Loss_cost_critic/Delta": 0.254846453666687,
    "Loss/Loss_pi": -0.008262326009571552,
    "Loss/Loss_pi/Delta": 0.0033423304557800293,
    "Loss/Loss_reward_critic": 0.07174863666296005,
    "Loss/Loss_reward_critic/Delta": 0.015665356069803238,
    "Metrics/EpCost": 1.7100000381469729,
    "Metrics/EpLen": 500,
    "Metrics/EpRet": 10.198001861572266,
    "Metrics/LagrangeMultiplier": 7.475622653961182,
    "Metrics/LagrangeMultiplier/Max": 7.475622653961182,
    "Metrics/LagrangeMultiplier/Min": 7.475622653961182,
    "Metrics/LagrangeMultiplier/Std": 0,
    "Misc/AcceptanceStep": 1,
    "Misc/Alpha": 1.5192759037017822,
    "Misc/FinalStepNorm": 0.29950377345085144,
    "Misc/H_inv_g": 0.1971358507871628,
    "Misc/gradient_norm": 0.07835687696933746,
    "Misc/xHx": 0.008664753288030624,
    "Time/Epoch": 120.41975402832033,
    "Time/FPS": 166.08570861816406,
    "Time/Rollout": 111.4323501586914,
    "Time/Total": 11983.2109375,
    "Time/Update": 8.987381935119629,
    "TotalEnvSteps": 2000000,
    "Train/Entropy": 1.104710578918457,
    "Train/Epoch": 99,
    "Train/KL": 0.00031785183819010854,
    "Train/LR": 0,
    "Train/PolicyRatio": 0.9989245533943176,
    "Train/PolicyRatio/Max": 0.9989246129989624,
    "Train/PolicyRatio/Min": 0.9989246129989624,
    "Train/PolicyRatio/Std": 0.0007604415295645595,
    "Train/PolicyStd": 0.7407943606376648,
    "Train/StopIter": 10,
    "Value/Adv": -5.340575981449547e-09,
    "Value/cost": 0.6102192401885986,
    "Value/reward": 2.2273948192596436,
    "_runtime": 11984.483314758,
    "_step": 100,
    "_timestamp": 1745036849.2457523,
    "_wandb": {
        "runtime": 11984
    }
}