{
    "Loss/Loss_cost_critic": 3.1978540420532227,
    "Loss/Loss_cost_critic/Delta": 2.20635062456131,
    "Loss/Loss_pi": -0.1571774184703827,
    "Loss/Loss_pi/Delta": 0.06943149864673615,
    "Loss/Loss_reward_critic": 0.11767754703760148,
    "Loss/Loss_reward_critic/Delta": 0.023004673421382904,
    "Metrics/EpCost": 8.989999771118164,
    "Metrics/EpLen": 500,
    "Metrics/EpRet": 11.58285140991211,
    "Metrics/LagrangeMultiplier": 0.8128269910812378,
    "Metrics/LagrangeMultiplier/Max": 0.8128269910812378,
    "Metrics/LagrangeMultiplier/Min": 0.8128269910812378,
    "Metrics/LagrangeMultiplier/Std": 0,
    "Safety/EpCostShield": 21.674999237060547,
    "Safety/ShieldLagrangeMultiplier": 1.0319987535476685,
    "Safety/ShieldLagrangeMultiplier/Max": 1.0319987535476685,
    "Safety/ShieldLagrangeMultiplier/Min": 1.0319987535476685,
    "Safety/ShieldLagrangeMultiplier/Std": 0,
    "Safety/shield_adv_c": "NaN",
    "Safety/shield_violation": 1.01331889629364,
    "Time/Epoch": 172.11981201171875,
    "Time/FPS": 116.19812774658205,
    "Time/Rollout": 81.2555923461914,
    "Time/Total": 15787.796875,
    "Time/Update": 90.8641586303711,
    "TotalEnvSteps": 2000000,
    "Train/Entropy": 0.7771274447441101,
    "Train/Epoch": 99,
    "Train/KL": 0.002806002739816904,
    "Train/LR": 0,
    "Train/PolicyRatio": 1.0018141269683838,
    "Train/PolicyRatio/Max": 1.0018141269683838,
    "Train/PolicyRatio/Min": 1.0018141269683838,
    "Train/PolicyRatio/Std": 0.006042633671313524,
    "Train/PolicyStd": 0.6653980612754822,
    "Train/StopIter": 40,
    "Value/Adv": -0.07312080264091492,
    "Value/cost": 0.2504124343395233,
    "Value/reward": 2.3263015747070312,
    "_runtime": 15788.671607563,
    "_step": 100,
    "_timestamp": 1746551650.7771883,
    "_wandb": {
        "runtime": 15788
    }
}