{
    "Loss/Loss_cost_critic": 7.47554874420166,
    "Loss/Loss_cost_critic/Delta": -1.405048370361328,
    "Loss/Loss_pi": -0.5055946111679077,
    "Loss/Loss_pi/Delta": -0.4476575665175915,
    "Loss/Loss_reward_critic": 0.05653006583452225,
    "Loss/Loss_reward_critic/Delta": -0.0009155422449111938,
    "Metrics/EpCost": 33.689998626708984,
    "Metrics/EpLen": 1000,
    "Metrics/EpRet": 6.240346908569336,
    "Metrics/LagrangeMultiplier": 3.1760504245758057,
    "Metrics/LagrangeMultiplier/Max": 3.1760504245758057,
    "Metrics/LagrangeMultiplier/Min": 3.1760504245758057,
    "Metrics/LagrangeMultiplier/Std": 0,
    "Safety/EpCostShield": 68.30000305175781,
    "Safety/ShieldLagrangeMultiplier": 3.108164072036743,
    "Safety/ShieldLagrangeMultiplier/Max": 3.108164072036743,
    "Safety/ShieldLagrangeMultiplier/Min": 3.108164072036743,
    "Safety/ShieldLagrangeMultiplier/Std": 0,
    "Safety/shield_adv_c": "NaN",
    "Safety/shield_violation": 9.784028053283691,
    "Time/Epoch": 189.66644287109375,
    "Time/FPS": 105.44828033447266,
    "Time/Rollout": 84.91739654541016,
    "Time/Total": 16398.365234375,
    "Time/Update": 104.74899291992188,
    "TotalEnvSteps": 2000000,
    "Train/Entropy": 0.1422017067670822,
    "Train/Epoch": 99,
    "Train/KL": 0.003887547878548503,
    "Train/LR": 0,
    "Train/PolicyRatio": 1.0006508827209473,
    "Train/PolicyRatio/Max": 1.0006510019302368,
    "Train/PolicyRatio/Min": 1.0006510019302368,
    "Train/PolicyRatio/Std": 0.006902691442519426,
    "Train/PolicyStd": 0.2789939045906067,
    "Train/StopIter": 40,
    "Value/Adv": -0.10576984286308289,
    "Value/cost": 4.237543106079102,
    "Value/reward": 0.8237115144729614,
    "_runtime": 16399.973667026,
    "_step": 100,
    "_timestamp": 1746638149.7460344,
    "_wandb": {
        "runtime": 16399
    }
}