{
    "Loss/Loss_cost_critic": 3.803544759750366,
    "Loss/Loss_cost_critic/Delta": 1.075585126876831,
    "Loss/Loss_pi": 0.037122324109077454,
    "Loss/Loss_pi/Delta": 0.28638263046741486,
    "Loss/Loss_reward_critic": 0.003968049306422472,
    "Loss/Loss_reward_critic/Delta": -0.006713198032230139,
    "Metrics/EpCost": 10.470000267028809,
    "Metrics/EpLen": 1000,
    "Metrics/EpRet": 0.04146723449230194,
    "Metrics/LagrangeMultiplier": 2.9214324951171875,
    "Metrics/LagrangeMultiplier/Max": 2.9214324951171875,
    "Metrics/LagrangeMultiplier/Min": 2.9214324951171875,
    "Metrics/LagrangeMultiplier/Std": 0,
    "Safety/EpCostShield": 62.900001525878906,
    "Safety/ShieldLagrangeMultiplier": 3.008089303970337,
    "Safety/ShieldLagrangeMultiplier/Max": 3.008089303970337,
    "Safety/ShieldLagrangeMultiplier/Min": 3.008089303970337,
    "Safety/ShieldLagrangeMultiplier/Std": 0,
    "Safety/shield_adv_c": "NaN",
    "Safety/shield_violation": 5.117221832275391,
    "Time/Epoch": 192.52996826171875,
    "Time/FPS": 103.8799285888672,
    "Time/Rollout": 92.95834350585938,
    "Time/Total": 18933.7734375,
    "Time/Update": 99.5715560913086,
    "TotalEnvSteps": 2000000,
    "Train/Entropy": 0.41148293018341064,
    "Train/Epoch": 99,
    "Train/KL": 0.003657418070361018,
    "Train/LR": 0,
    "Train/PolicyRatio": 0.9996156096458436,
    "Train/PolicyRatio/Max": 0.9996156096458436,
    "Train/PolicyRatio/Min": 0.9996156096458436,
    "Train/PolicyRatio/Std": 0.006388216745108366,
    "Train/PolicyStd": 0.3652352392673493,
    "Train/StopIter": 40,
    "Value/Adv": -0.027122098952531815,
    "Value/cost": 1.7582876682281494,
    "Value/reward": 0.018328554928302765,
    "_runtime": 18935.04515908,
    "_step": 100,
    "_timestamp": 1746612502.5933683,
    "_wandb": {
        "runtime": 18935
    }
}