{
    "Loss/Loss_cost_critic": 0.7671703696250916,
    "Loss/Loss_cost_critic/Delta": -0.4465139508247375,
    "Loss/Loss_pi": -0.009259515441954136,
    "Loss/Loss_pi/Delta": 0.006448009051382542,
    "Loss/Loss_reward_critic": 0.044394709169864655,
    "Loss/Loss_reward_critic/Delta": -0.016367867588996887,
    "Metrics/EpCost": 22.1299991607666,
    "Metrics/EpLen": 1000,
    "Metrics/EpRet": 5.531771183013916,
    "Metrics/LagrangeMultiplier": 2.833991765975952,
    "Metrics/LagrangeMultiplier/Max": 2.833991765975952,
    "Metrics/LagrangeMultiplier/Min": 2.833991765975952,
    "Metrics/LagrangeMultiplier/Std": 0,
    "Misc/AcceptanceStep": 1,
    "Misc/Alpha": 1.2667269706726074,
    "Misc/FinalStepNorm": 0.3053467273712158,
    "Misc/H_inv_g": 0.24105173349380493,
    "Misc/gradient_norm": 0.20336657762527463,
    "Misc/xHx": 0.012464175932109356,
    "Time/Epoch": 318.64068603515625,
    "Time/FPS": 62.76662063598633,
    "Time/Rollout": 310.5116882324219,
    "Time/Total": 32133.107421875,
    "Time/Update": 8.129005432128906,
    "TotalEnvSteps": 2000000,
    "Train/Entropy": 1.2247003316879272,
    "Train/Epoch": 99,
    "Train/KL": 0.00029590967460535467,
    "Train/LR": 0,
    "Train/PolicyRatio": 0.9998030066490172,
    "Train/PolicyRatio/Max": 0.9998030066490172,
    "Train/PolicyRatio/Min": 0.9998030066490172,
    "Train/PolicyRatio/Std": 0.00013930938439443707,
    "Train/PolicyStd": 0.8483828902244568,
    "Train/StopIter": 10,
    "Value/Adv": -3.051757735406113e-09,
    "Value/cost": 1.4339852333068848,
    "Value/reward": 0.5085771679878235,
    "_runtime": 32136.473172215,
    "_step": 100,
    "_timestamp": 1743338058.0349236,
    "_wandb": {
        "runtime": 32136
    }
}