{
    "Loss/Loss_cost_critic": 4.9121198654174805,
    "Loss/Loss_cost_critic/Delta": -0.32427501678466797,
    "Loss/Loss_pi": -0.5288626551628113,
    "Loss/Loss_pi/Delta": -0.1581610143184662,
    "Loss/Loss_reward_critic": 0.026823202148079872,
    "Loss/Loss_reward_critic/Delta": -0.004954660311341286,
    "Metrics/EpCost": 25.149999618530273,
    "Metrics/EpLen": 1000,
    "Metrics/EpRet": 5.104187488555908,
    "Metrics/LagrangeMultiplier": 2.9859654903411865,
    "Metrics/LagrangeMultiplier/Max": 2.9859654903411865,
    "Metrics/LagrangeMultiplier/Min": 2.9859654903411865,
    "Metrics/LagrangeMultiplier/Std": 0,
    "Safety/EpCostShield": 54.650001525878906,
    "Safety/ShieldLagrangeMultiplier": 3.0386433601379395,
    "Safety/ShieldLagrangeMultiplier/Max": 3.0386433601379395,
    "Safety/ShieldLagrangeMultiplier/Min": 3.0386433601379395,
    "Safety/ShieldLagrangeMultiplier/Std": 0,
    "Safety/shield_adv_c": "NaN",
    "Safety/shield_violation": 8.788277626037598,
    "Time/Epoch": 241.28421020507812,
    "Time/FPS": 82.88980102539062,
    "Time/Rollout": 81.9949722290039,
    "Time/Total": 23949.80078125,
    "Time/Update": 159.28915405273438,
    "TotalEnvSteps": 2000000,
    "Train/Entropy": 0.550256609916687,
    "Train/Epoch": 99,
    "Train/KL": 0.0031306217424571514,
    "Train/LR": 0,
    "Train/PolicyRatio": 1.0017157793045044,
    "Train/PolicyRatio/Max": 1.001715898513794,
    "Train/PolicyRatio/Min": 1.001715898513794,
    "Train/PolicyRatio/Std": 0.005939260125160217,
    "Train/PolicyStd": 0.42717304825782776,
    "Train/StopIter": 40,
    "Value/Adv": -0.09501171112060548,
    "Value/cost": 3.088273525238037,
    "Value/reward": 0.5922214984893799,
    "_runtime": 23951.123121397,
    "_step": 100,
    "_timestamp": 1746617490.422693,
    "_wandb": {
        "runtime": 23951
    }
}