{
    "Loss/Loss_cost_critic": 4.990171432495117,
    "Loss/Loss_cost_critic/Delta": -2.188382625579834,
    "Loss/Loss_pi": -0.2949628531932831,
    "Loss/Loss_pi/Delta": 0.028121262788772583,
    "Loss/Loss_reward_critic": 0.19239354133605957,
    "Loss/Loss_reward_critic/Delta": -0.05070909857749939,
    "Metrics/EpCost": 5.389999866485596,
    "Metrics/EpLen": 500,
    "Metrics/EpRet": 25.119516372680664,
    "Metrics/LagrangeMultiplier": 1.0375652313232422,
    "Metrics/LagrangeMultiplier/Max": 1.0375652313232422,
    "Metrics/LagrangeMultiplier/Min": 1.0375652313232422,
    "Metrics/LagrangeMultiplier/Std": 0,
    "Misc/AcceptanceStep": 1,
    "Misc/Alpha": 2.232351779937744,
    "Misc/FinalStepNorm": 0.28121063113212585,
    "Misc/H_inv_g": 0.12597057223320007,
    "Misc/gradient_norm": 0.08866222202777863,
    "Misc/xHx": 0.004013318568468094,
    "Safety/EpCostShield": 12.074999809265137,
    "Safety/ShieldLagrangeMultiplier": 1.2450107336044312,
    "Safety/ShieldLagrangeMultiplier/Max": 1.2450107336044312,
    "Safety/ShieldLagrangeMultiplier/Min": 1.2450107336044312,
    "Safety/ShieldLagrangeMultiplier/Std": 0,
    "Safety/shield_adv_c": -0.4006391763687134,
    "Safety/shield_violation": 1.9599560499191284,
    "Time/Epoch": 107.23028564453124,
    "Time/FPS": 186.51446533203125,
    "Time/Rollout": 90.15795135498048,
    "Time/Total": 10433.0029296875,
    "Time/Update": 17.072311401367188,
    "TotalEnvSteps": 2000000,
    "Train/Entropy": 2.059122323989868,
    "Train/Epoch": 99,
    "Train/KL": 0.00036856671795248985,
    "Train/LR": 0,
    "Train/PolicyRatio": 1.0006221532821655,
    "Train/PolicyRatio/Max": 1.0006221532821655,
    "Train/PolicyRatio/Min": 1.0006221532821655,
    "Train/PolicyRatio/Std": 0.0004399007011670619,
    "Train/PolicyStd": 1.9968730211257937,
    "Train/StopIter": 10,
    "Value/Adv": 4.959106458812812e-09,
    "Value/cost": 0.9281818270683287,
    "Value/reward": 5.073861598968506,
    "_runtime": 10435.012263775,
    "_step": 100,
    "_timestamp": 1746614465.681744,
    "_wandb": {
        "runtime": 10435
    }
}