{
    "Loss/Loss_cost_critic": 3.954809427261353,
    "Loss/Loss_cost_critic/Delta": -0.3728840351104736,
    "Loss/Loss_pi": -0.07087267935276031,
    "Loss/Loss_pi/Delta": 0.04463130980730057,
    "Loss/Loss_reward_critic": 0.043820880353450775,
    "Loss/Loss_reward_critic/Delta": -0.008213356137275696,
    "Metrics/EpCost": 10.0600004196167,
    "Metrics/EpLen": 1000,
    "Metrics/EpRet": 9.320570945739746,
    "Metrics/LagrangeMultiplier": 2.1678972244262695,
    "Metrics/LagrangeMultiplier/Max": 2.1678972244262695,
    "Metrics/LagrangeMultiplier/Min": 2.1678972244262695,
    "Metrics/LagrangeMultiplier/Std": 0,
    "Misc/AcceptanceStep": 1,
    "Misc/Alpha": 1.3491209745407104,
    "Misc/FinalStepNorm": 0.33244964480400085,
    "Misc/H_inv_g": 0.24641944468021393,
    "Misc/gradient_norm": 0.09999769181013109,
    "Misc/xHx": 0.01098823081701994,
    "Safety/EpCostShield": 28.399999618530273,
    "Safety/ShieldLagrangeMultiplier": 2.2222962379455566,
    "Safety/ShieldLagrangeMultiplier/Max": 2.2222962379455566,
    "Safety/ShieldLagrangeMultiplier/Min": 2.2222962379455566,
    "Safety/ShieldLagrangeMultiplier/Std": 0,
    "Safety/shield_adv_c": -0.7352718114852905,
    "Safety/shield_violation": 1.9631004333496096,
    "Time/Epoch": 107.24361419677734,
    "Time/FPS": 186.4913024902344,
    "Time/Rollout": 83.49134063720703,
    "Time/Total": 11561.6748046875,
    "Time/Update": 23.75225067138672,
    "TotalEnvSteps": 2000000,
    "Train/Entropy": 1.8319827318191528,
    "Train/Epoch": 99,
    "Train/KL": 0.00024628677056171,
    "Train/LR": 0,
    "Train/PolicyRatio": 0.9996240735054016,
    "Train/PolicyRatio/Max": 0.9996241331100464,
    "Train/PolicyRatio/Min": 0.9996241331100464,
    "Train/PolicyRatio/Std": 0.0002658342127688229,
    "Train/PolicyStd": 1.5147415399551392,
    "Train/StopIter": 10,
    "Value/Adv": 3.814697002724188e-09,
    "Value/cost": 1.0023226737976074,
    "Value/reward": 0.7230558395385742,
    "_runtime": 11563.923913233,
    "_step": 100,
    "_timestamp": 1746554557.832198,
    "_wandb": {
        "runtime": 11563
    }
}