{
    "Loss/Loss_cost_critic": 1.7037783861160278,
    "Loss/Loss_cost_critic/Delta": -2.0453749895095825,
    "Loss/Loss_pi": -0.302823007106781,
    "Loss/Loss_pi/Delta": -0.24142002686858177,
    "Loss/Loss_reward_critic": 0.003222474129870534,
    "Loss/Loss_reward_critic/Delta": -0.0004722739104181528,
    "Metrics/EpCost": 5.150000095367432,
    "Metrics/EpLen": 1000,
    "Metrics/EpRet": 0.22437478601932528,
    "Metrics/LagrangeMultiplier": 2.308959484100342,
    "Metrics/LagrangeMultiplier/Max": 2.308959484100342,
    "Metrics/LagrangeMultiplier/Min": 2.308959484100342,
    "Metrics/LagrangeMultiplier/Std": 0,
    "Misc/AcceptanceStep": 1,
    "Misc/Alpha": 2.4068429470062256,
    "Misc/FinalStepNorm": 0.33796852827072144,
    "Misc/H_inv_g": 0.1404198557138443,
    "Misc/gradient_norm": 0.04566268250346184,
    "Misc/xHx": 0.0034524963703006506,
    "Safety/EpCostShield": 6.900000095367432,
    "Safety/ShieldLagrangeMultiplier": 2.317384719848633,
    "Safety/ShieldLagrangeMultiplier/Max": 2.317384719848633,
    "Safety/ShieldLagrangeMultiplier/Min": 2.317384719848633,
    "Safety/ShieldLagrangeMultiplier/Std": 0,
    "Safety/shield_adv_c": -0.08446215838193893,
    "Safety/shield_violation": 1.676431655883789,
    "Time/Epoch": 128.03224182128906,
    "Time/FPS": 156.21066284179688,
    "Time/Rollout": 95.49465942382812,
    "Time/Total": 13077.9140625,
    "Time/Update": 32.53755569458008,
    "TotalEnvSteps": 2000000,
    "Train/Entropy": 2.4804697036743164,
    "Train/Epoch": 99,
    "Train/KL": 0.00023889720614533871,
    "Train/LR": 0,
    "Train/PolicyRatio": 1.0009676218032837,
    "Train/PolicyRatio/Max": 1.0009677410125732,
    "Train/PolicyRatio/Min": 1.0009677410125732,
    "Train/PolicyRatio/Std": 0.0006841838476248085,
    "Train/PolicyStd": 3.0108683109283447,
    "Train/StopIter": 10,
    "Value/Adv": 3.8146971692576415e-10,
    "Value/cost": 0.8141736388206482,
    "Value/reward": 0.018482090905308723,
    "_runtime": 13079.253745032,
    "_step": 100,
    "_timestamp": 1746911891.615754,
    "_wandb": {
        "runtime": 13079
    }
}