{
    "Loss/Loss_cost_critic": 1.5697776079177856,
    "Loss/Loss_cost_critic/Delta": -0.4372628927230835,
    "Loss/Loss_pi": -0.19893760979175568,
    "Loss/Loss_pi/Delta": -0.13356518000364304,
    "Loss/Loss_reward_critic": 0.004094698000699282,
    "Loss/Loss_reward_critic/Delta": 0.00030694715678691864,
    "Metrics/EpCost": 4.309999942779541,
    "Metrics/EpLen": 1000,
    "Metrics/EpRet": 0.20049631595611572,
    "Metrics/LagrangeMultiplier": 2.515347719192505,
    "Metrics/LagrangeMultiplier/Max": 2.515347719192505,
    "Metrics/LagrangeMultiplier/Min": 2.515347719192505,
    "Metrics/LagrangeMultiplier/Std": 0,
    "Misc/AcceptanceStep": 1,
    "Misc/Alpha": 1.431430459022522,
    "Misc/FinalStepNorm": 0.34033799171447754,
    "Misc/H_inv_g": 0.2377607524394989,
    "Misc/gradient_norm": 0.0788586437702179,
    "Misc/xHx": 0.009760881774127483,
    "Safety/EpCostShield": 3.450000047683716,
    "Safety/ShieldLagrangeMultiplier": 2.2896921634674072,
    "Safety/ShieldLagrangeMultiplier/Max": 2.2896921634674072,
    "Safety/ShieldLagrangeMultiplier/Min": 2.2896921634674072,
    "Safety/ShieldLagrangeMultiplier/Std": 0,
    "Safety/shield_adv_c": -0.1379886269569397,
    "Safety/shield_violation": 1.802234172821045,
    "Time/Epoch": 159.65159606933594,
    "Time/FPS": 125.27278900146484,
    "Time/Rollout": 130.6026611328125,
    "Time/Total": 15041.7373046875,
    "Time/Update": 29.04890251159668,
    "TotalEnvSteps": 2000000,
    "Train/Entropy": 1.5136536359786987,
    "Train/Epoch": 99,
    "Train/KL": 0.00023202531156130135,
    "Train/LR": 0,
    "Train/PolicyRatio": 1.001753330230713,
    "Train/PolicyRatio/Max": 1.001753330230713,
    "Train/PolicyRatio/Min": 1.001753330230713,
    "Train/PolicyRatio/Std": 0.0012397917453199625,
    "Train/PolicyStd": 1.100084900856018,
    "Train/StopIter": 10,
    "Value/Adv": 0,
    "Value/cost": 0.756079912185669,
    "Value/reward": 0.005349759943783283,
    "_runtime": 15043.819174197,
    "_step": 100,
    "_timestamp": 1746619988.7786074,
    "_wandb": {
        "runtime": 15043
    }
}