{
    "Loss/Loss_cost_critic": 4.486294746398926,
    "Loss/Loss_cost_critic/Delta": -0.23037004470825195,
    "Loss/Loss_pi": -0.2351195365190506,
    "Loss/Loss_pi/Delta": -0.011454775929450989,
    "Loss/Loss_reward_critic": 0.10733716189861298,
    "Loss/Loss_reward_critic/Delta": 0.015039056539535522,
    "Metrics/EpCost": 3.609999895095825,
    "Metrics/EpLen": 500,
    "Metrics/EpRet": 11.380297660827637,
    "Metrics/LagrangeMultiplier": 0.9067702889442444,
    "Metrics/LagrangeMultiplier/Max": 0.9067702889442444,
    "Metrics/LagrangeMultiplier/Min": 0.9067702889442444,
    "Metrics/LagrangeMultiplier/Std": 0,
    "Misc/AcceptanceStep": 1,
    "Misc/Alpha": 1.4063224792480469,
    "Misc/FinalStepNorm": 0.2822328805923462,
    "Misc/H_inv_g": 0.2006885856389999,
    "Misc/gradient_norm": 0.14764253795146942,
    "Misc/xHx": 0.010112527757883072,
    "Safety/EpCostShield": 12.399999618530272,
    "Safety/ShieldLagrangeMultiplier": 1.2416279315948486,
    "Safety/ShieldLagrangeMultiplier/Max": 1.2416279315948486,
    "Safety/ShieldLagrangeMultiplier/Min": 1.2416279315948486,
    "Safety/ShieldLagrangeMultiplier/Std": 0,
    "Safety/shield_adv_c": -0.07779788225889206,
    "Safety/shield_violation": 0.9306146502494812,
    "Time/Epoch": 122.5108642578125,
    "Time/FPS": 163.25082397460938,
    "Time/Rollout": 99.12025451660156,
    "Time/Total": 12433.375,
    "Time/Update": 23.39058303833008,
    "TotalEnvSteps": 2000000,
    "Train/Entropy": 1.8803006410598757,
    "Train/Epoch": 99,
    "Train/KL": 0.00033907979377545416,
    "Train/LR": 0,
    "Train/PolicyRatio": 1.0017681121826172,
    "Train/PolicyRatio/Max": 1.0017681121826172,
    "Train/PolicyRatio/Min": 1.0017681121826172,
    "Train/PolicyRatio/Std": 0.0012503003235906365,
    "Train/PolicyStd": 1.856584548950195,
    "Train/StopIter": 10,
    "Value/Adv": -1.5258788677030564e-09,
    "Value/cost": 0.2070302218198776,
    "Value/reward": 2.1654586791992188,
    "_runtime": 12435.648255519,
    "_step": 100,
    "_timestamp": 1746545657.0125082,
    "_wandb": {
        "runtime": 12435
    }
}