{
    "Loss/Loss_cost_critic": 4.667182445526123,
    "Loss/Loss_cost_critic/Delta": -1.575439453125,
    "Loss/Loss_pi": -0.6843915581703186,
    "Loss/Loss_pi/Delta": -0.28397318720817566,
    "Loss/Loss_reward_critic": 0.032315414398908615,
    "Loss/Loss_reward_critic/Delta": -0.004949543625116348,
    "Metrics/EpCost": 32.70000076293945,
    "Metrics/EpLen": 1000,
    "Metrics/EpRet": 5.563014030456543,
    "Metrics/LagrangeMultiplier": 3.3653788566589355,
    "Metrics/LagrangeMultiplier/Max": 3.3653788566589355,
    "Metrics/LagrangeMultiplier/Min": 3.3653788566589355,
    "Metrics/LagrangeMultiplier/Std": 0,
    "Safety/EpCostShield": 22.5,
    "Safety/ShieldLagrangeMultiplier": 3.1376330852508545,
    "Safety/ShieldLagrangeMultiplier/Max": 3.1376330852508545,
    "Safety/ShieldLagrangeMultiplier/Min": 3.1376330852508545,
    "Safety/ShieldLagrangeMultiplier/Std": 0,
    "Safety/shield_adv_c": "NaN",
    "Safety/shield_violation": 7.839276790618896,
    "Time/Epoch": 222.70297241210935,
    "Time/FPS": 89.80571746826172,
    "Time/Rollout": 95.478759765625,
    "Time/Total": 21029.435546875,
    "Time/Update": 127.22415161132812,
    "TotalEnvSteps": 2000000,
    "Train/Entropy": 0.28363683819770813,
    "Train/Epoch": 99,
    "Train/KL": 0.0034079833421856165,
    "Train/LR": 0,
    "Train/PolicyRatio": 1.0033398866653442,
    "Train/PolicyRatio/Max": 1.0033398866653442,
    "Train/PolicyRatio/Min": 1.0033398866653442,
    "Train/PolicyRatio/Std": 0.0065066576935350895,
    "Train/PolicyStd": 0.34596842527389526,
    "Train/StopIter": 40,
    "Value/Adv": 0.1657206565141678,
    "Value/cost": 2.6172239780426025,
    "Value/reward": 0.570503830909729,
    "_runtime": 21030.861162064,
    "_step": 100,
    "_timestamp": 1746627037.6071415,
    "_wandb": {
        "runtime": 21030
    }
}