{
    "Loss/Loss_cost_critic": 3.297762632369995,
    "Loss/Loss_cost_critic/Delta": -0.4384088516235352,
    "Loss/Loss_pi": -0.14331258833408356,
    "Loss/Loss_pi/Delta": -0.053940050303936005,
    "Loss/Loss_reward_critic": 0.11591757833957672,
    "Loss/Loss_reward_critic/Delta": 0.026360511779785156,
    "Metrics/EpCost": 2.700000047683716,
    "Metrics/EpLen": 500,
    "Metrics/EpRet": 12.341955184936523,
    "Metrics/LagrangeMultiplier": 0.9266239404678344,
    "Metrics/LagrangeMultiplier/Max": 0.9266239404678344,
    "Metrics/LagrangeMultiplier/Min": 0.9266239404678344,
    "Metrics/LagrangeMultiplier/Std": 0,
    "Safety/EpCostShield": 8.975000381469727,
    "Safety/ShieldLagrangeMultiplier": 1.1178648471832275,
    "Safety/ShieldLagrangeMultiplier/Max": 1.1178648471832275,
    "Safety/ShieldLagrangeMultiplier/Min": 1.1178648471832275,
    "Safety/ShieldLagrangeMultiplier/Std": 0,
    "Safety/shield_adv_c": "NaN",
    "Safety/shield_violation": 1.262803554534912,
    "Time/Epoch": 223.53709411621097,
    "Time/FPS": 89.47061157226562,
    "Time/Rollout": 95.9934310913086,
    "Time/Total": 21904.736328125,
    "Time/Update": 127.54362487792967,
    "TotalEnvSteps": 2000000,
    "Train/Entropy": 0.46418899297714233,
    "Train/Epoch": 99,
    "Train/KL": 0.0034217543434351683,
    "Train/LR": 0,
    "Train/PolicyRatio": 1.0018233060836792,
    "Train/PolicyRatio/Max": 1.0018233060836792,
    "Train/PolicyRatio/Min": 1.0018233060836792,
    "Train/PolicyRatio/Std": 0.006517091765999794,
    "Train/PolicyStd": 0.38790228962898254,
    "Train/StopIter": 40,
    "Value/Adv": -0.2328432500362396,
    "Value/cost": -0.0016355335246771574,
    "Value/reward": 2.4916300773620605,
    "_runtime": 21906.329948045,
    "_step": 100,
    "_timestamp": 1746596321.2107708,
    "_wandb": {
        "runtime": 21906
    }
}