{
    "Loss/Loss_cost_critic": 0.030079079791903496,
    "Loss/Loss_cost_critic/Delta": -0.036938780918717384,
    "Loss/Loss_pi": -0.0014460053062066436,
    "Loss/Loss_pi/Delta": 0.0015152596170082688,
    "Loss/Loss_reward_critic": 0.006489790044724941,
    "Loss/Loss_reward_critic/Delta": -0.000925656408071518,
    "Metrics/EpCost": 2.119999885559082,
    "Metrics/EpLen": 1000,
    "Metrics/EpRet": -0.9771816730499268,
    "Metrics/LagrangeMultiplier": 112.03668212890624,
    "Metrics/LagrangeMultiplier/Max": 112.03668212890624,
    "Metrics/LagrangeMultiplier/Min": 112.03668212890624,
    "Metrics/LagrangeMultiplier/Std": 0,
    "Misc/AcceptanceStep": 1,
    "Misc/Alpha": 9.882769584655762,
    "Misc/FinalStepNorm": 0.308075487613678,
    "Misc/H_inv_g": 0.031172992661595345,
    "Misc/gradient_norm": 0.01763526163995266,
    "Misc/xHx": 0.0002047629823209718,
    "Time/Epoch": 102.26642608642578,
    "Time/FPS": 195.5676116943359,
    "Time/Rollout": 87.61804962158203,
    "Time/Total": 10231.6728515625,
    "Time/Update": 14.648327827453612,
    "TotalEnvSteps": 2000000,
    "Train/Entropy": 1.3732837438583374,
    "Train/Epoch": 99,
    "Train/KL": 0.0003026508493348956,
    "Train/LR": 0,
    "Train/PolicyRatio": 1.0003843307495115,
    "Train/PolicyRatio/Max": 1.0003843307495115,
    "Train/PolicyRatio/Min": 1.0003843307495115,
    "Train/PolicyRatio/Std": 0.00027181909536011517,
    "Train/PolicyStd": 0.9654398560523988,
    "Train/StopIter": 10,
    "Value/Adv": -3.814697002724188e-09,
    "Value/cost": 0.20737026631832123,
    "Value/reward": -0.1656816601753235,
    "_runtime": 10233.205861802,
    "_step": 100,
    "_timestamp": 1745014683.662272,
    "_wandb": {
        "runtime": 10233
    }
}