{
    "Loss/Loss_cost_critic": 0.2176718711853027,
    "Loss/Loss_cost_critic/Delta": -0.3450286388397217,
    "Loss/Loss_pi": -0.008101308718323708,
    "Loss/Loss_pi/Delta": 0.004783899523317814,
    "Loss/Loss_reward_critic": 0.011148390360176563,
    "Loss/Loss_reward_critic/Delta": -0.003742540255188942,
    "Metrics/EpCost": 3.880000114440918,
    "Metrics/EpLen": 1000,
    "Metrics/EpRet": 0.6651976108551025,
    "Metrics/LagrangeMultiplier": 18.110736846923828,
    "Metrics/LagrangeMultiplier/Max": 18.110736846923828,
    "Metrics/LagrangeMultiplier/Min": 18.110736846923828,
    "Metrics/LagrangeMultiplier/Std": 0,
    "Misc/AcceptanceStep": 1,
    "Misc/Alpha": 1.7644767761230469,
    "Misc/FinalStepNorm": 0.3193613886833191,
    "Misc/H_inv_g": 0.1809949427843094,
    "Misc/gradient_norm": 0.08700164407491684,
    "Misc/xHx": 0.006423880346119404,
    "Time/Epoch": 111.36297607421876,
    "Time/FPS": 179.59291076660156,
    "Time/Rollout": 97.2753448486328,
    "Time/Total": 11150.8564453125,
    "Time/Update": 14.087604522705078,
    "TotalEnvSteps": 2000000,
    "Train/Entropy": 1.459720253944397,
    "Train/Epoch": 99,
    "Train/KL": 0.00030059987329877913,
    "Train/LR": 0,
    "Train/PolicyRatio": 1.0002416372299194,
    "Train/PolicyRatio/Max": 1.0002416372299194,
    "Train/PolicyRatio/Min": 1.0002416372299194,
    "Train/PolicyRatio/Std": 0.0001708914351183921,
    "Train/PolicyStd": 1.0417548418045044,
    "Train/StopIter": 10,
    "Value/Adv": 9.155272984173736e-09,
    "Value/cost": 0.22743374109268188,
    "Value/reward": 0.06217356398701668,
    "_runtime": 11152.578704371,
    "_step": 100,
    "_timestamp": 1745027475.900035,
    "_wandb": {
        "runtime": 11152
    }
}