{
    "Loss/Loss_cost_critic": 1.8443353176116943,
    "Loss/Loss_cost_critic/Delta": -0.9374785423278807,
    "Loss/Loss_pi": -0.5175386071205139,
    "Loss/Loss_pi/Delta": 0.05319547653198242,
    "Loss/Loss_reward_critic": 0.002704748418182134,
    "Loss/Loss_reward_critic/Delta": -0.00020393496379256248,
    "Metrics/EpCost": 6.480000019073486,
    "Metrics/EpLen": 1000,
    "Metrics/EpRet": 0.6386860609054565,
    "Metrics/LagrangeMultiplier": 3.5108931064605713,
    "Metrics/LagrangeMultiplier/Max": 3.5108931064605713,
    "Metrics/LagrangeMultiplier/Min": 3.5108931064605713,
    "Metrics/LagrangeMultiplier/Std": 0,
    "Safety/EpCostShield": 7,
    "Safety/ShieldLagrangeMultiplier": 3.32271146774292,
    "Safety/ShieldLagrangeMultiplier/Max": 3.32271146774292,
    "Safety/ShieldLagrangeMultiplier/Min": 3.32271146774292,
    "Safety/ShieldLagrangeMultiplier/Std": 0,
    "Safety/shield_adv_c": "NaN",
    "Safety/shield_violation": 4.580794334411621,
    "Time/Epoch": 244.29737854003903,
    "Time/FPS": 81.86743927001953,
    "Time/Rollout": 90.8989028930664,
    "Time/Total": 24918.470703125,
    "Time/Update": 153.3983612060547,
    "TotalEnvSteps": 2000000,
    "Train/Entropy": 0.6144406795501709,
    "Train/Epoch": 99,
    "Train/KL": 0.0018113013356924057,
    "Train/LR": 0,
    "Train/PolicyRatio": 1.0016471147537231,
    "Train/PolicyRatio/Max": 1.0016471147537231,
    "Train/PolicyRatio/Min": 1.0016471147537231,
    "Train/PolicyRatio/Std": 0.005014977417886257,
    "Train/PolicyStd": 0.4534326493740082,
    "Train/StopIter": 40,
    "Value/Adv": 0.06153777241706848,
    "Value/cost": 1.863325834274292,
    "Value/reward": 0.06911683082580566,
    "_runtime": 24919.647628461,
    "_step": 100,
    "_timestamp": 1746923732.5021222,
    "_wandb": {
        "runtime": 24919
    }
}