{
    "Loss/Loss_cost_critic": 1.561555027961731,
    "Loss/Loss_cost_critic/Delta": -0.09866595268249512,
    "Loss/Loss_pi": 0.14751964807510376,
    "Loss/Loss_pi/Delta": 0.0865817628800869,
    "Loss/Loss_reward_critic": 0.0085649024695158,
    "Loss/Loss_reward_critic/Delta": 0.0041919732466340065,
    "Metrics/EpCost": 6,
    "Metrics/EpLen": 1000,
    "Metrics/EpRet": 0.06842101365327835,
    "Metrics/LagrangeMultiplier": 2.362884998321533,
    "Metrics/LagrangeMultiplier/Max": 2.362884998321533,
    "Metrics/LagrangeMultiplier/Min": 2.362884998321533,
    "Metrics/LagrangeMultiplier/Std": 0,
    "Misc/AcceptanceStep": 1,
    "Misc/Alpha": 0.907043159008026,
    "Misc/FinalStepNorm": 0.31595513224601746,
    "Misc/H_inv_g": 0.34833529591560364,
    "Misc/gradient_norm": 0.10991964489221571,
    "Misc/xHx": 0.02430937997996807,
    "Safety/EpCostShield": 58.54999923706055,
    "Safety/ShieldLagrangeMultiplier": 2.3766028881073,
    "Safety/ShieldLagrangeMultiplier/Max": 2.3766028881073,
    "Safety/ShieldLagrangeMultiplier/Min": 2.3766028881073,
    "Safety/ShieldLagrangeMultiplier/Std": 0,
    "Safety/shield_adv_c": 0.32154563069343567,
    "Safety/shield_violation": 1.155187487602234,
    "Time/Epoch": 105.54328918457033,
    "Time/FPS": 189.49571228027344,
    "Time/Rollout": 86.97750091552734,
    "Time/Total": 10344.7265625,
    "Time/Update": 18.56576919555664,
    "TotalEnvSteps": 2000000,
    "Train/Entropy": 2.142779588699341,
    "Train/Epoch": 99,
    "Train/KL": 0.0002894934150390327,
    "Train/LR": 0,
    "Train/PolicyRatio": 0.999347448348999,
    "Train/PolicyRatio/Max": 0.999347448348999,
    "Train/PolicyRatio/Min": 0.999347448348999,
    "Train/PolicyRatio/Std": 0.00046142368228174746,
    "Train/PolicyStd": 2.0801188945770264,
    "Train/StopIter": 10,
    "Value/Adv": -1.5258788677030564e-09,
    "Value/cost": 0.2272428721189499,
    "Value/reward": 0.028109226375818253,
    "_runtime": 10346.135618669,
    "_step": 100,
    "_timestamp": 1746525049.160359,
    "_wandb": {
        "runtime": 10346
    }
}