{
    "Loss/Loss_cost_critic": 4.571356773376465,
    "Loss/Loss_cost_critic/Delta": 0.9790318012237548,
    "Loss/Loss_pi": -0.24517543613910675,
    "Loss/Loss_pi/Delta": -0.1695260927081108,
    "Loss/Loss_reward_critic": 0.052253659814596176,
    "Loss/Loss_reward_critic/Delta": 0.0060812607407569885,
    "Metrics/EpCost": 7.150000095367432,
    "Metrics/EpLen": 1000,
    "Metrics/EpRet": 3.604526996612549,
    "Metrics/LagrangeMultiplier": 2.5219290256500244,
    "Metrics/LagrangeMultiplier/Max": 2.5219290256500244,
    "Metrics/LagrangeMultiplier/Min": 2.5219290256500244,
    "Metrics/LagrangeMultiplier/Std": 0,
    "Misc/AcceptanceStep": 1,
    "Misc/Alpha": 0.9182935357093812,
    "Misc/FinalStepNorm": 0.33147352933883667,
    "Misc/H_inv_g": 0.3609668612480163,
    "Misc/gradient_norm": 0.11342407017946245,
    "Misc/xHx": 0.023717382922768593,
    "Safety/EpCostShield": 37.900001525878906,
    "Safety/ShieldLagrangeMultiplier": 2.564546585083008,
    "Safety/ShieldLagrangeMultiplier/Max": 2.564546585083008,
    "Safety/ShieldLagrangeMultiplier/Min": 2.564546585083008,
    "Safety/ShieldLagrangeMultiplier/Std": 0,
    "Safety/shield_adv_c": -0.45506319403648376,
    "Safety/shield_violation": 3.5201644897460938,
    "Time/Epoch": 127.3009033203125,
    "Time/FPS": 157.1080780029297,
    "Time/Rollout": 104.20088958740234,
    "Time/Total": 13006.52734375,
    "Time/Update": 23.09998893737793,
    "TotalEnvSteps": 2000000,
    "Train/Entropy": 1.949022650718689,
    "Train/Epoch": 99,
    "Train/KL": 0.000251361692789942,
    "Train/LR": 0,
    "Train/PolicyRatio": 1.001907467842102,
    "Train/PolicyRatio/Max": 1.0019075870513916,
    "Train/PolicyRatio/Min": 1.0019075870513916,
    "Train/PolicyRatio/Std": 0.0013488115509971976,
    "Train/PolicyStd": 1.7171621322631836,
    "Train/StopIter": 10,
    "Value/Adv": 5.340575981449547e-09,
    "Value/cost": 0.9972780346870422,
    "Value/reward": 0.4856172800064087,
    "_runtime": 13007.883773324,
    "_step": 100,
    "_timestamp": 1746537126.2307272,
    "_wandb": {
        "runtime": 13007
    }
}