{
    "Loss/Loss_cost_critic": 0.6741881966590881,
    "Loss/Loss_cost_critic/Delta": -1.4288806319236755,
    "Loss/Loss_pi": -0.15021711587905884,
    "Loss/Loss_pi/Delta": -0.25324421375989914,
    "Loss/Loss_reward_critic": 0.0060028028674423695,
    "Loss/Loss_reward_critic/Delta": -0.001484930980950594,
    "Metrics/EpCost": 1.0800000429153442,
    "Metrics/EpLen": 1000,
    "Metrics/EpRet": 0.3474329113960266,
    "Metrics/LagrangeMultiplier": 2.0807392597198486,
    "Metrics/LagrangeMultiplier/Max": 2.0807392597198486,
    "Metrics/LagrangeMultiplier/Min": 2.0807392597198486,
    "Metrics/LagrangeMultiplier/Std": 0,
    "Misc/AcceptanceStep": 1,
    "Misc/Alpha": 1.9900258779525757,
    "Misc/FinalStepNorm": 0.30667784810066223,
    "Misc/H_inv_g": 0.154107466340065,
    "Misc/gradient_norm": 0.0995616540312767,
    "Misc/xHx": 0.005050236359238625,
    "Safety/EpCostShield": 2.700000047683716,
    "Safety/ShieldLagrangeMultiplier": 2.502244472503662,
    "Safety/ShieldLagrangeMultiplier/Max": 2.502244472503662,
    "Safety/ShieldLagrangeMultiplier/Min": 2.502244472503662,
    "Safety/ShieldLagrangeMultiplier/Std": 0,
    "Safety/shield_adv_c": 0.032664988189935684,
    "Safety/shield_violation": 1.269333004951477,
    "Time/Epoch": 112.2958526611328,
    "Time/FPS": 178.10096740722656,
    "Time/Rollout": 89.38818359375,
    "Time/Total": 11830.7578125,
    "Time/Update": 22.907642364501953,
    "TotalEnvSteps": 2000000,
    "Train/Entropy": 1.708879828453064,
    "Train/Epoch": 99,
    "Train/KL": 0.0002783514792099595,
    "Train/LR": 0,
    "Train/PolicyRatio": 1.0006712675094604,
    "Train/PolicyRatio/Max": 1.0006712675094604,
    "Train/PolicyRatio/Min": 1.0006712675094604,
    "Train/PolicyRatio/Std": 0.00047462969087064266,
    "Train/PolicyStd": 1.346307635307312,
    "Train/StopIter": 10,
    "Value/Adv": -9.918212917625624e-09,
    "Value/cost": 0.18138056993484497,
    "Value/reward": 0.05363786593079567,
    "_runtime": 11832.951843082,
    "_step": 100,
    "_timestamp": 1746550792.5152943,
    "_wandb": {
        "runtime": 11832
    }
}