{
    "Loss/Loss_cost_critic": 5.972086429595947,
    "Loss/Loss_cost_critic/Delta": 4.079827189445496,
    "Loss/Loss_pi": 0.0734919011592865,
    "Loss/Loss_pi/Delta": 0.07950073992833495,
    "Loss/Loss_reward_critic": 0.16159066557884216,
    "Loss/Loss_reward_critic/Delta": 0.02478435635566711,
    "Metrics/EpCost": 2.0899999141693115,
    "Metrics/EpLen": 500,
    "Metrics/EpRet": 23.3052921295166,
    "Metrics/LagrangeMultiplier": 1.03575599193573,
    "Metrics/LagrangeMultiplier/Max": 1.03575599193573,
    "Metrics/LagrangeMultiplier/Min": 1.03575599193573,
    "Metrics/LagrangeMultiplier/Std": 0,
    "Misc/AcceptanceStep": 1,
    "Misc/Alpha": 1.760371208190918,
    "Misc/FinalStepNorm": 0.1107403114438057,
    "Misc/H_inv_g": 0.06290736794471741,
    "Misc/gradient_norm": 0.4408840835094452,
    "Misc/xHx": 0.006453878246247768,
    "Safety/EpCostShield": 12.274999618530272,
    "Safety/ShieldLagrangeMultiplier": 1.26249897480011,
    "Safety/ShieldLagrangeMultiplier/Max": 1.26249897480011,
    "Safety/ShieldLagrangeMultiplier/Min": 1.26249897480011,
    "Safety/ShieldLagrangeMultiplier/Std": 0,
    "Safety/shield_adv_c": 0.042954638600349426,
    "Safety/shield_violation": 1.3148205280303955,
    "Time/Epoch": 113.78533935546876,
    "Time/FPS": 175.7695770263672,
    "Time/Rollout": 90.69709777832033,
    "Time/Total": 11482.5009765625,
    "Time/Update": 23.088220596313477,
    "TotalEnvSteps": 2000000,
    "Train/Entropy": 0.5133283734321594,
    "Train/Epoch": 99,
    "Train/KL": 0.0005385878030210733,
    "Train/LR": 0,
    "Train/PolicyRatio": 0.9981912970542908,
    "Train/PolicyRatio/Max": 0.9981912970542908,
    "Train/PolicyRatio/Min": 0.9981912970542908,
    "Train/PolicyRatio/Std": 0.001278960146009922,
    "Train/PolicyStd": 0.4398280084133148,
    "Train/StopIter": 10,
    "Value/Adv": 3.814697002724188e-09,
    "Value/cost": 0.11723752319812776,
    "Value/reward": 4.578765392303467,
    "_runtime": 11483.950480292,
    "_step": 100,
    "_timestamp": 1746628230.055485,
    "_wandb": {
        "runtime": 11483
    }
}