{
    "Loss/Loss_cost_critic": 1.5199145078659058,
    "Loss/Loss_cost_critic/Delta": -0.14538860321044922,
    "Loss/Loss_pi": -0.018581004813313484,
    "Loss/Loss_pi/Delta": 0.00012671016156673431,
    "Loss/Loss_reward_critic": 0.08355102688074112,
    "Loss/Loss_reward_critic/Delta": 0.0032114312052726746,
    "Metrics/EpCost": 19.719999313354492,
    "Metrics/EpLen": 1000,
    "Metrics/EpRet": 20.998889923095703,
    "Metrics/LagrangeMultiplier": 2.95106840133667,
    "Metrics/LagrangeMultiplier/Max": 2.95106840133667,
    "Metrics/LagrangeMultiplier/Min": 2.95106840133667,
    "Metrics/LagrangeMultiplier/Std": 0,
    "Misc/AcceptanceStep": 1,
    "Misc/Alpha": 0.6815263032913208,
    "Misc/FinalStepNorm": 0.21687476336956024,
    "Misc/H_inv_g": 0.31821924448013306,
    "Misc/gradient_norm": 0.5037957429885864,
    "Misc/xHx": 0.04305906593799591,
    "Time/Epoch": 80.70977783203125,
    "Time/FPS": 247.8014678955078,
    "Time/Rollout": 72.2576904296875,
    "Time/Total": 8116.41162109375,
    "Time/Update": 8.452048301696777,
    "TotalEnvSteps": 2000000,
    "Train/Entropy": 0.8264667391777039,
    "Train/Epoch": 99,
    "Train/KL": 0.00041832157876342535,
    "Train/LR": 0,
    "Train/PolicyRatio": 1.000769019126892,
    "Train/PolicyRatio/Max": 1.000769019126892,
    "Train/PolicyRatio/Min": 1.000769019126892,
    "Train/PolicyRatio/Std": 0.0005436943611130118,
    "Train/PolicyStd": 0.5530011057853699,
    "Train/StopIter": 10,
    "Value/Adv": -8.773803905626211e-09,
    "Value/cost": 2.3691389560699463,
    "Value/reward": 2.4798030853271484,
    "_runtime": 8118.499537606,
    "_step": 100,
    "_timestamp": 1746906705.3339095,
    "_wandb": {
        "runtime": 8118
    }
}