{
    "Loss/Loss_cost_critic": 1.6633225679397583,
    "Loss/Loss_cost_critic/Delta": 0.06146740913391113,
    "Loss/Loss_pi": -0.1293821483850479,
    "Loss/Loss_pi/Delta": -0.14645926468074322,
    "Loss/Loss_reward_critic": 0.007300941739231348,
    "Loss/Loss_reward_critic/Delta": -0.0011508031748235226,
    "Metrics/EpCost": 2.0799999237060547,
    "Metrics/EpLen": 1000,
    "Metrics/EpRet": 0.35990241169929504,
    "Metrics/LagrangeMultiplier": 2.7015998363494873,
    "Metrics/LagrangeMultiplier/Max": 2.7015998363494873,
    "Metrics/LagrangeMultiplier/Min": 2.7015998363494873,
    "Metrics/LagrangeMultiplier/Std": 0,
    "Misc/AcceptanceStep": 1,
    "Misc/Alpha": 1.1446281671524048,
    "Misc/FinalStepNorm": 0.32941848039627075,
    "Misc/H_inv_g": 0.28779521584510803,
    "Misc/gradient_norm": 0.15758076310157776,
    "Misc/xHx": 0.015265142545104029,
    "Safety/EpCostShield": 9.399999618530272,
    "Safety/ShieldLagrangeMultiplier": 2.569286346435547,
    "Safety/ShieldLagrangeMultiplier/Max": 2.569286346435547,
    "Safety/ShieldLagrangeMultiplier/Min": 2.569286346435547,
    "Safety/ShieldLagrangeMultiplier/Std": 0,
    "Safety/shield_adv_c": 0.02920883148908615,
    "Safety/shield_violation": 1.6240426301956177,
    "Time/Epoch": 94.13928985595705,
    "Time/FPS": 212.45115661621097,
    "Time/Rollout": 75.89237213134766,
    "Time/Total": 9492.544921875,
    "Time/Update": 18.24690055847168,
    "TotalEnvSteps": 2000000,
    "Train/Entropy": 1.5019162893295288,
    "Train/Epoch": 99,
    "Train/KL": 0.00024950108490884304,
    "Train/LR": 0,
    "Train/PolicyRatio": 1.0014663934707642,
    "Train/PolicyRatio/Max": 1.0014665126800537,
    "Train/PolicyRatio/Min": 1.0014665126800537,
    "Train/PolicyRatio/Std": 0.0010368686635047195,
    "Train/PolicyStd": 1.087899684906006,
    "Train/StopIter": 10,
    "Value/Adv": -2.2888182460434332e-09,
    "Value/cost": 0.19690963625907895,
    "Value/reward": 0.057668913155794144,
    "_runtime": 9498.775489839,
    "_step": 100,
    "_timestamp": 1746603010.4281728,
    "_wandb": {
        "runtime": 9498
    }
}