{
    "Loss/Loss_cost_critic": 5.159284591674805,
    "Loss/Loss_cost_critic/Delta": 1.430896282196045,
    "Loss/Loss_pi": 0.16740047931671145,
    "Loss/Loss_pi/Delta": 0.009604871273040771,
    "Loss/Loss_reward_critic": 0.11014387011528017,
    "Loss/Loss_reward_critic/Delta": 0.026170440018177032,
    "Metrics/EpCost": 1.5700000524520874,
    "Metrics/EpLen": 500,
    "Metrics/EpRet": 12.772940635681152,
    "Metrics/LagrangeMultiplier": 0.8990315794944763,
    "Metrics/LagrangeMultiplier/Max": 0.8990315794944763,
    "Metrics/LagrangeMultiplier/Min": 0.8990315794944763,
    "Metrics/LagrangeMultiplier/Std": 0,
    "Misc/AcceptanceStep": 1,
    "Misc/Alpha": 0.711933970451355,
    "Misc/FinalStepNorm": 0.18891367316246033,
    "Misc/H_inv_g": 0.2653527855873108,
    "Misc/gradient_norm": 1.0664809942245483,
    "Misc/xHx": 0.03945939615368843,
    "Safety/EpCostShield": 18.549999237060547,
    "Safety/ShieldLagrangeMultiplier": 1.173616647720337,
    "Safety/ShieldLagrangeMultiplier/Max": 1.173616647720337,
    "Safety/ShieldLagrangeMultiplier/Min": 1.173616647720337,
    "Safety/ShieldLagrangeMultiplier/Std": 0,
    "Safety/shield_adv_c": 0.4470207691192627,
    "Safety/shield_violation": 1.242780685424805,
    "Time/Epoch": 127.80396270751952,
    "Time/FPS": 156.4896697998047,
    "Time/Rollout": 100.1037826538086,
    "Time/Total": 12722.98828125,
    "Time/Update": 27.70012664794922,
    "TotalEnvSteps": 2000000,
    "Train/Entropy": 0.730626106262207,
    "Train/Epoch": 99,
    "Train/KL": 0.00048518681433051825,
    "Train/LR": 0,
    "Train/PolicyRatio": 0.998689353466034,
    "Train/PolicyRatio/Max": 0.998689353466034,
    "Train/PolicyRatio/Min": 0.998689353466034,
    "Train/PolicyRatio/Std": 0.0009267529821954668,
    "Train/PolicyStd": 0.520044207572937,
    "Train/StopIter": 10,
    "Value/Adv": 6.866454960174906e-09,
    "Value/cost": 0.24848070740699768,
    "Value/reward": 2.466870069503784,
    "_runtime": 12732.812030238,
    "_step": 100,
    "_timestamp": 1747263005.5606422,
    "_wandb": {
        "runtime": 12732
    }
}