{
    "Loss/Loss_cost_critic": 4.1800856590271,
    "Loss/Loss_cost_critic/Delta": 0.5173664093017578,
    "Loss/Loss_pi": -0.01330819260329008,
    "Loss/Loss_pi/Delta": 0.01852655503898859,
    "Loss/Loss_reward_critic": 0.06969849020242691,
    "Loss/Loss_reward_critic/Delta": 0.0038282349705696106,
    "Metrics/EpCost": 11.31999969482422,
    "Metrics/EpLen": 1000,
    "Metrics/EpRet": 12.89612102508545,
    "Metrics/LagrangeMultiplier": 2.666115045547486,
    "Metrics/LagrangeMultiplier/Max": 2.666115045547486,
    "Metrics/LagrangeMultiplier/Min": 2.666115045547486,
    "Metrics/LagrangeMultiplier/Std": 0,
    "Misc/AcceptanceStep": 1,
    "Misc/Alpha": 0.6364896893501282,
    "Misc/FinalStepNorm": 0.2344997525215149,
    "Misc/H_inv_g": 0.3684266209602356,
    "Misc/gradient_norm": 0.2899363338947296,
    "Misc/xHx": 0.049368180334568024,
    "Safety/EpCostShield": 27.950000762939453,
    "Safety/ShieldLagrangeMultiplier": 2.491959810256958,
    "Safety/ShieldLagrangeMultiplier/Max": 2.491959810256958,
    "Safety/ShieldLagrangeMultiplier/Min": 2.491959810256958,
    "Safety/ShieldLagrangeMultiplier/Std": 0,
    "Safety/shield_adv_c": -0.3034569025039673,
    "Safety/shield_violation": 2.424870729446411,
    "Time/Epoch": 138.5502471923828,
    "Time/FPS": 144.3519744873047,
    "Time/Rollout": 104.94906616210938,
    "Time/Total": 14149.9345703125,
    "Time/Update": 33.601139068603516,
    "TotalEnvSteps": 2000000,
    "Train/Entropy": 1.027615308761597,
    "Train/Epoch": 99,
    "Train/KL": 0.0004171253531239927,
    "Train/LR": 0,
    "Train/PolicyRatio": 0.9993133544921876,
    "Train/PolicyRatio/Max": 0.9993133544921876,
    "Train/PolicyRatio/Min": 0.9993133544921876,
    "Train/PolicyRatio/Std": 0.0004855597799178213,
    "Train/PolicyStd": 0.6770930290222168,
    "Train/StopIter": 10,
    "Value/Adv": 6.103515470812226e-09,
    "Value/cost": 1.0364855527877808,
    "Value/reward": 1.5168720483779907,
    "_runtime": 14151.545669494,
    "_step": 100,
    "_timestamp": 1746634885.357457,
    "_wandb": {
        "runtime": 14151
    }
}