{
    "Loss/Loss_cost_critic": 5.024724006652832,
    "Loss/Loss_cost_critic/Delta": 0.47306394577026367,
    "Loss/Loss_pi": -0.22553689777851105,
    "Loss/Loss_pi/Delta": -0.2598884105682373,
    "Loss/Loss_reward_critic": 0.05499759316444397,
    "Loss/Loss_reward_critic/Delta": -0.005393698811531067,
    "Metrics/EpCost": 13.789999961853027,
    "Metrics/EpLen": 1000,
    "Metrics/EpRet": 11.85103988647461,
    "Metrics/LagrangeMultiplier": 2.4186954498291016,
    "Metrics/LagrangeMultiplier/Max": 2.4186954498291016,
    "Metrics/LagrangeMultiplier/Min": 2.4186954498291016,
    "Metrics/LagrangeMultiplier/Std": 0,
    "Misc/AcceptanceStep": 1,
    "Misc/Alpha": 0.824963390827179,
    "Misc/FinalStepNorm": 0.2711867094039917,
    "Misc/H_inv_g": 0.32872575521469116,
    "Misc/gradient_norm": 0.37135034799575806,
    "Misc/xHx": 0.029387354850769043,
    "Safety/EpCostShield": 28.649999618530273,
    "Safety/ShieldLagrangeMultiplier": 2.4444384574890137,
    "Safety/ShieldLagrangeMultiplier/Max": 2.4444384574890137,
    "Safety/ShieldLagrangeMultiplier/Min": 2.4444384574890137,
    "Safety/ShieldLagrangeMultiplier/Std": 0,
    "Safety/shield_adv_c": -0.8963879346847534,
    "Safety/shield_violation": 4.253523349761963,
    "Time/Epoch": 99.10303497314452,
    "Time/FPS": 201.81016540527344,
    "Time/Rollout": 81.82942962646484,
    "Time/Total": 10169.56640625,
    "Time/Update": 17.27358055114746,
    "TotalEnvSteps": 2000000,
    "Train/Entropy": 1.129080057144165,
    "Train/Epoch": 99,
    "Train/KL": 0.00033113136305473745,
    "Train/LR": 0,
    "Train/PolicyRatio": 1.000004768371582,
    "Train/PolicyRatio/Max": 1.000004768371582,
    "Train/PolicyRatio/Min": 1.000004768371582,
    "Train/PolicyRatio/Std": 3.3717478800099343e-06,
    "Train/PolicyStd": 0.749830424785614,
    "Train/StopIter": 10,
    "Value/Adv": 1.907348501362094e-09,
    "Value/cost": 1.8018357753753664,
    "Value/reward": 1.3252893686294556,
    "_runtime": 10186.324460209,
    "_step": 100,
    "_timestamp": 1747260452.1335063,
    "_wandb": {
        "runtime": 10186
    }
}