{
    "Loss/Loss_cost_critic": 6.23203182220459,
    "Loss/Loss_cost_critic/Delta": 0.3746209144592285,
    "Loss/Loss_pi": -0.18988759815692904,
    "Loss/Loss_pi/Delta": 0.08337800204753876,
    "Loss/Loss_reward_critic": 0.04242892563343048,
    "Loss/Loss_reward_critic/Delta": -0.0006878934800624847,
    "Metrics/EpCost": 20.229999542236328,
    "Metrics/EpLen": 1000,
    "Metrics/EpRet": 9.903664588928224,
    "Metrics/LagrangeMultiplier": 2.8017961978912354,
    "Metrics/LagrangeMultiplier/Max": 2.8017961978912354,
    "Metrics/LagrangeMultiplier/Min": 2.8017961978912354,
    "Metrics/LagrangeMultiplier/Std": 0,
    "Safety/EpCostShield": 43.349998474121094,
    "Safety/ShieldLagrangeMultiplier": 2.838710308074951,
    "Safety/ShieldLagrangeMultiplier/Max": 2.838710308074951,
    "Safety/ShieldLagrangeMultiplier/Min": 2.838710308074951,
    "Safety/ShieldLagrangeMultiplier/Std": 0,
    "Safety/shield_adv_c": "NaN",
    "Safety/shield_violation": 4.436367034912109,
    "Time/Epoch": 198.95606994628903,
    "Time/FPS": 100.52471160888672,
    "Time/Rollout": 71.77202606201172,
    "Time/Total": 19973.259765625,
    "Time/Update": 127.1839828491211,
    "TotalEnvSteps": 2000000,
    "Train/Entropy": 0.6253100633621216,
    "Train/Epoch": 99,
    "Train/KL": 0.003744516288861632,
    "Train/LR": 0,
    "Train/PolicyRatio": 1.0003035068511963,
    "Train/PolicyRatio/Max": 1.0003035068511963,
    "Train/PolicyRatio/Min": 1.0003035068511963,
    "Train/PolicyRatio/Std": 0.007120583672076464,
    "Train/PolicyStd": 0.4522373080253601,
    "Train/StopIter": 40,
    "Value/Adv": 0.10989464819431304,
    "Value/cost": 2.362212896347046,
    "Value/reward": 1.045305848121643,
    "_runtime": 19975.006427234,
    "_step": 100,
    "_timestamp": 1746613508.009879,
    "_wandb": {
        "runtime": 19975
    }
}