{
    "Loss/Loss_cost_critic": 7.214514255523682,
    "Loss/Loss_cost_critic/Delta": 1.85219144821167,
    "Loss/Loss_pi": -0.2819804251194,
    "Loss/Loss_pi/Delta": -0.013495147228240969,
    "Loss/Loss_reward_critic": 0.12918798625469208,
    "Loss/Loss_reward_critic/Delta": 0.005592234432697296,
    "Metrics/EpCost": 3.440000057220459,
    "Metrics/EpLen": 500,
    "Metrics/EpRet": 20.480636596679688,
    "Metrics/LagrangeMultiplier": 1.1581858396530151,
    "Metrics/LagrangeMultiplier/Max": 1.1581858396530151,
    "Metrics/LagrangeMultiplier/Min": 1.1581858396530151,
    "Metrics/LagrangeMultiplier/Std": 0,
    "Misc/AcceptanceStep": 1,
    "Misc/Alpha": 1.5760409832000732,
    "Misc/FinalStepNorm": 0.21683882176876068,
    "Misc/H_inv_g": 0.13758450746536255,
    "Misc/gradient_norm": 0.119939424097538,
    "Misc/xHx": 0.008051827549934387,
    "Safety/EpCostShield": 12.75,
    "Safety/ShieldLagrangeMultiplier": 1.424020290374756,
    "Safety/ShieldLagrangeMultiplier/Max": 1.424020290374756,
    "Safety/ShieldLagrangeMultiplier/Min": 1.424020290374756,
    "Safety/ShieldLagrangeMultiplier/Std": 0,
    "Safety/shield_adv_c": -0.284260630607605,
    "Safety/shield_violation": 2.0191001892089844,
    "Time/Epoch": 108.9294662475586,
    "Time/FPS": 183.6050567626953,
    "Time/Rollout": 91.88858032226562,
    "Time/Total": 11002.216796875,
    "Time/Update": 17.040863037109375,
    "TotalEnvSteps": 2000000,
    "Train/Entropy": 1.7326617240905762,
    "Train/Epoch": 99,
    "Train/KL": 0.0004401559417601675,
    "Train/LR": 0,
    "Train/PolicyRatio": 1.001610279083252,
    "Train/PolicyRatio/Max": 1.001610279083252,
    "Train/PolicyRatio/Min": 1.001610279083252,
    "Train/PolicyRatio/Std": 0.0011386392870917916,
    "Train/PolicyStd": 1.4315509796142578,
    "Train/StopIter": 10,
    "Value/Adv": 4.577636492086867e-09,
    "Value/cost": 0.1601022183895111,
    "Value/reward": 4.070898532867432,
    "_runtime": 11003.358645881,
    "_step": 100,
    "_timestamp": 1746519332.6367688,
    "_wandb": {
        "runtime": 11003
    }
}