{
    "Loss/Loss_cost_critic": 12.24009609222412,
    "Loss/Loss_cost_critic/Delta": -0.4994039535522461,
    "Loss/Loss_pi": 0.21054255962371823,
    "Loss/Loss_pi/Delta": 0.22756259143352509,
    "Loss/Loss_reward_critic": 0.25030317902565,
    "Loss/Loss_reward_critic/Delta": 0.013836726546287537,
    "Metrics/EpCost": 19.13999938964844,
    "Metrics/EpLen": 500,
    "Metrics/EpRet": 23.205472946166992,
    "Metrics/LagrangeMultiplier": 1.6102632284164429,
    "Metrics/LagrangeMultiplier/Max": 1.6102632284164429,
    "Metrics/LagrangeMultiplier/Min": 1.6102632284164429,
    "Metrics/LagrangeMultiplier/Std": 0,
    "Safety/EpCostShield": 41.150001525878906,
    "Safety/ShieldLagrangeMultiplier": 1.6872001886367798,
    "Safety/ShieldLagrangeMultiplier/Max": 1.6872001886367798,
    "Safety/ShieldLagrangeMultiplier/Min": 1.6872001886367798,
    "Safety/ShieldLagrangeMultiplier/Std": 0,
    "Safety/shield_adv_c": "NaN",
    "Safety/shield_violation": 5.374741554260254,
    "Time/Epoch": 237.9901123046875,
    "Time/FPS": 84.03710174560547,
    "Time/Rollout": 110.7828140258789,
    "Time/Total": 23693.29296875,
    "Time/Update": 127.20723724365234,
    "TotalEnvSteps": 2000000,
    "Train/Entropy": 0.3851015269756317,
    "Train/Epoch": 99,
    "Train/KL": 0.00346162635833025,
    "Train/LR": 0,
    "Train/PolicyRatio": 0.9994363188743592,
    "Train/PolicyRatio/Max": 0.9994363188743592,
    "Train/PolicyRatio/Min": 0.9994363188743592,
    "Train/PolicyRatio/Std": 0.0056453594006598,
    "Train/PolicyStd": 0.35975760221481323,
    "Train/StopIter": 40,
    "Value/Adv": -0.0808638334274292,
    "Value/cost": 3.812462568283081,
    "Value/reward": 4.731250286102295,
    "_runtime": 23709.81713871,
    "_step": 100,
    "_timestamp": 1747273975.868678,
    "_wandb": {
        "runtime": 23709
    }
}