{
    "Loss/Loss_cost_critic": 1.3292757272720337,
    "Loss/Loss_cost_critic/Delta": -0.7337452173233032,
    "Loss/Loss_pi": -0.012220239266753197,
    "Loss/Loss_pi/Delta": 0.02297613210976124,
    "Loss/Loss_reward_critic": 0.05589286983013153,
    "Loss/Loss_reward_critic/Delta": 0.008986368775367737,
    "Metrics/EpCost": 48.86000061035156,
    "Metrics/EpLen": 1000,
    "Metrics/EpRet": 10.056424140930176,
    "Metrics/LagrangeMultiplier": 3.0371763706207275,
    "Metrics/LagrangeMultiplier/Max": 3.0371763706207275,
    "Metrics/LagrangeMultiplier/Min": 3.0371763706207275,
    "Metrics/LagrangeMultiplier/Std": 0,
    "Time/Epoch": 196.43702697753903,
    "Time/FPS": 101.81380462646484,
    "Time/Rollout": 91.33451080322266,
    "Time/Total": 17750.58203125,
    "Time/Update": 105.1023406982422,
    "TotalEnvSteps": 2000000,
    "Train/Entropy": 0.42351487278938293,
    "Train/Epoch": 99,
    "Train/KL": 0.0033795542549341917,
    "Train/LR": 0,
    "Train/PolicyRatio": 0.9998880624771118,
    "Train/PolicyRatio/Max": 0.9998880624771118,
    "Train/PolicyRatio/Min": 0.9998880624771118,
    "Train/PolicyRatio/Std": 0.005907961633056402,
    "Train/PolicyStd": 0.3703615665435791,
    "Train/StopIter": 40,
    "Value/Adv": 0.060732562094926834,
    "Value/cost": 5.347684383392334,
    "Value/reward": 1.289048194885254,
    "_runtime": 17752.473382342,
    "_step": 100,
    "_timestamp": 1743338925.9140391,
    "_wandb": {
        "runtime": 17752
    }
}