{
    "Loss/Loss_cost_critic": 1.3083281125148003e-09,
    "Loss/Loss_cost_critic/Delta": -2.2142909728017912e-10,
    "Loss/Loss_pi": -1.990723141886974e-09,
    "Loss/Loss_pi/Delta": 0.015350409655344954,
    "Loss/Loss_reward_critic": 0.008294924162328243,
    "Loss/Loss_reward_critic/Delta": -0.004096310585737228,
    "Metrics/EpCost": 0,
    "Metrics/EpLen": 1000,
    "Metrics/EpRet": -3.4170846939086914,
    "Misc/A": 0.024708591401576996,
    "Misc/AcceptanceStep": 0,
    "Misc/Alpha": 0.8996859192848206,
    "Misc/B": 0.019999999552965164,
    "Misc/FinalStepNorm": 0,
    "Misc/H_inv_g": 0.22713930904865265,
    "Misc/Lambda_star": -0.0001833559799706563,
    "Misc/Nu_star": 0.0001833559799706563,
    "Misc/OptimCase": 1,
    "Misc/cost_gradient_norm": 7.832974233679124e-07,
    "Misc/gradient_norm": 0.707366943359375,
    "Misc/q": 0.024708591401576996,
    "Misc/r": -1.833559779701455e-12,
    "Misc/s": 5.6454774885820565e-18,
    "Misc/xHx": 0.024708591401576996,
    "Time/Epoch": 111.38966369628906,
    "Time/FPS": 179.5498809814453,
    "Time/Rollout": 91.90064239501952,
    "Time/Total": 11295.46875,
    "Time/Update": 19.48900032043457,
    "TotalEnvSteps": 2000000,
    "Train/Entropy": -37.72481155395508,
    "Train/Epoch": 99,
    "Train/KL": "NaN",
    "Train/LR": 0,
    "Train/PolicyRatio": 0.09090909361839294,
    "Train/PolicyRatio/Max": 0.09090909361839294,
    "Train/PolicyRatio/Min": 0.09090909361839294,
    "Train/PolicyRatio/Std": 0.28747978806495667,
    "Train/PolicyStd": 0.083380788564682,
    "Train/StopIter": 10,
    "Value/Adv": 1.7547607811252423e-08,
    "Value/cost": 0.0005911955377086997,
    "Value/reward": -0.4124113917350769,
    "_runtime": 11297.328099892,
    "_step": 100,
    "_timestamp": 1743317224.6580043,
    "_wandb": {
        "runtime": 11297
    }
}