{
    "Loss/Loss_cost_critic": 1.559139609336853,
    "Loss/Loss_cost_critic/Delta": -0.10031342506408691,
    "Loss/Loss_pi": -0.005608219653367996,
    "Loss/Loss_pi/Delta": 0.00180058553814888,
    "Loss/Loss_reward_critic": 0.034273311495780945,
    "Loss/Loss_reward_critic/Delta": -0.006784599274396896,
    "Metrics/EpCost": 46.130001068115234,
    "Metrics/EpLen": 1000,
    "Metrics/EpRet": 26.475412368774418,
    "Metrics/LagrangeMultiplier": 0.32824772596359253,
    "Metrics/LagrangeMultiplier/Max": 0.32824772596359253,
    "Metrics/LagrangeMultiplier/Min": 0.32824772596359253,
    "Metrics/LagrangeMultiplier/Std": 0,
    "Time/Epoch": 178.35247802734375,
    "Time/FPS": 112.1374969482422,
    "Time/Rollout": 76.33314514160156,
    "Time/Total": 17867.458984375,
    "Time/Update": 102.01920318603516,
    "TotalEnvSteps": 2000000,
    "Train/Entropy": 0.05560746788978577,
    "Train/Epoch": 99,
    "Train/KL": 0.004109539091587067,
    "Train/LR": 0,
    "Train/PolicyRatio": 1.000845193862915,
    "Train/PolicyRatio/Max": 1.000845193862915,
    "Train/PolicyRatio/Min": 1.000845193862915,
    "Train/PolicyRatio/Std": 0.007231229450553656,
    "Train/PolicyStd": 0.2575397193431854,
    "Train/StopIter": 40,
    "Value/Adv": 0.13320910930633545,
    "Value/cost": 5.353356838226318,
    "Value/reward": 2.732624053955078,
    "_runtime": 17869.393167251,
    "_step": 100,
    "_timestamp": 1745036849.2432933,
    "_wandb": {
        "runtime": 17869
    }
}