{
    "Loss/Loss_cost_critic": 3.388943672180176,
    "Loss/Loss_cost_critic/Delta": 1.6565158367156982,
    "Loss/Loss_pi": 0.02625872939825058,
    "Loss/Loss_pi/Delta": 0.07427622750401497,
    "Loss/Loss_reward_critic": 0.12195686250925064,
    "Loss/Loss_reward_critic/Delta": 0.02538960427045822,
    "Metrics/EpCost": 2.259999990463257,
    "Metrics/EpLen": 500,
    "Metrics/EpRet": 12.128880500793455,
    "Metrics/LagrangeMultiplier": 0.7359169721603394,
    "Metrics/LagrangeMultiplier/Max": 0.7359169721603394,
    "Metrics/LagrangeMultiplier/Min": 0.7359169721603394,
    "Metrics/LagrangeMultiplier/Std": 0,
    "Misc/AcceptanceStep": 1,
    "Misc/Alpha": 1.3990914821624756,
    "Misc/FinalStepNorm": 0.2519112825393677,
    "Misc/H_inv_g": 0.1800534576177597,
    "Misc/gradient_norm": 0.14321163296699524,
    "Misc/xHx": 0.010217328555881975,
    "Safety/EpCostShield": 8.699999809265137,
    "Safety/ShieldLagrangeMultiplier": 0.9455393552780152,
    "Safety/ShieldLagrangeMultiplier/Max": 0.9455393552780152,
    "Safety/ShieldLagrangeMultiplier/Min": 0.9455393552780152,
    "Safety/ShieldLagrangeMultiplier/Std": 0,
    "Safety/shield_adv_c": -0.019322941079735756,
    "Safety/shield_violation": 0.9022646546363832,
    "Time/Epoch": 128.0074462890625,
    "Time/FPS": 156.2409210205078,
    "Time/Rollout": 99.8891143798828,
    "Time/Total": 12845.4873046875,
    "Time/Update": 28.118276596069336,
    "TotalEnvSteps": 2000000,
    "Train/Entropy": 1.0874131917953491,
    "Train/Epoch": 99,
    "Train/KL": 0.00036951122456230223,
    "Train/LR": 0,
    "Train/PolicyRatio": 1.0004215240478516,
    "Train/PolicyRatio/Max": 1.0004215240478516,
    "Train/PolicyRatio/Min": 1.0004215240478516,
    "Train/PolicyRatio/Std": 0.0002980625140480697,
    "Train/PolicyStd": 0.8080762028694153,
    "Train/StopIter": 10,
    "Value/Adv": 3.814697002724188e-09,
    "Value/cost": 0.1653268039226532,
    "Value/reward": 2.414904832839966,
    "_runtime": 12847.594820828,
    "_step": 100,
    "_timestamp": 1746583746.3131511,
    "_wandb": {
        "runtime": 12847
    }
}