{
    "Loss/Loss_cost_critic": 2.0395448207855225,
    "Loss/Loss_cost_critic/Delta": -0.6616532802581787,
    "Loss/Loss_pi": -0.38242805004119873,
    "Loss/Loss_pi/Delta": -0.03957855701446533,
    "Loss/Loss_reward_critic": 0.023701082915067673,
    "Loss/Loss_reward_critic/Delta": -0.011813774704933168,
    "Metrics/EpCost": 9.550000190734863,
    "Metrics/EpLen": 1000,
    "Metrics/EpRet": 3.1002676486968994,
    "Metrics/LagrangeMultiplier": 2.1882941722869873,
    "Metrics/LagrangeMultiplier/Max": 2.1882941722869873,
    "Metrics/LagrangeMultiplier/Min": 2.1882941722869873,
    "Metrics/LagrangeMultiplier/Std": 0,
    "Misc/AcceptanceStep": 1,
    "Misc/Alpha": 1.9343109130859375,
    "Misc/FinalStepNorm": 0.2979050576686859,
    "Misc/H_inv_g": 0.15401095151901245,
    "Misc/gradient_norm": 0.058534618467092514,
    "Misc/xHx": 0.005345355719327927,
    "Safety/EpCostShield": 4.400000095367432,
    "Safety/ShieldLagrangeMultiplier": 2.267991304397583,
    "Safety/ShieldLagrangeMultiplier/Max": 2.267991304397583,
    "Safety/ShieldLagrangeMultiplier/Min": 2.267991304397583,
    "Safety/ShieldLagrangeMultiplier/Std": 0,
    "Safety/shield_adv_c": -0.7195953130722046,
    "Safety/shield_violation": 2.343294620513916,
    "Time/Epoch": 77.84850311279297,
    "Time/FPS": 256.9092712402344,
    "Time/Rollout": 62.34223175048828,
    "Time/Total": 8278.2607421875,
    "Time/Update": 15.506248474121094,
    "TotalEnvSteps": 2000000,
    "Train/Entropy": 2.1287059783935547,
    "Train/Epoch": 99,
    "Train/KL": 0.00029891557642258704,
    "Train/LR": 0,
    "Train/PolicyRatio": 1.0048404932022097,
    "Train/PolicyRatio/Max": 1.004840612411499,
    "Train/PolicyRatio/Min": 1.004840612411499,
    "Train/PolicyRatio/Std": 0.0034227175638079643,
    "Train/PolicyStd": 2.0372273921966553,
    "Train/StopIter": 10,
    "Value/Adv": -1.5258788677030564e-09,
    "Value/cost": 0.864271879196167,
    "Value/reward": 0.36226192116737366,
    "_runtime": 8279.659223838,
    "_step": 100,
    "_timestamp": 1746532626.3244078,
    "_wandb": {
        "runtime": 8279
    }
}