{
    "Loss/Loss_cost_critic": 1.5640287399291992,
    "Loss/Loss_cost_critic/Delta": 0.7479192614555359,
    "Loss/Loss_pi": 0.04517541825771332,
    "Loss/Loss_pi/Delta": 0.26625439524650574,
    "Loss/Loss_reward_critic": 0.010161894373595716,
    "Loss/Loss_reward_critic/Delta": -0.003888607956469059,
    "Metrics/EpCost": 1.809999942779541,
    "Metrics/EpLen": 1000,
    "Metrics/EpRet": -0.020120808854699135,
    "Metrics/LagrangeMultiplier": 2.3086702823638916,
    "Metrics/LagrangeMultiplier/Max": 2.3086702823638916,
    "Metrics/LagrangeMultiplier/Min": 2.3086702823638916,
    "Metrics/LagrangeMultiplier/Std": 0,
    "Misc/AcceptanceStep": 1,
    "Misc/Alpha": 1.3142669200897217,
    "Misc/FinalStepNorm": 0.3276657462120056,
    "Misc/H_inv_g": 0.24931444227695465,
    "Misc/gradient_norm": 0.07487503439188004,
    "Misc/xHx": 0.011578770354390144,
    "Safety/EpCostShield": 38.95000076293945,
    "Safety/ShieldLagrangeMultiplier": 2.5864477157592773,
    "Safety/ShieldLagrangeMultiplier/Max": 2.5864477157592773,
    "Safety/ShieldLagrangeMultiplier/Min": 2.5864477157592773,
    "Safety/ShieldLagrangeMultiplier/Std": 0,
    "Safety/shield_adv_c": 1.2503845691680908,
    "Safety/shield_violation": 0.7265648245811462,
    "Time/Epoch": 129.2760009765625,
    "Time/FPS": 154.707763671875,
    "Time/Rollout": 109.81981658935548,
    "Time/Total": 12978.5732421875,
    "Time/Update": 19.456157684326172,
    "TotalEnvSteps": 2000000,
    "Train/Entropy": 2.2796781063079834,
    "Train/Epoch": 99,
    "Train/KL": 0.00026557661476545036,
    "Train/LR": 0,
    "Train/PolicyRatio": 1.0003814697265625,
    "Train/PolicyRatio/Max": 1.0003814697265625,
    "Train/PolicyRatio/Min": 1.0003814697265625,
    "Train/PolicyRatio/Std": 0.00026968366000801325,
    "Train/PolicyStd": 2.381075620651245,
    "Train/StopIter": 10,
    "Value/Adv": 1.5258788677030564e-09,
    "Value/cost": 0.2051425725221634,
    "Value/reward": 0.01876138709485531,
    "_runtime": 12979.851806999,
    "_step": 100,
    "_timestamp": 1746529205.3231332,
    "_wandb": {
        "runtime": 12979
    }
}