{
    "Loss/Loss_cost_critic": 2.010628461837769,
    "Loss/Loss_cost_critic/Delta": -0.11536836624145508,
    "Loss/Loss_pi": 0.031158912926912308,
    "Loss/Loss_pi/Delta": -0.03843807801604271,
    "Loss/Loss_reward_critic": 0.25452911853790283,
    "Loss/Loss_reward_critic/Delta": 0.021778374910354618,
    "Metrics/EpCost": 1.5,
    "Metrics/EpLen": 500,
    "Metrics/EpRet": 27.79500961303711,
    "Metrics/LagrangeMultiplier": 1.1095601320266724,
    "Metrics/LagrangeMultiplier/Max": 1.1095601320266724,
    "Metrics/LagrangeMultiplier/Min": 1.1095601320266724,
    "Metrics/LagrangeMultiplier/Std": 0,
    "Safety/EpCostShield": 8.100000381469727,
    "Safety/ShieldLagrangeMultiplier": 1.1792643070220947,
    "Safety/ShieldLagrangeMultiplier/Max": 1.1792643070220947,
    "Safety/ShieldLagrangeMultiplier/Min": 1.1792643070220947,
    "Safety/ShieldLagrangeMultiplier/Std": 0,
    "Safety/shield_adv_c": "NaN",
    "Safety/shield_violation": 0.8963798880577087,
    "Time/Epoch": 229.09681701660156,
    "Time/FPS": 87.2993392944336,
    "Time/Rollout": 104.85779571533205,
    "Time/Total": 23687.4765625,
    "Time/Update": 124.23893737792967,
    "TotalEnvSteps": 2000000,
    "Train/Entropy": 0.4059264659881592,
    "Train/Epoch": 99,
    "Train/KL": 0.003181104082614183,
    "Train/LR": 0,
    "Train/PolicyRatio": 0.9993236660957336,
    "Train/PolicyRatio/Max": 0.9993236660957336,
    "Train/PolicyRatio/Min": 0.9993236660957336,
    "Train/PolicyRatio/Std": 0.005427827127277851,
    "Train/PolicyStd": 0.36313125491142273,
    "Train/StopIter": 40,
    "Value/Adv": 0.07252296805381775,
    "Value/cost": 0.3600839376449585,
    "Value/reward": 5.662875652313232,
    "_runtime": 23689.38920136,
    "_step": 100,
    "_timestamp": 1746578062.179933,
    "_wandb": {
        "runtime": 23689
    }
}