{
    "Loss/Loss_cost_critic": 3.5370655059814453,
    "Loss/Loss_cost_critic/Delta": -0.19500064849853516,
    "Loss/Loss_pi": -0.08915042877197266,
    "Loss/Loss_pi/Delta": 0.0020146965980529785,
    "Loss/Loss_reward_critic": 0.051231302320957184,
    "Loss/Loss_reward_critic/Delta": 0.011361375451087952,
    "Metrics/EpCost": 9.470000267028809,
    "Metrics/EpLen": 1000,
    "Metrics/EpRet": 11.085210800170898,
    "Metrics/LagrangeMultiplier": 2.565829277038574,
    "Metrics/LagrangeMultiplier/Max": 2.565829277038574,
    "Metrics/LagrangeMultiplier/Min": 2.565829277038574,
    "Metrics/LagrangeMultiplier/Std": 0,
    "Misc/AcceptanceStep": 1,
    "Misc/Alpha": 0.9609933495521544,
    "Misc/FinalStepNorm": 0.27195385098457336,
    "Misc/H_inv_g": 0.282992422580719,
    "Misc/gradient_norm": 0.300720751285553,
    "Misc/xHx": 0.021656539291143417,
    "Safety/EpCostShield": 21.899999618530273,
    "Safety/ShieldLagrangeMultiplier": 2.4769504070281982,
    "Safety/ShieldLagrangeMultiplier/Max": 2.4769504070281982,
    "Safety/ShieldLagrangeMultiplier/Min": 2.4769504070281982,
    "Safety/ShieldLagrangeMultiplier/Std": 0,
    "Safety/shield_adv_c": -0.08689846098423004,
    "Safety/shield_violation": 2.6417434215545654,
    "Time/Epoch": 97.79290771484376,
    "Time/FPS": 204.51382446289065,
    "Time/Rollout": 80.25643920898438,
    "Time/Total": 10020.7734375,
    "Time/Update": 17.536441802978516,
    "TotalEnvSteps": 2000000,
    "Train/Entropy": 1.1133402585983276,
    "Train/Epoch": 99,
    "Train/KL": 0.0003744954301510006,
    "Train/LR": 0,
    "Train/PolicyRatio": 1.000836968421936,
    "Train/PolicyRatio/Max": 1.0008370876312256,
    "Train/PolicyRatio/Min": 1.0008370876312256,
    "Train/PolicyRatio/Std": 0.0005919103277847171,
    "Train/PolicyStd": 0.7418813109397888,
    "Train/StopIter": 10,
    "Value/Adv": 5.722045948175491e-09,
    "Value/cost": 1.3439714908599854,
    "Value/reward": 1.0441234111785889,
    "_runtime": 10037.238369538,
    "_step": 100,
    "_timestamp": 1747260303.327118,
    "_wandb": {
        "runtime": 10037
    }
}