{
    "Loss/Loss_cost_critic": 3.240247964859009,
    "Loss/Loss_cost_critic/Delta": -0.4244308471679687,
    "Loss/Loss_pi": -0.15663550794124603,
    "Loss/Loss_pi/Delta": 0.05493997037410736,
    "Loss/Loss_reward_critic": 0.13118167221546173,
    "Loss/Loss_reward_critic/Delta": -0.0007811039686203003,
    "Metrics/EpCost": 3.190000057220459,
    "Metrics/EpLen": 500,
    "Metrics/EpRet": 19.411266326904297,
    "Metrics/LagrangeMultiplier": 1.2543606758117676,
    "Metrics/LagrangeMultiplier/Max": 1.2543606758117676,
    "Metrics/LagrangeMultiplier/Min": 1.2543606758117676,
    "Metrics/LagrangeMultiplier/Std": 0,
    "Safety/EpCostShield": 8.125,
    "Safety/ShieldLagrangeMultiplier": 1.3643484115600586,
    "Safety/ShieldLagrangeMultiplier/Max": 1.3643484115600586,
    "Safety/ShieldLagrangeMultiplier/Min": 1.3643484115600586,
    "Safety/ShieldLagrangeMultiplier/Std": 0,
    "Safety/shield_adv_c": "NaN",
    "Safety/shield_violation": 1.147220253944397,
    "Time/Epoch": 293.76263427734375,
    "Time/FPS": 68.0821762084961,
    "Time/Rollout": 101.881103515625,
    "Time/Total": 30152.162109375,
    "Time/Update": 191.8814697265625,
    "TotalEnvSteps": 2000000,
    "Train/Entropy": 0.7381764650344849,
    "Train/Epoch": 99,
    "Train/KL": 0.0030033281072974205,
    "Train/LR": 0,
    "Train/PolicyRatio": 1.001113772392273,
    "Train/PolicyRatio/Max": 1.001113772392273,
    "Train/PolicyRatio/Min": 1.001113772392273,
    "Train/PolicyRatio/Std": 0.005853378213942051,
    "Train/PolicyStd": 0.5095423460006714,
    "Train/StopIter": 40,
    "Value/Adv": 0.12647125124931335,
    "Value/cost": 0.35959339141845703,
    "Value/reward": 3.824754238128662,
    "_runtime": 30153.754102138,
    "_step": 100,
    "_timestamp": 1746539753.5347164,
    "_wandb": {
        "runtime": 30153
    }
}