{
    "Loss/Loss_cost_critic": 1.4228030443191528,
    "Loss/Loss_cost_critic/Delta": 0.9273432195186616,
    "Loss/Loss_pi": -0.008379628881812096,
    "Loss/Loss_pi/Delta": -0.002002307213842869,
    "Loss/Loss_reward_critic": 0.06219642609357834,
    "Loss/Loss_reward_critic/Delta": 0.011889159679412842,
    "Metrics/EpCost": 3.4200000762939453,
    "Metrics/EpLen": 500,
    "Metrics/EpRet": 9.47036838531494,
    "Metrics/LagrangeMultiplier": 8.371257781982422,
    "Metrics/LagrangeMultiplier/Max": 8.371257781982422,
    "Metrics/LagrangeMultiplier/Min": 8.371257781982422,
    "Metrics/LagrangeMultiplier/Std": 0,
    "Time/Epoch": 155.60076904296875,
    "Time/FPS": 128.53407287597656,
    "Time/Rollout": 97.58834075927734,
    "Time/Total": 14285.740234375,
    "Time/Update": 58.01237487792969,
    "TotalEnvSteps": 2000000,
    "Train/Entropy": 0.3978634178638458,
    "Train/Epoch": 99,
    "Train/KL": 0.004216131288558245,
    "Train/LR": 0,
    "Train/PolicyRatio": 1.0000087022781372,
    "Train/PolicyRatio/Max": 1.0000087022781372,
    "Train/PolicyRatio/Min": 1.0000087022781372,
    "Train/PolicyRatio/Std": 0.006815670523792505,
    "Train/PolicyStd": 0.36247479915618896,
    "Train/StopIter": 40,
    "Value/Adv": 0.03654516115784645,
    "Value/cost": 0.4006890058517456,
    "Value/reward": 1.863540768623352,
    "_runtime": 14287.390139757,
    "_step": 100,
    "_timestamp": 1745055948.4757495,
    "_wandb": {
        "runtime": 14287
    }
}