{
    "Loss/Loss_cost_critic": 0.41086074709892273,
    "Loss/Loss_cost_critic/Delta": 0.2046632617712021,
    "Loss/Loss_pi": -0.008380006067454815,
    "Loss/Loss_pi/Delta": -0.003418522886931896,
    "Loss/Loss_reward_critic": 0.013877701945602894,
    "Loss/Loss_reward_critic/Delta": 0.002822231501340866,
    "Metrics/EpCost": 2.5399999618530273,
    "Metrics/EpLen": 1000,
    "Metrics/EpRet": 0.6951382160186768,
    "Metrics/LagrangeMultiplier": 19.957714080810547,
    "Metrics/LagrangeMultiplier/Max": 19.957714080810547,
    "Metrics/LagrangeMultiplier/Min": 19.957714080810547,
    "Metrics/LagrangeMultiplier/Std": 0,
    "Misc/AcceptanceStep": 1,
    "Misc/Alpha": 1.6180967092514038,
    "Misc/FinalStepNorm": 0.3272224962711334,
    "Misc/H_inv_g": 0.20222677290439608,
    "Misc/gradient_norm": 0.11624013632535934,
    "Misc/xHx": 0.0076387180015444756,
    "Time/Epoch": 93.34619140625,
    "Time/FPS": 214.25619506835935,
    "Time/Rollout": 84.43905639648438,
    "Time/Total": 9377.63671875,
    "Time/Update": 8.907114028930664,
    "TotalEnvSteps": 2000000,
    "Train/Entropy": 1.5094455480575562,
    "Train/Epoch": 99,
    "Train/KL": 0.0002901928673963994,
    "Train/LR": 0,
    "Train/PolicyRatio": 0.9995784759521484,
    "Train/PolicyRatio/Max": 0.9995784759521484,
    "Train/PolicyRatio/Min": 0.9995784759521484,
    "Train/PolicyRatio/Std": 0.00029803442885167897,
    "Train/PolicyStd": 1.0965619087219238,
    "Train/StopIter": 10,
    "Value/Adv": 5.340575981449547e-09,
    "Value/cost": 0.01331706251949072,
    "Value/reward": 0.10510718077421188,
    "_runtime": 9379.246427992,
    "_step": 100,
    "_timestamp": 1745013196.7032013,
    "_wandb": {
        "runtime": 9379
    }
}