{
    "Loss/Loss_cost_critic": 1.889698147773743,
    "Loss/Loss_cost_critic/Delta": -0.32812774181365967,
    "Loss/Loss_pi": -0.281329870223999,
    "Loss/Loss_pi/Delta": 0.02332267165184021,
    "Loss/Loss_reward_critic": 0.02718726173043251,
    "Loss/Loss_reward_critic/Delta": -0.0011078491806983948,
    "Metrics/EpCost": 6.03000020980835,
    "Metrics/EpLen": 1000,
    "Metrics/EpRet": 2.300316572189331,
    "Metrics/LagrangeMultiplier": 2.4586541652679443,
    "Metrics/LagrangeMultiplier/Max": 2.4586541652679443,
    "Metrics/LagrangeMultiplier/Min": 2.4586541652679443,
    "Metrics/LagrangeMultiplier/Std": 0,
    "Misc/AcceptanceStep": 1,
    "Misc/Alpha": 1.5012295246124268,
    "Misc/FinalStepNorm": 0.32483625411987305,
    "Misc/H_inv_g": 0.2163801342248917,
    "Misc/gradient_norm": 0.0999073013663292,
    "Misc/xHx": 0.008874323219060898,
    "Safety/EpCostShield": 16.350000381469727,
    "Safety/ShieldLagrangeMultiplier": 2.5386173725128174,
    "Safety/ShieldLagrangeMultiplier/Max": 2.5386173725128174,
    "Safety/ShieldLagrangeMultiplier/Min": 2.5386173725128174,
    "Safety/ShieldLagrangeMultiplier/Std": 0,
    "Safety/shield_adv_c": 0.14696004986763,
    "Safety/shield_violation": 2.1451339721679688,
    "Time/Epoch": 116.04290771484376,
    "Time/FPS": 172.3500518798828,
    "Time/Rollout": 93.3462142944336,
    "Time/Total": 11582.1279296875,
    "Time/Update": 22.69667053222656,
    "TotalEnvSteps": 2000000,
    "Train/Entropy": 2.0516722202301025,
    "Train/Epoch": 99,
    "Train/KL": 0.0002665220818016678,
    "Train/LR": 0,
    "Train/PolicyRatio": 1.0025097131729126,
    "Train/PolicyRatio/Max": 1.002509832382202,
    "Train/PolicyRatio/Min": 1.002509832382202,
    "Train/PolicyRatio/Std": 0.0017746633384376764,
    "Train/PolicyStd": 1.8918617963790896,
    "Train/StopIter": 10,
    "Value/Adv": -4.577636492086867e-09,
    "Value/cost": 0.6583787798881531,
    "Value/reward": 0.2896173298358917,
    "_runtime": 11584.359965823,
    "_step": 100,
    "_timestamp": 1746605115.0690029,
    "_wandb": {
        "runtime": 11584
    }
}