{
    "Loss/Loss_cost_critic": 0.1753891408443451,
    "Loss/Loss_cost_critic/Delta": 0.124807920306921,
    "Loss/Loss_pi": -0.006286561489105225,
    "Loss/Loss_pi/Delta": -0.003711167024448514,
    "Loss/Loss_reward_critic": 0.0208739060908556,
    "Loss/Loss_reward_critic/Delta": -0.002218451350927353,
    "Metrics/EpCost": 1.8899999856948853,
    "Metrics/EpLen": 1000,
    "Metrics/EpRet": 0.8918460011482239,
    "Metrics/LagrangeMultiplier": 22.62627410888672,
    "Metrics/LagrangeMultiplier/Max": 22.62627410888672,
    "Metrics/LagrangeMultiplier/Min": 22.62627410888672,
    "Metrics/LagrangeMultiplier/Std": 0,
    "Time/Epoch": 199.83059692382812,
    "Time/FPS": 100.08477783203124,
    "Time/Rollout": 93.44475555419922,
    "Time/Total": 16789.11328125,
    "Time/Update": 106.3857192993164,
    "TotalEnvSteps": 2000000,
    "Train/Entropy": 0.45291242003440857,
    "Train/Epoch": 99,
    "Train/KL": 0.004928984679281712,
    "Train/LR": 0,
    "Train/PolicyRatio": 1.000057578086853,
    "Train/PolicyRatio/Max": 1.000057578086853,
    "Train/PolicyRatio/Min": 1.000057578086853,
    "Train/PolicyRatio/Std": 0.008594322949647903,
    "Train/PolicyStd": 0.3806686401367187,
    "Train/StopIter": 40,
    "Value/Adv": -0.29182031750679016,
    "Value/cost": 0.14850105345249176,
    "Value/reward": 0.11272326856851578,
    "_runtime": 16790.911689624,
    "_step": 100,
    "_timestamp": 1745054518.430754,
    "_wandb": {
        "runtime": 16790
    }
}