{
    "Loss/Loss_cost_critic": 1.664615035057068,
    "Loss/Loss_cost_critic/Delta": -2.8236628770828247,
    "Loss/Loss_pi": -0.044338006526231766,
    "Loss/Loss_pi/Delta": -0.14438292011618614,
    "Loss/Loss_reward_critic": 0.0922069251537323,
    "Loss/Loss_reward_critic/Delta": -0.010592274367809296,
    "Metrics/EpCost": 2.430000066757202,
    "Metrics/EpLen": 500,
    "Metrics/EpRet": 10.777813911437988,
    "Metrics/LagrangeMultiplier": 0.9801229238510132,
    "Metrics/LagrangeMultiplier/Max": 0.9801229238510132,
    "Metrics/LagrangeMultiplier/Min": 0.9801229238510132,
    "Metrics/LagrangeMultiplier/Std": 0,
    "Misc/AcceptanceStep": 1,
    "Misc/Alpha": 1.4226398468017578,
    "Misc/FinalStepNorm": 0.2419387251138687,
    "Misc/H_inv_g": 0.17006322741508484,
    "Misc/gradient_norm": 0.15435098111629486,
    "Misc/xHx": 0.009881881065666676,
    "Safety/EpCostShield": 2.8499999046325684,
    "Safety/ShieldLagrangeMultiplier": 1.240530490875244,
    "Safety/ShieldLagrangeMultiplier/Max": 1.240530490875244,
    "Safety/ShieldLagrangeMultiplier/Min": 1.240530490875244,
    "Safety/ShieldLagrangeMultiplier/Std": 0,
    "Safety/shield_adv_c": -0.0067095449194312096,
    "Safety/shield_violation": 0.4191279411315918,
    "Time/Epoch": 115.24240112304688,
    "Time/FPS": 173.5472412109375,
    "Time/Rollout": 97.66411590576172,
    "Time/Total": 12179.2763671875,
    "Time/Update": 17.578245162963867,
    "TotalEnvSteps": 2000000,
    "Train/Entropy": 1.0311354398727417,
    "Train/Epoch": 99,
    "Train/KL": 0.0003929454833269119,
    "Train/LR": 0,
    "Train/PolicyRatio": 1.0021300315856934,
    "Train/PolicyRatio/Max": 1.0021300315856934,
    "Train/PolicyRatio/Min": 1.0021300315856934,
    "Train/PolicyRatio/Std": 0.0015061597805470228,
    "Train/PolicyStd": 0.7492298483848572,
    "Train/StopIter": 10,
    "Value/Adv": 1.0681151962899094e-08,
    "Value/cost": 0.44145023822784424,
    "Value/reward": 2.1722090244293213,
    "_runtime": 12180.792546509,
    "_step": 100,
    "_timestamp": 1746583801.928747,
    "_wandb": {
        "runtime": 12180
    }
}