{
    "Loss/Loss_cost_critic": 2.1763856410980225,
    "Loss/Loss_cost_critic/Delta": -3.1000492572784424,
    "Loss/Loss_pi": -0.201077401638031,
    "Loss/Loss_pi/Delta": -0.03709183633327484,
    "Loss/Loss_reward_critic": 0.09859903901815414,
    "Loss/Loss_reward_critic/Delta": 0.017725959420204163,
    "Metrics/EpCost": 3.430000066757202,
    "Metrics/EpLen": 500,
    "Metrics/EpRet": 10.62177276611328,
    "Metrics/LagrangeMultiplier": 1.0556037425994873,
    "Metrics/LagrangeMultiplier/Max": 1.0556037425994873,
    "Metrics/LagrangeMultiplier/Min": 1.0556037425994873,
    "Metrics/LagrangeMultiplier/Std": 0,
    "Safety/EpCostShield": 3.4000000953674316,
    "Safety/ShieldLagrangeMultiplier": 1.214250564575195,
    "Safety/ShieldLagrangeMultiplier/Max": 1.214250564575195,
    "Safety/ShieldLagrangeMultiplier/Min": 1.214250564575195,
    "Safety/ShieldLagrangeMultiplier/Std": 0,
    "Safety/shield_adv_c": "NaN",
    "Safety/shield_violation": 0.4766189455986023,
    "Time/Epoch": 259.37542724609375,
    "Time/FPS": 77.10830688476562,
    "Time/Rollout": 108.88818359375,
    "Time/Total": 26013.90234375,
    "Time/Update": 150.48715209960938,
    "TotalEnvSteps": 2000000,
    "Train/Entropy": 0.7195165753364563,
    "Train/Epoch": 99,
    "Train/KL": 0.0021771728061139584,
    "Train/LR": 0,
    "Train/PolicyRatio": 1.0008944272994995,
    "Train/PolicyRatio/Max": 1.0008944272994995,
    "Train/PolicyRatio/Min": 1.0008944272994995,
    "Train/PolicyRatio/Std": 0.00563485873863101,
    "Train/PolicyStd": 0.4969123601913452,
    "Train/StopIter": 40,
    "Value/Adv": 0.1995650976896286,
    "Value/cost": 0.2514106333255768,
    "Value/reward": 2.0370895862579346,
    "_runtime": 26015.885684371,
    "_step": 100,
    "_timestamp": 1746937165.8954709,
    "_wandb": {
        "runtime": 26015
    }
}