{
    "Loss/Loss_cost_critic": 1.4540857076644895,
    "Loss/Loss_cost_critic/Delta": -0.10920453071594238,
    "Loss/Loss_pi": -0.17171090841293335,
    "Loss/Loss_pi/Delta": 0.08160200715065002,
    "Loss/Loss_reward_critic": 0.0102298092097044,
    "Loss/Loss_reward_critic/Delta": 0.0046207173727452755,
    "Metrics/EpCost": 3.5399999618530273,
    "Metrics/EpLen": 1000,
    "Metrics/EpRet": 0.06808816641569138,
    "Metrics/LagrangeMultiplier": 2.698834180831909,
    "Metrics/LagrangeMultiplier/Max": 2.698834180831909,
    "Metrics/LagrangeMultiplier/Min": 2.698834180831909,
    "Metrics/LagrangeMultiplier/Std": 0,
    "Safety/EpCostShield": 12.550000190734863,
    "Safety/ShieldLagrangeMultiplier": 2.7688517570495605,
    "Safety/ShieldLagrangeMultiplier/Max": 2.7688517570495605,
    "Safety/ShieldLagrangeMultiplier/Min": 2.7688517570495605,
    "Safety/ShieldLagrangeMultiplier/Std": 0,
    "Safety/shield_adv_c": "NaN",
    "Safety/shield_violation": 1.5277318954467771,
    "Time/Epoch": 222.2560577392578,
    "Time/FPS": 89.98629760742188,
    "Time/Rollout": 97.61114501953124,
    "Time/Total": 20909.50390625,
    "Time/Update": 124.64485168457033,
    "TotalEnvSteps": 2000000,
    "Train/Entropy": 0.6442208290100098,
    "Train/Epoch": 99,
    "Train/KL": 0.003230980597436428,
    "Train/LR": 0,
    "Train/PolicyRatio": 1.001720905303955,
    "Train/PolicyRatio/Max": 1.0017210245132446,
    "Train/PolicyRatio/Min": 1.0017210245132446,
    "Train/PolicyRatio/Std": 0.006086616311222315,
    "Train/PolicyStd": 0.4981929659843445,
    "Train/StopIter": 40,
    "Value/Adv": 0.00856015458703041,
    "Value/cost": 0.5058341026306152,
    "Value/reward": -0.01719919592142105,
    "_runtime": 20911.509549179,
    "_step": 100,
    "_timestamp": 1746538597.5587006,
    "_wandb": {
        "runtime": 20911
    }
}