{
    "Loss/Loss_cost_critic": 1.3795933723449707,
    "Loss/Loss_cost_critic/Delta": 0.007469892501831055,
    "Loss/Loss_pi": -0.011974645778536797,
    "Loss/Loss_pi/Delta": 0.08537776209414005,
    "Loss/Loss_reward_critic": 0.014249742962419988,
    "Loss/Loss_reward_critic/Delta": 0.0019235797226428983,
    "Metrics/EpCost": 9.989999771118164,
    "Metrics/EpLen": 1000,
    "Metrics/EpRet": -0.12075535953044891,
    "Metrics/LagrangeMultiplier": 2.7008626461029053,
    "Metrics/LagrangeMultiplier/Max": 2.7008626461029053,
    "Metrics/LagrangeMultiplier/Min": 2.7008626461029053,
    "Metrics/LagrangeMultiplier/Std": 0,
    "Safety/EpCostShield": 19.399999618530273,
    "Safety/ShieldLagrangeMultiplier": 2.975613832473755,
    "Safety/ShieldLagrangeMultiplier/Max": 2.975613832473755,
    "Safety/ShieldLagrangeMultiplier/Min": 2.975613832473755,
    "Safety/ShieldLagrangeMultiplier/Std": 0,
    "Safety/shield_adv_c": "NaN",
    "Safety/shield_violation": 1.700920343399048,
    "Time/Epoch": 187.4637908935547,
    "Time/FPS": 106.68727111816406,
    "Time/Rollout": 94.22496795654295,
    "Time/Total": 17885.5390625,
    "Time/Update": 93.23876953125,
    "TotalEnvSteps": 2000000,
    "Train/Entropy": 0.8819679617881775,
    "Train/Epoch": 99,
    "Train/KL": 0.003940101247280836,
    "Train/LR": 0,
    "Train/PolicyRatio": 1.000788688659668,
    "Train/PolicyRatio/Max": 1.000788688659668,
    "Train/PolicyRatio/Min": 1.000788688659668,
    "Train/PolicyRatio/Std": 0.007233839482069016,
    "Train/PolicyStd": 0.5863562226295471,
    "Train/StopIter": 40,
    "Value/Adv": -0.23913152515888217,
    "Value/cost": 0.4768614172935486,
    "Value/reward": 0.0002246596268378198,
    "_runtime": 17901.979795578,
    "_step": 100,
    "_timestamp": 1747268168.1871972,
    "_wandb": {
        "runtime": 17901
    }
}