{
    "Loss/Loss_cost_critic": 3.9675638675689697,
    "Loss/Loss_cost_critic/Delta": 3.2809324860572815,
    "Loss/Loss_pi": -0.09726465493440628,
    "Loss/Loss_pi/Delta": 0.11466868966817856,
    "Loss/Loss_reward_critic": 0.07116525620222092,
    "Loss/Loss_reward_critic/Delta": -0.001679927110671997,
    "Metrics/EpCost": 3.069999933242798,
    "Metrics/EpLen": 500,
    "Metrics/EpRet": 7.657322406768799,
    "Metrics/LagrangeMultiplier": 1.373041033744812,
    "Metrics/LagrangeMultiplier/Max": 1.373041033744812,
    "Metrics/LagrangeMultiplier/Min": 1.373041033744812,
    "Metrics/LagrangeMultiplier/Std": 0,
    "Safety/EpCostShield": 14.5,
    "Safety/ShieldLagrangeMultiplier": 1.5343525409698486,
    "Safety/ShieldLagrangeMultiplier/Max": 1.5343525409698486,
    "Safety/ShieldLagrangeMultiplier/Min": 1.5343525409698486,
    "Safety/ShieldLagrangeMultiplier/Std": 0,
    "Safety/shield_adv_c": "NaN",
    "Safety/shield_violation": 0.5975337028503418,
    "Time/Epoch": 295.6537780761719,
    "Time/FPS": 67.64669036865234,
    "Time/Rollout": 102.60191345214844,
    "Time/Total": 27339.9140625,
    "Time/Update": 193.05178833007812,
    "TotalEnvSteps": 2000000,
    "Train/Entropy": 0.71705561876297,
    "Train/Epoch": 99,
    "Train/KL": 0.0027490064967423677,
    "Train/LR": 0,
    "Train/PolicyRatio": 1.001103401184082,
    "Train/PolicyRatio/Max": 1.0011035203933716,
    "Train/PolicyRatio/Min": 1.0011035203933716,
    "Train/PolicyRatio/Std": 0.006315527018159628,
    "Train/PolicyStd": 0.5341280102729797,
    "Train/StopIter": 40,
    "Value/Adv": 0.14451777935028076,
    "Value/cost": 0.2154504358768463,
    "Value/reward": 1.4937138557434082,
    "_runtime": 27342.08638572,
    "_step": 100,
    "_timestamp": 1746938905.828161,
    "_wandb": {
        "runtime": 27342
    }
}