{
    "Loss/Loss_cost_critic": 1.975318431854248,
    "Loss/Loss_cost_critic/Delta": 0.11951100826263428,
    "Loss/Loss_pi": -0.330132395029068,
    "Loss/Loss_pi/Delta": -0.01606154441833496,
    "Loss/Loss_reward_critic": 0.10558602213859558,
    "Loss/Loss_reward_critic/Delta": 0.015233337879180908,
    "Metrics/EpCost": 0.8999999761581421,
    "Metrics/EpLen": 500,
    "Metrics/EpRet": 11.152839660644531,
    "Metrics/LagrangeMultiplier": 0.7160899043083191,
    "Metrics/LagrangeMultiplier/Max": 0.7160899043083191,
    "Metrics/LagrangeMultiplier/Min": 0.7160899043083191,
    "Metrics/LagrangeMultiplier/Std": 0,
    "Misc/AcceptanceStep": 1,
    "Misc/Alpha": 2.2184135913848877,
    "Misc/FinalStepNorm": 0.2662130892276764,
    "Misc/H_inv_g": 0.12000156939029694,
    "Misc/gradient_norm": 0.12864182889461517,
    "Misc/xHx": 0.004063908476382494,
    "Safety/EpCostShield": 5.800000190734863,
    "Safety/ShieldLagrangeMultiplier": 0.981654405593872,
    "Safety/ShieldLagrangeMultiplier/Max": 0.981654405593872,
    "Safety/ShieldLagrangeMultiplier/Min": 0.981654405593872,
    "Safety/ShieldLagrangeMultiplier/Std": 0,
    "Safety/shield_adv_c": -0.08193962275981903,
    "Safety/shield_violation": 1.036449670791626,
    "Time/Epoch": 119.89108276367188,
    "Time/FPS": 166.81808471679688,
    "Time/Rollout": 96.98831176757812,
    "Time/Total": 12277.04296875,
    "Time/Update": 22.902732849121097,
    "TotalEnvSteps": 2000000,
    "Train/Entropy": 1.9657301902770996,
    "Train/Epoch": 99,
    "Train/KL": 0.00035716593265533447,
    "Train/LR": 0,
    "Train/PolicyRatio": 1.0035581588745115,
    "Train/PolicyRatio/Max": 1.0035581588745115,
    "Train/PolicyRatio/Min": 1.0035581588745115,
    "Train/PolicyRatio/Std": 0.0025159420911222696,
    "Train/PolicyStd": 2.018376350402832,
    "Train/StopIter": 10,
    "Value/Adv": 5.340575981449547e-09,
    "Value/cost": 0.5726358294487,
    "Value/reward": 2.2304558753967285,
    "_runtime": 12279.187856525,
    "_step": 100,
    "_timestamp": 1746545755.550779,
    "_wandb": {
        "runtime": 12279
    }
}