{
    "Loss/Loss_cost_critic": 4.619307518005371,
    "Loss/Loss_cost_critic/Delta": -0.10850763320922852,
    "Loss/Loss_pi": -0.17753319442272186,
    "Loss/Loss_pi/Delta": -0.07842594385147095,
    "Loss/Loss_reward_critic": 0.05299481377005577,
    "Loss/Loss_reward_critic/Delta": -0.006745394319295883,
    "Metrics/EpCost": 19.229999542236328,
    "Metrics/EpLen": 1000,
    "Metrics/EpRet": 13.395307540893556,
    "Metrics/LagrangeMultiplier": 3.003368377685547,
    "Metrics/LagrangeMultiplier/Max": 3.003368377685547,
    "Metrics/LagrangeMultiplier/Min": 3.003368377685547,
    "Metrics/LagrangeMultiplier/Std": 0,
    "Safety/EpCostShield": 38.95000076293945,
    "Safety/ShieldLagrangeMultiplier": 3.0188357830047607,
    "Safety/ShieldLagrangeMultiplier/Max": 3.0188357830047607,
    "Safety/ShieldLagrangeMultiplier/Min": 3.0188357830047607,
    "Safety/ShieldLagrangeMultiplier/Std": 0,
    "Safety/shield_adv_c": "NaN",
    "Safety/shield_violation": 4.764244079589844,
    "Time/Epoch": 216.2102203369141,
    "Time/FPS": 92.5025634765625,
    "Time/Rollout": 95.1787338256836,
    "Time/Total": 18794.123046875,
    "Time/Update": 121.03141021728516,
    "TotalEnvSteps": 2000000,
    "Train/Entropy": 0.07419958710670471,
    "Train/Epoch": 99,
    "Train/KL": 0.004283363465219736,
    "Train/LR": 0,
    "Train/PolicyRatio": 1.0013245344161987,
    "Train/PolicyRatio/Max": 1.0013246536254885,
    "Train/PolicyRatio/Min": 1.0013246536254885,
    "Train/PolicyRatio/Std": 0.0071752541698515415,
    "Train/PolicyStd": 0.2607538402080536,
    "Train/StopIter": 40,
    "Value/Adv": 0.006470926105976105,
    "Value/cost": 2.2666032314300537,
    "Value/reward": 1.541851043701172,
    "_runtime": 18808.045142252,
    "_step": 100,
    "_timestamp": 1747269076.693103,
    "_wandb": {
        "runtime": 18808
    }
}