{
    "Loss/Loss_cost_critic": 4.063772678375244,
    "Loss/Loss_cost_critic/Delta": -2.9583845138549805,
    "Loss/Loss_pi": -0.25519225001335144,
    "Loss/Loss_pi/Delta": -0.21096016839146617,
    "Loss/Loss_reward_critic": 0.047385964542627335,
    "Loss/Loss_reward_critic/Delta": -0.005125448107719421,
    "Metrics/EpCost": 20.709999084472656,
    "Metrics/EpLen": 1000,
    "Metrics/EpRet": 15.045846939086914,
    "Metrics/LagrangeMultiplier": 2.728476047515869,
    "Metrics/LagrangeMultiplier/Max": 2.728476047515869,
    "Metrics/LagrangeMultiplier/Min": 2.728476047515869,
    "Metrics/LagrangeMultiplier/Std": 0,
    "Safety/EpCostShield": 25.75,
    "Safety/ShieldLagrangeMultiplier": 2.6868298053741455,
    "Safety/ShieldLagrangeMultiplier/Max": 2.6868298053741455,
    "Safety/ShieldLagrangeMultiplier/Min": 2.6868298053741455,
    "Safety/ShieldLagrangeMultiplier/Std": 0,
    "Safety/shield_adv_c": "NaN",
    "Safety/shield_violation": 4.324352264404297,
    "Time/Epoch": 176.34739685058594,
    "Time/FPS": 113.41250610351562,
    "Time/Rollout": 79.82332611083984,
    "Time/Total": 17986.90625,
    "Time/Update": 96.52400970458984,
    "TotalEnvSteps": 2000000,
    "Train/Entropy": 0.06285297125577927,
    "Train/Epoch": 99,
    "Train/KL": 0.003693023230880499,
    "Train/LR": 0,
    "Train/PolicyRatio": 1.0007264614105225,
    "Train/PolicyRatio/Max": 1.000726580619812,
    "Train/PolicyRatio/Min": 1.000726580619812,
    "Train/PolicyRatio/Std": 0.006605775561183691,
    "Train/PolicyStd": 0.25850552320480347,
    "Train/StopIter": 40,
    "Value/Adv": 0.23696047067642212,
    "Value/cost": 1.9540287256240845,
    "Value/reward": 1.4399571418762207,
    "_runtime": 18002.770231588,
    "_step": 100,
    "_timestamp": 1747268269.4624815,
    "_wandb": {
        "runtime": 18002
    }
}