{
    "Loss/Loss_cost_critic": 2.984886407852173,
    "Loss/Loss_cost_critic/Delta": -1.6102430820465088,
    "Loss/Loss_pi": -0.24429602921009064,
    "Loss/Loss_pi/Delta": -0.2916010469198227,
    "Loss/Loss_reward_critic": 0.06015137955546379,
    "Loss/Loss_reward_critic/Delta": -0.015504371374845505,
    "Metrics/EpCost": 12.449999809265137,
    "Metrics/EpLen": 1000,
    "Metrics/EpRet": 8.815169334411621,
    "Metrics/LagrangeMultiplier": 2.5025033950805664,
    "Metrics/LagrangeMultiplier/Max": 2.5025033950805664,
    "Metrics/LagrangeMultiplier/Min": 2.5025033950805664,
    "Metrics/LagrangeMultiplier/Std": 0,
    "Misc/AcceptanceStep": 1,
    "Misc/Alpha": 0.8392860889434814,
    "Misc/FinalStepNorm": 0.25493931770324707,
    "Misc/H_inv_g": 0.30375736951828003,
    "Misc/gradient_norm": 0.3109200894832611,
    "Misc/xHx": 0.02839290350675583,
    "Safety/EpCostShield": 12.699999809265137,
    "Safety/ShieldLagrangeMultiplier": 2.557311534881592,
    "Safety/ShieldLagrangeMultiplier/Max": 2.557311534881592,
    "Safety/ShieldLagrangeMultiplier/Min": 2.557311534881592,
    "Safety/ShieldLagrangeMultiplier/Std": 0,
    "Safety/shield_adv_c": -0.001651860773563385,
    "Safety/shield_violation": 3.0488104820251465,
    "Time/Epoch": 120.42926025390624,
    "Time/FPS": 166.07260131835938,
    "Time/Rollout": 94.3379898071289,
    "Time/Total": 12924.9482421875,
    "Time/Update": 26.091236114501953,
    "TotalEnvSteps": 2000000,
    "Train/Entropy": 1.0805193185806274,
    "Train/Epoch": 99,
    "Train/KL": 0.00037556688766926527,
    "Train/LR": 0,
    "Train/PolicyRatio": 1.0031522512435913,
    "Train/PolicyRatio/Max": 1.0031522512435913,
    "Train/PolicyRatio/Min": 1.0031522512435913,
    "Train/PolicyRatio/Std": 0.002228950150310993,
    "Train/PolicyStd": 0.7134364247322083,
    "Train/StopIter": 10,
    "Value/Adv": 1.4877318932349226e-08,
    "Value/cost": 1.1864229440689087,
    "Value/reward": 1.0251871347427368,
    "_runtime": 12933.747664015,
    "_step": 100,
    "_timestamp": 1747263207.518164,
    "_wandb": {
        "runtime": 12933
    }
}