{
    "Loss/Loss_cost_critic": 2.944066047668457,
    "Loss/Loss_cost_critic/Delta": -0.4884564876556397,
    "Loss/Loss_pi": -0.003867280436679721,
    "Loss/Loss_pi/Delta": -0.011677653761580586,
    "Loss/Loss_reward_critic": 0.04805007204413414,
    "Loss/Loss_reward_critic/Delta": 0.0004884935915470123,
    "Metrics/EpCost": 7.619999885559082,
    "Metrics/EpLen": 1000,
    "Metrics/EpRet": 5.9033331871032715,
    "Metrics/LagrangeMultiplier": 2.3597841262817383,
    "Metrics/LagrangeMultiplier/Max": 2.3597841262817383,
    "Metrics/LagrangeMultiplier/Min": 2.3597841262817383,
    "Metrics/LagrangeMultiplier/Std": 0,
    "Misc/AcceptanceStep": 1,
    "Misc/Alpha": 1.1041923761367798,
    "Misc/FinalStepNorm": 0.2948240041732788,
    "Misc/H_inv_g": 0.26700419187545776,
    "Misc/gradient_norm": 0.2517562210559845,
    "Misc/xHx": 0.016403641551733017,
    "Safety/EpCostShield": 19.799999237060547,
    "Safety/ShieldLagrangeMultiplier": 2.3421742916107178,
    "Safety/ShieldLagrangeMultiplier/Max": 2.3421742916107178,
    "Safety/ShieldLagrangeMultiplier/Min": 2.3421742916107178,
    "Safety/ShieldLagrangeMultiplier/Std": 0,
    "Safety/shield_adv_c": -0.20859086513519287,
    "Safety/shield_violation": 1.5491642951965332,
    "Time/Epoch": 72.82298278808594,
    "Time/FPS": 274.6385803222656,
    "Time/Rollout": 57.228424072265625,
    "Time/Total": 7658.2099609375,
    "Time/Update": 15.594534873962402,
    "TotalEnvSteps": 2000000,
    "Train/Entropy": 1.3038641214370728,
    "Train/Epoch": 99,
    "Train/KL": 0.0002997576957568526,
    "Train/LR": 0,
    "Train/PolicyRatio": 0.9983866810798644,
    "Train/PolicyRatio/Max": 0.9983867406845092,
    "Train/PolicyRatio/Min": 0.9983867406845092,
    "Train/PolicyRatio/Std": 0.001140774693340063,
    "Train/PolicyStd": 0.8924549221992493,
    "Train/StopIter": 10,
    "Value/Adv": -9.155272984173736e-09,
    "Value/cost": 0.6509403586387634,
    "Value/reward": 0.5618934035301208,
    "_runtime": 7660.139132365,
    "_step": 100,
    "_timestamp": 1746550422.7591488,
    "_wandb": {
        "runtime": 7660
    }
}