{
    "Loss/Loss_cost_critic": 2.823826551437378,
    "Loss/Loss_cost_critic/Delta": -1.0303006172180176,
    "Loss/Loss_pi": -0.39522242546081543,
    "Loss/Loss_pi/Delta": -0.15465407073497772,
    "Loss/Loss_reward_critic": 0.04598791152238846,
    "Loss/Loss_reward_critic/Delta": 0.0002484358847141266,
    "Metrics/EpCost": 12.34000015258789,
    "Metrics/EpLen": 1000,
    "Metrics/EpRet": 9.662521362304688,
    "Metrics/LagrangeMultiplier": 3.096797227859497,
    "Metrics/LagrangeMultiplier/Max": 3.096797227859497,
    "Metrics/LagrangeMultiplier/Min": 3.096797227859497,
    "Metrics/LagrangeMultiplier/Std": 0,
    "Safety/EpCostShield": 14.050000190734863,
    "Safety/ShieldLagrangeMultiplier": 3.044487714767456,
    "Safety/ShieldLagrangeMultiplier/Max": 3.044487714767456,
    "Safety/ShieldLagrangeMultiplier/Min": 3.044487714767456,
    "Safety/ShieldLagrangeMultiplier/Std": 0,
    "Safety/shield_adv_c": "NaN",
    "Safety/shield_violation": 3.981990337371826,
    "Time/Epoch": 279.298828125,
    "Time/FPS": 71.6078872680664,
    "Time/Rollout": 86.86105346679688,
    "Time/Total": 27983.2734375,
    "Time/Update": 192.43768310546875,
    "TotalEnvSteps": 2000000,
    "Train/Entropy": 0.7206325531005859,
    "Train/Epoch": 99,
    "Train/KL": 0.00260195997543633,
    "Train/LR": 0,
    "Train/PolicyRatio": 1.0013645887374878,
    "Train/PolicyRatio/Max": 1.0013645887374878,
    "Train/PolicyRatio/Min": 1.0013645887374878,
    "Train/PolicyRatio/Std": 0.005833829753100872,
    "Train/PolicyStd": 0.5113852620124817,
    "Train/StopIter": 40,
    "Value/Adv": 0.4090542793273926,
    "Value/cost": 1.538923263549805,
    "Value/reward": 1.189179301261902,
    "_runtime": 27985.4703229,
    "_step": 100,
    "_timestamp": 1746926800.338565,
    "_wandb": {
        "runtime": 27985
    }
}