{
    "Loss/Loss_cost_critic": 1.841961979866028,
    "Loss/Loss_cost_critic/Delta": 0.9794734120368958,
    "Loss/Loss_pi": -0.14729945361614227,
    "Loss/Loss_pi/Delta": 0.2106710225343704,
    "Loss/Loss_reward_critic": 0.12156667560338974,
    "Loss/Loss_reward_critic/Delta": 0.01917724311351776,
    "Metrics/EpCost": 1.0499999523162842,
    "Metrics/EpLen": 500,
    "Metrics/EpRet": 11.269824028015137,
    "Metrics/LagrangeMultiplier": 0.7120810747146606,
    "Metrics/LagrangeMultiplier/Max": 0.7120810747146606,
    "Metrics/LagrangeMultiplier/Min": 0.7120810747146606,
    "Metrics/LagrangeMultiplier/Std": 0,
    "Misc/AcceptanceStep": 1,
    "Misc/Alpha": 2.5925488471984863,
    "Misc/FinalStepNorm": 0.29720574617385864,
    "Misc/H_inv_g": 0.11463843286037444,
    "Misc/gradient_norm": 0.06147904694080353,
    "Misc/xHx": 0.002975600305944681,
    "Safety/EpCostShield": 5.625,
    "Safety/ShieldLagrangeMultiplier": 0.9675403237342834,
    "Safety/ShieldLagrangeMultiplier/Max": 0.9675403237342834,
    "Safety/ShieldLagrangeMultiplier/Min": 0.9675403237342834,
    "Safety/ShieldLagrangeMultiplier/Std": 0,
    "Safety/shield_adv_c": -0.057540521025657654,
    "Safety/shield_violation": 0.6617162823677063,
    "Time/Epoch": 123.92437744140624,
    "Time/FPS": 161.3887481689453,
    "Time/Rollout": 106.4630889892578,
    "Time/Total": 12288.6865234375,
    "Time/Update": 17.46126365661621,
    "TotalEnvSteps": 2000000,
    "Train/Entropy": 1.901464819908142,
    "Train/Epoch": 99,
    "Train/KL": 0.0003491693059913814,
    "Train/LR": 0,
    "Train/PolicyRatio": 1.0024137496948242,
    "Train/PolicyRatio/Max": 1.0024137496948242,
    "Train/PolicyRatio/Min": 1.0024137496948242,
    "Train/PolicyRatio/Std": 0.0017067226581275463,
    "Train/PolicyStd": 1.964239478111267,
    "Train/StopIter": 10,
    "Value/Adv": -9.536742950899681e-09,
    "Value/cost": 0.035043902695178986,
    "Value/reward": 2.2893519401550293,
    "_runtime": 12290.418039484,
    "_step": 100,
    "_timestamp": 1746605814.536882,
    "_wandb": {
        "runtime": 12290
    }
}