{
    "Loss/Loss_cost_critic": 0.1569971889257431,
    "Loss/Loss_cost_critic/Delta": 0.0364023894071579,
    "Loss/Loss_pi": -0.006935825105756521,
    "Loss/Loss_pi/Delta": -0.003514982294291258,
    "Loss/Loss_reward_critic": 0.007197626866400242,
    "Loss/Loss_reward_critic/Delta": -0.003444037400186062,
    "Metrics/EpCost": 3.5999999046325684,
    "Metrics/EpLen": 1000,
    "Metrics/EpRet": -0.04035615548491478,
    "Metrics/LagrangeMultiplier": 21.14714813232422,
    "Metrics/LagrangeMultiplier/Max": 21.14714813232422,
    "Metrics/LagrangeMultiplier/Min": 21.14714813232422,
    "Metrics/LagrangeMultiplier/Std": 0,
    "Misc/AcceptanceStep": 1,
    "Misc/Alpha": 1.7824524641036987,
    "Misc/FinalStepNorm": 0.31557372212409973,
    "Misc/H_inv_g": 0.17704467475414276,
    "Misc/gradient_norm": 0.06564044207334518,
    "Misc/xHx": 0.006294966209679842,
    "Time/Epoch": 88.66560363769531,
    "Time/FPS": 225.5666046142578,
    "Time/Rollout": 79.31181335449219,
    "Time/Total": 9002.8427734375,
    "Time/Update": 9.353767395019531,
    "TotalEnvSteps": 2000000,
    "Train/Entropy": 1.4106365442276,
    "Train/Epoch": 99,
    "Train/KL": 0.00025561419897712767,
    "Train/LR": 0,
    "Train/PolicyRatio": 1.000139236450195,
    "Train/PolicyRatio/Max": 1.000139236450195,
    "Train/PolicyRatio/Min": 1.000139236450195,
    "Train/PolicyRatio/Std": 9.839887206908315e-05,
    "Train/PolicyStd": 0.9923227429389954,
    "Train/StopIter": 10,
    "Value/Adv": 4.577636492086867e-09,
    "Value/cost": 0.09997285157442092,
    "Value/reward": 0.005540717393159866,
    "_runtime": 9012.146563421,
    "_step": 100,
    "_timestamp": 1745020551.6811883,
    "_wandb": {
        "runtime": 9012
    }
}