{
    "Loss/Loss_cost_critic": 1.701619267463684,
    "Loss/Loss_cost_critic/Delta": 0.7167597413063049,
    "Loss/Loss_pi": -0.2796958386898041,
    "Loss/Loss_pi/Delta": 0.09215131402015686,
    "Loss/Loss_reward_critic": 0.005421578884124756,
    "Loss/Loss_reward_critic/Delta": 0.0004052892327308655,
    "Metrics/EpCost": 1.5199999809265137,
    "Metrics/EpLen": 1000,
    "Metrics/EpRet": -0.17186850309371948,
    "Metrics/LagrangeMultiplier": 2.1187191009521484,
    "Metrics/LagrangeMultiplier/Max": 2.1187191009521484,
    "Metrics/LagrangeMultiplier/Min": 2.1187191009521484,
    "Metrics/LagrangeMultiplier/Std": 0,
    "Misc/AcceptanceStep": 1,
    "Misc/Alpha": 1.6592929363250732,
    "Misc/FinalStepNorm": 0.3555879294872284,
    "Misc/H_inv_g": 0.21430087089538577,
    "Misc/gradient_norm": 0.08062303811311722,
    "Misc/xHx": 0.007264124229550362,
    "Safety/EpCostShield": 22.5,
    "Safety/ShieldLagrangeMultiplier": 2.206285238265991,
    "Safety/ShieldLagrangeMultiplier/Max": 2.206285238265991,
    "Safety/ShieldLagrangeMultiplier/Min": 2.206285238265991,
    "Safety/ShieldLagrangeMultiplier/Std": 0,
    "Safety/shield_adv_c": -0.42666369676589966,
    "Safety/shield_violation": 2.4313278198242188,
    "Time/Epoch": 117.65203094482422,
    "Time/FPS": 169.99281311035156,
    "Time/Rollout": 94.35157012939452,
    "Time/Total": 11782.3173828125,
    "Time/Update": 23.30043601989746,
    "TotalEnvSteps": 2000000,
    "Train/Entropy": 2.432366371154785,
    "Train/Epoch": 99,
    "Train/KL": 0.0001992431207327172,
    "Train/LR": 0,
    "Train/PolicyRatio": 1.0010147094726562,
    "Train/PolicyRatio/Max": 1.0010147094726562,
    "Train/PolicyRatio/Min": 1.0010147094726562,
    "Train/PolicyRatio/Std": 0.0007175079663284123,
    "Train/PolicyStd": 2.7942819595336914,
    "Train/StopIter": 10,
    "Value/Adv": -1.8310545968347472e-08,
    "Value/cost": 0.359859824180603,
    "Value/reward": 0.030330706387758255,
    "_runtime": 11783.253799539,
    "_step": 100,
    "_timestamp": 1746508168.7723632,
    "_wandb": {
        "runtime": 11783
    }
}