{
    "Loss/Loss_cost_critic": 6.139556407928467,
    "Loss/Loss_cost_critic/Delta": 2.3875112533569336,
    "Loss/Loss_pi": -0.2838449776172638,
    "Loss/Loss_pi/Delta": -0.008138597011566162,
    "Loss/Loss_reward_critic": 0.2274557948112488,
    "Loss/Loss_reward_critic/Delta": 0.006329774856567383,
    "Metrics/EpCost": 4.389999866485596,
    "Metrics/EpLen": 500,
    "Metrics/EpRet": 25.863964080810547,
    "Metrics/LagrangeMultiplier": 1.166449785232544,
    "Metrics/LagrangeMultiplier/Max": 1.166449785232544,
    "Metrics/LagrangeMultiplier/Min": 1.166449785232544,
    "Metrics/LagrangeMultiplier/Std": 0,
    "Misc/AcceptanceStep": 1,
    "Misc/Alpha": 1.9090625047683716,
    "Misc/FinalStepNorm": 0.25103285908699036,
    "Misc/H_inv_g": 0.13149535655975342,
    "Misc/gradient_norm": 0.21573717892169952,
    "Misc/xHx": 0.005487681366503239,
    "Safety/EpCostShield": 14.425000190734863,
    "Safety/ShieldLagrangeMultiplier": 1.288390040397644,
    "Safety/ShieldLagrangeMultiplier/Max": 1.288390040397644,
    "Safety/ShieldLagrangeMultiplier/Min": 1.288390040397644,
    "Safety/ShieldLagrangeMultiplier/Std": 0,
    "Safety/shield_adv_c": 0.40788689255714417,
    "Safety/shield_violation": 2.276583671569824,
    "Time/Epoch": 97.13078308105467,
    "Time/FPS": 205.9079437255859,
    "Time/Rollout": 80.68433380126953,
    "Time/Total": 9951.0654296875,
    "Time/Update": 16.44641876220703,
    "TotalEnvSteps": 2000000,
    "Train/Entropy": 1.7794121503829956,
    "Train/Epoch": 99,
    "Train/KL": 0.0004141612444072962,
    "Train/LR": 0,
    "Train/PolicyRatio": 1.002137541770935,
    "Train/PolicyRatio/Max": 1.002137541770935,
    "Train/PolicyRatio/Min": 1.002137541770935,
    "Train/PolicyRatio/Std": 0.0015114983543753624,
    "Train/PolicyStd": 1.4637027978897097,
    "Train/StopIter": 10,
    "Value/Adv": 1.5258788677030564e-09,
    "Value/cost": 0.8294748067855835,
    "Value/reward": 5.110345840454102,
    "_runtime": 9952.314492194,
    "_step": 100,
    "_timestamp": 1746916916.914885,
    "_wandb": {
        "runtime": 9952
    }
}