{
    "Loss/Loss_cost_critic": 6.567909240722656,
    "Loss/Loss_cost_critic/Delta": 0.8693585395812988,
    "Loss/Loss_pi": 0.12930406630039215,
    "Loss/Loss_pi/Delta": 0.7199943214654922,
    "Loss/Loss_reward_critic": 0.042211949825286865,
    "Loss/Loss_reward_critic/Delta": -0.01728745922446251,
    "Metrics/EpCost": 38.36000061035156,
    "Metrics/EpLen": 1000,
    "Metrics/EpRet": 6.280273914337158,
    "Metrics/LagrangeMultiplier": 2.927050828933716,
    "Metrics/LagrangeMultiplier/Max": 2.927050828933716,
    "Metrics/LagrangeMultiplier/Min": 2.927050828933716,
    "Metrics/LagrangeMultiplier/Std": 0,
    "Safety/EpCostShield": 99.1999969482422,
    "Safety/ShieldLagrangeMultiplier": 2.932809829711914,
    "Safety/ShieldLagrangeMultiplier/Max": 2.932809829711914,
    "Safety/ShieldLagrangeMultiplier/Min": 2.932809829711914,
    "Safety/ShieldLagrangeMultiplier/Std": 0,
    "Safety/shield_adv_c": "NaN",
    "Safety/shield_violation": 7.64989709854126,
    "Time/Epoch": 221.56297302246097,
    "Time/FPS": 90.26779174804688,
    "Time/Rollout": 98.9028778076172,
    "Time/Total": 19084.06640625,
    "Time/Update": 122.66004943847656,
    "TotalEnvSteps": 2000000,
    "Train/Entropy": 0.05881442874670029,
    "Train/Epoch": 99,
    "Train/KL": 0.004846697673201561,
    "Train/LR": 0,
    "Train/PolicyRatio": 0.9993117451667786,
    "Train/PolicyRatio/Max": 0.9993117451667786,
    "Train/PolicyRatio/Min": 0.9993117451667786,
    "Train/PolicyRatio/Std": 0.007555282674729824,
    "Train/PolicyStd": 0.2566324472427368,
    "Train/StopIter": 40,
    "Value/Adv": -0.09094104170799255,
    "Value/cost": 3.1706619262695312,
    "Value/reward": 0.9527704119682312,
    "_runtime": 19085.552122036,
    "_step": 100,
    "_timestamp": 1746641116.8450837,
    "_wandb": {
        "runtime": 19085
    }
}