{
    "Loss/Loss_cost_critic": 2.864405632019043,
    "Loss/Loss_cost_critic/Delta": 0.8857454061508179,
    "Loss/Loss_pi": -0.12880723178386688,
    "Loss/Loss_pi/Delta": 0.06858415901660919,
    "Loss/Loss_reward_critic": 0.01084123644977808,
    "Loss/Loss_reward_critic/Delta": 0.002529286779463291,
    "Metrics/EpCost": 10.3100004196167,
    "Metrics/EpLen": 1000,
    "Metrics/EpRet": 0.4596252739429474,
    "Metrics/LagrangeMultiplier": 2.648958921432495,
    "Metrics/LagrangeMultiplier/Max": 2.648958921432495,
    "Metrics/LagrangeMultiplier/Min": 2.648958921432495,
    "Metrics/LagrangeMultiplier/Std": 0,
    "Safety/EpCostShield": 39.099998474121094,
    "Safety/ShieldLagrangeMultiplier": 2.710495948791504,
    "Safety/ShieldLagrangeMultiplier/Max": 2.710495948791504,
    "Safety/ShieldLagrangeMultiplier/Min": 2.710495948791504,
    "Safety/ShieldLagrangeMultiplier/Std": 0,
    "Safety/shield_adv_c": "NaN",
    "Safety/shield_violation": 3.0232856273651123,
    "Time/Epoch": 198.3526611328125,
    "Time/FPS": 100.83051300048828,
    "Time/Rollout": 99.7724609375,
    "Time/Total": 18443.724609375,
    "Time/Update": 98.58013916015624,
    "TotalEnvSteps": 2000000,
    "Train/Entropy": 0.6591654419898987,
    "Train/Epoch": 99,
    "Train/KL": 0.003995518200099468,
    "Train/LR": 0,
    "Train/PolicyRatio": 1.001246690750122,
    "Train/PolicyRatio/Max": 1.001246690750122,
    "Train/PolicyRatio/Min": 1.001246690750122,
    "Train/PolicyRatio/Std": 0.006701416335999966,
    "Train/PolicyStd": 0.5829535722732544,
    "Train/StopIter": 40,
    "Value/Adv": 0.02266746014356613,
    "Value/cost": 0.8556734323501587,
    "Value/reward": 0.06693053245544434,
    "_runtime": 18444.93580349,
    "_step": 100,
    "_timestamp": 1746536533.4984982,
    "_wandb": {
        "runtime": 18444
    }
}