{
    "Loss/Loss_cost_critic": 2.2077441215515137,
    "Loss/Loss_cost_critic/Delta": -0.5190863609313965,
    "Loss/Loss_pi": -0.30461177229881287,
    "Loss/Loss_pi/Delta": 0.013366520404815674,
    "Loss/Loss_reward_critic": 0.047069001942873,
    "Loss/Loss_reward_critic/Delta": 0.001824215054512024,
    "Metrics/EpCost": 7.659999847412109,
    "Metrics/EpLen": 1000,
    "Metrics/EpRet": 7.967911243438721,
    "Metrics/LagrangeMultiplier": 2.3588080406188965,
    "Metrics/LagrangeMultiplier/Max": 2.3588080406188965,
    "Metrics/LagrangeMultiplier/Min": 2.3588080406188965,
    "Metrics/LagrangeMultiplier/Std": 0,
    "Misc/AcceptanceStep": 1,
    "Misc/Alpha": 1.262519598007202,
    "Misc/FinalStepNorm": 0.2997015714645386,
    "Misc/H_inv_g": 0.23738369345664975,
    "Misc/gradient_norm": 0.117779940366745,
    "Misc/xHx": 0.012547389604151247,
    "Safety/EpCostShield": 13.899999618530272,
    "Safety/ShieldLagrangeMultiplier": 2.3692450523376465,
    "Safety/ShieldLagrangeMultiplier/Max": 2.3692450523376465,
    "Safety/ShieldLagrangeMultiplier/Min": 2.3692450523376465,
    "Safety/ShieldLagrangeMultiplier/Std": 0,
    "Safety/shield_adv_c": -0.45790302753448486,
    "Safety/shield_violation": 2.125533103942871,
    "Time/Epoch": 75.68019104003906,
    "Time/FPS": 264.26995849609375,
    "Time/Rollout": 61.11589050292969,
    "Time/Total": 7928.09130859375,
    "Time/Update": 14.564276695251465,
    "TotalEnvSteps": 2000000,
    "Train/Entropy": 1.8905715942382812,
    "Train/Epoch": 99,
    "Train/KL": 0.0003154756559524685,
    "Train/LR": 0,
    "Train/PolicyRatio": 1.00326669216156,
    "Train/PolicyRatio/Max": 1.00326669216156,
    "Train/PolicyRatio/Min": 1.00326669216156,
    "Train/PolicyRatio/Std": 0.002309872070327401,
    "Train/PolicyStd": 1.6047552824020386,
    "Train/StopIter": 10,
    "Value/Adv": 1.7547607811252423e-08,
    "Value/cost": 0.7052485346794128,
    "Value/reward": 0.9399877190589904,
    "_runtime": 7929.688274809,
    "_step": 100,
    "_timestamp": 1746527368.748211,
    "_wandb": {
        "runtime": 7929
    }
}