{
    "Loss/Loss_cost_critic": 3.0423595905303955,
    "Loss/Loss_cost_critic/Delta": -0.5254919528961182,
    "Loss/Loss_pi": -0.35671550035476685,
    "Loss/Loss_pi/Delta": -0.10026586055755617,
    "Loss/Loss_reward_critic": 0.03600582852959633,
    "Loss/Loss_reward_critic/Delta": 0.007258318364620209,
    "Metrics/EpCost": 14.920000076293944,
    "Metrics/EpLen": 1000,
    "Metrics/EpRet": 8.768820762634277,
    "Metrics/LagrangeMultiplier": 2.9122273921966553,
    "Metrics/LagrangeMultiplier/Max": 2.9122273921966553,
    "Metrics/LagrangeMultiplier/Min": 2.9122273921966553,
    "Metrics/LagrangeMultiplier/Std": 0,
    "Safety/EpCostShield": 20.25,
    "Safety/ShieldLagrangeMultiplier": 2.9308063983917236,
    "Safety/ShieldLagrangeMultiplier/Max": 2.9308063983917236,
    "Safety/ShieldLagrangeMultiplier/Min": 2.9308063983917236,
    "Safety/ShieldLagrangeMultiplier/Std": 0,
    "Safety/shield_adv_c": "NaN",
    "Safety/shield_violation": 4.263659954071045,
    "Time/Epoch": 224.75494384765625,
    "Time/FPS": 88.98580932617188,
    "Time/Rollout": 79.02852630615234,
    "Time/Total": 20657.173828125,
    "Time/Update": 145.72628784179688,
    "TotalEnvSteps": 2000000,
    "Train/Entropy": 0.5594539642333984,
    "Train/Epoch": 99,
    "Train/KL": 0.003248837310820818,
    "Train/LR": 0,
    "Train/PolicyRatio": 1.001860499382019,
    "Train/PolicyRatio/Max": 1.001860499382019,
    "Train/PolicyRatio/Min": 1.001860499382019,
    "Train/PolicyRatio/Std": 0.006212316919118166,
    "Train/PolicyStd": 0.44401100277900696,
    "Train/StopIter": 40,
    "Value/Adv": -0.1032629907131195,
    "Value/cost": 1.7008386850357056,
    "Value/reward": 0.986388862133026,
    "_runtime": 20659.021573653,
    "_step": 100,
    "_timestamp": 1746614112.631224,
    "_wandb": {
        "runtime": 20659
    }
}