{
    "Loss/Loss_cost_critic": 0.8168132305145264,
    "Loss/Loss_cost_critic/Delta": 0.09305340051651,
    "Loss/Loss_pi": -0.006826660130172968,
    "Loss/Loss_pi/Delta": -0.00116624403744936,
    "Loss/Loss_reward_critic": 0.19291839003562927,
    "Loss/Loss_reward_critic/Delta": -0.003592327237129211,
    "Metrics/EpCost": 4.179999828338623,
    "Metrics/EpLen": 500,
    "Metrics/EpRet": 34.757869720458984,
    "Metrics/LagrangeMultiplier": 1.1739490032196045,
    "Metrics/LagrangeMultiplier/Max": 1.1739490032196045,
    "Metrics/LagrangeMultiplier/Min": 1.1739490032196045,
    "Metrics/LagrangeMultiplier/Std": 0,
    "Misc/AcceptanceStep": 1,
    "Misc/Alpha": 1.723712682723999,
    "Misc/FinalStepNorm": 0.22186417877674103,
    "Misc/H_inv_g": 0.1287129670381546,
    "Misc/gradient_norm": 0.13668791949748993,
    "Misc/xHx": 0.006731310859322548,
    "Time/Epoch": 100.26397705078124,
    "Time/FPS": 199.4734344482422,
    "Time/Rollout": 91.79963684082033,
    "Time/Total": 9950.4423828125,
    "Time/Update": 8.464323043823242,
    "TotalEnvSteps": 2000000,
    "Train/Entropy": 0.6173732280731201,
    "Train/Epoch": 99,
    "Train/KL": 0.0004341734165791422,
    "Train/LR": 0,
    "Train/PolicyRatio": 1.0002673864364624,
    "Train/PolicyRatio/Max": 1.0002673864364624,
    "Train/PolicyRatio/Min": 1.0002673864364624,
    "Train/PolicyRatio/Std": 0.0001890426647150889,
    "Train/PolicyStd": 0.48098573088645935,
    "Train/StopIter": 10,
    "Value/Adv": -2.3841857377249202e-09,
    "Value/cost": 1.0121359825134275,
    "Value/reward": 6.959183692932129,
    "_runtime": 9952.508238484,
    "_step": 100,
    "_timestamp": 1743315876.8729944,
    "_wandb": {
        "runtime": 9952
    }
}