{
    "Loss/Loss_cost_critic": 1.7428183555603027,
    "Loss/Loss_cost_critic/Delta": 0.3468751907348633,
    "Loss/Loss_pi": -0.2188389748334885,
    "Loss/Loss_pi/Delta": 0.06633274257183075,
    "Loss/Loss_reward_critic": 0.039762843400239944,
    "Loss/Loss_reward_critic/Delta": -0.00198432058095932,
    "Metrics/EpCost": 3.5299999713897705,
    "Metrics/EpLen": 1000,
    "Metrics/EpRet": 4.887219429016113,
    "Metrics/LagrangeMultiplier": 2.3114609718322754,
    "Metrics/LagrangeMultiplier/Max": 2.3114609718322754,
    "Metrics/LagrangeMultiplier/Min": 2.3114609718322754,
    "Metrics/LagrangeMultiplier/Std": 0,
    "Misc/AcceptanceStep": 1,
    "Misc/Alpha": 1.562748908996582,
    "Misc/FinalStepNorm": 0.31165745854377747,
    "Misc/H_inv_g": 0.1994290053844452,
    "Misc/gradient_norm": 0.10084421932697296,
    "Misc/xHx": 0.00818938110023737,
    "Safety/EpCostShield": 12.199999809265137,
    "Safety/ShieldLagrangeMultiplier": 2.299320936203003,
    "Safety/ShieldLagrangeMultiplier/Max": 2.299320936203003,
    "Safety/ShieldLagrangeMultiplier/Min": 2.299320936203003,
    "Safety/ShieldLagrangeMultiplier/Std": 0,
    "Safety/shield_adv_c": 0.33376163244247437,
    "Safety/shield_violation": 1.0376509428024292,
    "Time/Epoch": 75.74679565429688,
    "Time/FPS": 264.03759765625,
    "Time/Rollout": 61.51996612548828,
    "Time/Total": 7876.3369140625,
    "Time/Update": 14.226802825927734,
    "TotalEnvSteps": 2000000,
    "Train/Entropy": 2.1022984981536865,
    "Train/Epoch": 99,
    "Train/KL": 0.0002909494796767831,
    "Train/LR": 0,
    "Train/PolicyRatio": 1.001612663269043,
    "Train/PolicyRatio/Max": 1.001612663269043,
    "Train/PolicyRatio/Min": 1.001612663269043,
    "Train/PolicyRatio/Std": 0.00114038132596761,
    "Train/PolicyStd": 1.999459147453308,
    "Train/StopIter": 10,
    "Value/Adv": 8.392333938900265e-09,
    "Value/cost": 0.4100005030632019,
    "Value/reward": 0.6369481682777405,
    "_runtime": 7877.99018333,
    "_step": 100,
    "_timestamp": 1746526821.3248174,
    "_wandb": {
        "runtime": 7877
    }
}