{
    "Loss/Loss_cost_critic": 0.04279877990484238,
    "Loss/Loss_cost_critic/Delta": -0.153087817132473,
    "Loss/Loss_pi": -0.0009527786751277744,
    "Loss/Loss_pi/Delta": 0.001948209886904806,
    "Loss/Loss_reward_critic": 0.00703092198818922,
    "Loss/Loss_reward_critic/Delta": 0.0007630209438502789,
    "Metrics/EpCost": 2.2100000381469727,
    "Metrics/EpLen": 1000,
    "Metrics/EpRet": -1.7784732580184937,
    "Metrics/LagrangeMultiplier": 157.27760314941406,
    "Metrics/LagrangeMultiplier/Max": 157.27760314941406,
    "Metrics/LagrangeMultiplier/Min": 157.27760314941406,
    "Metrics/LagrangeMultiplier/Std": 0,
    "Misc/AcceptanceStep": 1,
    "Misc/Alpha": 13.911540985107422,
    "Misc/FinalStepNorm": 0.2876908779144287,
    "Misc/H_inv_g": 0.02068001590669155,
    "Misc/gradient_norm": 0.016428761184215546,
    "Misc/xHx": 0.00010333264071960002,
    "Time/Epoch": 85.46932220458984,
    "Time/FPS": 234.00209045410156,
    "Time/Rollout": 76.4591064453125,
    "Time/Total": 8502.9716796875,
    "Time/Update": 9.010189056396484,
    "TotalEnvSteps": 2000000,
    "Train/Entropy": 1.392645239830017,
    "Train/Epoch": 99,
    "Train/KL": 0.00037446696660481393,
    "Train/LR": 0,
    "Train/PolicyRatio": 1.000141739845276,
    "Train/PolicyRatio/Max": 1.0001418590545654,
    "Train/PolicyRatio/Min": 1.0001418590545654,
    "Train/PolicyRatio/Std": 0.00010025330993812533,
    "Train/PolicyStd": 0.974609375,
    "Train/StopIter": 10,
    "Value/Adv": -1.1444091230217166e-09,
    "Value/cost": 0.123641274869442,
    "Value/reward": -0.23510009050369263,
    "_runtime": 8504.758719809,
    "_step": 100,
    "_timestamp": 1745003749.8899052,
    "_wandb": {
        "runtime": 8504
    }
}