{
    "Loss/Loss_cost_critic": 2.8985400199890137,
    "Loss/Loss_cost_critic/Delta": 1.3508896827697754,
    "Loss/Loss_pi": -0.06687728315591812,
    "Loss/Loss_pi/Delta": -0.08347470872104168,
    "Loss/Loss_reward_critic": 0.00864031445235014,
    "Loss/Loss_reward_critic/Delta": 0.0018451102077960968,
    "Metrics/EpCost": 4.730000019073486,
    "Metrics/EpLen": 1000,
    "Metrics/EpRet": 0.4744122326374054,
    "Metrics/LagrangeMultiplier": 2.580570936203003,
    "Metrics/LagrangeMultiplier/Max": 2.580570936203003,
    "Metrics/LagrangeMultiplier/Min": 2.580570936203003,
    "Metrics/LagrangeMultiplier/Std": 0,
    "Safety/EpCostShield": 34.900001525878906,
    "Safety/ShieldLagrangeMultiplier": 2.6294004917144775,
    "Safety/ShieldLagrangeMultiplier/Max": 2.6294004917144775,
    "Safety/ShieldLagrangeMultiplier/Min": 2.6294004917144775,
    "Safety/ShieldLagrangeMultiplier/Std": 0,
    "Safety/shield_adv_c": "NaN",
    "Safety/shield_violation": 3.492065668106079,
    "Time/Epoch": 178.1098175048828,
    "Time/FPS": 112.29026794433594,
    "Time/Rollout": 73.9000244140625,
    "Time/Total": 17776.451171875,
    "Time/Update": 104.2097625732422,
    "TotalEnvSteps": 2000000,
    "Train/Entropy": 0.1089375913143158,
    "Train/Epoch": 99,
    "Train/KL": 0.004214264452457428,
    "Train/LR": 0,
    "Train/PolicyRatio": 1.0011240243911743,
    "Train/PolicyRatio/Max": 1.0011240243911743,
    "Train/PolicyRatio/Min": 1.0011240243911743,
    "Train/PolicyRatio/Std": 0.0070304046384990215,
    "Train/PolicyStd": 0.2700076401233673,
    "Train/StopIter": 40,
    "Value/Adv": 0.15768961608409882,
    "Value/cost": 0.7268628478050232,
    "Value/reward": 0.04324137046933174,
    "_runtime": 17778.932588427,
    "_step": 100,
    "_timestamp": 1746611297.339656,
    "_wandb": {
        "runtime": 17778
    }
}