{
    "Loss/Loss_cost_critic": 4.854732036590576,
    "Loss/Loss_cost_critic/Delta": -0.6586613655090332,
    "Loss/Loss_pi": 0.013949126936495304,
    "Loss/Loss_pi/Delta": -0.0004316717386245727,
    "Loss/Loss_reward_critic": 0.041909895837306976,
    "Loss/Loss_reward_critic/Delta": -0.0014567375183105469,
    "Metrics/EpCost": 12.869999885559082,
    "Metrics/EpLen": 1000,
    "Metrics/EpRet": 10.383626937866213,
    "Metrics/LagrangeMultiplier": 2.8271424770355225,
    "Metrics/LagrangeMultiplier/Max": 2.8271424770355225,
    "Metrics/LagrangeMultiplier/Min": 2.8271424770355225,
    "Metrics/LagrangeMultiplier/Std": 0,
    "Misc/AcceptanceStep": 1,
    "Misc/Alpha": 0.9404496550559998,
    "Misc/FinalStepNorm": 0.28093019127845764,
    "Misc/H_inv_g": 0.29871901869773865,
    "Misc/gradient_norm": 0.2654346823692322,
    "Misc/xHx": 0.02261302620172501,
    "Safety/EpCostShield": 32.45000076293945,
    "Safety/ShieldLagrangeMultiplier": 2.7747082710266113,
    "Safety/ShieldLagrangeMultiplier/Max": 2.7747082710266113,
    "Safety/ShieldLagrangeMultiplier/Min": 2.7747082710266113,
    "Safety/ShieldLagrangeMultiplier/Std": 0,
    "Safety/shield_adv_c": -0.02268388867378235,
    "Safety/shield_violation": 2.69146990776062,
    "Time/Epoch": 110.33759307861328,
    "Time/FPS": 181.26190185546875,
    "Time/Rollout": 86.19778442382812,
    "Time/Total": 12049.4521484375,
    "Time/Update": 24.13976287841797,
    "TotalEnvSteps": 2000000,
    "Train/Entropy": 1.3105438947677612,
    "Train/Epoch": 99,
    "Train/KL": 0.00034065835643559694,
    "Train/LR": 0,
    "Train/PolicyRatio": 1.000156044960022,
    "Train/PolicyRatio/Max": 1.0001561641693115,
    "Train/PolicyRatio/Min": 1.0001561641693115,
    "Train/PolicyRatio/Std": 0.00011036855721613392,
    "Train/PolicyStd": 0.903524935245514,
    "Train/StopIter": 10,
    "Value/Adv": 7.629394005448376e-09,
    "Value/cost": 1.4252161979675293,
    "Value/reward": 1.0113704204559326,
    "_runtime": 12051.239488248,
    "_step": 100,
    "_timestamp": 1746638246.1825595,
    "_wandb": {
        "runtime": 12051
    }
}