{
    "Loss/Loss_cost_critic": 3.1326544284820557,
    "Loss/Loss_cost_critic/Delta": -0.8040423393249512,
    "Loss/Loss_pi": -0.533704400062561,
    "Loss/Loss_pi/Delta": -0.05990830063819885,
    "Loss/Loss_reward_critic": 0.025582341477274895,
    "Loss/Loss_reward_critic/Delta": 0.001687845215201378,
    "Metrics/EpCost": 17.610000610351562,
    "Metrics/EpLen": 1000,
    "Metrics/EpRet": 5.406657695770264,
    "Metrics/LagrangeMultiplier": 3.090342283248902,
    "Metrics/LagrangeMultiplier/Max": 3.090342283248902,
    "Metrics/LagrangeMultiplier/Min": 3.090342283248902,
    "Metrics/LagrangeMultiplier/Std": 0,
    "Safety/EpCostShield": 13.75,
    "Safety/ShieldLagrangeMultiplier": 2.9959781169891357,
    "Safety/ShieldLagrangeMultiplier/Max": 2.9959781169891357,
    "Safety/ShieldLagrangeMultiplier/Min": 2.9959781169891357,
    "Safety/ShieldLagrangeMultiplier/Std": 0,
    "Safety/shield_adv_c": "NaN",
    "Safety/shield_violation": 5.545321941375732,
    "Time/Epoch": 255.83143615722656,
    "Time/FPS": 78.17647552490234,
    "Time/Rollout": 104.52690887451172,
    "Time/Total": 24592.513671875,
    "Time/Update": 151.30441284179688,
    "TotalEnvSteps": 2000000,
    "Train/Entropy": 0.47696399688720703,
    "Train/Epoch": 99,
    "Train/KL": 0.003165298141539097,
    "Train/LR": 0,
    "Train/PolicyRatio": 1.003634691238403,
    "Train/PolicyRatio/Max": 1.0036348104476929,
    "Train/PolicyRatio/Min": 1.0036348104476929,
    "Train/PolicyRatio/Std": 0.0063878255896270275,
    "Train/PolicyStd": 0.38985902070999146,
    "Train/StopIter": 40,
    "Value/Adv": -0.15868905186653137,
    "Value/cost": 2.204699993133545,
    "Value/reward": 0.6032146215438843,
    "_runtime": 24593.907855229,
    "_step": 100,
    "_timestamp": 1746547331.4996154,
    "_wandb": {
        "runtime": 24593
    }
}