{
    "Loss/Loss_cost_critic": 1.3576139211654663,
    "Loss/Loss_cost_critic/Delta": 0.08219456672668457,
    "Loss/Loss_pi": -0.020388396456837658,
    "Loss/Loss_pi/Delta": 0.010835347697138786,
    "Loss/Loss_reward_critic": 0.08071102201938629,
    "Loss/Loss_reward_critic/Delta": 0.003789208829402923,
    "Metrics/EpCost": 31.15999984741211,
    "Metrics/EpLen": 1000,
    "Metrics/EpRet": 8.64480972290039,
    "Metrics/LagrangeMultiplier": 2.6830525398254395,
    "Metrics/LagrangeMultiplier/Max": 2.6830525398254395,
    "Metrics/LagrangeMultiplier/Min": 2.6830525398254395,
    "Metrics/LagrangeMultiplier/Std": 0,
    "Misc/AcceptanceStep": 1,
    "Misc/Alpha": 0.6466594934463501,
    "Misc/FinalStepNorm": 0.28581228852272034,
    "Misc/H_inv_g": 0.4419826865196228,
    "Misc/gradient_norm": 0.34319087862968445,
    "Misc/xHx": 0.047827593982219696,
    "Time/Epoch": 84.97977447509766,
    "Time/FPS": 235.35011291503903,
    "Time/Rollout": 76.30439758300781,
    "Time/Total": 8524.0791015625,
    "Time/Update": 8.675344467163086,
    "TotalEnvSteps": 2000000,
    "Train/Entropy": 1.1078952550888062,
    "Train/Epoch": 99,
    "Train/KL": 0.0003282112011220306,
    "Train/LR": 0,
    "Train/PolicyRatio": 1.0008894205093384,
    "Train/PolicyRatio/Max": 1.000889539718628,
    "Train/PolicyRatio/Min": 1.000889539718628,
    "Train/PolicyRatio/Std": 0.0006289995508268476,
    "Train/PolicyStd": 0.7328498959541321,
    "Train/StopIter": 10,
    "Value/Adv": 0,
    "Value/cost": 1.604014873504639,
    "Value/reward": 1.054359793663025,
    "_runtime": 8525.617952268,
    "_step": 100,
    "_timestamp": 1746907115.5762625,
    "_wandb": {
        "runtime": 8525
    }
}