{
    "Loss/Loss_cost_critic": 1.744584321975708,
    "Loss/Loss_cost_critic/Delta": -0.5021464824676514,
    "Loss/Loss_pi": -0.21144717931747437,
    "Loss/Loss_pi/Delta": -0.050700217485427856,
    "Loss/Loss_reward_critic": 0.004041336476802826,
    "Loss/Loss_reward_critic/Delta": 0.00025706924498081207,
    "Metrics/EpCost": 7.730000019073486,
    "Metrics/EpLen": 1000,
    "Metrics/EpRet": 0.3353321850299835,
    "Metrics/LagrangeMultiplier": 2.816728115081787,
    "Metrics/LagrangeMultiplier/Max": 2.816728115081787,
    "Metrics/LagrangeMultiplier/Min": 2.816728115081787,
    "Metrics/LagrangeMultiplier/Std": 0,
    "Safety/EpCostShield": 13.300000190734863,
    "Safety/ShieldLagrangeMultiplier": 2.9621493816375732,
    "Safety/ShieldLagrangeMultiplier/Max": 2.9621493816375732,
    "Safety/ShieldLagrangeMultiplier/Min": 2.9621493816375732,
    "Safety/ShieldLagrangeMultiplier/Std": 0,
    "Safety/shield_adv_c": "NaN",
    "Safety/shield_violation": 2.139509439468384,
    "Time/Epoch": 229.79493713378903,
    "Time/FPS": 87.03411865234375,
    "Time/Rollout": 99.08089447021484,
    "Time/Total": 22132.15625,
    "Time/Update": 130.7139892578125,
    "TotalEnvSteps": 2000000,
    "Train/Entropy": 0.6699585914611816,
    "Train/Epoch": 99,
    "Train/KL": 0.002934984862804413,
    "Train/LR": 0,
    "Train/PolicyRatio": 1.001623511314392,
    "Train/PolicyRatio/Max": 1.001623511314392,
    "Train/PolicyRatio/Min": 1.001623511314392,
    "Train/PolicyRatio/Std": 0.005872784182429314,
    "Train/PolicyStd": 0.494428426027298,
    "Train/StopIter": 40,
    "Value/Adv": -0.13522005081176758,
    "Value/cost": 1.068757176399231,
    "Value/reward": 0.021746499463915825,
    "_runtime": 22133.150123534,
    "_step": 100,
    "_timestamp": 1746540629.8968363,
    "_wandb": {
        "runtime": 22133
    }
}