{
    "Loss/Loss_cost_critic": 6.013304710388184,
    "Loss/Loss_cost_critic/Delta": 3.8037610054016113,
    "Loss/Loss_pi": 0.09636849164962769,
    "Loss/Loss_pi/Delta": 0.13646472990512848,
    "Loss/Loss_reward_critic": 0.008801772259175777,
    "Loss/Loss_reward_critic/Delta": 0.003941941075026989,
    "Metrics/EpCost": 7.21999979019165,
    "Metrics/EpLen": 1000,
    "Metrics/EpRet": -0.14794261753559113,
    "Metrics/LagrangeMultiplier": 2.7863028049468994,
    "Metrics/LagrangeMultiplier/Max": 2.7863028049468994,
    "Metrics/LagrangeMultiplier/Min": 2.7863028049468994,
    "Metrics/LagrangeMultiplier/Std": 0,
    "Misc/AcceptanceStep": 1,
    "Misc/Alpha": 0.8447617888450623,
    "Misc/FinalStepNorm": 0.326100617647171,
    "Misc/H_inv_g": 0.3860267102718353,
    "Misc/gradient_norm": 0.16526784002780914,
    "Misc/xHx": 0.02802601270377636,
    "Safety/EpCostShield": 55.70000076293945,
    "Safety/ShieldLagrangeMultiplier": 2.7254669666290283,
    "Safety/ShieldLagrangeMultiplier/Max": 2.7254669666290283,
    "Safety/ShieldLagrangeMultiplier/Min": 2.7254669666290283,
    "Safety/ShieldLagrangeMultiplier/Std": 0,
    "Safety/shield_adv_c": 1.2261828184127808,
    "Safety/shield_violation": 1.9442254304885864,
    "Time/Epoch": 151.23651123046875,
    "Time/FPS": 132.2432098388672,
    "Time/Rollout": 124.84598541259766,
    "Time/Total": 13776.5634765625,
    "Time/Update": 26.3904972076416,
    "TotalEnvSteps": 2000000,
    "Train/Entropy": 2.208601951599121,
    "Train/Epoch": 99,
    "Train/KL": 0.00026220688596367836,
    "Train/LR": 0,
    "Train/PolicyRatio": 1.0002015829086304,
    "Train/PolicyRatio/Max": 1.0002015829086304,
    "Train/PolicyRatio/Min": 1.0002015829086304,
    "Train/PolicyRatio/Std": 0.00014245639613363892,
    "Train/PolicyStd": 2.221893072128296,
    "Train/StopIter": 10,
    "Value/Adv": 0,
    "Value/cost": 0.5275225639343262,
    "Value/reward": 0.005998670589178801,
    "_runtime": 13778.179505892,
    "_step": 100,
    "_timestamp": 1746921763.711304,
    "_wandb": {
        "runtime": 13778
    }
}