{
    "Loss/Loss_cost_critic": 2.3635435104370117,
    "Loss/Loss_cost_critic/Delta": -1.3344666957855225,
    "Loss/Loss_pi": -0.3970308005809784,
    "Loss/Loss_pi/Delta": -0.4044089582748711,
    "Loss/Loss_reward_critic": 0.0055316356010735035,
    "Loss/Loss_reward_critic/Delta": 0.0017687457147985697,
    "Metrics/EpCost": 6.860000133514404,
    "Metrics/EpLen": 1000,
    "Metrics/EpRet": 0.4933876693248749,
    "Metrics/LagrangeMultiplier": 3.104652404785156,
    "Metrics/LagrangeMultiplier/Max": 3.104652404785156,
    "Metrics/LagrangeMultiplier/Min": 3.104652404785156,
    "Metrics/LagrangeMultiplier/Std": 0,
    "Safety/EpCostShield": 8.050000190734863,
    "Safety/ShieldLagrangeMultiplier": 2.8894119262695312,
    "Safety/ShieldLagrangeMultiplier/Max": 2.8894119262695312,
    "Safety/ShieldLagrangeMultiplier/Min": 2.8894119262695312,
    "Safety/ShieldLagrangeMultiplier/Std": 0,
    "Safety/shield_adv_c": "NaN",
    "Safety/shield_violation": 3.7288942337036137,
    "Time/Epoch": 174.22311401367188,
    "Time/FPS": 114.79533386230467,
    "Time/Rollout": 78.5120849609375,
    "Time/Total": 17892.48046875,
    "Time/Update": 95.7109375,
    "TotalEnvSteps": 2000000,
    "Train/Entropy": 0.30983924865722656,
    "Train/Epoch": 99,
    "Train/KL": 0.0036775602493435144,
    "Train/LR": 0,
    "Train/PolicyRatio": 1.0018274784088137,
    "Train/PolicyRatio/Max": 1.0018274784088137,
    "Train/PolicyRatio/Min": 1.0018274784088137,
    "Train/PolicyRatio/Std": 0.006903176661580801,
    "Train/PolicyStd": 0.3302396833896637,
    "Train/StopIter": 40,
    "Value/Adv": 0.00441509485244751,
    "Value/cost": 0.879992663860321,
    "Value/reward": 0.06331203877925873,
    "_runtime": 17908.692467317,
    "_step": 100,
    "_timestamp": 1747268175.037376,
    "_wandb": {
        "runtime": 17908
    }
}