{
    "Loss/Loss_cost_critic": 0.05598838999867439,
    "Loss/Loss_cost_critic/Delta": -0.27088938280940056,
    "Loss/Loss_pi": -0.0008857959765009582,
    "Loss/Loss_pi/Delta": 0.004937972698826343,
    "Loss/Loss_reward_critic": 0.0067245569080114365,
    "Loss/Loss_reward_critic/Delta": 0.0001870761625468731,
    "Metrics/EpCost": 1.909999966621399,
    "Metrics/EpLen": 1000,
    "Metrics/EpRet": -2.3108959197998047,
    "Metrics/LagrangeMultiplier": 213.05618286132812,
    "Metrics/LagrangeMultiplier/Max": 213.05618286132812,
    "Metrics/LagrangeMultiplier/Min": 213.05618286132812,
    "Metrics/LagrangeMultiplier/Std": 0,
    "Misc/AcceptanceStep": 1,
    "Misc/Alpha": 15.26445198059082,
    "Misc/FinalStepNorm": 0.2953944802284241,
    "Misc/H_inv_g": 0.019351789727807045,
    "Misc/gradient_norm": 0.009917116723954678,
    "Misc/xHx": 8.582562441006303e-05,
    "Time/Epoch": 100.59539794921876,
    "Time/FPS": 198.81625366210935,
    "Time/Rollout": 86.48261260986328,
    "Time/Total": 10028.576171875,
    "Time/Update": 14.112759590148926,
    "TotalEnvSteps": 2000000,
    "Train/Entropy": 1.435641884803772,
    "Train/Epoch": 99,
    "Train/KL": 0.0003018434508703649,
    "Train/LR": 0,
    "Train/PolicyRatio": 0.9993918538093568,
    "Train/PolicyRatio/Max": 0.9993919134140016,
    "Train/PolicyRatio/Min": 0.9993919134140016,
    "Train/PolicyRatio/Std": 0.00042998214485123754,
    "Train/PolicyStd": 1.019777774810791,
    "Train/StopIter": 10,
    "Value/Adv": 1.5258788677030564e-09,
    "Value/cost": 0.132536843419075,
    "Value/reward": -0.2480399459600449,
    "_runtime": 10030.411262613,
    "_step": 100,
    "_timestamp": 1745014479.8685722,
    "_wandb": {
        "runtime": 10030
    }
}