{
    "Loss/Loss_cost_critic": 0.5200808048248291,
    "Loss/Loss_cost_critic/Delta": -0.28289538621902466,
    "Loss/Loss_pi": -0.0878867357969284,
    "Loss/Loss_pi/Delta": -0.1331074684858322,
    "Loss/Loss_reward_critic": 0.01764627918601036,
    "Loss/Loss_reward_critic/Delta": 0.010833804495632648,
    "Metrics/EpCost": 0.38999998569488525,
    "Metrics/EpLen": 1000,
    "Metrics/EpRet": -0.527721643447876,
    "Metrics/LagrangeMultiplier": 2.6437883377075195,
    "Metrics/LagrangeMultiplier/Max": 2.6437883377075195,
    "Metrics/LagrangeMultiplier/Min": 2.6437883377075195,
    "Metrics/LagrangeMultiplier/Std": 0,
    "Safety/EpCostShield": 9.449999809265137,
    "Safety/ShieldLagrangeMultiplier": 2.789985179901123,
    "Safety/ShieldLagrangeMultiplier/Max": 2.789985179901123,
    "Safety/ShieldLagrangeMultiplier/Min": 2.789985179901123,
    "Safety/ShieldLagrangeMultiplier/Std": 0,
    "Safety/shield_adv_c": "NaN",
    "Safety/shield_violation": 1.3793033361434937,
    "Time/Epoch": 196.5201416015625,
    "Time/FPS": 101.77073669433594,
    "Time/Rollout": 97.17244720458984,
    "Time/Total": 17077.9765625,
    "Time/Update": 99.34764099121094,
    "TotalEnvSteps": 2000000,
    "Train/Entropy": 0.7846368551254272,
    "Train/Epoch": 99,
    "Train/KL": 0.003354665357619524,
    "Train/LR": 0,
    "Train/PolicyRatio": 1.0007288455963137,
    "Train/PolicyRatio/Max": 1.0007288455963137,
    "Train/PolicyRatio/Min": 1.0007288455963137,
    "Train/PolicyRatio/Std": 0.006731403525918722,
    "Train/PolicyStd": 0.5314198136329651,
    "Train/StopIter": 40,
    "Value/Adv": -0.007013386115431786,
    "Value/cost": 0.2818089425563812,
    "Value/reward": -0.03292281925678253,
    "_runtime": 17079.441349671,
    "_step": 100,
    "_timestamp": 1746621351.5695102,
    "_wandb": {
        "runtime": 17079
    }
}