{
    "Loss/Loss_cost_critic": 7.561591625213623,
    "Loss/Loss_cost_critic/Delta": 3.0065479278564453,
    "Loss/Loss_pi": 0.08751257508993149,
    "Loss/Loss_pi/Delta": 0.016404584050178528,
    "Loss/Loss_reward_critic": 0.04019499197602272,
    "Loss/Loss_reward_critic/Delta": 0.0015451014041900637,
    "Metrics/EpCost": 8.529999732971191,
    "Metrics/EpLen": 1000,
    "Metrics/EpRet": 2.8248403072357178,
    "Metrics/LagrangeMultiplier": 2.058896064758301,
    "Metrics/LagrangeMultiplier/Max": 2.058896064758301,
    "Metrics/LagrangeMultiplier/Min": 2.058896064758301,
    "Metrics/LagrangeMultiplier/Std": 0,
    "Misc/AcceptanceStep": 1,
    "Misc/Alpha": 0.7673190832138062,
    "Misc/FinalStepNorm": 0.29685312509536743,
    "Misc/H_inv_g": 0.38687050342559814,
    "Misc/gradient_norm": 0.17104850709438324,
    "Misc/xHx": 0.03396861255168915,
    "Safety/EpCostShield": 48.599998474121094,
    "Safety/ShieldLagrangeMultiplier": 2.260533571243286,
    "Safety/ShieldLagrangeMultiplier/Max": 2.260533571243286,
    "Safety/ShieldLagrangeMultiplier/Min": 2.260533571243286,
    "Safety/ShieldLagrangeMultiplier/Std": 0,
    "Safety/shield_adv_c": -0.06148642301559448,
    "Safety/shield_violation": 3.3966305255889893,
    "Time/Epoch": 106.1854248046875,
    "Time/FPS": 188.34976196289065,
    "Time/Rollout": 89.51283264160156,
    "Time/Total": 10778.5947265625,
    "Time/Update": 16.672578811645508,
    "TotalEnvSteps": 2000000,
    "Train/Entropy": 1.3791388273239136,
    "Train/Epoch": 99,
    "Train/KL": 0.00029698488651774824,
    "Train/LR": 0,
    "Train/PolicyRatio": 1.0000847578048706,
    "Train/PolicyRatio/Max": 1.0000847578048706,
    "Train/PolicyRatio/Min": 1.0000847578048706,
    "Train/PolicyRatio/Std": 5.9904734371230006e-05,
    "Train/PolicyStd": 0.9625265002250672,
    "Train/StopIter": 10,
    "Value/Adv": -7.629394338515282e-10,
    "Value/cost": 0.7816047668457031,
    "Value/reward": 0.4356479346752167,
    "_runtime": 10795.084520708,
    "_step": 100,
    "_timestamp": 1747261061.1495545,
    "_wandb": {
        "runtime": 10795
    }
}