{
    "Loss/Loss_cost_critic": 0.07222329080104828,
    "Loss/Loss_cost_critic/Delta": 0.03669017553329468,
    "Loss/Loss_pi": -0.0017884360859170556,
    "Loss/Loss_pi/Delta": -0.0011425049742683768,
    "Loss/Loss_reward_critic": 0.008881524205207825,
    "Loss/Loss_reward_critic/Delta": -0.0010702544823288918,
    "Metrics/EpCost": 0.1599999964237213,
    "Metrics/EpLen": 1000,
    "Metrics/EpRet": -3.255383253097534,
    "Metrics/LagrangeMultiplier": 20.491607666015625,
    "Metrics/LagrangeMultiplier/Max": 20.491607666015625,
    "Metrics/LagrangeMultiplier/Min": 20.491607666015625,
    "Metrics/LagrangeMultiplier/Std": 0,
    "Misc/AcceptanceStep": 1,
    "Misc/Alpha": 6.217564582824707,
    "Misc/FinalStepNorm": 0.33387094736099243,
    "Misc/H_inv_g": 0.05369802564382553,
    "Misc/gradient_norm": 0.03128380700945854,
    "Misc/xHx": 0.000517345848493278,
    "Time/Epoch": 91.8828353881836,
    "Time/FPS": 217.66851806640625,
    "Time/Rollout": 77.49038696289062,
    "Time/Total": 9155.6220703125,
    "Time/Update": 14.392425537109377,
    "TotalEnvSteps": 2000000,
    "Train/Entropy": 1.3203303813934326,
    "Train/Epoch": 99,
    "Train/KL": 0.00023118768876884133,
    "Train/LR": 0,
    "Train/PolicyRatio": 1.0001503229141235,
    "Train/PolicyRatio/Max": 1.000150442123413,
    "Train/PolicyRatio/Min": 1.000150442123413,
    "Train/PolicyRatio/Std": 0.00010632245539454745,
    "Train/PolicyStd": 0.9133694767951964,
    "Train/StopIter": 10,
    "Value/Adv": 1.5258788677030564e-09,
    "Value/cost": 0.09586679935455322,
    "Value/reward": -0.21464663743972776,
    "_runtime": 9157.854754381,
    "_step": 100,
    "_timestamp": 1745004406.7561753,
    "_wandb": {
        "runtime": 9157
    }
}