{
    "Loss/Loss_cost_critic": 1.2270876169204712,
    "Loss/Loss_cost_critic/Delta": 0.21040165424346924,
    "Loss/Loss_pi": -0.013391059823334215,
    "Loss/Loss_pi/Delta": -0.0003894362598657608,
    "Loss/Loss_reward_critic": 0.10325615853071211,
    "Loss/Loss_reward_critic/Delta": 0.013996556401252748,
    "Metrics/EpCost": 12.979999542236328,
    "Metrics/EpLen": 500,
    "Metrics/EpRet": 13.303614616394045,
    "Metrics/LagrangeMultiplier": 1.064651608467102,
    "Metrics/LagrangeMultiplier/Max": 1.064651608467102,
    "Metrics/LagrangeMultiplier/Min": 1.064651608467102,
    "Metrics/LagrangeMultiplier/Std": 0,
    "Misc/AcceptanceStep": 1,
    "Misc/Alpha": 0.7973289489746094,
    "Misc/FinalStepNorm": 0.22492411732673645,
    "Misc/H_inv_g": 0.2820970118045807,
    "Misc/gradient_norm": 0.1986813247203827,
    "Misc/xHx": 0.03145971521735191,
    "Time/Epoch": 105.78855895996094,
    "Time/FPS": 189.0563507080078,
    "Time/Rollout": 97.15204620361328,
    "Time/Total": 10612.0693359375,
    "Time/Update": 8.636489868164062,
    "TotalEnvSteps": 2000000,
    "Train/Entropy": 0.8966183662414551,
    "Train/Epoch": 99,
    "Train/KL": 0.0004067365371156484,
    "Train/LR": 0,
    "Train/PolicyRatio": 1.0000094175338743,
    "Train/PolicyRatio/Max": 1.0000094175338743,
    "Train/PolicyRatio/Min": 1.0000094175338743,
    "Train/PolicyRatio/Std": 6.6312231865595095e-06,
    "Train/PolicyStd": 0.6096505522727966,
    "Train/StopIter": 10,
    "Value/Adv": -1.8119811207029102e-09,
    "Value/cost": 1.2466171979904177,
    "Value/reward": 2.9080686569213867,
    "_runtime": 10613.033326237,
    "_step": 100,
    "_timestamp": 1743334614.7059755,
    "_wandb": {
        "runtime": 10613
    }
}