{
    "Loss/Loss_cost_critic": 1.76004159450531,
    "Loss/Loss_cost_critic/Delta": -0.37831318378448486,
    "Loss/Loss_pi": -0.03387858718633652,
    "Loss/Loss_pi/Delta": -0.009740965440869331,
    "Loss/Loss_reward_critic": 0.007064618170261383,
    "Loss/Loss_reward_critic/Delta": -0.03068668395280838,
    "Metrics/EpCost": 4,
    "Metrics/EpLen": 1000,
    "Metrics/EpRet": 0.1772722601890564,
    "Metrics/LagrangeMultiplier": 2.031926393508911,
    "Metrics/LagrangeMultiplier/Max": 2.031926393508911,
    "Metrics/LagrangeMultiplier/Min": 2.031926393508911,
    "Metrics/LagrangeMultiplier/Std": 0,
    "Misc/AcceptanceStep": 1,
    "Misc/Alpha": 1.0449151992797852,
    "Misc/FinalStepNorm": 0.3295386731624603,
    "Misc/H_inv_g": 0.31537356972694397,
    "Misc/gradient_norm": 0.15833225846290588,
    "Misc/xHx": 0.018317561596632004,
    "Safety/EpCostShield": 28.75,
    "Safety/ShieldLagrangeMultiplier": 2.4342234134674072,
    "Safety/ShieldLagrangeMultiplier/Max": 2.4342234134674072,
    "Safety/ShieldLagrangeMultiplier/Min": 2.4342234134674072,
    "Safety/ShieldLagrangeMultiplier/Std": 0,
    "Safety/shield_adv_c": 0.755253791809082,
    "Safety/shield_violation": 1.858428120613098,
    "Time/Epoch": 158.42445373535156,
    "Time/FPS": 126.2431411743164,
    "Time/Rollout": 121.30773162841795,
    "Time/Total": 16126.953125,
    "Time/Update": 37.11668395996094,
    "TotalEnvSteps": 2000000,
    "Train/Entropy": 1.963422417640686,
    "Train/Epoch": 99,
    "Train/KL": 0.00026981369592249393,
    "Train/LR": 0,
    "Train/PolicyRatio": 0.9996200203895568,
    "Train/PolicyRatio/Max": 0.9996200799942015,
    "Train/PolicyRatio/Min": 0.9996200799942015,
    "Train/PolicyRatio/Std": 0.00026867209817282856,
    "Train/PolicyStd": 1.725521206855774,
    "Train/StopIter": 10,
    "Value/Adv": 5.340575981449547e-09,
    "Value/cost": 0.2749655544757843,
    "Value/reward": 0.016170084476470947,
    "_runtime": 16129.189547906,
    "_step": 100,
    "_timestamp": 1746573805.793088,
    "_wandb": {
        "runtime": 16129
    }
}