{
    "Loss/Loss_cost_critic": 2.3423497676849365,
    "Loss/Loss_cost_critic/Delta": -0.06751346588134766,
    "Loss/Loss_pi": -0.14421294629573822,
    "Loss/Loss_pi/Delta": -0.14738740888424218,
    "Loss/Loss_reward_critic": 0.014307165518403052,
    "Loss/Loss_reward_critic/Delta": -0.0003265039995312691,
    "Metrics/EpCost": 3.9700000286102295,
    "Metrics/EpLen": 1000,
    "Metrics/EpRet": 0.08841956406831741,
    "Metrics/LagrangeMultiplier": 2.67917537689209,
    "Metrics/LagrangeMultiplier/Max": 2.67917537689209,
    "Metrics/LagrangeMultiplier/Min": 2.67917537689209,
    "Metrics/LagrangeMultiplier/Std": 0,
    "Misc/AcceptanceStep": 1,
    "Misc/Alpha": 0.8982253670692444,
    "Misc/FinalStepNorm": 0.29358959197998047,
    "Misc/H_inv_g": 0.3268551528453827,
    "Misc/gradient_norm": 0.2329832911491394,
    "Misc/xHx": 0.02478901296854019,
    "Safety/EpCostShield": 11.75,
    "Safety/ShieldLagrangeMultiplier": 2.758411169052124,
    "Safety/ShieldLagrangeMultiplier/Max": 2.758411169052124,
    "Safety/ShieldLagrangeMultiplier/Min": 2.758411169052124,
    "Safety/ShieldLagrangeMultiplier/Std": 0,
    "Safety/shield_adv_c": 0.09674794226884842,
    "Safety/shield_violation": 2.1257989406585693,
    "Time/Epoch": 129.60275268554688,
    "Time/FPS": 154.31771850585938,
    "Time/Rollout": 107.01549530029295,
    "Time/Total": 13516.962890625,
    "Time/Update": 22.587217330932617,
    "TotalEnvSteps": 2000000,
    "Train/Entropy": 1.2210267782211304,
    "Train/Epoch": 99,
    "Train/KL": 0.00032172174542210996,
    "Train/LR": 0,
    "Train/PolicyRatio": 1.0028753280639648,
    "Train/PolicyRatio/Max": 1.0028753280639648,
    "Train/PolicyRatio/Min": 1.0028753280639648,
    "Train/PolicyRatio/Std": 0.002033220138400793,
    "Train/PolicyStd": 0.8390204310417175,
    "Train/StopIter": 10,
    "Value/Adv": -7.629394338515282e-10,
    "Value/cost": 0.5116851329803467,
    "Value/reward": 0.010772827081382276,
    "_runtime": 13521.971321235,
    "_step": 100,
    "_timestamp": 1747263799.5265372,
    "_wandb": {
        "runtime": 13521
    }
}