{
    "Loss/Loss_cost_critic": 0.9152591228485109,
    "Loss/Loss_cost_critic/Delta": -0.04511672258377075,
    "Loss/Loss_pi": -0.01084322202950716,
    "Loss/Loss_pi/Delta": 0.00045843422412872314,
    "Loss/Loss_reward_critic": 0.004873416386544704,
    "Loss/Loss_reward_critic/Delta": 0.000243412796407938,
    "Metrics/EpCost": 33.33000183105469,
    "Metrics/EpLen": 1000,
    "Metrics/EpRet": 0.008999411948025227,
    "Metrics/LagrangeMultiplier": 0.3740007281303406,
    "Metrics/LagrangeMultiplier/Max": 0.3740007281303406,
    "Metrics/LagrangeMultiplier/Min": 0.3740007281303406,
    "Metrics/LagrangeMultiplier/Std": 0,
    "Misc/AcceptanceStep": 1,
    "Misc/Alpha": 1.2199151515960691,
    "Misc/FinalStepNorm": 0.2504543662071228,
    "Misc/H_inv_g": 0.20530474185943604,
    "Misc/gradient_norm": 0.24636563658714297,
    "Misc/xHx": 0.013439107686281204,
    "Time/Epoch": 123.37631225585938,
    "Time/FPS": 162.10568237304688,
    "Time/Rollout": 103.17677307128906,
    "Time/Total": 12305.984375,
    "Time/Update": 20.199487686157227,
    "TotalEnvSteps": 2000000,
    "Train/Entropy": 1.1948137283325195,
    "Train/Epoch": 99,
    "Train/KL": 0.0003949150559492409,
    "Train/LR": 0,
    "Train/PolicyRatio": 1.0005426406860352,
    "Train/PolicyRatio/Max": 1.0005426406860352,
    "Train/PolicyRatio/Min": 1.0005426406860352,
    "Train/PolicyRatio/Std": 0.0003836487012449652,
    "Train/PolicyStd": 0.8007173538208008,
    "Train/StopIter": 10,
    "Value/Adv": -6.484984993448961e-09,
    "Value/cost": 2.298583507537842,
    "Value/reward": -0.005691480357199907,
    "_runtime": 12307.325316473,
    "_step": 100,
    "_timestamp": 1745017868.7619836,
    "_wandb": {
        "runtime": 12307
    }
}