{
    "Loss/Loss_cost_critic": 4.861015796661377,
    "Loss/Loss_cost_critic/Delta": 1.214092254638672,
    "Loss/Loss_pi": 0.16373634338378906,
    "Loss/Loss_pi/Delta": 0.09200331568717957,
    "Loss/Loss_reward_critic": 0.0037236919160932302,
    "Loss/Loss_reward_critic/Delta": -0.0056297623086720705,
    "Metrics/EpCost": 15.800000190734863,
    "Metrics/EpLen": 1000,
    "Metrics/EpRet": 0.04481123015284538,
    "Metrics/LagrangeMultiplier": 3.178710460662842,
    "Metrics/LagrangeMultiplier/Max": 3.178710460662842,
    "Metrics/LagrangeMultiplier/Min": 3.178710460662842,
    "Metrics/LagrangeMultiplier/Std": 0,
    "Safety/EpCostShield": 62.849998474121094,
    "Safety/ShieldLagrangeMultiplier": 2.9748852252960205,
    "Safety/ShieldLagrangeMultiplier/Max": 2.9748852252960205,
    "Safety/ShieldLagrangeMultiplier/Min": 2.9748852252960205,
    "Safety/ShieldLagrangeMultiplier/Std": 0,
    "Safety/shield_adv_c": "NaN",
    "Safety/shield_violation": 3.170380115509033,
    "Time/Epoch": 287.3244323730469,
    "Time/FPS": 69.60772705078125,
    "Time/Rollout": 129.6129150390625,
    "Time/Total": 23848.646484375,
    "Time/Update": 157.71141052246094,
    "TotalEnvSteps": 2000000,
    "Train/Entropy": 0.5174839496612549,
    "Train/Epoch": 99,
    "Train/KL": 0.004284673370420933,
    "Train/LR": 0,
    "Train/PolicyRatio": 0.999577522277832,
    "Train/PolicyRatio/Max": 0.999577522277832,
    "Train/PolicyRatio/Min": 0.999577522277832,
    "Train/PolicyRatio/Std": 0.007219574879854917,
    "Train/PolicyStd": 0.41200923919677734,
    "Train/StopIter": 40,
    "Value/Adv": -0.1688627004623413,
    "Value/cost": 1.5827207565307615,
    "Value/reward": 0.04953069984912872,
    "_runtime": 23850.695606189,
    "_step": 100,
    "_timestamp": 1746584905.7357,
    "_wandb": {
        "runtime": 23850
    }
}