{
    "Loss/Loss_cost_critic": 4.433770179748535,
    "Loss/Loss_cost_critic/Delta": 0.6566910743713379,
    "Loss/Loss_pi": -0.2889851927757263,
    "Loss/Loss_pi/Delta": -0.002969890832901001,
    "Loss/Loss_reward_critic": 0.03238647058606148,
    "Loss/Loss_reward_critic/Delta": 0.0021180100739002228,
    "Metrics/EpCost": 18.770000457763672,
    "Metrics/EpLen": 1000,
    "Metrics/EpRet": 9.381505966186523,
    "Metrics/LagrangeMultiplier": 3.0889523029327393,
    "Metrics/LagrangeMultiplier/Max": 3.0889523029327393,
    "Metrics/LagrangeMultiplier/Min": 3.0889523029327393,
    "Metrics/LagrangeMultiplier/Std": 0,
    "Safety/EpCostShield": 30,
    "Safety/ShieldLagrangeMultiplier": 2.963223934173584,
    "Safety/ShieldLagrangeMultiplier/Max": 2.963223934173584,
    "Safety/ShieldLagrangeMultiplier/Min": 2.963223934173584,
    "Safety/ShieldLagrangeMultiplier/Std": 0,
    "Safety/shield_adv_c": "NaN",
    "Safety/shield_violation": 4.237719535827637,
    "Time/Epoch": 181.7595062255859,
    "Time/FPS": 110.03551483154295,
    "Time/Rollout": 76.94273376464844,
    "Time/Total": 18217.166015625,
    "Time/Update": 104.81672668457033,
    "TotalEnvSteps": 2000000,
    "Train/Entropy": 0.6842018961906433,
    "Train/Epoch": 99,
    "Train/KL": 0.0029556392692029476,
    "Train/LR": 0,
    "Train/PolicyRatio": 1.0006245374679563,
    "Train/PolicyRatio/Max": 1.0006245374679563,
    "Train/PolicyRatio/Min": 1.0006245374679563,
    "Train/PolicyRatio/Std": 0.0054396879859268665,
    "Train/PolicyStd": 0.47985392808914185,
    "Train/StopIter": 40,
    "Value/Adv": 0.06537844240665436,
    "Value/cost": 2.297739028930664,
    "Value/reward": 1.0915899276733398,
    "_runtime": 18218.758380308,
    "_step": 100,
    "_timestamp": 1746514594.5202448,
    "_wandb": {
        "runtime": 18218
    }
}