{
    "Loss/Loss_cost_critic": 0.5094658136367798,
    "Loss/Loss_cost_critic/Delta": -0.31463104486465454,
    "Loss/Loss_pi": -0.010360768996179104,
    "Loss/Loss_pi/Delta": 0.004961218684911728,
    "Loss/Loss_reward_critic": 0.015256395563483238,
    "Loss/Loss_reward_critic/Delta": 0.007455572951585054,
    "Metrics/EpCost": 14.520000457763672,
    "Metrics/EpLen": 1000,
    "Metrics/EpRet": 0.17325559258461,
    "Metrics/LagrangeMultiplier": 2.967691421508789,
    "Metrics/LagrangeMultiplier/Max": 2.967691421508789,
    "Metrics/LagrangeMultiplier/Min": 2.967691421508789,
    "Metrics/LagrangeMultiplier/Std": 0,
    "Time/Epoch": 117.12158203125,
    "Time/FPS": 170.76272583007812,
    "Time/Rollout": 68.7387924194336,
    "Time/Total": 10422.9580078125,
    "Time/Update": 48.38274383544922,
    "TotalEnvSteps": 2000000,
    "Train/Entropy": 0.397597074508667,
    "Train/Epoch": 99,
    "Train/KL": 0.004088862333446741,
    "Train/LR": 0,
    "Train/PolicyRatio": 1.000525951385498,
    "Train/PolicyRatio/Max": 1.000525951385498,
    "Train/PolicyRatio/Min": 1.000525951385498,
    "Train/PolicyRatio/Std": 0.006934777833521366,
    "Train/PolicyStd": 0.3601330816745758,
    "Train/StopIter": 40,
    "Value/Adv": 0.05924638360738754,
    "Value/cost": 0.857144832611084,
    "Value/reward": 0.007569985929876566,
    "_runtime": 10430.073623708,
    "_step": 100,
    "_timestamp": 1746908997.969488,
    "_wandb": {
        "runtime": 10430
    }
}