{
    "Loss/Loss_cost_critic": 0.9931814670562744,
    "Loss/Loss_cost_critic/Delta": -0.09687840938568117,
    "Loss/Loss_pi": -0.003916676621884108,
    "Loss/Loss_pi/Delta": 0.08051002444699407,
    "Loss/Loss_reward_critic": 0.008199984207749367,
    "Loss/Loss_reward_critic/Delta": 0.004795088665559888,
    "Metrics/EpCost": 1.9700000286102295,
    "Metrics/EpLen": 1000,
    "Metrics/EpRet": 0.3081444203853607,
    "Metrics/LagrangeMultiplier": 2.849311590194702,
    "Metrics/LagrangeMultiplier/Max": 2.849311590194702,
    "Metrics/LagrangeMultiplier/Min": 2.849311590194702,
    "Metrics/LagrangeMultiplier/Std": 0,
    "Misc/AcceptanceStep": 1,
    "Misc/Alpha": 1.206088900566101,
    "Misc/FinalStepNorm": 0.32810673117637634,
    "Misc/H_inv_g": 0.2720418870449066,
    "Misc/gradient_norm": 0.1155143603682518,
    "Misc/xHx": 0.013748997822403908,
    "Safety/EpCostShield": 11.550000190734863,
    "Safety/ShieldLagrangeMultiplier": 2.650235652923584,
    "Safety/ShieldLagrangeMultiplier/Max": 2.650235652923584,
    "Safety/ShieldLagrangeMultiplier/Min": 2.650235652923584,
    "Safety/ShieldLagrangeMultiplier/Std": 0,
    "Safety/shield_adv_c": 0.1280927211046219,
    "Safety/shield_violation": 0.7735962867736816,
    "Time/Epoch": 99.25616455078124,
    "Time/FPS": 201.4988250732422,
    "Time/Rollout": 80.99375915527344,
    "Time/Total": 10335.8994140625,
    "Time/Update": 18.262388229370117,
    "TotalEnvSteps": 2000000,
    "Train/Entropy": 1.5333881378173828,
    "Train/Epoch": 99,
    "Train/KL": 0.0002690135152079165,
    "Train/LR": 0,
    "Train/PolicyRatio": 0.9998462796211244,
    "Train/PolicyRatio/Max": 0.999846339225769,
    "Train/PolicyRatio/Min": 0.999846339225769,
    "Train/PolicyRatio/Std": 0.00010871077392948791,
    "Train/PolicyStd": 1.121436595916748,
    "Train/StopIter": 10,
    "Value/Adv": -1.5258788677030564e-09,
    "Value/cost": 0.2743094265460968,
    "Value/reward": 0.032790716737508774,
    "_runtime": 10337.378485899,
    "_step": 100,
    "_timestamp": 1746566893.6782205,
    "_wandb": {
        "runtime": 10337
    }
}