{
    "Loss/Loss_cost_critic": 0.20698174834251404,
    "Loss/Loss_cost_critic/Delta": 0.08326750993728638,
    "Loss/Loss_pi": -0.0063108722679317,
    "Loss/Loss_pi/Delta": -0.0011882493272423744,
    "Loss/Loss_reward_critic": 0.0019650885369628668,
    "Loss/Loss_reward_critic/Delta": 0.0002711632987484336,
    "Metrics/EpCost": 2.609999895095825,
    "Metrics/EpLen": 1000,
    "Metrics/EpRet": 0.0547504760324955,
    "Metrics/LagrangeMultiplier": 149.63795471191406,
    "Metrics/LagrangeMultiplier/Max": 149.63795471191406,
    "Metrics/LagrangeMultiplier/Min": 149.63795471191406,
    "Metrics/LagrangeMultiplier/Std": 0,
    "Misc/AcceptanceStep": 1,
    "Misc/Alpha": 1.7974727153778076,
    "Misc/FinalStepNorm": 0.3380175530910492,
    "Misc/H_inv_g": 0.18805155158042908,
    "Misc/gradient_norm": 0.08850697427988052,
    "Misc/xHx": 0.006190200336277485,
    "Time/Epoch": 99.09830474853516,
    "Time/FPS": 201.81980895996097,
    "Time/Rollout": 84.42610168457031,
    "Time/Total": 9998.5986328125,
    "Time/Update": 14.672163963317873,
    "TotalEnvSteps": 2000000,
    "Train/Entropy": 1.4576178789138794,
    "Train/Epoch": 99,
    "Train/KL": 0.00024071120424196124,
    "Train/LR": 0,
    "Train/PolicyRatio": 0.9994807243347168,
    "Train/PolicyRatio/Max": 0.9994807243347168,
    "Train/PolicyRatio/Min": 0.9994807243347168,
    "Train/PolicyRatio/Std": 0.0003671833546832204,
    "Train/PolicyStd": 1.0562658309936523,
    "Train/StopIter": 10,
    "Value/Adv": -1.8119811207029102e-09,
    "Value/cost": 0.5476226806640625,
    "Value/reward": 0.0004122542741242796,
    "_runtime": 10000.304594367,
    "_step": 100,
    "_timestamp": 1745005252.1014054,
    "_wandb": {
        "runtime": 10000
    }
}