{
    "Loss/Loss_cost_critic": 0.023340145125985146,
    "Loss/Loss_cost_critic/Delta": -0.0385055523365736,
    "Loss/Loss_pi": -0.0006123759667389095,
    "Loss/Loss_pi/Delta": 0.0020258783479221165,
    "Loss/Loss_reward_critic": 0.002857575658708811,
    "Loss/Loss_reward_critic/Delta": -0.0008734716102480888,
    "Metrics/EpCost": 1.1399999856948853,
    "Metrics/EpLen": 1000,
    "Metrics/EpRet": -0.04365422204136848,
    "Metrics/LagrangeMultiplier": 23.832855224609375,
    "Metrics/LagrangeMultiplier/Max": 23.832855224609375,
    "Metrics/LagrangeMultiplier/Min": 23.832855224609375,
    "Metrics/LagrangeMultiplier/Std": 0,
    "Time/Epoch": 132.93917846679688,
    "Time/FPS": 150.4447479248047,
    "Time/Rollout": 74.88322448730469,
    "Time/Total": 12962.67578125,
    "Time/Update": 58.0558967590332,
    "TotalEnvSteps": 2000000,
    "Train/Entropy": 0.5479946136474609,
    "Train/Epoch": 99,
    "Train/KL": 0.002545383060351014,
    "Train/LR": 0,
    "Train/PolicyRatio": 1.000098705291748,
    "Train/PolicyRatio/Max": 1.000098705291748,
    "Train/PolicyRatio/Min": 1.000098705291748,
    "Train/PolicyRatio/Std": 0.004896941129118204,
    "Train/PolicyStd": 0.4185563921928406,
    "Train/StopIter": 40,
    "Value/Adv": 0.0059509240090847015,
    "Value/cost": 0.2899742126464844,
    "Value/reward": -0.000571406155359,
    "_runtime": 12963.665110814,
    "_step": 100,
    "_timestamp": 1745028825.1780894,
    "_wandb": {
        "runtime": 12963
    }
}