{
    "Loss/Loss_cost_critic": 3.3409180641174316,
    "Loss/Loss_cost_critic/Delta": 0.48061370849609375,
    "Loss/Loss_pi": -0.24916185438632965,
    "Loss/Loss_pi/Delta": 0.08087389171123505,
    "Loss/Loss_reward_critic": 0.04320402815937996,
    "Loss/Loss_reward_critic/Delta": 0.004716239869594574,
    "Metrics/EpCost": 12.279999732971191,
    "Metrics/EpLen": 1000,
    "Metrics/EpRet": 11.66639518737793,
    "Metrics/LagrangeMultiplier": 2.4789390563964844,
    "Metrics/LagrangeMultiplier/Max": 2.4789390563964844,
    "Metrics/LagrangeMultiplier/Min": 2.4789390563964844,
    "Metrics/LagrangeMultiplier/Std": 0,
    "Safety/EpCostShield": 24.200000762939453,
    "Safety/ShieldLagrangeMultiplier": 2.4609904289245605,
    "Safety/ShieldLagrangeMultiplier/Max": 2.4609904289245605,
    "Safety/ShieldLagrangeMultiplier/Min": 2.4609904289245605,
    "Safety/ShieldLagrangeMultiplier/Std": 0,
    "Safety/shield_adv_c": "NaN",
    "Safety/shield_violation": 3.1112027168273926,
    "Time/Epoch": 191.67364501953125,
    "Time/FPS": 104.34403228759766,
    "Time/Rollout": 84.50086975097656,
    "Time/Total": 19564.615234375,
    "Time/Update": 107.1727066040039,
    "TotalEnvSteps": 2000000,
    "Train/Entropy": 0.7975903153419495,
    "Train/Epoch": 99,
    "Train/KL": 0.0025640097446739674,
    "Train/LR": 0,
    "Train/PolicyRatio": 1.0011823177337646,
    "Train/PolicyRatio/Max": 1.0011823177337646,
    "Train/PolicyRatio/Min": 1.0011823177337646,
    "Train/PolicyRatio/Std": 0.005799935199320316,
    "Train/PolicyStd": 0.5511392951011658,
    "Train/StopIter": 40,
    "Value/Adv": 0.10191357135772704,
    "Value/cost": 1.607634425163269,
    "Value/reward": 1.3635058403015137,
    "_runtime": 19565.960991277,
    "_step": 100,
    "_timestamp": 1746515963.745405,
    "_wandb": {
        "runtime": 19565
    }
}