{
    "Loss/Loss_cost_critic": 1.957382321357727,
    "Loss/Loss_cost_critic/Delta": -1.4536503553390503,
    "Loss/Loss_pi": -0.5199202299118042,
    "Loss/Loss_pi/Delta": -0.23029133677482605,
    "Loss/Loss_reward_critic": 0.005018529947847128,
    "Loss/Loss_reward_critic/Delta": 0.0011846022680401802,
    "Metrics/EpCost": 11.979999542236328,
    "Metrics/EpLen": 1000,
    "Metrics/EpRet": 0.49636581540107727,
    "Metrics/LagrangeMultiplier": 3.0792624950408936,
    "Metrics/LagrangeMultiplier/Max": 3.0792624950408936,
    "Metrics/LagrangeMultiplier/Min": 3.0792624950408936,
    "Metrics/LagrangeMultiplier/Std": 0,
    "Safety/EpCostShield": 13.949999809265137,
    "Safety/ShieldLagrangeMultiplier": 3.10453724861145,
    "Safety/ShieldLagrangeMultiplier/Max": 3.10453724861145,
    "Safety/ShieldLagrangeMultiplier/Min": 3.10453724861145,
    "Safety/ShieldLagrangeMultiplier/Std": 0,
    "Safety/shield_adv_c": "NaN",
    "Safety/shield_violation": 5.255429744720459,
    "Time/Epoch": 143.27096557617188,
    "Time/FPS": 139.5956268310547,
    "Time/Rollout": 62.92877197265625,
    "Time/Total": 14800.87890625,
    "Time/Update": 80.34214782714844,
    "TotalEnvSteps": 2000000,
    "Train/Entropy": 0.5841602683067322,
    "Train/Epoch": 99,
    "Train/KL": 0.002992624184116721,
    "Train/LR": 0,
    "Train/PolicyRatio": 1.0018048286437988,
    "Train/PolicyRatio/Max": 1.0018048286437988,
    "Train/PolicyRatio/Min": 1.0018048286437988,
    "Train/PolicyRatio/Std": 0.006117817480117083,
    "Train/PolicyStd": 0.4356190264225006,
    "Train/StopIter": 40,
    "Value/Adv": -0.03450905531644821,
    "Value/cost": 1.2073101997375488,
    "Value/reward": 0.06418149173259735,
    "_runtime": 14802.384129604,
    "_step": 100,
    "_timestamp": 1746511169.6514876,
    "_wandb": {
        "runtime": 14802
    }
}