{
    "Loss/Loss_cost_critic": 3.241887331008911,
    "Loss/Loss_cost_critic/Delta": -0.0821988582611084,
    "Loss/Loss_pi": -0.025477474555373192,
    "Loss/Loss_pi/Delta": 0.006089208647608757,
    "Loss/Loss_reward_critic": 0.04457111284136772,
    "Loss/Loss_reward_critic/Delta": 0.0020925477147102356,
    "Metrics/EpCost": 8.119999885559082,
    "Metrics/EpLen": 1000,
    "Metrics/EpRet": 8.750953674316406,
    "Metrics/LagrangeMultiplier": 2.4889886379241943,
    "Metrics/LagrangeMultiplier/Max": 2.4889886379241943,
    "Metrics/LagrangeMultiplier/Min": 2.4889886379241943,
    "Metrics/LagrangeMultiplier/Std": 0,
    "Misc/AcceptanceStep": 1,
    "Misc/Alpha": 1.2053486108779907,
    "Misc/FinalStepNorm": 0.277965247631073,
    "Misc/H_inv_g": 0.23060983419418335,
    "Misc/gradient_norm": 0.1911589354276657,
    "Misc/xHx": 0.013765889219939709,
    "Safety/EpCostShield": 21.299999237060547,
    "Safety/ShieldLagrangeMultiplier": 2.4618144035339355,
    "Safety/ShieldLagrangeMultiplier/Max": 2.4618144035339355,
    "Safety/ShieldLagrangeMultiplier/Min": 2.4618144035339355,
    "Safety/ShieldLagrangeMultiplier/Std": 0,
    "Safety/shield_adv_c": 0.06824211776256561,
    "Safety/shield_violation": 1.996963620185852,
    "Time/Epoch": 111.71047973632812,
    "Time/FPS": 179.03424072265625,
    "Time/Rollout": 86.25996398925781,
    "Time/Total": 11789.4228515625,
    "Time/Update": 25.450468063354492,
    "TotalEnvSteps": 2000000,
    "Train/Entropy": 1.2411960363388062,
    "Train/Epoch": 99,
    "Train/KL": 0.0003534614515956491,
    "Train/LR": 0,
    "Train/PolicyRatio": 0.9997137188911438,
    "Train/PolicyRatio/Max": 0.9997137784957886,
    "Train/PolicyRatio/Min": 0.9997137784957886,
    "Train/PolicyRatio/Std": 0.000202389172045514,
    "Train/PolicyStd": 0.8446734547615051,
    "Train/StopIter": 10,
    "Value/Adv": 0,
    "Value/cost": 0.790158748626709,
    "Value/reward": 1.125622272491455,
    "_runtime": 11791.074330659,
    "_step": 100,
    "_timestamp": 1746625788.219691,
    "_wandb": {
        "runtime": 11791
    }
}