{
    "Loss/Loss_cost_critic": 0.21270807087421417,
    "Loss/Loss_cost_critic/Delta": -0.48859457671642303,
    "Loss/Loss_pi": -0.0030529124196618795,
    "Loss/Loss_pi/Delta": 0.0066707024816423655,
    "Loss/Loss_reward_critic": 0.005434297490864992,
    "Loss/Loss_reward_critic/Delta": 0.0001628343015909195,
    "Metrics/EpCost": 3.3399999141693115,
    "Metrics/EpLen": 500,
    "Metrics/EpRet": 0.7869970202445984,
    "Metrics/LagrangeMultiplier": 116.79768371582033,
    "Metrics/LagrangeMultiplier/Max": 116.79768371582033,
    "Metrics/LagrangeMultiplier/Min": 116.79768371582033,
    "Metrics/LagrangeMultiplier/Std": 0,
    "Misc/AcceptanceStep": 1,
    "Misc/Alpha": 4.125470161437988,
    "Misc/FinalStepNorm": 0.32670050859451294,
    "Misc/H_inv_g": 0.07919109612703323,
    "Misc/gradient_norm": 0.028804395347833633,
    "Misc/xHx": 0.001175112323835492,
    "Time/Epoch": 124.3746337890625,
    "Time/FPS": 160.80450439453125,
    "Time/Rollout": 109.8386001586914,
    "Time/Total": 12299.3798828125,
    "Time/Update": 14.535995483398438,
    "TotalEnvSteps": 2000000,
    "Train/Entropy": 1.3676077127456665,
    "Train/Epoch": 99,
    "Train/KL": 0.00026273151161149144,
    "Train/LR": 0,
    "Train/PolicyRatio": 0.9998536109924316,
    "Train/PolicyRatio/Max": 0.9998536109924316,
    "Train/PolicyRatio/Min": 0.9998536109924316,
    "Train/PolicyRatio/Std": 0.00010354076221119612,
    "Train/PolicyStd": 0.9557778239250184,
    "Train/StopIter": 10,
    "Value/Adv": 6.866454960174906e-09,
    "Value/cost": 0.3890224695205689,
    "Value/reward": 0.17749248445034027,
    "_runtime": 12300.870499302,
    "_step": 100,
    "_timestamp": 1745039089.4971154,
    "_wandb": {
        "runtime": 12300
    }
}