{
    "Loss/Loss_cost_critic": 4.579505443572998,
    "Loss/Loss_cost_critic/Delta": -4.525776386260986,
    "Loss/Loss_pi": -0.027251536026597023,
    "Loss/Loss_pi/Delta": 0.042457034811377525,
    "Loss/Loss_reward_critic": 4.346901893615723,
    "Loss/Loss_reward_critic/Delta": -1.460136890411377,
    "Metrics/EpCost": 32.150001525878906,
    "Metrics/EpLen": 500,
    "Metrics/EpRet": 8.31075668334961,
    "Metrics/LagrangeMultiplier": 3.500645875930786,
    "Metrics/LagrangeMultiplier/Max": 3.500645875930786,
    "Metrics/LagrangeMultiplier/Min": 3.500645875930786,
    "Metrics/LagrangeMultiplier/Std": 0,
    "Time/Epoch": 229.6875915527344,
    "Time/FPS": 87.07479858398438,
    "Time/Rollout": 127.1495590209961,
    "Time/Total": 17832.458984375,
    "Time/Update": 102.53795623779295,
    "TotalEnvSteps": 2000000,
    "Train/Entropy": 1.439599871635437,
    "Train/Epoch": 99,
    "Train/KL": 0.005439713131636381,
    "Train/LR": 0,
    "Train/PolicyRatio": 0.9998122453689576,
    "Train/PolicyRatio/Max": 0.9998122453689576,
    "Train/PolicyRatio/Min": 0.9998122453689576,
    "Train/PolicyRatio/Std": 0.006962437182664871,
    "Train/PolicyStd": 1.0218521356582642,
    "Train/StopIter": 40,
    "Value/Adv": 0.01960033178329468,
    "Value/cost": 9.354836463928224,
    "Value/reward": 1.7573144435882568,
    "_runtime": 17833.988047989,
    "_step": 100,
    "_timestamp": 1743349663.3477132,
    "_wandb": {
        "runtime": 17833
    }
}