{
    "Loss/Loss_cost_critic": 1.6157557964324951,
    "Loss/Loss_cost_critic/Delta": -0.4514775276184082,
    "Loss/Loss_pi": -0.4314962327480316,
    "Loss/Loss_pi/Delta": -0.2708417922258377,
    "Loss/Loss_reward_critic": 0.014573940075933932,
    "Loss/Loss_reward_critic/Delta": -0.0007730424404144287,
    "Metrics/EpCost": 4.480000019073486,
    "Metrics/EpLen": 1000,
    "Metrics/EpRet": 0.7365761399269104,
    "Metrics/LagrangeMultiplier": 1.9643213748931885,
    "Metrics/LagrangeMultiplier/Max": 1.9643213748931885,
    "Metrics/LagrangeMultiplier/Min": 1.9643213748931885,
    "Metrics/LagrangeMultiplier/Std": 0,
    "Misc/AcceptanceStep": 1,
    "Misc/Alpha": 1.9153083562850952,
    "Misc/FinalStepNorm": 0.34132882952690125,
    "Misc/H_inv_g": 0.17821091413497925,
    "Misc/gradient_norm": 0.08595473319292068,
    "Misc/xHx": 0.005451949313282967,
    "Safety/EpCostShield": 7.650000095367432,
    "Safety/ShieldLagrangeMultiplier": 2.3557074069976807,
    "Safety/ShieldLagrangeMultiplier/Max": 2.3557074069976807,
    "Safety/ShieldLagrangeMultiplier/Min": 2.3557074069976807,
    "Safety/ShieldLagrangeMultiplier/Std": 0,
    "Safety/shield_adv_c": -0.2812679409980774,
    "Safety/shield_violation": 3.740976095199585,
    "Time/Epoch": 98.45983123779295,
    "Time/FPS": 203.1285095214844,
    "Time/Rollout": 81.72883605957031,
    "Time/Total": 10207.6357421875,
    "Time/Update": 16.730968475341797,
    "TotalEnvSteps": 2000000,
    "Train/Entropy": 2.030869483947754,
    "Train/Epoch": 99,
    "Train/KL": 0.0002186541532864794,
    "Train/LR": 0,
    "Train/PolicyRatio": 1.001954436302185,
    "Train/PolicyRatio/Max": 1.001954436302185,
    "Train/PolicyRatio/Min": 1.001954436302185,
    "Train/PolicyRatio/Std": 0.0013819108717143536,
    "Train/PolicyStd": 1.8452777862548828,
    "Train/StopIter": 10,
    "Value/Adv": -1.0681151962899094e-08,
    "Value/cost": 0.5845404863357544,
    "Value/reward": 0.17587824165821075,
    "_runtime": 10209.26814245,
    "_step": 100,
    "_timestamp": 1746558777.4585826,
    "_wandb": {
        "runtime": 10209
    }
}