{
    "Loss/Loss_cost_critic": 0.2473522573709488,
    "Loss/Loss_cost_critic/Delta": 0.20725972577929497,
    "Loss/Loss_pi": -0.01342727243900299,
    "Loss/Loss_pi/Delta": -0.011448139091953635,
    "Loss/Loss_reward_critic": 0.0050169737078249454,
    "Loss/Loss_reward_critic/Delta": -0.00407985458150506,
    "Metrics/EpCost": 2.5799999237060547,
    "Metrics/EpLen": 1000,
    "Metrics/EpRet": -0.08830343186855316,
    "Metrics/LagrangeMultiplier": 202.1336669921875,
    "Metrics/LagrangeMultiplier/Max": 202.1336669921875,
    "Metrics/LagrangeMultiplier/Min": 202.1336669921875,
    "Metrics/LagrangeMultiplier/Std": 0,
    "Misc/AcceptanceStep": 1,
    "Misc/Alpha": 0.8649995923042297,
    "Misc/FinalStepNorm": 0.27956855297088623,
    "Misc/H_inv_g": 0.3232007920742035,
    "Misc/gradient_norm": 0.15943565964698792,
    "Misc/xHx": 0.02672994509339333,
    "Time/Epoch": 114.31443786621094,
    "Time/FPS": 174.95602416992188,
    "Time/Rollout": 99.0256576538086,
    "Time/Total": 11423.5732421875,
    "Time/Update": 15.288740158081056,
    "TotalEnvSteps": 2000000,
    "Train/Entropy": 1.4262291193008425,
    "Train/Epoch": 99,
    "Train/KL": 0.0003263467806391418,
    "Train/LR": 0,
    "Train/PolicyRatio": 0.9991579055786132,
    "Train/PolicyRatio/Max": 0.9991579055786132,
    "Train/PolicyRatio/Min": 0.9991579055786132,
    "Train/PolicyRatio/Std": 0.0005954225780442357,
    "Train/PolicyStd": 1.007328748703003,
    "Train/StopIter": 10,
    "Value/Adv": -1.907348501362094e-09,
    "Value/cost": 0.21236474812030792,
    "Value/reward": -0.00729072792455554,
    "_runtime": 11424.639993717,
    "_step": 100,
    "_timestamp": 1745025910.832185,
    "_wandb": {
        "runtime": 11424
    }
}