{
    "Loss/Loss_cost_critic": 0.9546952843666076,
    "Loss/Loss_cost_critic/Delta": -0.20891040563583377,
    "Loss/Loss_pi": -0.012864450924098492,
    "Loss/Loss_pi/Delta": 0.0034489212557673454,
    "Loss/Loss_reward_critic": 0.0685163363814354,
    "Loss/Loss_reward_critic/Delta": 0.010614551603794098,
    "Metrics/EpCost": 17.350000381469727,
    "Metrics/EpLen": 1000,
    "Metrics/EpRet": 17.59414291381836,
    "Metrics/LagrangeMultiplier": 2.905996561050415,
    "Metrics/LagrangeMultiplier/Max": 2.905996561050415,
    "Metrics/LagrangeMultiplier/Min": 2.905996561050415,
    "Metrics/LagrangeMultiplier/Std": 0,
    "Misc/AcceptanceStep": 1,
    "Misc/Alpha": 0.9503074288368224,
    "Misc/FinalStepNorm": 0.22732901573181152,
    "Misc/H_inv_g": 0.23921628296375275,
    "Misc/gradient_norm": 0.28132304549217224,
    "Misc/xHx": 0.0221463181078434,
    "Time/Epoch": 80.16659545898438,
    "Time/FPS": 249.48046875,
    "Time/Rollout": 71.66929626464844,
    "Time/Total": 8037.791015625,
    "Time/Update": 8.497284889221191,
    "TotalEnvSteps": 2000000,
    "Train/Entropy": 0.983060896396637,
    "Train/Epoch": 99,
    "Train/KL": 0.0004086935368832201,
    "Train/LR": 0,
    "Train/PolicyRatio": 0.9994656443595886,
    "Train/PolicyRatio/Max": 0.9994656443595886,
    "Train/PolicyRatio/Min": 0.9994656443595886,
    "Train/PolicyRatio/Std": 0.00037786053144373,
    "Train/PolicyStd": 0.6470450758934021,
    "Train/StopIter": 10,
    "Value/Adv": -3.051757735406113e-09,
    "Value/cost": 2.0733988285064697,
    "Value/reward": 1.7425730228424072,
    "_runtime": 8039.434262844,
    "_step": 100,
    "_timestamp": 1743323994.2810652,
    "_wandb": {
        "runtime": 8039
    }
}