{
    "Loss/Loss_cost_critic": 0.7701191306114197,
    "Loss/Loss_cost_critic/Delta": 0.2766531705856323,
    "Loss/Loss_pi": -0.004231113940477371,
    "Loss/Loss_pi/Delta": 0.0005573229864239693,
    "Loss/Loss_reward_critic": 0.020792296156287193,
    "Loss/Loss_reward_critic/Delta": 0.0038036666810512543,
    "Metrics/EpCost": 11.479999542236328,
    "Metrics/EpLen": 1000,
    "Metrics/EpRet": -4.170990467071533,
    "Misc/A": 0.020512409508228305,
    "Misc/AcceptanceStep": 1,
    "Misc/Alpha": 0.9869166612625122,
    "Misc/B": -7460.0849609375,
    "Misc/FinalStepNorm": 0.30102765560150146,
    "Misc/H_inv_g": 0.24705074727535248,
    "Misc/Lambda_star": 0,
    "Misc/Nu_star": 1.064009666442871,
    "Misc/OptimCase": 0,
    "Misc/cost_gradient_norm": 0.153769388794899,
    "Misc/gradient_norm": 0.4476527273654938,
    "Misc/q": 0.02053377591073513,
    "Misc/r": 0.0006143865757621825,
    "Misc/s": 0.017666013911366463,
    "Misc/xHx": 0.02053377591073513,
    "Time/Epoch": 348.9637451171875,
    "Time/FPS": 57.31254577636719,
    "Time/Rollout": 340.1798400878906,
    "Time/Total": 34552.984375,
    "Time/Update": 8.7838716506958,
    "TotalEnvSteps": 2000000,
    "Train/Entropy": 1.4518896341323853,
    "Train/Epoch": 99,
    "Train/KL": 0.00016092071018647405,
    "Train/LR": 0,
    "Train/PolicyRatio": 0.999823808670044,
    "Train/PolicyRatio/Max": 0.999823808670044,
    "Train/PolicyRatio/Min": 0.999823808670044,
    "Train/PolicyRatio/Std": 0.00012458609126042577,
    "Train/PolicyStd": 1.034054160118103,
    "Train/StopIter": 10,
    "Value/Adv": -1.5258788677030564e-09,
    "Value/cost": 1.020678162574768,
    "Value/reward": -0.4319991767406464,
    "_runtime": 34555.307804839,
    "_step": 100,
    "_timestamp": 1743362183.5541935,
    "_wandb": {
        "runtime": 34555
    }
}