{
    "Loss/Loss_cost_critic": 4.786654472351074,
    "Loss/Loss_cost_critic/Delta": -0.6229090690612793,
    "Loss/Loss_pi": -0.13958357274532318,
    "Loss/Loss_pi/Delta": 0.2600097805261612,
    "Loss/Loss_reward_critic": 0.04277580976486206,
    "Loss/Loss_reward_critic/Delta": -0.02025812864303589,
    "Metrics/EpCost": 26.229999542236328,
    "Metrics/EpLen": 1000,
    "Metrics/EpRet": 6.505953311920166,
    "Metrics/LagrangeMultiplier": 2.9245858192443848,
    "Metrics/LagrangeMultiplier/Max": 2.9245858192443848,
    "Metrics/LagrangeMultiplier/Min": 2.9245858192443848,
    "Metrics/LagrangeMultiplier/Std": 0,
    "Safety/EpCostShield": 49.400001525878906,
    "Safety/ShieldLagrangeMultiplier": 2.935302257537842,
    "Safety/ShieldLagrangeMultiplier/Max": 2.935302257537842,
    "Safety/ShieldLagrangeMultiplier/Min": 2.935302257537842,
    "Safety/ShieldLagrangeMultiplier/Std": 0,
    "Safety/shield_adv_c": "NaN",
    "Safety/shield_violation": 5.352623462677002,
    "Time/Epoch": 261.62738037109375,
    "Time/FPS": 76.44459533691406,
    "Time/Rollout": 117.5590591430664,
    "Time/Total": 22474.435546875,
    "Time/Update": 144.0682373046875,
    "TotalEnvSteps": 2000000,
    "Train/Entropy": -0.016257431358098984,
    "Train/Epoch": 99,
    "Train/KL": 0.005263407714664936,
    "Train/LR": 0,
    "Train/PolicyRatio": 0.9997484087944032,
    "Train/PolicyRatio/Max": 0.9997484087944032,
    "Train/PolicyRatio/Min": 0.9997484087944032,
    "Train/PolicyRatio/Std": 0.007756796665489674,
    "Train/PolicyStd": 0.23873217403888705,
    "Train/StopIter": 40,
    "Value/Adv": -0.11490879952907562,
    "Value/cost": 2.4197473526000977,
    "Value/reward": 0.7305880784988403,
    "_runtime": 22475.825902501,
    "_step": 100,
    "_timestamp": 1746591604.0671043,
    "_wandb": {
        "runtime": 22475
    }
}