{
    "Loss/Loss_cost_critic": 4.090267181396484,
    "Loss/Loss_cost_critic/Delta": -2.5551562309265137,
    "Loss/Loss_pi": -0.26874151825904846,
    "Loss/Loss_pi/Delta": -0.11204740405082704,
    "Loss/Loss_reward_critic": 0.1001952663064003,
    "Loss/Loss_reward_critic/Delta": -0.0008530393242835999,
    "Metrics/EpCost": 4.550000190734863,
    "Metrics/EpLen": 500,
    "Metrics/EpRet": 10.3710355758667,
    "Metrics/LagrangeMultiplier": 0.982148289680481,
    "Metrics/LagrangeMultiplier/Max": 0.982148289680481,
    "Metrics/LagrangeMultiplier/Min": 0.982148289680481,
    "Metrics/LagrangeMultiplier/Std": 0,
    "Misc/AcceptanceStep": 1,
    "Misc/Alpha": 1.4857728481292725,
    "Misc/FinalStepNorm": 0.313993364572525,
    "Misc/H_inv_g": 0.21133334934711456,
    "Misc/gradient_norm": 0.07758691906929016,
    "Misc/xHx": 0.009059926494956017,
    "Safety/EpCostShield": 10.149999618530272,
    "Safety/ShieldLagrangeMultiplier": 1.259703516960144,
    "Safety/ShieldLagrangeMultiplier/Max": 1.259703516960144,
    "Safety/ShieldLagrangeMultiplier/Min": 1.259703516960144,
    "Safety/ShieldLagrangeMultiplier/Std": 0,
    "Safety/shield_adv_c": 0.2269207239151001,
    "Safety/shield_violation": 1.1351381540298462,
    "Time/Epoch": 123.1828155517578,
    "Time/FPS": 162.36032104492188,
    "Time/Rollout": 98.13140869140624,
    "Time/Total": 12211.439453125,
    "Time/Update": 25.05138397216797,
    "TotalEnvSteps": 2000000,
    "Train/Entropy": 1.8925143480300903,
    "Train/Epoch": 99,
    "Train/KL": 0.00029655906837433577,
    "Train/LR": 0,
    "Train/PolicyRatio": 1.0028570890426636,
    "Train/PolicyRatio/Max": 1.0028570890426636,
    "Train/PolicyRatio/Min": 1.0028570890426636,
    "Train/PolicyRatio/Std": 0.0020202388986945152,
    "Train/PolicyStd": 1.797972321510315,
    "Train/StopIter": 10,
    "Value/Adv": 6.103515470812226e-09,
    "Value/cost": 0.5522199273109436,
    "Value/reward": 2.0662386417388916,
    "_runtime": 12213.211021237,
    "_step": 100,
    "_timestamp": 1746923284.7512622,
    "_wandb": {
        "runtime": 12213
    }
}