{
    "Loss/Loss_cost_critic": 1.9259366989135744,
    "Loss/Loss_cost_critic/Delta": 0.3343087434768677,
    "Loss/Loss_pi": -0.026265563443303108,
    "Loss/Loss_pi/Delta": -0.006089828908443451,
    "Loss/Loss_reward_critic": 0.03616023436188698,
    "Loss/Loss_reward_critic/Delta": -0.0007666535675525665,
    "Metrics/EpCost": 28.18000030517578,
    "Metrics/EpLen": 1000,
    "Metrics/EpRet": 3.367741584777832,
    "Metrics/LagrangeMultiplier": 2.7074332237243652,
    "Metrics/LagrangeMultiplier/Max": 2.7074332237243652,
    "Metrics/LagrangeMultiplier/Min": 2.7074332237243652,
    "Metrics/LagrangeMultiplier/Std": 0,
    "Misc/AcceptanceStep": 1,
    "Misc/Alpha": 0.4742943942546845,
    "Misc/FinalStepNorm": 0.260137140750885,
    "Misc/H_inv_g": 0.5484719276428223,
    "Misc/gradient_norm": 0.3980593979358673,
    "Misc/xHx": 0.08890658617019653,
    "Time/Epoch": 550.5623779296875,
    "Time/FPS": 36.32649230957031,
    "Time/Rollout": 535.8125610351562,
    "Time/Total": 39481.90234375,
    "Time/Update": 14.749737739562988,
    "TotalEnvSteps": 2000000,
    "Train/Entropy": 1.1686028242111206,
    "Train/Epoch": 99,
    "Train/KL": 0.0003699894296005368,
    "Train/LR": 0,
    "Train/PolicyRatio": 1.0023555755615234,
    "Train/PolicyRatio/Max": 1.0023555755615234,
    "Train/PolicyRatio/Min": 1.0023555755615234,
    "Train/PolicyRatio/Std": 0.001665587187744677,
    "Train/PolicyStd": 0.7807113528251648,
    "Train/StopIter": 10,
    "Value/Adv": -6.103515470812226e-09,
    "Value/cost": 2.6508333683013916,
    "Value/reward": 0.33039361238479614,
    "_runtime": 39483.482776839,
    "_step": 100,
    "_timestamp": 1743365278.6593382,
    "_wandb": {
        "runtime": 39483
    }
}