{
    "Loss/Loss_cost_critic": 1.3174408674240112,
    "Loss/Loss_cost_critic/Delta": -0.8422075510025024,
    "Loss/Loss_pi": -0.38631024956703186,
    "Loss/Loss_pi/Delta": -0.15392079949378967,
    "Loss/Loss_reward_critic": 0.025332199409604073,
    "Loss/Loss_reward_critic/Delta": -0.0021773558109998703,
    "Metrics/EpCost": 6.920000076293945,
    "Metrics/EpLen": 1000,
    "Metrics/EpRet": 2.7496449947357178,
    "Metrics/LagrangeMultiplier": 2.5569138526916504,
    "Metrics/LagrangeMultiplier/Max": 2.5569138526916504,
    "Metrics/LagrangeMultiplier/Min": 2.5569138526916504,
    "Metrics/LagrangeMultiplier/Std": 0,
    "Misc/AcceptanceStep": 1,
    "Misc/Alpha": 1.6335244178771973,
    "Misc/FinalStepNorm": 0.32279109954833984,
    "Misc/H_inv_g": 0.19760407507419583,
    "Misc/gradient_norm": 0.07040759176015854,
    "Misc/xHx": 0.007495112717151642,
    "Safety/EpCostShield": 5.800000190734863,
    "Safety/ShieldLagrangeMultiplier": 2.5945446491241455,
    "Safety/ShieldLagrangeMultiplier/Max": 2.5945446491241455,
    "Safety/ShieldLagrangeMultiplier/Min": 2.5945446491241455,
    "Safety/ShieldLagrangeMultiplier/Std": 0,
    "Safety/shield_adv_c": -0.26058995723724365,
    "Safety/shield_violation": 2.3183093070983887,
    "Time/Epoch": 121.19141387939452,
    "Time/FPS": 165.0281982421875,
    "Time/Rollout": 96.34308624267578,
    "Time/Total": 12970.046875,
    "Time/Update": 24.848299026489254,
    "TotalEnvSteps": 2000000,
    "Train/Entropy": 2.119469165802002,
    "Train/Epoch": 99,
    "Train/KL": 0.00024751844466663897,
    "Train/LR": 0,
    "Train/PolicyRatio": 1.0021867752075195,
    "Train/PolicyRatio/Max": 1.0021867752075195,
    "Train/PolicyRatio/Min": 1.0021867752075195,
    "Train/PolicyRatio/Std": 0.0015462273731827736,
    "Train/PolicyStd": 2.015644073486328,
    "Train/StopIter": 10,
    "Value/Adv": -1.3732909920349812e-08,
    "Value/cost": 0.4562454223632813,
    "Value/reward": 0.3450794517993927,
    "_runtime": 12971.523501816,
    "_step": 100,
    "_timestamp": 1746923121.0587904,
    "_wandb": {
        "runtime": 12971
    }
}