{
    "Loss/Loss_cost_critic": 4.503012180328369,
    "Loss/Loss_cost_critic/Delta": -0.818239688873291,
    "Loss/Loss_pi": -0.37822747230529785,
    "Loss/Loss_pi/Delta": -0.17073200643062592,
    "Loss/Loss_reward_critic": 0.031185902655124664,
    "Loss/Loss_reward_critic/Delta": -5.351379513740539e-05,
    "Metrics/EpCost": 16.100000381469727,
    "Metrics/EpLen": 1000,
    "Metrics/EpRet": 9.059589385986328,
    "Metrics/LagrangeMultiplier": 2.92543888092041,
    "Metrics/LagrangeMultiplier/Max": 2.92543888092041,
    "Metrics/LagrangeMultiplier/Min": 2.92543888092041,
    "Metrics/LagrangeMultiplier/Std": 0,
    "Safety/EpCostShield": 28.950000762939453,
    "Safety/ShieldLagrangeMultiplier": 2.7542173862457275,
    "Safety/ShieldLagrangeMultiplier/Max": 2.7542173862457275,
    "Safety/ShieldLagrangeMultiplier/Min": 2.7542173862457275,
    "Safety/ShieldLagrangeMultiplier/Std": 0,
    "Safety/shield_adv_c": "NaN",
    "Safety/shield_violation": 5.085249900817871,
    "Time/Epoch": 218.03846740722656,
    "Time/FPS": 91.7269287109375,
    "Time/Rollout": 87.24687957763672,
    "Time/Total": 21968.353515625,
    "Time/Update": 130.79153442382812,
    "TotalEnvSteps": 2000000,
    "Train/Entropy": 0.7012162208557129,
    "Train/Epoch": 99,
    "Train/KL": 0.0029998428653925657,
    "Train/LR": 0,
    "Train/PolicyRatio": 1.00098717212677,
    "Train/PolicyRatio/Max": 1.00098717212677,
    "Train/PolicyRatio/Min": 1.00098717212677,
    "Train/PolicyRatio/Std": 0.006211539264768362,
    "Train/PolicyStd": 0.4939267337322235,
    "Train/StopIter": 40,
    "Value/Adv": -0.1467432975769043,
    "Value/cost": 2.454184055328369,
    "Value/reward": 0.960176169872284,
    "_runtime": 21969.797225041,
    "_step": 100,
    "_timestamp": 1746518358.2553098,
    "_wandb": {
        "runtime": 21969
    }
}