{
    "Loss/Loss_cost_critic": 1.0577255487442017,
    "Loss/Loss_cost_critic/Delta": -1.4423657655715942,
    "Loss/Loss_pi": -0.2128765881061554,
    "Loss/Loss_pi/Delta": -0.11153262853622437,
    "Loss/Loss_reward_critic": 0.07701628655195236,
    "Loss/Loss_reward_critic/Delta": 0.0028915107250213623,
    "Metrics/EpCost": 1.2000000476837158,
    "Metrics/EpLen": 500,
    "Metrics/EpRet": 9.474950790405272,
    "Metrics/LagrangeMultiplier": 0.964204728603363,
    "Metrics/LagrangeMultiplier/Max": 0.964204728603363,
    "Metrics/LagrangeMultiplier/Min": 0.964204728603363,
    "Metrics/LagrangeMultiplier/Std": 0,
    "Safety/EpCostShield": 3.25,
    "Safety/ShieldLagrangeMultiplier": 1.2690131664276123,
    "Safety/ShieldLagrangeMultiplier/Max": 1.2690131664276123,
    "Safety/ShieldLagrangeMultiplier/Min": 1.2690131664276123,
    "Safety/ShieldLagrangeMultiplier/Std": 0,
    "Safety/shield_adv_c": "NaN",
    "Safety/shield_violation": 0.5507280230522156,
    "Time/Epoch": 189.2342071533203,
    "Time/FPS": 105.68914031982422,
    "Time/Rollout": 91.70036315917967,
    "Time/Total": 19074.369140625,
    "Time/Update": 97.53378295898438,
    "TotalEnvSteps": 2000000,
    "Train/Entropy": 0.9436967372894288,
    "Train/Epoch": 99,
    "Train/KL": 0.002033042488619685,
    "Train/LR": 0,
    "Train/PolicyRatio": 1.00102698802948,
    "Train/PolicyRatio/Max": 1.00102698802948,
    "Train/PolicyRatio/Min": 1.00102698802948,
    "Train/PolicyRatio/Std": 0.004948603454977274,
    "Train/PolicyStd": 0.6396090984344482,
    "Train/StopIter": 40,
    "Value/Adv": -0.1139131411910057,
    "Value/cost": 0.19109471142292023,
    "Value/reward": 1.962614893913269,
    "_runtime": 19076.358369787,
    "_step": 100,
    "_timestamp": 1746555672.143272,
    "_wandb": {
        "runtime": 19076
    }
}