{
    "Loss/Loss_cost_critic": 3.0058717727661133,
    "Loss/Loss_cost_critic/Delta": -0.7864542007446289,
    "Loss/Loss_pi": -0.17214961349964142,
    "Loss/Loss_pi/Delta": 0.3300317972898483,
    "Loss/Loss_reward_critic": 0.033127278089523315,
    "Loss/Loss_reward_critic/Delta": -0.0044890232384204865,
    "Metrics/EpCost": 12.350000381469728,
    "Metrics/EpLen": 1000,
    "Metrics/EpRet": 5.990979194641113,
    "Metrics/LagrangeMultiplier": 2.9480397701263428,
    "Metrics/LagrangeMultiplier/Max": 2.9480397701263428,
    "Metrics/LagrangeMultiplier/Min": 2.9480397701263428,
    "Metrics/LagrangeMultiplier/Std": 0,
    "Safety/EpCostShield": 30.649999618530273,
    "Safety/ShieldLagrangeMultiplier": 2.768399238586426,
    "Safety/ShieldLagrangeMultiplier/Max": 2.768399238586426,
    "Safety/ShieldLagrangeMultiplier/Min": 2.768399238586426,
    "Safety/ShieldLagrangeMultiplier/Std": 0,
    "Safety/shield_adv_c": "NaN",
    "Safety/shield_violation": 3.156503200531006,
    "Time/Epoch": 236.62403869628903,
    "Time/FPS": 84.52227020263672,
    "Time/Rollout": 94.7770004272461,
    "Time/Total": 22786.798828125,
    "Time/Update": 141.84690856933594,
    "TotalEnvSteps": 2000000,
    "Train/Entropy": 0.5736426115036011,
    "Train/Epoch": 99,
    "Train/KL": 0.003833487629890442,
    "Train/LR": 0,
    "Train/PolicyRatio": 1.001241683959961,
    "Train/PolicyRatio/Max": 1.001241683959961,
    "Train/PolicyRatio/Min": 1.001241683959961,
    "Train/PolicyRatio/Std": 0.00674935057759285,
    "Train/PolicyStd": 0.45136329531669617,
    "Train/StopIter": 40,
    "Value/Adv": 0.1468552052974701,
    "Value/cost": 1.5269659757614136,
    "Value/reward": 0.6609406471252441,
    "_runtime": 22788.216844105,
    "_step": 100,
    "_timestamp": 1746543630.4187014,
    "_wandb": {
        "runtime": 22788
    }
}