{
    "Loss/Loss_cost_critic": 3.561614990234375,
    "Loss/Loss_cost_critic/Delta": -0.36705923080444336,
    "Loss/Loss_pi": -0.20650681853294373,
    "Loss/Loss_pi/Delta": -0.296053409576416,
    "Loss/Loss_reward_critic": 0.030208826065063477,
    "Loss/Loss_reward_critic/Delta": 0.0016212314367294312,
    "Metrics/EpCost": 18.38999938964844,
    "Metrics/EpLen": 1000,
    "Metrics/EpRet": 7.451215744018555,
    "Metrics/LagrangeMultiplier": 2.6697051525115967,
    "Metrics/LagrangeMultiplier/Max": 2.6697051525115967,
    "Metrics/LagrangeMultiplier/Min": 2.6697051525115967,
    "Metrics/LagrangeMultiplier/Std": 0,
    "Safety/EpCostShield": 29.350000381469727,
    "Safety/ShieldLagrangeMultiplier": 2.7109904289245605,
    "Safety/ShieldLagrangeMultiplier/Max": 2.7109904289245605,
    "Safety/ShieldLagrangeMultiplier/Min": 2.7109904289245605,
    "Safety/ShieldLagrangeMultiplier/Std": 0,
    "Safety/shield_adv_c": "NaN",
    "Safety/shield_violation": 3.356316089630127,
    "Time/Epoch": 250.9748687744141,
    "Time/FPS": 79.68925476074219,
    "Time/Rollout": 102.40925598144533,
    "Time/Total": 23031.953125,
    "Time/Update": 148.56552124023438,
    "TotalEnvSteps": 2000000,
    "Train/Entropy": 0.5487992763519287,
    "Train/Epoch": 99,
    "Train/KL": 0.003795480355620384,
    "Train/LR": 0,
    "Train/PolicyRatio": 1.0007137060165403,
    "Train/PolicyRatio/Max": 1.00071382522583,
    "Train/PolicyRatio/Min": 1.00071382522583,
    "Train/PolicyRatio/Std": 0.006660223472863436,
    "Train/PolicyStd": 0.4595389664173126,
    "Train/StopIter": 40,
    "Value/Adv": -0.2391461730003357,
    "Value/cost": 1.4206998348236084,
    "Value/reward": 0.7854260206222534,
    "_runtime": 23033.598315096,
    "_step": 100,
    "_timestamp": 1746543746.9972346,
    "_wandb": {
        "runtime": 23033
    }
}