{
    "Loss/Loss_cost_critic": 1.6815582513809204,
    "Loss/Loss_cost_critic/Delta": -0.19536900520324707,
    "Loss/Loss_pi": -0.006677255965769291,
    "Loss/Loss_pi/Delta": 0.0030235284939408302,
    "Loss/Loss_reward_critic": 0.05825822055339813,
    "Loss/Loss_reward_critic/Delta": -0.0002681910991668701,
    "Metrics/EpCost": 9.300000190734863,
    "Metrics/EpLen": 500,
    "Metrics/EpRet": 11.968279838562012,
    "Metrics/LagrangeMultiplier": 1.563575267791748,
    "Metrics/LagrangeMultiplier/Max": 1.563575267791748,
    "Metrics/LagrangeMultiplier/Min": 1.563575267791748,
    "Metrics/LagrangeMultiplier/Std": 0,
    "Time/Epoch": 150.82192993164062,
    "Time/FPS": 132.60671997070312,
    "Time/Rollout": 91.05538177490234,
    "Time/Total": 15197.69921875,
    "Time/Update": 59.76649475097656,
    "TotalEnvSteps": 2000000,
    "Train/Entropy": 0.3072544038295746,
    "Train/Epoch": 99,
    "Train/KL": 0.004662371706217527,
    "Train/LR": 0,
    "Train/PolicyRatio": 1.0003290176391602,
    "Train/PolicyRatio/Max": 1.0003290176391602,
    "Train/PolicyRatio/Min": 1.0003290176391602,
    "Train/PolicyRatio/Std": 0.006910768337547779,
    "Train/PolicyStd": 0.3292556405067444,
    "Train/StopIter": 40,
    "Value/Adv": 0.1244579702615738,
    "Value/cost": 0.7577669620513916,
    "Value/reward": 2.5393452644348145,
    "_runtime": 15199.551647337,
    "_step": 100,
    "_timestamp": 1743340096.9946015,
    "_wandb": {
        "runtime": 15199
    }
}