{
    "Loss/Loss_cost_critic": 3.272247552871704,
    "Loss/Loss_cost_critic/Delta": 0.5148065090179443,
    "Loss/Loss_pi": -0.37534523010253906,
    "Loss/Loss_pi/Delta": 0.016832560300827026,
    "Loss/Loss_reward_critic": 0.004025565460324287,
    "Loss/Loss_reward_critic/Delta": 0.0010881368070840836,
    "Metrics/EpCost": 10.739999771118164,
    "Metrics/EpLen": 1000,
    "Metrics/EpRet": 0.17943155765533447,
    "Metrics/LagrangeMultiplier": 3.7183725833892822,
    "Metrics/LagrangeMultiplier/Max": 3.7183725833892822,
    "Metrics/LagrangeMultiplier/Min": 3.7183725833892822,
    "Metrics/LagrangeMultiplier/Std": 0,
    "Safety/EpCostShield": 40.29999923706055,
    "Safety/ShieldLagrangeMultiplier": 3.232592821121216,
    "Safety/ShieldLagrangeMultiplier/Max": 3.232592821121216,
    "Safety/ShieldLagrangeMultiplier/Min": 3.232592821121216,
    "Safety/ShieldLagrangeMultiplier/Std": 0,
    "Safety/shield_adv_c": "NaN",
    "Safety/shield_violation": 5.654993534088135,
    "Time/Epoch": 146.3817901611328,
    "Time/FPS": 136.62901306152344,
    "Time/Rollout": 64.16400146484375,
    "Time/Total": 15628.3544921875,
    "Time/Update": 82.21771240234375,
    "TotalEnvSteps": 2000000,
    "Train/Entropy": 0.7403132915496826,
    "Train/Epoch": 99,
    "Train/KL": 0.0034436904825270176,
    "Train/LR": 0,
    "Train/PolicyRatio": 1.001306176185608,
    "Train/PolicyRatio/Max": 1.0013062953948977,
    "Train/PolicyRatio/Min": 1.0013062953948977,
    "Train/PolicyRatio/Std": 0.006327411625534296,
    "Train/PolicyStd": 0.5076450109481812,
    "Train/StopIter": 40,
    "Value/Adv": 0.06172831356525421,
    "Value/cost": 1.700083613395691,
    "Value/reward": 0.03653009980916977,
    "_runtime": 15629.454283051,
    "_step": 100,
    "_timestamp": 1746511993.7566736,
    "_wandb": {
        "runtime": 15629
    }
}