{
    "Loss/Loss_cost_critic": 5.601041316986084,
    "Loss/Loss_cost_critic/Delta": 2.630565881729126,
    "Loss/Loss_pi": -0.006862953305244446,
    "Loss/Loss_pi/Delta": -0.014548782259225844,
    "Loss/Loss_reward_critic": 0.3099137842655182,
    "Loss/Loss_reward_critic/Delta": 0.055537790060043335,
    "Metrics/EpCost": 5.900000095367432,
    "Metrics/EpLen": 500,
    "Metrics/EpRet": 25.220796585083008,
    "Metrics/LagrangeMultiplier": 1.1001509428024292,
    "Metrics/LagrangeMultiplier/Max": 1.1001509428024292,
    "Metrics/LagrangeMultiplier/Min": 1.1001509428024292,
    "Metrics/LagrangeMultiplier/Std": 0,
    "Misc/AcceptanceStep": 1,
    "Misc/Alpha": 1.3063451051712036,
    "Misc/FinalStepNorm": 0.1845334470272064,
    "Misc/H_inv_g": 0.1412593424320221,
    "Misc/gradient_norm": 0.34048786759376526,
    "Misc/xHx": 0.01171962544322014,
    "Safety/EpCostShield": 12.125,
    "Safety/ShieldLagrangeMultiplier": 1.2200828790664673,
    "Safety/ShieldLagrangeMultiplier/Max": 1.2200828790664673,
    "Safety/ShieldLagrangeMultiplier/Min": 1.2200828790664673,
    "Safety/ShieldLagrangeMultiplier/Std": 0,
    "Safety/shield_adv_c": 0.9854865074157716,
    "Safety/shield_violation": 1.8289246559143064,
    "Time/Epoch": 85.64041900634766,
    "Time/FPS": 233.5345916748047,
    "Time/Rollout": 72.40834045410156,
    "Time/Total": 8751.2470703125,
    "Time/Update": 13.232064247131348,
    "TotalEnvSteps": 2000000,
    "Train/Entropy": 1.0005213022232056,
    "Train/Epoch": 99,
    "Train/KL": 0.0004580713284667582,
    "Train/LR": 0,
    "Train/PolicyRatio": 1.0004968643188477,
    "Train/PolicyRatio/Max": 1.0004968643188477,
    "Train/PolicyRatio/Min": 1.0004968643188477,
    "Train/PolicyRatio/Std": 0.00035127991577610373,
    "Train/PolicyStd": 0.6782474517822266,
    "Train/StopIter": 10,
    "Value/Adv": -4.577636492086867e-09,
    "Value/cost": 0.864700198173523,
    "Value/reward": 5.229028224945068,
    "_runtime": 8752.429659795,
    "_step": 100,
    "_timestamp": 1746559389.0149577,
    "_wandb": {
        "runtime": 8752
    }
}