{
    "Loss/Loss_cost_critic": 2.546124219894409,
    "Loss/Loss_cost_critic/Delta": -1.0710675716400146,
    "Loss/Loss_pi": 0.0018742835381999612,
    "Loss/Loss_pi/Delta": -0.04086173640098423,
    "Loss/Loss_reward_critic": 0.07199916243553162,
    "Loss/Loss_reward_critic/Delta": 0.016136083751916885,
    "Metrics/EpCost": 5.269999980926514,
    "Metrics/EpLen": 1000,
    "Metrics/EpRet": 8.407353401184082,
    "Metrics/LagrangeMultiplier": 2.6240200996398926,
    "Metrics/LagrangeMultiplier/Max": 2.6240200996398926,
    "Metrics/LagrangeMultiplier/Min": 2.6240200996398926,
    "Metrics/LagrangeMultiplier/Std": 0,
    "Misc/AcceptanceStep": 1,
    "Misc/Alpha": 0.856170117855072,
    "Misc/FinalStepNorm": 0.2532384991645813,
    "Misc/H_inv_g": 0.29578059911727905,
    "Misc/gradient_norm": 0.2762240171432495,
    "Misc/xHx": 0.027284104377031326,
    "Safety/EpCostShield": 13.949999809265137,
    "Safety/ShieldLagrangeMultiplier": 2.6625897884368896,
    "Safety/ShieldLagrangeMultiplier/Max": 2.6625897884368896,
    "Safety/ShieldLagrangeMultiplier/Min": 2.6625897884368896,
    "Safety/ShieldLagrangeMultiplier/Std": 0,
    "Safety/shield_adv_c": 0.06072595715522766,
    "Safety/shield_violation": 1.0214369297027588,
    "Time/Epoch": 118.06082916259766,
    "Time/FPS": 169.40420532226562,
    "Time/Rollout": 92.93128204345705,
    "Time/Total": 12888.05078125,
    "Time/Update": 25.129514694213867,
    "TotalEnvSteps": 2000000,
    "Train/Entropy": 1.079824924468994,
    "Train/Epoch": 99,
    "Train/KL": 0.0003764136927202344,
    "Train/LR": 0,
    "Train/PolicyRatio": 0.9998641610145568,
    "Train/PolicyRatio/Max": 0.9998642206192015,
    "Train/PolicyRatio/Min": 0.9998642206192015,
    "Train/PolicyRatio/Std": 9.60386241786182e-05,
    "Train/PolicyStd": 0.7126010060310364,
    "Train/StopIter": 10,
    "Value/Adv": 7.629394005448376e-09,
    "Value/cost": 0.43575575947761536,
    "Value/reward": 0.9908511638641356,
    "_runtime": 12889.924484207,
    "_step": 100,
    "_timestamp": 1746574347.522273,
    "_wandb": {
        "runtime": 12889
    }
}