{
    "Loss/Loss_cost_critic": 7.753477096557617,
    "Loss/Loss_cost_critic/Delta": 1.6433382034301758,
    "Loss/Loss_pi": -0.6200310587882996,
    "Loss/Loss_pi/Delta": -0.004802584648132324,
    "Loss/Loss_reward_critic": 0.04737953096628189,
    "Loss/Loss_reward_critic/Delta": -0.0019098743796348572,
    "Metrics/EpCost": 36.310001373291016,
    "Metrics/EpLen": 1000,
    "Metrics/EpRet": 6.3918962478637695,
    "Metrics/LagrangeMultiplier": 2.7736189365386963,
    "Metrics/LagrangeMultiplier/Max": 2.7736189365386963,
    "Metrics/LagrangeMultiplier/Min": 2.7736189365386963,
    "Metrics/LagrangeMultiplier/Std": 0,
    "Safety/EpCostShield": 80.8499984741211,
    "Safety/ShieldLagrangeMultiplier": 2.782219648361206,
    "Safety/ShieldLagrangeMultiplier/Max": 2.782219648361206,
    "Safety/ShieldLagrangeMultiplier/Min": 2.782219648361206,
    "Safety/ShieldLagrangeMultiplier/Std": 0,
    "Safety/shield_adv_c": "NaN",
    "Safety/shield_violation": 12.334112167358398,
    "Time/Epoch": 158.64125061035156,
    "Time/FPS": 126.07061004638672,
    "Time/Rollout": 69.51898956298828,
    "Time/Total": 15053.54296875,
    "Time/Update": 89.12217712402344,
    "TotalEnvSteps": 2000000,
    "Train/Entropy": 0.45827600359916687,
    "Train/Epoch": 99,
    "Train/KL": 0.002858799882233143,
    "Train/LR": 0,
    "Train/PolicyRatio": 1.0017045736312866,
    "Train/PolicyRatio/Max": 1.0017046928405762,
    "Train/PolicyRatio/Min": 1.0017046928405762,
    "Train/PolicyRatio/Std": 0.005886363796889782,
    "Train/PolicyStd": 0.3941145539283752,
    "Train/StopIter": 40,
    "Value/Adv": -0.15143470466136932,
    "Value/cost": 5.134496212005615,
    "Value/reward": 0.9315394759178162,
    "_runtime": 15055.713585271,
    "_step": 100,
    "_timestamp": 1746522083.3940022,
    "_wandb": {
        "runtime": 15055
    }
}