{
    "Loss/Loss_cost_critic": 6.969005107879639,
    "Loss/Loss_cost_critic/Delta": 1.3858156204223633,
    "Loss/Loss_pi": -0.07508713752031326,
    "Loss/Loss_pi/Delta": 0.013023227453231812,
    "Loss/Loss_reward_critic": 0.05577125400304794,
    "Loss/Loss_reward_critic/Delta": 0.01566440612077713,
    "Metrics/EpCost": 26.260000228881836,
    "Metrics/EpLen": 1000,
    "Metrics/EpRet": 6.129636287689209,
    "Metrics/LagrangeMultiplier": 2.5992681980133057,
    "Metrics/LagrangeMultiplier/Max": 2.5992681980133057,
    "Metrics/LagrangeMultiplier/Min": 2.5992681980133057,
    "Metrics/LagrangeMultiplier/Std": 0,
    "Safety/EpCostShield": 86.44999694824219,
    "Safety/ShieldLagrangeMultiplier": 2.5607264041900635,
    "Safety/ShieldLagrangeMultiplier/Max": 2.5607264041900635,
    "Safety/ShieldLagrangeMultiplier/Min": 2.5607264041900635,
    "Safety/ShieldLagrangeMultiplier/Std": 0,
    "Safety/shield_adv_c": "NaN",
    "Safety/shield_violation": 8.030831336975098,
    "Time/Epoch": 265.4422912597656,
    "Time/FPS": 75.345947265625,
    "Time/Rollout": 106.87528228759766,
    "Time/Total": 26052.3671875,
    "Time/Update": 158.56692504882812,
    "TotalEnvSteps": 2000000,
    "Train/Entropy": -0.15480877459049225,
    "Train/Epoch": 99,
    "Train/KL": 0.0043136500753462315,
    "Train/LR": 0,
    "Train/PolicyRatio": 1.000659704208374,
    "Train/PolicyRatio/Max": 1.000659704208374,
    "Train/PolicyRatio/Min": 1.000659704208374,
    "Train/PolicyRatio/Std": 0.007098727859556675,
    "Train/PolicyStd": 0.20730532705783844,
    "Train/StopIter": 40,
    "Value/Adv": 0.019218839704990387,
    "Value/cost": 2.9960036277770996,
    "Value/reward": 0.9038702845573424,
    "_runtime": 26054.534895131,
    "_step": 100,
    "_timestamp": 1746640640.5095525,
    "_wandb": {
        "runtime": 26054
    }
}