{
    "Loss/Loss_cost_critic": 2.8458852767944336,
    "Loss/Loss_cost_critic/Delta": -1.6453590393066406,
    "Loss/Loss_pi": -0.27349239587783813,
    "Loss/Loss_pi/Delta": -0.04962064325809479,
    "Loss/Loss_reward_critic": 0.1313062310218811,
    "Loss/Loss_reward_critic/Delta": 0.007496096193790436,
    "Metrics/EpCost": 1.2799999713897705,
    "Metrics/EpLen": 500,
    "Metrics/EpRet": 21.209583282470703,
    "Metrics/LagrangeMultiplier": 1.21365487575531,
    "Metrics/LagrangeMultiplier/Max": 1.21365487575531,
    "Metrics/LagrangeMultiplier/Min": 1.21365487575531,
    "Metrics/LagrangeMultiplier/Std": 0,
    "Misc/AcceptanceStep": 1,
    "Misc/Alpha": 3.085615396499634,
    "Misc/FinalStepNorm": 0.232910618185997,
    "Misc/H_inv_g": 0.07548271119594574,
    "Misc/gradient_norm": 0.19052445888519287,
    "Misc/xHx": 0.002100604586303234,
    "Safety/EpCostShield": 6.824999809265137,
    "Safety/ShieldLagrangeMultiplier": 1.343440294265747,
    "Safety/ShieldLagrangeMultiplier/Max": 1.343440294265747,
    "Safety/ShieldLagrangeMultiplier/Min": 1.343440294265747,
    "Safety/ShieldLagrangeMultiplier/Std": 0,
    "Safety/shield_adv_c": 0.1406005620956421,
    "Safety/shield_violation": 0.9462656378746032,
    "Time/Epoch": 123.0456771850586,
    "Time/FPS": 162.541259765625,
    "Time/Rollout": 93.870849609375,
    "Time/Total": 12607.869140625,
    "Time/Update": 29.1748046875,
    "TotalEnvSteps": 2000000,
    "Train/Entropy": 1.8743594884872437,
    "Train/Epoch": 99,
    "Train/KL": 0.00039691172423772514,
    "Train/LR": 0,
    "Train/PolicyRatio": 1.0039628744125366,
    "Train/PolicyRatio/Max": 1.0039628744125366,
    "Train/PolicyRatio/Min": 1.0039628744125366,
    "Train/PolicyRatio/Std": 0.0028020909521728754,
    "Train/PolicyStd": 1.6416082382202148,
    "Train/StopIter": 10,
    "Value/Adv": -8.392333938900265e-09,
    "Value/cost": 0.3687410056591034,
    "Value/reward": 4.12616491317749,
    "_runtime": 12609.957209161,
    "_step": 100,
    "_timestamp": 1746521170.461987,
    "_wandb": {
        "runtime": 12609
    }
}