{
    "Loss/Loss_cost_critic": 0.16833367943763733,
    "Loss/Loss_cost_critic/Delta": -0.3887772858142853,
    "Loss/Loss_pi": -0.004154440481215715,
    "Loss/Loss_pi/Delta": 0.00750654237344861,
    "Loss/Loss_reward_critic": 0.0034082571510225534,
    "Loss/Loss_reward_critic/Delta": -0.0001786977518349886,
    "Metrics/EpCost": 4.119999885559082,
    "Metrics/EpLen": 1000,
    "Metrics/EpRet": 0.30609408020973206,
    "Metrics/LagrangeMultiplier": 2.4430365562438965,
    "Metrics/LagrangeMultiplier/Max": 2.4430365562438965,
    "Metrics/LagrangeMultiplier/Min": 2.4430365562438965,
    "Metrics/LagrangeMultiplier/Std": 0,
    "Misc/AcceptanceStep": 1,
    "Misc/Alpha": 3.259218215942383,
    "Misc/FinalStepNorm": 0.2805593013763428,
    "Misc/H_inv_g": 0.08608177304267883,
    "Misc/gradient_norm": 0.1371401846408844,
    "Misc/xHx": 0.0018827852327376604,
    "Time/Epoch": 76.73075103759766,
    "Time/FPS": 260.6517028808594,
    "Time/Rollout": 68.40784454345703,
    "Time/Total": 8589.2822265625,
    "Time/Update": 8.322885513305664,
    "TotalEnvSteps": 2000000,
    "Train/Entropy": 1.1759356260299685,
    "Train/Epoch": 99,
    "Train/KL": 0.0003491429379209876,
    "Train/LR": 0,
    "Train/PolicyRatio": 0.9995949864387512,
    "Train/PolicyRatio/Max": 0.999595046043396,
    "Train/PolicyRatio/Min": 0.999595046043396,
    "Train/PolicyRatio/Std": 0.00028634569025598466,
    "Train/PolicyStd": 0.7877151966094971,
    "Train/StopIter": 10,
    "Value/Adv": -7.629394338515282e-10,
    "Value/cost": 0.4030408263206482,
    "Value/reward": 0.029663333669304848,
    "_runtime": 8591.215913571,
    "_step": 100,
    "_timestamp": 1743314517.6029148,
    "_wandb": {
        "runtime": 8591
    }
}