{
    "Loss/Loss_cost_critic": 3.716291904449463,
    "Loss/Loss_cost_critic/Delta": -0.238086462020874,
    "Loss/Loss_pi": -0.08431517332792282,
    "Loss/Loss_pi/Delta": -0.07476470526307821,
    "Loss/Loss_reward_critic": 0.15921548008918762,
    "Loss/Loss_reward_critic/Delta": -0.015231430530548096,
    "Metrics/EpCost": 3.490000009536743,
    "Metrics/EpLen": 500,
    "Metrics/EpRet": 29.106557846069336,
    "Metrics/LagrangeMultiplier": 0.9664784073829652,
    "Metrics/LagrangeMultiplier/Max": 0.9664784073829652,
    "Metrics/LagrangeMultiplier/Min": 0.9664784073829652,
    "Metrics/LagrangeMultiplier/Std": 0,
    "Misc/AcceptanceStep": 1,
    "Misc/Alpha": 1.850310206413269,
    "Misc/FinalStepNorm": 0.1477712243795395,
    "Misc/H_inv_g": 0.07986294478178024,
    "Misc/gradient_norm": 0.268472820520401,
    "Misc/xHx": 0.0058417124673724174,
    "Safety/EpCostShield": 8.324999809265137,
    "Safety/ShieldLagrangeMultiplier": 1.1186944246292114,
    "Safety/ShieldLagrangeMultiplier/Max": 1.1186944246292114,
    "Safety/ShieldLagrangeMultiplier/Min": 1.1186944246292114,
    "Safety/ShieldLagrangeMultiplier/Std": 0,
    "Safety/shield_adv_c": 0.026577185839414597,
    "Safety/shield_violation": 2.3531007766723633,
    "Time/Epoch": 103.64549255371094,
    "Time/FPS": 192.9654541015625,
    "Time/Rollout": 86.12808990478516,
    "Time/Total": 10722.9072265625,
    "Time/Update": 17.517377853393555,
    "TotalEnvSteps": 2000000,
    "Train/Entropy": 0.5464677810668945,
    "Train/Epoch": 99,
    "Train/KL": 0.0005167696508578956,
    "Train/LR": 0,
    "Train/PolicyRatio": 1.0003665685653689,
    "Train/PolicyRatio/Max": 1.0003665685653689,
    "Train/PolicyRatio/Min": 1.0003665685653689,
    "Train/PolicyRatio/Std": 0.0002591750235296786,
    "Train/PolicyStd": 0.4361060559749603,
    "Train/StopIter": 10,
    "Value/Adv": -1.5258788677030564e-09,
    "Value/cost": 0.29420778155326843,
    "Value/reward": 5.870510101318359,
    "_runtime": 10725.04037148,
    "_step": 100,
    "_timestamp": 1746627253.081972,
    "_wandb": {
        "runtime": 10725
    }
}