{
    "Loss/Loss_cost_critic": 2.0477259159088135,
    "Loss/Loss_cost_critic/Delta": 0.3569784164428711,
    "Loss/Loss_pi": -0.27330127358436584,
    "Loss/Loss_pi/Delta": -0.025276944041252136,
    "Loss/Loss_reward_critic": 0.0329119972884655,
    "Loss/Loss_reward_critic/Delta": 0.0025817491114139557,
    "Metrics/EpCost": 3.359999895095825,
    "Metrics/EpLen": 1000,
    "Metrics/EpRet": 1.827561616897583,
    "Metrics/LagrangeMultiplier": 2.151520252227783,
    "Metrics/LagrangeMultiplier/Max": 2.151520252227783,
    "Metrics/LagrangeMultiplier/Min": 2.151520252227783,
    "Metrics/LagrangeMultiplier/Std": 0,
    "Misc/AcceptanceStep": 1,
    "Misc/Alpha": 1.6702885627746582,
    "Misc/FinalStepNorm": 0.29679960012435913,
    "Misc/H_inv_g": 0.17769360542297363,
    "Misc/gradient_norm": 0.09180974215269087,
    "Misc/xHx": 0.00716879777610302,
    "Safety/EpCostShield": 15.449999809265137,
    "Safety/ShieldLagrangeMultiplier": 2.1946568489074707,
    "Safety/ShieldLagrangeMultiplier/Max": 2.1946568489074707,
    "Safety/ShieldLagrangeMultiplier/Min": 2.1946568489074707,
    "Safety/ShieldLagrangeMultiplier/Std": 0,
    "Safety/shield_adv_c": 0.08234788477420807,
    "Safety/shield_violation": 1.9010484218597412,
    "Time/Epoch": 121.66209411621094,
    "Time/FPS": 164.38973999023438,
    "Time/Rollout": 96.21153259277344,
    "Time/Total": 13174.8232421875,
    "Time/Update": 25.450531005859375,
    "TotalEnvSteps": 2000000,
    "Train/Entropy": 2.1685283184051514,
    "Train/Epoch": 99,
    "Train/KL": 0.00031666914583183825,
    "Train/LR": 0,
    "Train/PolicyRatio": 1.0025886297225952,
    "Train/PolicyRatio/Max": 1.0025886297225952,
    "Train/PolicyRatio/Min": 1.0025886297225952,
    "Train/PolicyRatio/Std": 0.0018304657423868775,
    "Train/PolicyStd": 2.209047555923462,
    "Train/StopIter": 10,
    "Value/Adv": -6.103515470812226e-09,
    "Value/cost": 0.41367802023887634,
    "Value/reward": 0.3079625368118286,
    "_runtime": 13177.085227682,
    "_step": 100,
    "_timestamp": 1746509580.4600236,
    "_wandb": {
        "runtime": 13177
    }
}