{
    "Loss/Loss_cost_critic": 4.62493371963501,
    "Loss/Loss_cost_critic/Delta": -0.6258182525634766,
    "Loss/Loss_pi": -0.2896471917629242,
    "Loss/Loss_pi/Delta": -0.06379605829715729,
    "Loss/Loss_reward_critic": 0.24131575226783752,
    "Loss/Loss_reward_critic/Delta": 0.027838021516799927,
    "Metrics/EpCost": 4.889999866485596,
    "Metrics/EpLen": 500,
    "Metrics/EpRet": 23.894678115844727,
    "Metrics/LagrangeMultiplier": 1.1978724002838137,
    "Metrics/LagrangeMultiplier/Max": 1.1978724002838137,
    "Metrics/LagrangeMultiplier/Min": 1.1978724002838137,
    "Metrics/LagrangeMultiplier/Std": 0,
    "Misc/AcceptanceStep": 1,
    "Misc/Alpha": 2.500469207763672,
    "Misc/FinalStepNorm": 0.2779046595096588,
    "Misc/H_inv_g": 0.11114101111888884,
    "Misc/gradient_norm": 0.06320321559906006,
    "Misc/xHx": 0.003198788734152913,
    "Safety/EpCostShield": 9,
    "Safety/ShieldLagrangeMultiplier": 1.340764045715332,
    "Safety/ShieldLagrangeMultiplier/Max": 1.340764045715332,
    "Safety/ShieldLagrangeMultiplier/Min": 1.340764045715332,
    "Safety/ShieldLagrangeMultiplier/Std": 0,
    "Safety/shield_adv_c": -0.7607420086860657,
    "Safety/shield_violation": 1.7597308158874512,
    "Time/Epoch": 120.72098541259766,
    "Time/FPS": 165.67127990722656,
    "Time/Rollout": 94.21543884277344,
    "Time/Total": 12194.0498046875,
    "Time/Update": 26.505523681640625,
    "TotalEnvSteps": 2000000,
    "Train/Entropy": 1.8924875259399416,
    "Train/Epoch": 99,
    "Train/KL": 0.0003147443931084126,
    "Train/LR": 0,
    "Train/PolicyRatio": 1.002630591392517,
    "Train/PolicyRatio/Max": 1.002630591392517,
    "Train/PolicyRatio/Min": 1.002630591392517,
    "Train/PolicyRatio/Std": 0.0018600247567519543,
    "Train/PolicyStd": 1.6712051630020142,
    "Train/StopIter": 10,
    "Value/Adv": 0,
    "Value/cost": 0.5970816016197205,
    "Value/reward": 4.6331562995910645,
    "_runtime": 12195.719153727,
    "_step": 100,
    "_timestamp": 1746605647.2466264,
    "_wandb": {
        "runtime": 12195
    }
}