{
    "Loss/Loss_cost_critic": 4.698585033416748,
    "Loss/Loss_cost_critic/Delta": 0.851064920425415,
    "Loss/Loss_pi": -0.13613194227218628,
    "Loss/Loss_pi/Delta": 0.10064537823200226,
    "Loss/Loss_reward_critic": 0.2389526516199112,
    "Loss/Loss_reward_critic/Delta": -0.009783759713172913,
    "Metrics/EpCost": 6.340000152587891,
    "Metrics/EpLen": 500,
    "Metrics/EpRet": 31.099287033081055,
    "Metrics/LagrangeMultiplier": 1.0108317136764526,
    "Metrics/LagrangeMultiplier/Max": 1.0108317136764526,
    "Metrics/LagrangeMultiplier/Min": 1.0108317136764526,
    "Metrics/LagrangeMultiplier/Std": 0,
    "Misc/AcceptanceStep": 1,
    "Misc/Alpha": 2.019394874572754,
    "Misc/FinalStepNorm": 0.28119388222694397,
    "Misc/H_inv_g": 0.1392466127872467,
    "Misc/gradient_norm": 0.14918574690818787,
    "Misc/xHx": 0.004904408007860184,
    "Safety/EpCostShield": 15.199999809265137,
    "Safety/ShieldLagrangeMultiplier": 1.1428735256195068,
    "Safety/ShieldLagrangeMultiplier/Max": 1.1428735256195068,
    "Safety/ShieldLagrangeMultiplier/Min": 1.1428735256195068,
    "Safety/ShieldLagrangeMultiplier/Std": 0,
    "Safety/shield_adv_c": -0.12099461257457732,
    "Safety/shield_violation": 2.0325472354888916,
    "Time/Epoch": 115.7907943725586,
    "Time/FPS": 172.7252960205078,
    "Time/Rollout": 92.96002960205078,
    "Time/Total": 11664.369140625,
    "Time/Update": 22.83074951171875,
    "TotalEnvSteps": 2000000,
    "Train/Entropy": 1.5666245222091677,
    "Train/Epoch": 99,
    "Train/KL": 0.00031013882835395634,
    "Train/LR": 0,
    "Train/PolicyRatio": 1.0008430480957031,
    "Train/PolicyRatio/Max": 1.0008430480957031,
    "Train/PolicyRatio/Min": 1.0008430480957031,
    "Train/PolicyRatio/Std": 0.0005961250280961394,
    "Train/PolicyStd": 1.258162498474121,
    "Train/StopIter": 10,
    "Value/Adv": -3.051757735406113e-09,
    "Value/cost": 0.7578811645507812,
    "Value/reward": 6.143802165985107,
    "_runtime": 11665.672752112,
    "_step": 100,
    "_timestamp": 1746563336.807776,
    "_wandb": {
        "runtime": 11665
    }
}