{
    "Loss/Loss_cost_critic": 3.5616068840026855,
    "Loss/Loss_cost_critic/Delta": -0.3670673370361328,
    "Loss/Loss_pi": -0.20651601254940033,
    "Loss/Loss_pi/Delta": -0.2960626035928726,
    "Loss/Loss_reward_critic": 0.030208826065063477,
    "Loss/Loss_reward_critic/Delta": 0.0016212314367294312,
    "Metrics/EpCost": 18.38999938964844,
    "Metrics/EpLen": 1000,
    "Metrics/EpRet": 7.451215744018555,
    "Metrics/LagrangeMultiplier": 2.6697051525115967,
    "Metrics/LagrangeMultiplier/Max": 2.6697051525115967,
    "Metrics/LagrangeMultiplier/Min": 2.6697051525115967,
    "Metrics/LagrangeMultiplier/Std": 0,
    "Safety/EpCostShield": 29.350000381469727,
    "Safety/ShieldLagrangeMultiplier": 2.7109904289245605,
    "Safety/ShieldLagrangeMultiplier/Max": 2.7109904289245605,
    "Safety/ShieldLagrangeMultiplier/Min": 2.7109904289245605,
    "Safety/ShieldLagrangeMultiplier/Std": 0,
    "Safety/shield_adv_c": "NaN",
    "Safety/shield_violation": 3.356316089630127,
    "Time/Epoch": 240.1183929443359,
    "Time/FPS": 83.29224395751953,
    "Time/Rollout": 96.59233856201172,
    "Time/Total": 22617.830078125,
    "Time/Update": 143.52597045898438,
    "TotalEnvSteps": 2000000,
    "Train/Entropy": 0.5487961769104004,
    "Train/Epoch": 99,
    "Train/KL": 0.0037662475369870663,
    "Train/LR": 0,
    "Train/PolicyRatio": 1.0007305145263672,
    "Train/PolicyRatio/Max": 1.0007305145263672,
    "Train/PolicyRatio/Min": 1.0007305145263672,
    "Train/PolicyRatio/Std": 0.00666256295517087,
    "Train/PolicyStd": 0.45953795313835144,
    "Train/StopIter": 40,
    "Value/Adv": -0.2391461730003357,
    "Value/cost": 1.4206998348236084,
    "Value/reward": 0.7854260206222534,
    "_runtime": 22619.339542365,
    "_step": 100,
    "_timestamp": 1746627915.0835755,
    "_wandb": {
        "runtime": 22619
    }
}