{
    "Loss/Loss_cost_critic": 0.04981158673763275,
    "Loss/Loss_cost_critic/Delta": -0.04077564179897308,
    "Loss/Loss_pi": 1.0450777381265652e-06,
    "Loss/Loss_pi/Delta": 0.003951188310679754,
    "Loss/Loss_reward_critic": 0.04625057056546211,
    "Loss/Loss_reward_critic/Delta": -0.0026086829602718353,
    "Metrics/EpCost": 0,
    "Metrics/EpLen": 500,
    "Metrics/EpRet": 1.1691040992736816,
    "Misc/A": 0.016725480556488037,
    "Misc/AcceptanceStep": 0,
    "Misc/Alpha": 1.0922611951828003,
    "Misc/B": 0.019999999552965164,
    "Misc/FinalStepNorm": 0,
    "Misc/H_inv_g": 0.24844399094581604,
    "Misc/Lambda_star": -3443.353515625,
    "Misc/Nu_star": 1.1176478862762451,
    "Misc/OptimCase": 1,
    "Misc/cost_gradient_norm": 0.006152966525405645,
    "Misc/gradient_norm": 0.22380605340003967,
    "Misc/q": 0.016763964667916298,
    "Misc/r": -3.443353489274159e-05,
    "Misc/s": 3.079892849200405e-05,
    "Misc/xHx": 0.016763964667916298,
    "Time/Epoch": 94.08686065673828,
    "Time/FPS": 212.5695343017578,
    "Time/Rollout": 85.55477142333984,
    "Time/Total": 9445.3798828125,
    "Time/Update": 8.532061576843262,
    "TotalEnvSteps": 2000000,
    "Train/Entropy": 1.3208858966827393,
    "Train/Epoch": 99,
    "Train/KL": 0,
    "Train/LR": 0,
    "Train/PolicyRatio": 1,
    "Train/PolicyRatio/Max": 1,
    "Train/PolicyRatio/Min": 1,
    "Train/PolicyRatio/Std": 5.6830799621820915e-08,
    "Train/PolicyStd": 0.9095883965492249,
    "Train/StopIter": 10,
    "Value/Adv": 5.340575981449547e-09,
    "Value/cost": 0.20695985853672028,
    "Value/reward": 0.25937163829803467,
    "_runtime": 9448.152780493,
    "_step": 100,
    "_timestamp": 1743315370.3499868,
    "_wandb": {
        "runtime": 9448
    }
}