{
    "Loss/Loss_cost_critic": 5.98806619644165,
    "Loss/Loss_cost_critic/Delta": 0.9424586296081544,
    "Loss/Loss_pi": -0.16332074999809265,
    "Loss/Loss_pi/Delta": 0.1167411208152771,
    "Loss/Loss_reward_critic": 0.05317426472902298,
    "Loss/Loss_reward_critic/Delta": 0.005120780318975449,
    "Metrics/EpCost": 21.059999465942383,
    "Metrics/EpLen": 1000,
    "Metrics/EpRet": 11.8944091796875,
    "Metrics/LagrangeMultiplier": 2.893791437149048,
    "Metrics/LagrangeMultiplier/Max": 2.893791437149048,
    "Metrics/LagrangeMultiplier/Min": 2.893791437149048,
    "Metrics/LagrangeMultiplier/Std": 0,
    "Safety/EpCostShield": 44.75,
    "Safety/ShieldLagrangeMultiplier": 2.7962961196899414,
    "Safety/ShieldLagrangeMultiplier/Max": 2.7962961196899414,
    "Safety/ShieldLagrangeMultiplier/Min": 2.7962961196899414,
    "Safety/ShieldLagrangeMultiplier/Std": 0,
    "Safety/shield_adv_c": "NaN",
    "Safety/shield_violation": 5.088726043701172,
    "Time/Epoch": 216.90411376953125,
    "Time/FPS": 92.2066421508789,
    "Time/Rollout": 95.69151306152344,
    "Time/Total": 19530.177734375,
    "Time/Update": 121.21251678466795,
    "TotalEnvSteps": 2000000,
    "Train/Entropy": 0.11749975383281708,
    "Train/Epoch": 99,
    "Train/KL": 0.004381527192890644,
    "Train/LR": 0,
    "Train/PolicyRatio": 1.0005145072937012,
    "Train/PolicyRatio/Max": 1.0005146265029907,
    "Train/PolicyRatio/Min": 1.0005146265029907,
    "Train/PolicyRatio/Std": 0.00716241542249918,
    "Train/PolicyStd": 0.27549082040786743,
    "Train/StopIter": 40,
    "Value/Adv": -0.05150182545185089,
    "Value/cost": 2.3718438148498535,
    "Value/reward": 1.3357313871383667,
    "_runtime": 19531.44404352,
    "_step": 100,
    "_timestamp": 1746584116.9927988,
    "_wandb": {
        "runtime": 19531
    }
}