{
    "Loss/Loss_cost_critic": 1.7070518732070925,
    "Loss/Loss_cost_critic/Delta": -0.046111345291137695,
    "Loss/Loss_pi": -0.18291516602039337,
    "Loss/Loss_pi/Delta": 0.06381997466087341,
    "Loss/Loss_reward_critic": 0.006384220439940691,
    "Loss/Loss_reward_critic/Delta": 0.0013334695249795914,
    "Metrics/EpCost": 5.059999942779541,
    "Metrics/EpLen": 1000,
    "Metrics/EpRet": 0.10567965358495712,
    "Metrics/LagrangeMultiplier": 2.7579946517944336,
    "Metrics/LagrangeMultiplier/Max": 2.7579946517944336,
    "Metrics/LagrangeMultiplier/Min": 2.7579946517944336,
    "Metrics/LagrangeMultiplier/Std": 0,
    "Misc/AcceptanceStep": 1,
    "Misc/Alpha": 2.297499895095825,
    "Misc/FinalStepNorm": 0.30469271540641785,
    "Misc/H_inv_g": 0.132619246840477,
    "Misc/gradient_norm": 0.06944559514522552,
    "Misc/xHx": 0.0037889406085014343,
    "Safety/EpCostShield": 14.800000190734863,
    "Safety/ShieldLagrangeMultiplier": 2.3819773197174072,
    "Safety/ShieldLagrangeMultiplier/Max": 2.3819773197174072,
    "Safety/ShieldLagrangeMultiplier/Min": 2.3819773197174072,
    "Safety/ShieldLagrangeMultiplier/Std": 0,
    "Safety/shield_adv_c": 0.17523127794265747,
    "Safety/shield_violation": 1.1610910892486572,
    "Time/Epoch": 119.535400390625,
    "Time/FPS": 167.314453125,
    "Time/Rollout": 95.0645980834961,
    "Time/Total": 12131.322265625,
    "Time/Update": 24.470775604248047,
    "TotalEnvSteps": 2000000,
    "Train/Entropy": 2.563056230545044,
    "Train/Epoch": 99,
    "Train/KL": 0.0002876092039514333,
    "Train/LR": 0,
    "Train/PolicyRatio": 1.0011366605758667,
    "Train/PolicyRatio/Max": 1.0011366605758667,
    "Train/PolicyRatio/Min": 1.0011366605758667,
    "Train/PolicyRatio/Std": 0.0008037122897803783,
    "Train/PolicyStd": 3.256720781326294,
    "Train/StopIter": 10,
    "Value/Adv": -7.629394005448376e-09,
    "Value/cost": 0.37744954228401184,
    "Value/reward": -0.008120075799524784,
    "_runtime": 12132.845733974,
    "_step": 100,
    "_timestamp": 1746910942.321443,
    "_wandb": {
        "runtime": 12132
    }
}