{
    "Loss/Loss_cost_critic": 5.595374584197998,
    "Loss/Loss_cost_critic/Delta": 0.8703675270080566,
    "Loss/Loss_pi": -0.25255444645881653,
    "Loss/Loss_pi/Delta": -0.011635258793830872,
    "Loss/Loss_reward_critic": 0.23921671509742737,
    "Loss/Loss_reward_critic/Delta": 0.02181357145309448,
    "Metrics/EpCost": 5.869999885559082,
    "Metrics/EpLen": 500,
    "Metrics/EpRet": 27.612895965576172,
    "Metrics/LagrangeMultiplier": 0.99492609500885,
    "Metrics/LagrangeMultiplier/Max": 0.99492609500885,
    "Metrics/LagrangeMultiplier/Min": 0.99492609500885,
    "Metrics/LagrangeMultiplier/Std": 0,
    "Misc/AcceptanceStep": 1,
    "Misc/Alpha": 2.317448854446411,
    "Misc/FinalStepNorm": 0.25715604424476624,
    "Misc/H_inv_g": 0.11096514761447906,
    "Misc/gradient_norm": 0.09369206428527832,
    "Misc/xHx": 0.003723990172147751,
    "Safety/EpCostShield": 17.424999237060547,
    "Safety/ShieldLagrangeMultiplier": 1.106029391288757,
    "Safety/ShieldLagrangeMultiplier/Max": 1.106029391288757,
    "Safety/ShieldLagrangeMultiplier/Min": 1.106029391288757,
    "Safety/ShieldLagrangeMultiplier/Std": 0,
    "Safety/shield_adv_c": 0.3679043352603912,
    "Safety/shield_violation": 1.957064509391785,
    "Time/Epoch": 120.1077880859375,
    "Time/FPS": 166.51708984375,
    "Time/Rollout": 97.40340423583984,
    "Time/Total": 11794.7119140625,
    "Time/Update": 22.704360961914062,
    "TotalEnvSteps": 2000000,
    "Train/Entropy": 1.8951879739761353,
    "Train/Epoch": 99,
    "Train/KL": 0.000419184158090502,
    "Train/LR": 0,
    "Train/PolicyRatio": 1.0032033920288086,
    "Train/PolicyRatio/Max": 1.0032033920288086,
    "Train/PolicyRatio/Min": 1.0032033920288086,
    "Train/PolicyRatio/Std": 0.0022651401814073324,
    "Train/PolicyStd": 1.7007042169570925,
    "Train/StopIter": 10,
    "Value/Adv": 1.5258788677030564e-09,
    "Value/cost": 0.6648372411727905,
    "Value/reward": 5.426236629486084,
    "_runtime": 11795.797010502,
    "_step": 100,
    "_timestamp": 1746615563.6683488,
    "_wandb": {
        "runtime": 11795
    }
}