{
    "Loss/Loss_cost_critic": 3.2014753818511963,
    "Loss/Loss_cost_critic/Delta": 0.5021097660064697,
    "Loss/Loss_pi": -0.1706635057926178,
    "Loss/Loss_pi/Delta": 0.207098126411438,
    "Loss/Loss_reward_critic": 0.03151976317167282,
    "Loss/Loss_reward_critic/Delta": 0.0030188336968421936,
    "Metrics/EpCost": 13.81999969482422,
    "Metrics/EpLen": 1000,
    "Metrics/EpRet": 3.452455997467041,
    "Metrics/LagrangeMultiplier": 2.7891623973846436,
    "Metrics/LagrangeMultiplier/Max": 2.7891623973846436,
    "Metrics/LagrangeMultiplier/Min": 2.7891623973846436,
    "Metrics/LagrangeMultiplier/Std": 0,
    "Safety/EpCostShield": 39.849998474121094,
    "Safety/ShieldLagrangeMultiplier": 2.796725273132324,
    "Safety/ShieldLagrangeMultiplier/Max": 2.796725273132324,
    "Safety/ShieldLagrangeMultiplier/Min": 2.796725273132324,
    "Safety/ShieldLagrangeMultiplier/Std": 0,
    "Safety/shield_adv_c": "NaN",
    "Safety/shield_violation": 3.901442289352417,
    "Time/Epoch": 145.68734741210938,
    "Time/FPS": 137.28028869628906,
    "Time/Rollout": 65.99783325195312,
    "Time/Total": 14893.2998046875,
    "Time/Update": 79.68946838378906,
    "TotalEnvSteps": 2000000,
    "Train/Entropy": 0.5452815294265747,
    "Train/Epoch": 99,
    "Train/KL": 0.002920964267104864,
    "Train/LR": 0,
    "Train/PolicyRatio": 1.0013233423233032,
    "Train/PolicyRatio/Max": 1.0013233423233032,
    "Train/PolicyRatio/Min": 1.0013233423233032,
    "Train/PolicyRatio/Std": 0.005558008793741465,
    "Train/PolicyStd": 0.4209159314632416,
    "Train/StopIter": 40,
    "Value/Adv": -0.054440248757600784,
    "Value/cost": 1.3093156814575195,
    "Value/reward": 0.441452831029892,
    "_runtime": 14894.355335045,
    "_step": 100,
    "_timestamp": 1746518398.846634,
    "_wandb": {
        "runtime": 14894
    }
}