{
    "Loss/Loss_cost_critic": 6.354161262512207,
    "Loss/Loss_cost_critic/Delta": 2.738776683807373,
    "Loss/Loss_pi": -0.11051927506923676,
    "Loss/Loss_pi/Delta": 0.4095980077981949,
    "Loss/Loss_reward_critic": 0.029940465465188023,
    "Loss/Loss_reward_critic/Delta": -0.0039132144302129745,
    "Metrics/EpCost": 16.799999237060547,
    "Metrics/EpLen": 1000,
    "Metrics/EpRet": 7.578372955322266,
    "Metrics/LagrangeMultiplier": 2.774386405944824,
    "Metrics/LagrangeMultiplier/Max": 2.774386405944824,
    "Metrics/LagrangeMultiplier/Min": 2.774386405944824,
    "Metrics/LagrangeMultiplier/Std": 0,
    "Safety/EpCostShield": 55.349998474121094,
    "Safety/ShieldLagrangeMultiplier": 2.7218966484069824,
    "Safety/ShieldLagrangeMultiplier/Max": 2.7218966484069824,
    "Safety/ShieldLagrangeMultiplier/Min": 2.7218966484069824,
    "Safety/ShieldLagrangeMultiplier/Std": 0,
    "Safety/shield_adv_c": "NaN",
    "Safety/shield_violation": 4.545290470123291,
    "Time/Epoch": 213.0060882568359,
    "Time/FPS": 93.89402770996094,
    "Time/Rollout": 81.78926086425781,
    "Time/Total": 21180.81640625,
    "Time/Update": 131.21676635742188,
    "TotalEnvSteps": 2000000,
    "Train/Entropy": 0.753603458404541,
    "Train/Epoch": 99,
    "Train/KL": 0.0035736486315727234,
    "Train/LR": 0,
    "Train/PolicyRatio": 1.0007920265197754,
    "Train/PolicyRatio/Max": 1.0007920265197754,
    "Train/PolicyRatio/Min": 1.0007920265197754,
    "Train/PolicyRatio/Std": 0.006966187618672848,
    "Train/PolicyStd": 0.5159142017364502,
    "Train/StopIter": 40,
    "Value/Adv": 0.337137371301651,
    "Value/cost": 2.4507110118865967,
    "Value/reward": 0.8132674098014832,
    "_runtime": 21182.831804476,
    "_step": 100,
    "_timestamp": 1746614715.6196978,
    "_wandb": {
        "runtime": 21182
    }
}