{
    "Loss/Loss_cost_critic": 0.015932032838463783,
    "Loss/Loss_cost_critic/Delta": -0.027423979714512825,
    "Loss/Loss_pi": 0.0006008711643517017,
    "Loss/Loss_pi/Delta": 0.0016743796877563,
    "Loss/Loss_reward_critic": 0.04597341269254685,
    "Loss/Loss_reward_critic/Delta": -0.010721955448389052,
    "Metrics/EpCost": 0.9900000095367432,
    "Metrics/EpLen": 1000,
    "Metrics/EpRet": -15.38227653503418,
    "Misc/A": 0.01032024808228016,
    "Misc/AcceptanceStep": 1,
    "Misc/Alpha": 1.3816611766815186,
    "Misc/B": -7420.88818359375,
    "Misc/FinalStepNorm": 0.3015522062778473,
    "Misc/H_inv_g": 0.13493259251117706,
    "Misc/Lambda_star": 0,
    "Misc/Nu_star": 12.305756568908691,
    "Misc/OptimCase": 0,
    "Misc/cost_gradient_norm": 0.01436160784214735,
    "Misc/gradient_norm": 0.3276170790195465,
    "Misc/q": 0.010476747527718544,
    "Misc/r": 0.00014376819308381528,
    "Misc/s": 0.0001320627925451845,
    "Misc/xHx": 0.010476747527718544,
    "Time/Epoch": 93.84246826171876,
    "Time/FPS": 213.1231384277344,
    "Time/Rollout": 83.26629638671875,
    "Time/Total": 9398.82421875,
    "Time/Update": 10.57614803314209,
    "TotalEnvSteps": 2000000,
    "Train/Entropy": 1.5047718286514282,
    "Train/Epoch": 99,
    "Train/KL": 0.00014242446923162788,
    "Train/LR": 0,
    "Train/PolicyRatio": 1.0006133317947388,
    "Train/PolicyRatio/Max": 1.0006134510040283,
    "Train/PolicyRatio/Min": 1.0006134510040283,
    "Train/PolicyRatio/Std": 0.0004337191639933735,
    "Train/PolicyStd": 1.0924186706542969,
    "Train/StopIter": 10,
    "Value/Adv": -3.433227480087453e-09,
    "Value/cost": -0.009355024434626102,
    "Value/reward": -1.2406814098358154,
    "_runtime": 9400.251105799,
    "_step": 100,
    "_timestamp": 1743315331.060138,
    "_wandb": {
        "runtime": 9400
    }
}