{
    "Loss/Loss_cost_critic": 4.982283592224121,
    "Loss/Loss_cost_critic/Delta": -1.2785444259643557,
    "Loss/Loss_pi": -0.21339605748653412,
    "Loss/Loss_pi/Delta": -0.23738296143710613,
    "Loss/Loss_reward_critic": 0.05719385668635368,
    "Loss/Loss_reward_critic/Delta": 0.011393345892429352,
    "Metrics/EpCost": 27.309999465942383,
    "Metrics/EpLen": 1000,
    "Metrics/EpRet": 13.474372863769531,
    "Metrics/LagrangeMultiplier": 2.8870761394500732,
    "Metrics/LagrangeMultiplier/Max": 2.8870761394500732,
    "Metrics/LagrangeMultiplier/Min": 2.8870761394500732,
    "Metrics/LagrangeMultiplier/Std": 0,
    "Safety/EpCostShield": 34.650001525878906,
    "Safety/ShieldLagrangeMultiplier": 2.941962718963623,
    "Safety/ShieldLagrangeMultiplier/Max": 2.941962718963623,
    "Safety/ShieldLagrangeMultiplier/Min": 2.941962718963623,
    "Safety/ShieldLagrangeMultiplier/Std": 0,
    "Safety/shield_adv_c": "NaN",
    "Safety/shield_violation": 4.751077175140381,
    "Time/Epoch": 215.10487365722656,
    "Time/FPS": 92.97789764404295,
    "Time/Rollout": 87.77212524414062,
    "Time/Total": 18916.30078125,
    "Time/Update": 127.33271026611328,
    "TotalEnvSteps": 2000000,
    "Train/Entropy": 0.1312692016363144,
    "Train/Epoch": 99,
    "Train/KL": 0.00407794862985611,
    "Train/LR": 0,
    "Train/PolicyRatio": 1.0007171630859375,
    "Train/PolicyRatio/Max": 1.0007171630859375,
    "Train/PolicyRatio/Min": 1.0007171630859375,
    "Train/PolicyRatio/Std": 0.007096633780747652,
    "Train/PolicyStd": 0.2762000262737274,
    "Train/StopIter": 40,
    "Value/Adv": 0.019388943910598755,
    "Value/cost": 2.1617650985717773,
    "Value/reward": 1.4542794227600098,
    "_runtime": 18925.474715856,
    "_step": 100,
    "_timestamp": 1747269198.8817403,
    "_wandb": {
        "runtime": 18925
    }
}