{
    "Loss/Loss_cost_critic": 1.3737603425979614,
    "Loss/Loss_cost_critic/Delta": 0.11181974411010742,
    "Loss/Loss_pi": -0.017376596108078957,
    "Loss/Loss_pi/Delta": -0.0020845849066972733,
    "Loss/Loss_reward_critic": 0.06887099891901016,
    "Loss/Loss_reward_critic/Delta": -0.01290246844291687,
    "Metrics/EpCost": 27.809999465942383,
    "Metrics/EpLen": 1000,
    "Metrics/EpRet": 20.371923446655273,
    "Metrics/LagrangeMultiplier": 2.4685404300689697,
    "Metrics/LagrangeMultiplier/Max": 2.4685404300689697,
    "Metrics/LagrangeMultiplier/Min": 2.4685404300689697,
    "Metrics/LagrangeMultiplier/Std": 0,
    "Misc/AcceptanceStep": 1,
    "Misc/Alpha": 0.6470381617546082,
    "Misc/FinalStepNorm": 0.1977248042821884,
    "Misc/H_inv_g": 0.3055844306945801,
    "Misc/gradient_norm": 0.44172224402427673,
    "Misc/xHx": 0.0477716326713562,
    "Time/Epoch": 82.5654525756836,
    "Time/FPS": 242.23207092285156,
    "Time/Rollout": 73.78958129882812,
    "Time/Total": 8246.205078125,
    "Time/Update": 8.775835990905762,
    "TotalEnvSteps": 2000000,
    "Train/Entropy": 0.8353524804115295,
    "Train/Epoch": 99,
    "Train/KL": 0.00046744171413592994,
    "Train/LR": 0,
    "Train/PolicyRatio": 1.001848816871643,
    "Train/PolicyRatio/Max": 1.0018489360809326,
    "Train/PolicyRatio/Min": 1.0018489360809326,
    "Train/PolicyRatio/Std": 0.0013073390582576394,
    "Train/PolicyStd": 0.558329164981842,
    "Train/StopIter": 10,
    "Value/Adv": -1.449584896562328e-08,
    "Value/cost": 2.0152323246002197,
    "Value/reward": 2.218818187713623,
    "_runtime": 8247.232737831,
    "_step": 100,
    "_timestamp": 1746906836.1391993,
    "_wandb": {
        "runtime": 8247
    }
}