{
    "Loss/Loss_cost_critic": 0.31250184774398804,
    "Loss/Loss_cost_critic/Delta": -0.4321438670158386,
    "Loss/Loss_pi": -0.0038555653300136328,
    "Loss/Loss_pi/Delta": 0.003809652058407664,
    "Loss/Loss_reward_critic": 0.008775084279477596,
    "Loss/Loss_reward_critic/Delta": -0.0019640233367681503,
    "Metrics/EpCost": 5.960000038146973,
    "Metrics/EpLen": 1000,
    "Metrics/EpRet": -1.8262346982955933,
    "Misc/A": 0.020117709413170815,
    "Misc/AcceptanceStep": 1,
    "Misc/Alpha": 0.9945262670516968,
    "Misc/B": -5986.52783203125,
    "Misc/FinalStepNorm": 0.3241516649723053,
    "Misc/H_inv_g": 0.2743702232837677,
    "Misc/Lambda_star": 0,
    "Misc/Nu_star": 1.8359335660934448,
    "Misc/OptimCase": 0,
    "Misc/cost_gradient_norm": 0.06381102651357651,
    "Misc/gradient_norm": 0.2349321097135544,
    "Misc/q": 0.02022074908018112,
    "Misc/r": -0.0007819181773811579,
    "Misc/s": 0.005933559965342283,
    "Misc/xHx": 0.02022074908018112,
    "Time/Epoch": 84.42166900634766,
    "Time/FPS": 236.906005859375,
    "Time/Rollout": 75.67891693115234,
    "Time/Total": 8491.8486328125,
    "Time/Update": 8.742721557617188,
    "TotalEnvSteps": 2000000,
    "Train/Entropy": 1.4417719841003418,
    "Train/Epoch": 99,
    "Train/KL": 0.00014189739886205643,
    "Train/LR": 0,
    "Train/PolicyRatio": 1.0003604888916016,
    "Train/PolicyRatio/Max": 1.0003604888916016,
    "Train/PolicyRatio/Min": 1.0003604888916016,
    "Train/PolicyRatio/Std": 0.0002549603523220867,
    "Train/PolicyStd": 1.0507805347442627,
    "Train/StopIter": 10,
    "Value/Adv": -6.103515470812226e-09,
    "Value/cost": 0.3919794857501984,
    "Value/reward": -0.19884802401065824,
    "_runtime": 8493.876507212,
    "_step": 100,
    "_timestamp": 1743314418.2701657,
    "_wandb": {
        "runtime": 8493
    }
}