{
    "Loss/Loss_cost_critic": 1.1108615398406982,
    "Loss/Loss_cost_critic/Delta": -0.5621473789215088,
    "Loss/Loss_pi": -0.059662461280822754,
    "Loss/Loss_pi/Delta": -0.050694262608885765,
    "Loss/Loss_reward_critic": 0.004901316482573748,
    "Loss/Loss_reward_critic/Delta": -0.0017310455441474917,
    "Metrics/EpCost": 5.360000133514404,
    "Metrics/EpLen": 1000,
    "Metrics/EpRet": 0.4465691447257995,
    "Metrics/LagrangeMultiplier": 2.329091310501098,
    "Metrics/LagrangeMultiplier/Max": 2.329091310501098,
    "Metrics/LagrangeMultiplier/Min": 2.329091310501098,
    "Metrics/LagrangeMultiplier/Std": 0,
    "Misc/AcceptanceStep": 1,
    "Misc/Alpha": 1.535220503807068,
    "Misc/FinalStepNorm": 0.32382819056510925,
    "Misc/H_inv_g": 0.2109326869249344,
    "Misc/gradient_norm": 0.1199110671877861,
    "Misc/xHx": 0.00848570466041565,
    "Safety/EpCostShield": 5.5,
    "Safety/ShieldLagrangeMultiplier": 2.5132131576538086,
    "Safety/ShieldLagrangeMultiplier/Max": 2.5132131576538086,
    "Safety/ShieldLagrangeMultiplier/Min": 2.5132131576538086,
    "Safety/ShieldLagrangeMultiplier/Std": 0,
    "Safety/shield_adv_c": -0.1514875888824463,
    "Safety/shield_violation": 0.7179402112960815,
    "Time/Epoch": 88.82135009765625,
    "Time/FPS": 225.1710968017578,
    "Time/Rollout": 75.04865264892578,
    "Time/Total": 9236.349609375,
    "Time/Update": 13.772677421569824,
    "TotalEnvSteps": 2000000,
    "Train/Entropy": 1.5464082956314087,
    "Train/Epoch": 99,
    "Train/KL": 0.00026497378712520003,
    "Train/LR": 0,
    "Train/PolicyRatio": 1.000878930091858,
    "Train/PolicyRatio/Max": 1.0008790493011477,
    "Train/PolicyRatio/Min": 1.0008790493011477,
    "Train/PolicyRatio/Std": 0.0006215255125425756,
    "Train/PolicyStd": 1.1373287439346311,
    "Train/StopIter": 10,
    "Value/Adv": 0,
    "Value/cost": 0.3035820722579956,
    "Value/reward": 0.025859322398900986,
    "_runtime": 9239.055410318,
    "_step": 100,
    "_timestamp": 1746566064.7321634,
    "_wandb": {
        "runtime": 9239
    }
}