{
    "Loss/Loss_cost_critic": 2.2543528079986572,
    "Loss/Loss_cost_critic/Delta": -0.12163758277893066,
    "Loss/Loss_pi": -0.14601841568946838,
    "Loss/Loss_pi/Delta": -0.048973917961120605,
    "Loss/Loss_reward_critic": 0.1202338933944702,
    "Loss/Loss_reward_critic/Delta": 0.02542918175458908,
    "Metrics/EpCost": 5.170000076293945,
    "Metrics/EpLen": 500,
    "Metrics/EpRet": 11.476820945739746,
    "Metrics/LagrangeMultiplier": 0.913676917552948,
    "Metrics/LagrangeMultiplier/Max": 0.913676917552948,
    "Metrics/LagrangeMultiplier/Min": 0.913676917552948,
    "Metrics/LagrangeMultiplier/Std": 0,
    "Safety/EpCostShield": 8.524999618530273,
    "Safety/ShieldLagrangeMultiplier": 1.0602004528045654,
    "Safety/ShieldLagrangeMultiplier/Max": 1.0602004528045654,
    "Safety/ShieldLagrangeMultiplier/Min": 1.0602004528045654,
    "Safety/ShieldLagrangeMultiplier/Std": 0,
    "Safety/shield_adv_c": "NaN",
    "Safety/shield_violation": 0.4738311469554901,
    "Time/Epoch": 246.1326904296875,
    "Time/FPS": 81.2569808959961,
    "Time/Rollout": 100.57955169677734,
    "Time/Total": 24404.72265625,
    "Time/Update": 145.55308532714844,
    "TotalEnvSteps": 2000000,
    "Train/Entropy": 0.5748379826545715,
    "Train/Epoch": 99,
    "Train/KL": 0.0030098368879407644,
    "Train/LR": 0,
    "Train/PolicyRatio": 1.0016299486160278,
    "Train/PolicyRatio/Max": 1.0016299486160278,
    "Train/PolicyRatio/Min": 1.0016299486160278,
    "Train/PolicyRatio/Std": 0.006223185919225216,
    "Train/PolicyStd": 0.5603958964347839,
    "Train/StopIter": 40,
    "Value/Adv": 0.3433443605899811,
    "Value/cost": 0.25450873374938965,
    "Value/reward": 2.291087865829468,
    "_runtime": 24407.316844455,
    "_step": 100,
    "_timestamp": 1746560880.5373914,
    "_wandb": {
        "runtime": 24407
    }
}