{
    "Loss/Loss_cost_critic": 3.3364195823669434,
    "Loss/Loss_cost_critic/Delta": -0.6252727508544922,
    "Loss/Loss_pi": -0.1948336511850357,
    "Loss/Loss_pi/Delta": 0.008511245250701904,
    "Loss/Loss_reward_critic": 0.0429176390171051,
    "Loss/Loss_reward_critic/Delta": 0.008789364248514175,
    "Metrics/EpCost": 9.989999771118164,
    "Metrics/EpLen": 1000,
    "Metrics/EpRet": 2.9195384979248047,
    "Metrics/LagrangeMultiplier": 2.4206998348236084,
    "Metrics/LagrangeMultiplier/Max": 2.4206998348236084,
    "Metrics/LagrangeMultiplier/Min": 2.4206998348236084,
    "Metrics/LagrangeMultiplier/Std": 0,
    "Misc/AcceptanceStep": 1,
    "Misc/Alpha": 0.961756944656372,
    "Misc/FinalStepNorm": 0.32449907064437866,
    "Misc/H_inv_g": 0.3374023735523224,
    "Misc/gradient_norm": 0.15814216434955597,
    "Misc/xHx": 0.02162216417491436,
    "Safety/EpCostShield": 25.700000762939453,
    "Safety/ShieldLagrangeMultiplier": 2.580007553100586,
    "Safety/ShieldLagrangeMultiplier/Max": 2.580007553100586,
    "Safety/ShieldLagrangeMultiplier/Min": 2.580007553100586,
    "Safety/ShieldLagrangeMultiplier/Std": 0,
    "Safety/shield_adv_c": -0.2086767852306366,
    "Safety/shield_violation": 1.9579172134399416,
    "Time/Epoch": 100.05455780029295,
    "Time/FPS": 199.8909454345703,
    "Time/Rollout": 81.25340270996094,
    "Time/Total": 10248.5751953125,
    "Time/Update": 18.801137924194336,
    "TotalEnvSteps": 2000000,
    "Train/Entropy": 1.9177182912826536,
    "Train/Epoch": 99,
    "Train/KL": 0.0002419214870315045,
    "Train/LR": 0,
    "Train/PolicyRatio": 1.000327229499817,
    "Train/PolicyRatio/Max": 1.0003273487091064,
    "Train/PolicyRatio/Min": 1.0003273487091064,
    "Train/PolicyRatio/Std": 0.00023141430574469268,
    "Train/PolicyStd": 1.6506816148757937,
    "Train/StopIter": 10,
    "Value/Adv": 7.629394338515282e-10,
    "Value/cost": 0.8322804570198059,
    "Value/reward": 0.3809390068054199,
    "_runtime": 10250.696400254,
    "_step": 100,
    "_timestamp": 1746535649.9945228,
    "_wandb": {
        "runtime": 10250
    }
}