{
    "Loss/Loss_cost_critic": 5.071473598480225,
    "Loss/Loss_cost_critic/Delta": 1.987337350845337,
    "Loss/Loss_pi": -0.13404420018196106,
    "Loss/Loss_pi/Delta": 0.12009888887405396,
    "Loss/Loss_reward_critic": 0.039309676736593246,
    "Loss/Loss_reward_critic/Delta": -0.0007262751460075378,
    "Metrics/EpCost": 13.380000114440918,
    "Metrics/EpLen": 1000,
    "Metrics/EpRet": 7.899128913879395,
    "Metrics/LagrangeMultiplier": 2.547104835510254,
    "Metrics/LagrangeMultiplier/Max": 2.547104835510254,
    "Metrics/LagrangeMultiplier/Min": 2.547104835510254,
    "Metrics/LagrangeMultiplier/Std": 0,
    "Misc/AcceptanceStep": 1,
    "Misc/Alpha": 1.4337303638458252,
    "Misc/FinalStepNorm": 0.30230167508125305,
    "Misc/H_inv_g": 0.21084974706172943,
    "Misc/gradient_norm": 0.1144569218158722,
    "Misc/xHx": 0.009729590266942978,
    "Safety/EpCostShield": 40.45000076293945,
    "Safety/ShieldLagrangeMultiplier": 2.5000150203704834,
    "Safety/ShieldLagrangeMultiplier/Max": 2.5000150203704834,
    "Safety/ShieldLagrangeMultiplier/Min": 2.5000150203704834,
    "Safety/ShieldLagrangeMultiplier/Std": 0,
    "Safety/shield_adv_c": 0.30635541677474976,
    "Safety/shield_violation": 2.693340539932251,
    "Time/Epoch": 113.97111511230467,
    "Time/FPS": 175.48306274414062,
    "Time/Rollout": 87.28193664550781,
    "Time/Total": 11698.09375,
    "Time/Update": 26.68914794921875,
    "TotalEnvSteps": 2000000,
    "Train/Entropy": 2.161675453186035,
    "Train/Epoch": 99,
    "Train/KL": 0.0002944942971225828,
    "Train/LR": 0,
    "Train/PolicyRatio": 1.000357985496521,
    "Train/PolicyRatio/Max": 1.000357985496521,
    "Train/PolicyRatio/Min": 1.000357985496521,
    "Train/PolicyRatio/Std": 0.0002530497149564326,
    "Train/PolicyStd": 2.1068601608276367,
    "Train/StopIter": 10,
    "Value/Adv": -1.5258788677030564e-09,
    "Value/cost": 1.173291802406311,
    "Value/reward": 0.828506350517273,
    "_runtime": 11700.152108274,
    "_step": 100,
    "_timestamp": 1746508103.6281502,
    "_wandb": {
        "runtime": 11700
    }
}