{
    "Loss/Loss_cost_critic": 8.300618901557755e-06,
    "Loss/Loss_cost_critic/Delta": -0.17187440328143566,
    "Loss/Loss_pi": -8.627059287391603e-05,
    "Loss/Loss_pi/Delta": 0.004078475903952494,
    "Loss/Loss_reward_critic": 0.0034794320818036795,
    "Loss/Loss_reward_critic/Delta": -0.0010130058508366346,
    "Metrics/EpCost": 0.3199999928474426,
    "Metrics/EpLen": 1000,
    "Metrics/EpRet": -1.4106860160827637,
    "Misc/A": 0.01664998196065426,
    "Misc/AcceptanceStep": 1,
    "Misc/Alpha": 1.0959718227386477,
    "Misc/B": -10175165,
    "Misc/FinalStepNorm": 0.0017505165887996554,
    "Misc/H_inv_g": 0.2157311290502548,
    "Misc/Lambda_star": 0,
    "Misc/Nu_star": 1409.7293701171875,
    "Misc/OptimCase": 0,
    "Misc/cost_gradient_norm": 5.145556860952638e-05,
    "Misc/gradient_norm": 0.38567110896110535,
    "Misc/q": 0.016650641337037086,
    "Misc/r": -8.140322904637287e-08,
    "Misc/s": 6.371858596310176e-11,
    "Misc/xHx": 0.016650641337037086,
    "Time/Epoch": 81.76939392089844,
    "Time/FPS": 244.59030151367188,
    "Time/Rollout": 73.35101318359375,
    "Time/Total": 9488.4287109375,
    "Time/Update": 8.418367385864258,
    "TotalEnvSteps": 2000000,
    "Train/Entropy": 1.3415826559066772,
    "Train/Epoch": 99,
    "Train/KL": 5.099057034385623e-07,
    "Train/LR": 0,
    "Train/PolicyRatio": 0.9999979138374328,
    "Train/PolicyRatio/Max": 0.9999979734420776,
    "Train/PolicyRatio/Min": 0.9999979734420776,
    "Train/PolicyRatio/Std": 1.4893211073285784e-06,
    "Train/PolicyStd": 0.9264125227928162,
    "Train/StopIter": 10,
    "Value/Adv": -3.814697002724188e-09,
    "Value/cost": 0.036689430475234985,
    "Value/reward": -0.1601102352142334,
    "_runtime": 9489.616549372,
    "_step": 100,
    "_timestamp": 1743315420.148306,
    "_wandb": {
        "runtime": 9489
    }
}