{
    "Loss/Loss_cost_critic": 0.7198593020439148,
    "Loss/Loss_cost_critic/Delta": -0.18670761585235596,
    "Loss/Loss_pi": -0.012203472666442394,
    "Loss/Loss_pi/Delta": -0.0006795525550842285,
    "Loss/Loss_reward_critic": 0.013889851979911327,
    "Loss/Loss_reward_critic/Delta": 0.0013786433264613152,
    "Metrics/EpCost": 2.7699999809265137,
    "Metrics/EpLen": 500,
    "Metrics/EpRet": 2.324519157409668,
    "Metrics/LagrangeMultiplier": 73.36437225341797,
    "Metrics/LagrangeMultiplier/Max": 73.36437225341797,
    "Metrics/LagrangeMultiplier/Min": 73.36437225341797,
    "Metrics/LagrangeMultiplier/Std": 0,
    "Misc/AcceptanceStep": 1,
    "Misc/Alpha": 0.940743923187256,
    "Misc/FinalStepNorm": 0.3076447546482086,
    "Misc/H_inv_g": 0.32702285051345825,
    "Misc/gradient_norm": 0.14315403997898102,
    "Misc/xHx": 0.022598881274461743,
    "Time/Epoch": 121.36180114746094,
    "Time/FPS": 164.7965087890625,
    "Time/Rollout": 106.96813201904295,
    "Time/Total": 12170.1181640625,
    "Time/Update": 14.393634796142578,
    "TotalEnvSteps": 2000000,
    "Train/Entropy": 1.2506150007247925,
    "Train/Epoch": 99,
    "Train/KL": 0.0003005092730745673,
    "Train/LR": 0,
    "Train/PolicyRatio": 1.000242829322815,
    "Train/PolicyRatio/Max": 1.0002429485321045,
    "Train/PolicyRatio/Min": 1.0002429485321045,
    "Train/PolicyRatio/Std": 0.00017167816986329854,
    "Train/PolicyStd": 0.8453307151794434,
    "Train/StopIter": 10,
    "Value/Adv": -4.577636492086867e-09,
    "Value/cost": 0.40180882811546326,
    "Value/reward": 0.4405294060707092,
    "_runtime": 12172.126681914,
    "_step": 100,
    "_timestamp": 1745038840.6261256,
    "_wandb": {
        "runtime": 12172
    }
}