{
    "Loss/Loss_cost_critic": 5.387345790863037,
    "Loss/Loss_cost_critic/Delta": 0.7401747703552246,
    "Loss/Loss_pi": -0.014591523446142672,
    "Loss/Loss_pi/Delta": 0.10533103253692389,
    "Loss/Loss_reward_critic": 0.03346637636423111,
    "Loss/Loss_reward_critic/Delta": -0.0002629980444908142,
    "Metrics/EpCost": 17.860000610351562,
    "Metrics/EpLen": 1000,
    "Metrics/EpRet": 8.866279602050781,
    "Metrics/LagrangeMultiplier": 2.7627484798431396,
    "Metrics/LagrangeMultiplier/Max": 2.7627484798431396,
    "Metrics/LagrangeMultiplier/Min": 2.7627484798431396,
    "Metrics/LagrangeMultiplier/Std": 0,
    "Safety/EpCostShield": 46.400001525878906,
    "Safety/ShieldLagrangeMultiplier": 2.7391104698181152,
    "Safety/ShieldLagrangeMultiplier/Max": 2.7391104698181152,
    "Safety/ShieldLagrangeMultiplier/Min": 2.7391104698181152,
    "Safety/ShieldLagrangeMultiplier/Std": 0,
    "Safety/shield_adv_c": "NaN",
    "Safety/shield_violation": 3.6003239154815674,
    "Time/Epoch": 144.26406860351562,
    "Time/FPS": 138.63465881347656,
    "Time/Rollout": 68.37379455566406,
    "Time/Total": 13120.5498046875,
    "Time/Update": 75.89022827148438,
    "TotalEnvSteps": 2000000,
    "Train/Entropy": 0.3668033182621002,
    "Train/Epoch": 99,
    "Train/KL": 0.004321718588471413,
    "Train/LR": 0,
    "Train/PolicyRatio": 0.9995880722999572,
    "Train/PolicyRatio/Max": 0.9995880722999572,
    "Train/PolicyRatio/Min": 0.9995880722999572,
    "Train/PolicyRatio/Std": 0.007105216849595308,
    "Train/PolicyStd": 0.34979864954948425,
    "Train/StopIter": 40,
    "Value/Adv": 0.004618540406227112,
    "Value/cost": 1.5916664600372314,
    "Value/reward": 0.9130085110664368,
    "_runtime": 13122.701619551,
    "_step": 100,
    "_timestamp": 1746577897.2170718,
    "_wandb": {
        "runtime": 13122
    }
}