{
    "Loss/Loss_cost_critic": 0.6363527774810791,
    "Loss/Loss_cost_critic/Delta": 0.05669909715652466,
    "Loss/Loss_pi": -0.17235125601291656,
    "Loss/Loss_pi/Delta": 0.1540970653295517,
    "Loss/Loss_reward_critic": 0.00889648124575615,
    "Loss/Loss_reward_critic/Delta": 0.004073539283126593,
    "Metrics/EpCost": 1.909999966621399,
    "Metrics/EpLen": 1000,
    "Metrics/EpRet": 0.06476142257452011,
    "Metrics/LagrangeMultiplier": 2.090867757797241,
    "Metrics/LagrangeMultiplier/Max": 2.090867757797241,
    "Metrics/LagrangeMultiplier/Min": 2.090867757797241,
    "Metrics/LagrangeMultiplier/Std": 0,
    "Misc/AcceptanceStep": 1,
    "Misc/Alpha": 1.817756175994873,
    "Misc/FinalStepNorm": 0.3420824408531189,
    "Misc/H_inv_g": 0.18818940222263336,
    "Misc/gradient_norm": 0.0641961619257927,
    "Misc/xHx": 0.0060528237372636795,
    "Safety/EpCostShield": 11.600000381469728,
    "Safety/ShieldLagrangeMultiplier": 2.1744885444641113,
    "Safety/ShieldLagrangeMultiplier/Max": 2.1744885444641113,
    "Safety/ShieldLagrangeMultiplier/Min": 2.1744885444641113,
    "Safety/ShieldLagrangeMultiplier/Std": 0,
    "Safety/shield_adv_c": -0.08036273717880249,
    "Safety/shield_violation": 0.7842442989349365,
    "Time/Epoch": 117.97181701660156,
    "Time/FPS": 169.53201293945312,
    "Time/Rollout": 101.11791229248048,
    "Time/Total": 11565.9794921875,
    "Time/Update": 16.853879928588867,
    "TotalEnvSteps": 2000000,
    "Train/Entropy": 2.2845938205718994,
    "Train/Epoch": 99,
    "Train/KL": 0.00024060199211817235,
    "Train/LR": 0,
    "Train/PolicyRatio": 1.0010448694229126,
    "Train/PolicyRatio/Max": 1.001044988632202,
    "Train/PolicyRatio/Min": 1.001044988632202,
    "Train/PolicyRatio/Std": 0.0007389185484498739,
    "Train/PolicyStd": 2.396273612976074,
    "Train/StopIter": 10,
    "Value/Adv": -1.5258788677030564e-09,
    "Value/cost": 0.1610831767320633,
    "Value/reward": 0.0029104244895279408,
    "_runtime": 11566.93921697,
    "_step": 100,
    "_timestamp": 1746523226.5721436,
    "_wandb": {
        "runtime": 11566
    }
}