{
    "Loss/Loss_cost_critic": 2.0699596405029297,
    "Loss/Loss_cost_critic/Delta": 0.6641973257064819,
    "Loss/Loss_pi": -0.008159617893397808,
    "Loss/Loss_pi/Delta": 0.17820574808865786,
    "Loss/Loss_reward_critic": 0.004889765288680792,
    "Loss/Loss_reward_critic/Delta": 0.0002930052578449249,
    "Metrics/EpCost": 6.849999904632568,
    "Metrics/EpLen": 1000,
    "Metrics/EpRet": -0.3205941915512085,
    "Metrics/LagrangeMultiplier": 2.533849716186523,
    "Metrics/LagrangeMultiplier/Max": 2.533849716186523,
    "Metrics/LagrangeMultiplier/Min": 2.533849716186523,
    "Metrics/LagrangeMultiplier/Std": 0,
    "Misc/AcceptanceStep": 1,
    "Misc/Alpha": 1.4043058156967163,
    "Misc/FinalStepNorm": 0.34860965609550476,
    "Misc/H_inv_g": 0.24824340641498568,
    "Misc/gradient_norm": 0.1228278875350952,
    "Misc/xHx": 0.010141593404114246,
    "Safety/EpCostShield": 16.600000381469727,
    "Safety/ShieldLagrangeMultiplier": 2.426708698272705,
    "Safety/ShieldLagrangeMultiplier/Max": 2.426708698272705,
    "Safety/ShieldLagrangeMultiplier/Min": 2.426708698272705,
    "Safety/ShieldLagrangeMultiplier/Std": 0,
    "Safety/shield_adv_c": 0.443646639585495,
    "Safety/shield_violation": 1.3037724494934082,
    "Time/Epoch": 99.24818420410156,
    "Time/FPS": 201.51502990722656,
    "Time/Rollout": 82.24713134765625,
    "Time/Total": 10350.4970703125,
    "Time/Update": 17.001026153564453,
    "TotalEnvSteps": 2000000,
    "Train/Entropy": 1.7188972234725952,
    "Train/Epoch": 99,
    "Train/KL": 0.0002351408620597795,
    "Train/LR": 0,
    "Train/PolicyRatio": 1.0002504587173462,
    "Train/PolicyRatio/Max": 1.0002505779266355,
    "Train/PolicyRatio/Min": 1.0002505779266355,
    "Train/PolicyRatio/Std": 0.00017712915723677725,
    "Train/PolicyStd": 1.3500299453735352,
    "Train/StopIter": 10,
    "Value/Adv": 6.103515470812226e-09,
    "Value/cost": 0.20404082536697388,
    "Value/reward": -0.033044908195734024,
    "_runtime": 10352.470101266,
    "_step": 100,
    "_timestamp": 1746603918.147389,
    "_wandb": {
        "runtime": 10352
    }
}