{
    "Loss/Loss_cost_critic": 6.832304954528809,
    "Loss/Loss_cost_critic/Delta": 1.1735706329345703,
    "Loss/Loss_pi": -0.20276111364364624,
    "Loss/Loss_pi/Delta": 0.024082303047180176,
    "Loss/Loss_reward_critic": 0.0019218411762267351,
    "Loss/Loss_reward_critic/Delta": -0.0004432124551385641,
    "Metrics/EpCost": 9.800000190734863,
    "Metrics/EpLen": 1000,
    "Metrics/EpRet": 0.22971424460411072,
    "Metrics/LagrangeMultiplier": 2.509056568145752,
    "Metrics/LagrangeMultiplier/Max": 2.509056568145752,
    "Metrics/LagrangeMultiplier/Min": 2.509056568145752,
    "Metrics/LagrangeMultiplier/Std": 0,
    "Misc/AcceptanceStep": 1,
    "Misc/Alpha": 1.0010063648223877,
    "Misc/FinalStepNorm": 0.33107680082321167,
    "Misc/H_inv_g": 0.3307439386844635,
    "Misc/gradient_norm": 0.1536296159029007,
    "Misc/xHx": 0.019959796220064163,
    "Safety/EpCostShield": 22.75,
    "Safety/ShieldLagrangeMultiplier": 2.4621376991271973,
    "Safety/ShieldLagrangeMultiplier/Max": 2.4621376991271973,
    "Safety/ShieldLagrangeMultiplier/Min": 2.4621376991271973,
    "Safety/ShieldLagrangeMultiplier/Std": 0,
    "Safety/shield_adv_c": -0.028766969218850136,
    "Safety/shield_violation": 3.113258600234986,
    "Time/Epoch": 134.22463989257812,
    "Time/FPS": 149.0039520263672,
    "Time/Rollout": 100.21795654296876,
    "Time/Total": 13446.6220703125,
    "Time/Update": 34.00665283203125,
    "TotalEnvSteps": 2000000,
    "Train/Entropy": 2.225259780883789,
    "Train/Epoch": 99,
    "Train/KL": 0.0002207021607318893,
    "Train/LR": 0,
    "Train/PolicyRatio": 1.000357985496521,
    "Train/PolicyRatio/Max": 1.000357985496521,
    "Train/PolicyRatio/Min": 1.000357985496521,
    "Train/PolicyRatio/Std": 0.0002531620557419956,
    "Train/PolicyStd": 2.2486541271209717,
    "Train/StopIter": 10,
    "Value/Adv": -3.051757735406113e-09,
    "Value/cost": 1.9214500188827517,
    "Value/reward": 0.02720661647617817,
    "_runtime": 13448.599793445,
    "_step": 100,
    "_timestamp": 1746553108.133247,
    "_wandb": {
        "runtime": 13448
    }
}