{
    "Loss/Loss_cost_critic": 0.040359340608119965,
    "Loss/Loss_cost_critic/Delta": 0.0382798092905432,
    "Loss/Loss_pi": -0.0005782981752417982,
    "Loss/Loss_pi/Delta": -0.0002994428505189717,
    "Loss/Loss_reward_critic": 0.0027085391338914633,
    "Loss/Loss_reward_critic/Delta": -6.071478128433227e-05,
    "Metrics/EpCost": 0.18000000715255737,
    "Metrics/EpLen": 1000,
    "Metrics/EpRet": 0.14162719249725342,
    "Metrics/LagrangeMultiplier": 121.67388153076172,
    "Metrics/LagrangeMultiplier/Max": 121.67388153076172,
    "Metrics/LagrangeMultiplier/Min": 121.67388153076172,
    "Metrics/LagrangeMultiplier/Std": 0,
    "Time/Epoch": 133.04232788085938,
    "Time/FPS": 150.32810974121094,
    "Time/Rollout": 74.53190612792969,
    "Time/Total": 12791.400390625,
    "Time/Update": 58.51034927368164,
    "TotalEnvSteps": 2000000,
    "Train/Entropy": 0.5289032459259033,
    "Train/Epoch": 99,
    "Train/KL": 0.005748328752815723,
    "Train/LR": 0,
    "Train/PolicyRatio": 1.000226616859436,
    "Train/PolicyRatio/Max": 1.000226616859436,
    "Train/PolicyRatio/Min": 1.000226616859436,
    "Train/PolicyRatio/Std": 0.007929949089884758,
    "Train/PolicyStd": 0.4122993350028992,
    "Train/StopIter": 40,
    "Value/Adv": -0.19159510731697085,
    "Value/cost": 0.06939017027616501,
    "Value/reward": 0.030132632702589035,
    "_runtime": 12793.07673126,
    "_step": 100,
    "_timestamp": 1745028988.8066726,
    "_wandb": {
        "runtime": 12793
    }
}