{
    "Loss/Loss_cost_critic": 3.5982608795166016,
    "Loss/Loss_cost_critic/Delta": 0.5579533576965332,
    "Loss/Loss_pi": -0.29388684034347534,
    "Loss/Loss_pi/Delta": 0.02045318484306335,
    "Loss/Loss_reward_critic": 0.04254383593797684,
    "Loss/Loss_reward_critic/Delta": -0.009436968713998796,
    "Metrics/EpCost": 7.869999885559082,
    "Metrics/EpLen": 1000,
    "Metrics/EpRet": 10.115389823913574,
    "Metrics/LagrangeMultiplier": 2.691868305206299,
    "Metrics/LagrangeMultiplier/Max": 2.691868305206299,
    "Metrics/LagrangeMultiplier/Min": 2.691868305206299,
    "Metrics/LagrangeMultiplier/Std": 0,
    "Misc/AcceptanceStep": 1,
    "Misc/Alpha": 1.5780867338180542,
    "Misc/FinalStepNorm": 0.3293534815311432,
    "Misc/H_inv_g": 0.20870429277420044,
    "Misc/gradient_norm": 0.07678721100091934,
    "Misc/xHx": 0.008030964061617851,
    "Safety/EpCostShield": 22.100000381469727,
    "Safety/ShieldLagrangeMultiplier": 2.5621442794799805,
    "Safety/ShieldLagrangeMultiplier/Max": 2.5621442794799805,
    "Safety/ShieldLagrangeMultiplier/Min": 2.5621442794799805,
    "Safety/ShieldLagrangeMultiplier/Std": 0,
    "Safety/shield_adv_c": -0.04000644385814667,
    "Safety/shield_violation": 2.840954065322876,
    "Time/Epoch": 110.82078552246094,
    "Time/FPS": 180.4715576171875,
    "Time/Rollout": 86.79801177978516,
    "Time/Total": 11698.4755859375,
    "Time/Update": 24.022743225097656,
    "TotalEnvSteps": 2000000,
    "Train/Entropy": 1.960158944129944,
    "Train/Epoch": 99,
    "Train/KL": 0.00024648182443343103,
    "Train/LR": 0,
    "Train/PolicyRatio": 1.0007247924804688,
    "Train/PolicyRatio/Max": 1.0007247924804688,
    "Train/PolicyRatio/Min": 1.0007247924804688,
    "Train/PolicyRatio/Std": 0.0005125057068653405,
    "Train/PolicyStd": 1.7543350458145142,
    "Train/StopIter": 10,
    "Value/Adv": -3.814697002724188e-09,
    "Value/cost": 1.0924217700958252,
    "Value/reward": 1.106766939163208,
    "_runtime": 11699.835022764,
    "_step": 100,
    "_timestamp": 1746508099.7189696,
    "_wandb": {
        "runtime": 11699
    }
}