{
    "Loss/Loss_cost_critic": 2.5492351055145264,
    "Loss/Loss_cost_critic/Delta": -1.6809427738189695,
    "Loss/Loss_pi": -0.2915523052215576,
    "Loss/Loss_pi/Delta": -0.11151497066020966,
    "Loss/Loss_reward_critic": 0.04772369563579559,
    "Loss/Loss_reward_critic/Delta": 0.002199184149503708,
    "Metrics/EpCost": 9.40999984741211,
    "Metrics/EpLen": 1000,
    "Metrics/EpRet": 7.545964241027832,
    "Metrics/LagrangeMultiplier": 2.451498746871948,
    "Metrics/LagrangeMultiplier/Max": 2.451498746871948,
    "Metrics/LagrangeMultiplier/Min": 2.451498746871948,
    "Metrics/LagrangeMultiplier/Std": 0,
    "Misc/AcceptanceStep": 1,
    "Misc/Alpha": 1.4210553169250488,
    "Misc/FinalStepNorm": 0.2706306576728821,
    "Misc/H_inv_g": 0.19044342637062073,
    "Misc/gradient_norm": 0.12918688356876373,
    "Misc/xHx": 0.009903930127620695,
    "Safety/EpCostShield": 14.300000190734863,
    "Safety/ShieldLagrangeMultiplier": 2.4865024089813232,
    "Safety/ShieldLagrangeMultiplier/Max": 2.4865024089813232,
    "Safety/ShieldLagrangeMultiplier/Min": 2.4865024089813232,
    "Safety/ShieldLagrangeMultiplier/Std": 0,
    "Safety/shield_adv_c": 0.2747206687927246,
    "Safety/shield_violation": 2.019981384277344,
    "Time/Epoch": 113.96925354003906,
    "Time/FPS": 175.48593139648438,
    "Time/Rollout": 89.7472152709961,
    "Time/Total": 12503.4150390625,
    "Time/Update": 24.222002029418945,
    "TotalEnvSteps": 2000000,
    "Train/Entropy": 2.109133720397949,
    "Train/Epoch": 99,
    "Train/KL": 0.0003593888250179589,
    "Train/LR": 0,
    "Train/PolicyRatio": 1.0000816583633425,
    "Train/PolicyRatio/Max": 1.0000817775726318,
    "Train/PolicyRatio/Min": 1.0000817775726318,
    "Train/PolicyRatio/Std": 5.771309588453733e-05,
    "Train/PolicyStd": 2.0629994869232178,
    "Train/StopIter": 10,
    "Value/Adv": 0,
    "Value/cost": 0.8623774647712708,
    "Value/reward": 0.8262439370155334,
    "_runtime": 12504.643726509,
    "_step": 100,
    "_timestamp": 1746508909.0415144,
    "_wandb": {
        "runtime": 12504
    }
}