{
    "Loss/Loss_cost_critic": 0.3069547116756439,
    "Loss/Loss_cost_critic/Delta": -0.323180228471756,
    "Loss/Loss_pi": -0.0071488963440060616,
    "Loss/Loss_pi/Delta": 0.015743347816169262,
    "Loss/Loss_reward_critic": 0.003891128115355969,
    "Loss/Loss_reward_critic/Delta": -0.002431920263916254,
    "Metrics/EpCost": 13.300000190734863,
    "Metrics/EpLen": 1000,
    "Metrics/EpRet": 0.2910550832748413,
    "Metrics/LagrangeMultiplier": 3.108550548553467,
    "Metrics/LagrangeMultiplier/Max": 3.108550548553467,
    "Metrics/LagrangeMultiplier/Min": 3.108550548553467,
    "Metrics/LagrangeMultiplier/Std": 0,
    "Time/Epoch": 142.4383544921875,
    "Time/FPS": 140.41162109375,
    "Time/Rollout": 83.95428466796875,
    "Time/Total": 12664.96484375,
    "Time/Update": 58.48397064208984,
    "TotalEnvSteps": 2000000,
    "Train/Entropy": 0.3045957386493683,
    "Train/Epoch": 99,
    "Train/KL": 0.004136651288717985,
    "Train/LR": 0,
    "Train/PolicyRatio": 1.0011754035949707,
    "Train/PolicyRatio/Max": 1.0011755228042605,
    "Train/PolicyRatio/Min": 1.0011755228042605,
    "Train/PolicyRatio/Std": 0.006902243010699749,
    "Train/PolicyStd": 0.32902127504348755,
    "Train/StopIter": 40,
    "Value/Adv": 0.1306292861700058,
    "Value/cost": 1.1944193840026855,
    "Value/reward": 0.050782740116119385,
    "_runtime": 12666.165462451,
    "_step": 100,
    "_timestamp": 1743328059.9046276,
    "_wandb": {
        "runtime": 12666
    }
}