{
    "Loss/Loss_cost_critic": 5.455073356628418,
    "Loss/Loss_cost_critic/Delta": 1.4020681381225586,
    "Loss/Loss_pi": 0.10809256136417388,
    "Loss/Loss_pi/Delta": 0.24175387620925903,
    "Loss/Loss_reward_critic": 0.04026303067803383,
    "Loss/Loss_reward_critic/Delta": 0.0025195516645908356,
    "Metrics/EpCost": 16.329999923706055,
    "Metrics/EpLen": 1000,
    "Metrics/EpRet": 10.04658317565918,
    "Metrics/LagrangeMultiplier": 2.862557888031006,
    "Metrics/LagrangeMultiplier/Max": 2.862557888031006,
    "Metrics/LagrangeMultiplier/Min": 2.862557888031006,
    "Metrics/LagrangeMultiplier/Std": 0,
    "Safety/EpCostShield": 58.29999923706055,
    "Safety/ShieldLagrangeMultiplier": 2.779977321624756,
    "Safety/ShieldLagrangeMultiplier/Max": 2.779977321624756,
    "Safety/ShieldLagrangeMultiplier/Min": 2.779977321624756,
    "Safety/ShieldLagrangeMultiplier/Std": 0,
    "Safety/shield_adv_c": "NaN",
    "Safety/shield_violation": 3.4634411334991455,
    "Time/Epoch": 182.7204742431641,
    "Time/FPS": 109.4568099975586,
    "Time/Rollout": 89.24652099609375,
    "Time/Total": 17257.724609375,
    "Time/Update": 93.473876953125,
    "TotalEnvSteps": 2000000,
    "Train/Entropy": 0.45308372378349304,
    "Train/Epoch": 99,
    "Train/KL": 0.003650687402114272,
    "Train/LR": 0,
    "Train/PolicyRatio": 0.9996649622917176,
    "Train/PolicyRatio/Max": 0.9996649622917176,
    "Train/PolicyRatio/Min": 0.9996649622917176,
    "Train/PolicyRatio/Std": 0.006734026595950127,
    "Train/PolicyStd": 0.38147303462028503,
    "Train/StopIter": 40,
    "Value/Adv": -0.13817797601222992,
    "Value/cost": 1.5630687475204468,
    "Value/reward": 1.0949257612228394,
    "_runtime": 17259.55292187,
    "_step": 100,
    "_timestamp": 1746582999.296054,
    "_wandb": {
        "runtime": 17259
    }
}