{
    "Loss/Loss_cost_critic": 3.212522506713867,
    "Loss/Loss_cost_critic/Delta": 0.2417001724243164,
    "Loss/Loss_pi": -0.07380063086748123,
    "Loss/Loss_pi/Delta": 0.012408927083015442,
    "Loss/Loss_reward_critic": 0.05702830478549003,
    "Loss/Loss_reward_critic/Delta": -0.001725871115922928,
    "Metrics/EpCost": 9.109999656677246,
    "Metrics/EpLen": 1000,
    "Metrics/EpRet": 11.358295440673828,
    "Metrics/LagrangeMultiplier": 2.2039954662323,
    "Metrics/LagrangeMultiplier/Max": 2.2039954662323,
    "Metrics/LagrangeMultiplier/Min": 2.2039954662323,
    "Metrics/LagrangeMultiplier/Std": 0,
    "Misc/AcceptanceStep": 1,
    "Misc/Alpha": 0.7468329071998596,
    "Misc/FinalStepNorm": 0.2540799081325531,
    "Misc/H_inv_g": 0.34020984172821045,
    "Misc/gradient_norm": 0.25686994194984436,
    "Misc/xHx": 0.03585774451494217,
    "Safety/EpCostShield": 25.450000762939453,
    "Safety/ShieldLagrangeMultiplier": 2.1845788955688477,
    "Safety/ShieldLagrangeMultiplier/Max": 2.1845788955688477,
    "Safety/ShieldLagrangeMultiplier/Min": 2.1845788955688477,
    "Safety/ShieldLagrangeMultiplier/Std": 0,
    "Safety/shield_adv_c": 0.2865471839904785,
    "Safety/shield_violation": 2.5343449115753174,
    "Time/Epoch": 89.47035217285156,
    "Time/FPS": 223.53775024414065,
    "Time/Rollout": 73.46237182617188,
    "Time/Total": 8971.6748046875,
    "Time/Update": 16.007957458496094,
    "TotalEnvSteps": 2000000,
    "Train/Entropy": 1.245309829711914,
    "Train/Epoch": 99,
    "Train/KL": 0.0003832999209407717,
    "Train/LR": 0,
    "Train/PolicyRatio": 0.9992596507072448,
    "Train/PolicyRatio/Max": 0.9992596507072448,
    "Train/PolicyRatio/Min": 0.9992596507072448,
    "Train/PolicyRatio/Std": 0.0005235200515016913,
    "Train/PolicyStd": 0.8464681506156921,
    "Train/StopIter": 10,
    "Value/Adv": 1.2969969986897922e-08,
    "Value/cost": 0.8988146781921387,
    "Value/reward": 1.2142361402511597,
    "_runtime": 8972.828757226,
    "_step": 100,
    "_timestamp": 1746570772.2223198,
    "_wandb": {
        "runtime": 8972
    }
}