{
    "Loss/Loss_cost_critic": 0.17291852831840515,
    "Loss/Loss_cost_critic/Delta": 0.0177040696144104,
    "Loss/Loss_pi": -0.002136531285941601,
    "Loss/Loss_pi/Delta": 0.005356996785849333,
    "Loss/Loss_reward_critic": 0.013042976148426533,
    "Loss/Loss_reward_critic/Delta": -0.0031066937372088432,
    "Metrics/EpCost": 2.75,
    "Metrics/EpLen": 1000,
    "Metrics/EpRet": -3.67819881439209,
    "Misc/A": 0.016486426815390587,
    "Misc/AcceptanceStep": 1,
    "Misc/Alpha": 1.0985620021820068,
    "Misc/B": -787.1830444335938,
    "Misc/FinalStepNorm": 0.3136173486709595,
    "Misc/H_inv_g": 0.23733556270599365,
    "Misc/Lambda_star": 0,
    "Misc/Nu_star": 1.442865014076233,
    "Misc/OptimCase": 0,
    "Misc/cost_gradient_norm": 0.1295209527015686,
    "Misc/gradient_norm": 0.38156020641326904,
    "Misc/q": 0.016572216525673866,
    "Misc/r": 0.0009078392758965492,
    "Misc/s": 0.009606787003576756,
    "Misc/xHx": 0.016572216525673866,
    "Time/Epoch": 114.37598419189452,
    "Time/FPS": 174.8618927001953,
    "Time/Rollout": 93.33514404296876,
    "Time/Total": 11357.4384765625,
    "Time/Update": 21.040788650512695,
    "TotalEnvSteps": 2000000,
    "Train/Entropy": 1.1543060541152954,
    "Train/Epoch": 99,
    "Train/KL": 0.00016211079491768032,
    "Train/LR": 0,
    "Train/PolicyRatio": 1.001006245613098,
    "Train/PolicyRatio/Max": 1.0010063648223877,
    "Train/PolicyRatio/Min": 1.0010063648223877,
    "Train/PolicyRatio/Std": 0.0007115511689335108,
    "Train/PolicyStd": 0.7821815013885498,
    "Train/StopIter": 10,
    "Value/Adv": 1.2207030941624453e-08,
    "Value/cost": 0.14306670427322388,
    "Value/reward": -0.46976161003112793,
    "_runtime": 11359.847908043,
    "_step": 100,
    "_timestamp": 1743317286.0395944,
    "_wandb": {
        "runtime": 11359
    }
}