{
    "Loss/Loss_cost_critic": 1.0050419569015503,
    "Loss/Loss_cost_critic/Delta": -0.09516572952270508,
    "Loss/Loss_pi": -0.0539843924343586,
    "Loss/Loss_pi/Delta": -0.32800062373280525,
    "Loss/Loss_reward_critic": 0.013850808143615724,
    "Loss/Loss_reward_critic/Delta": 0.002482466399669647,
    "Metrics/EpCost": 2.369999885559082,
    "Metrics/EpLen": 1000,
    "Metrics/EpRet": -0.047924965620040894,
    "Metrics/LagrangeMultiplier": 2.771195888519287,
    "Metrics/LagrangeMultiplier/Max": 2.771195888519287,
    "Metrics/LagrangeMultiplier/Min": 2.771195888519287,
    "Metrics/LagrangeMultiplier/Std": 0,
    "Misc/AcceptanceStep": 1,
    "Misc/Alpha": 1.1302706003189087,
    "Misc/FinalStepNorm": 0.324342280626297,
    "Misc/H_inv_g": 0.28695985674858093,
    "Misc/gradient_norm": 0.11719496548175812,
    "Misc/xHx": 0.01565542444586754,
    "Safety/EpCostShield": 13.100000381469728,
    "Safety/ShieldLagrangeMultiplier": 2.417367935180664,
    "Safety/ShieldLagrangeMultiplier/Max": 2.417367935180664,
    "Safety/ShieldLagrangeMultiplier/Min": 2.417367935180664,
    "Safety/ShieldLagrangeMultiplier/Std": 0,
    "Safety/shield_adv_c": -0.2128092497587204,
    "Safety/shield_violation": 1.3305915594100952,
    "Time/Epoch": 115.51494598388672,
    "Time/FPS": 173.1377716064453,
    "Time/Rollout": 98.36387634277344,
    "Time/Total": 11916.568359375,
    "Time/Update": 17.151029586791992,
    "TotalEnvSteps": 2000000,
    "Train/Entropy": 1.5240758657455444,
    "Train/Epoch": 99,
    "Train/KL": 0.0002677908632904291,
    "Train/LR": 0,
    "Train/PolicyRatio": 1.0008330345153809,
    "Train/PolicyRatio/Max": 1.0008330345153809,
    "Train/PolicyRatio/Min": 1.0008330345153809,
    "Train/PolicyRatio/Std": 0.0005890443571843207,
    "Train/PolicyStd": 1.1109217405319214,
    "Train/StopIter": 10,
    "Value/Adv": 6.103515470812226e-09,
    "Value/cost": 0.45665884017944336,
    "Value/reward": 0.0047126212157309055,
    "_runtime": 11917.771692542,
    "_step": 100,
    "_timestamp": 1746616415.0924723,
    "_wandb": {
        "runtime": 11917
    }
}