{
    "Loss/Loss_cost_critic": 0.7209829688072205,
    "Loss/Loss_cost_critic/Delta": 0.16704678535461426,
    "Loss/Loss_pi": -0.0042633735574781895,
    "Loss/Loss_pi/Delta": 0.0006548874080181122,
    "Loss/Loss_reward_critic": 0.010665882378816605,
    "Loss/Loss_reward_critic/Delta": -0.0033540213480591774,
    "Metrics/EpCost": 11.890000343322754,
    "Metrics/EpLen": 1000,
    "Metrics/EpRet": -2.445589303970337,
    "Misc/A": 0.013528377749025822,
    "Misc/AcceptanceStep": 1,
    "Misc/Alpha": 1.1947804689407349,
    "Misc/B": -4424.74755859375,
    "Misc/FinalStepNorm": 0.3086320757865906,
    "Misc/H_inv_g": 0.24634304642677307,
    "Misc/Lambda_star": 0,
    "Misc/Nu_star": 0.7911856174468994,
    "Misc/OptimCase": 0,
    "Misc/cost_gradient_norm": 0.14527972042560575,
    "Misc/gradient_norm": 0.09365364164113998,
    "Misc/q": 0.014010492712259293,
    "Misc/r": 0.003924748860299587,
    "Misc/s": 0.03195016458630562,
    "Misc/xHx": 0.014010492712259293,
    "Time/Epoch": 349.8758544921875,
    "Time/FPS": 57.16313171386719,
    "Time/Rollout": 341.20916748046875,
    "Time/Total": 34452.21875,
    "Time/Update": 8.666675567626953,
    "TotalEnvSteps": 2000000,
    "Train/Entropy": 1.4200624227523804,
    "Train/Epoch": 99,
    "Train/KL": 0.00015989039093255997,
    "Train/LR": 0,
    "Train/PolicyRatio": 0.9995059967041016,
    "Train/PolicyRatio/Max": 0.9995059967041016,
    "Train/PolicyRatio/Min": 0.9995059967041016,
    "Train/PolicyRatio/Std": 0.0003493411641102284,
    "Train/PolicyStd": 1.0203351974487305,
    "Train/StopIter": 10,
    "Value/Adv": 4.577636492086867e-09,
    "Value/cost": 0.7838036417961121,
    "Value/reward": -0.22220690548419952,
    "_runtime": 34453.511948894,
    "_step": 100,
    "_timestamp": 1743362247.5868478,
    "_wandb": {
        "runtime": 34453
    }
}