{
    "Loss/Loss_cost_critic": 3.77791166305542,
    "Loss/Loss_cost_critic/Delta": 0.0011949539184570312,
    "Loss/Loss_pi": -0.09583548456430437,
    "Loss/Loss_pi/Delta": 0.15207167714834213,
    "Loss/Loss_reward_critic": 0.048559531569480896,
    "Loss/Loss_reward_critic/Delta": 0.004573553800582886,
    "Metrics/EpCost": 14.710000038146973,
    "Metrics/EpLen": 1000,
    "Metrics/EpRet": 5.1142497062683105,
    "Metrics/LagrangeMultiplier": 2.3242201805114746,
    "Metrics/LagrangeMultiplier/Max": 2.3242201805114746,
    "Metrics/LagrangeMultiplier/Min": 2.3242201805114746,
    "Metrics/LagrangeMultiplier/Std": 0,
    "Misc/AcceptanceStep": 1,
    "Misc/Alpha": 0.8721080422401428,
    "Misc/FinalStepNorm": 0.30555596947669983,
    "Misc/H_inv_g": 0.3503648042678833,
    "Misc/gradient_norm": 0.19704994559288025,
    "Misc/xHx": 0.0262959748506546,
    "Safety/EpCostShield": 34.95000076293945,
    "Safety/ShieldLagrangeMultiplier": 2.3939967155456543,
    "Safety/ShieldLagrangeMultiplier/Max": 2.3939967155456543,
    "Safety/ShieldLagrangeMultiplier/Min": 2.3939967155456543,
    "Safety/ShieldLagrangeMultiplier/Std": 0,
    "Safety/shield_adv_c": -0.06947673112154007,
    "Safety/shield_violation": 3.611021041870117,
    "Time/Epoch": 126.64888763427734,
    "Time/FPS": 157.9169158935547,
    "Time/Rollout": 100.00907135009766,
    "Time/Total": 13302.943359375,
    "Time/Update": 26.639745712280273,
    "TotalEnvSteps": 2000000,
    "Train/Entropy": 1.3586372137069702,
    "Train/Epoch": 99,
    "Train/KL": 0.000286711729131639,
    "Train/LR": 0,
    "Train/PolicyRatio": 1.0010967254638672,
    "Train/PolicyRatio/Max": 1.0010967254638672,
    "Train/PolicyRatio/Min": 1.0010967254638672,
    "Train/PolicyRatio/Std": 0.0007755581755191088,
    "Train/PolicyStd": 0.9571744799613952,
    "Train/StopIter": 10,
    "Value/Adv": -1.1634826435624744e-08,
    "Value/cost": 1.1735656261444092,
    "Value/reward": 0.6289714574813843,
    "_runtime": 13305.218869455,
    "_step": 100,
    "_timestamp": 1746561311.3499146,
    "_wandb": {
        "runtime": 13305
    }
}