{
    "Loss/Loss_cost_critic": 6.390329360961914,
    "Loss/Loss_cost_critic/Delta": 2.322065830230713,
    "Loss/Loss_pi": 0.12845364212989807,
    "Loss/Loss_pi/Delta": 0.13578097894787788,
    "Loss/Loss_reward_critic": 0.03393053263425827,
    "Loss/Loss_reward_critic/Delta": -0.006319329142570496,
    "Metrics/EpCost": 14.84000015258789,
    "Metrics/EpLen": 1000,
    "Metrics/EpRet": 2.8728113174438477,
    "Metrics/LagrangeMultiplier": 1.9070239067077637,
    "Metrics/LagrangeMultiplier/Max": 1.9070239067077637,
    "Metrics/LagrangeMultiplier/Min": 1.9070239067077637,
    "Metrics/LagrangeMultiplier/Std": 0,
    "Misc/AcceptanceStep": 1,
    "Misc/Alpha": 0.627234935760498,
    "Misc/FinalStepNorm": 0.2925674021244049,
    "Misc/H_inv_g": 0.4664399325847626,
    "Misc/gradient_norm": 0.3157966434955597,
    "Misc/xHx": 0.05083576962351799,
    "Safety/EpCostShield": 56,
    "Safety/ShieldLagrangeMultiplier": 2.0729787349700928,
    "Safety/ShieldLagrangeMultiplier/Max": 2.0729787349700928,
    "Safety/ShieldLagrangeMultiplier/Min": 2.0729787349700928,
    "Safety/ShieldLagrangeMultiplier/Std": 0,
    "Safety/shield_adv_c": 0.9007315635681152,
    "Safety/shield_violation": 3.314823865890503,
    "Time/Epoch": 110.7042007446289,
    "Time/FPS": 180.66162109375,
    "Time/Rollout": 93.13693237304688,
    "Time/Total": 10696.630859375,
    "Time/Update": 17.567245483398438,
    "TotalEnvSteps": 2000000,
    "Train/Entropy": 1.455794334411621,
    "Train/Epoch": 99,
    "Train/KL": 0.0003162207722198218,
    "Train/LR": 0,
    "Train/PolicyRatio": 1.0002745389938354,
    "Train/PolicyRatio/Max": 1.0002745389938354,
    "Train/PolicyRatio/Min": 1.0002745389938354,
    "Train/PolicyRatio/Std": 0.0001941002847161144,
    "Train/PolicyStd": 1.0407124757766724,
    "Train/StopIter": 10,
    "Value/Adv": 1.2969969986897922e-08,
    "Value/cost": 1.1763006448745728,
    "Value/reward": 0.403083473443985,
    "_runtime": 10697.554531819,
    "_step": 100,
    "_timestamp": 1746558919.7831583,
    "_wandb": {
        "runtime": 10697
    }
}