{
    "Loss/Loss_cost_critic": 2.270273208618164,
    "Loss/Loss_cost_critic/Delta": 0.03468751907348633,
    "Loss/Loss_pi": -0.23238050937652588,
    "Loss/Loss_pi/Delta": 0.11831951141357422,
    "Loss/Loss_reward_critic": 0.04070967808365822,
    "Loss/Loss_reward_critic/Delta": 0.0066050514578819275,
    "Metrics/EpCost": 10.210000038146973,
    "Metrics/EpLen": 1000,
    "Metrics/EpRet": 3.0167479515075684,
    "Metrics/LagrangeMultiplier": 2.4395461082458496,
    "Metrics/LagrangeMultiplier/Max": 2.4395461082458496,
    "Metrics/LagrangeMultiplier/Min": 2.4395461082458496,
    "Metrics/LagrangeMultiplier/Std": 0,
    "Misc/AcceptanceStep": 1,
    "Misc/Alpha": 1.1758509874343872,
    "Misc/FinalStepNorm": 0.3322683870792389,
    "Misc/H_inv_g": 0.28257694840431213,
    "Misc/gradient_norm": 0.08657452464103699,
    "Misc/xHx": 0.01446522120386362,
    "Safety/EpCostShield": 27.25,
    "Safety/ShieldLagrangeMultiplier": 2.5301969051361084,
    "Safety/ShieldLagrangeMultiplier/Max": 2.5301969051361084,
    "Safety/ShieldLagrangeMultiplier/Min": 2.5301969051361084,
    "Safety/ShieldLagrangeMultiplier/Std": 0,
    "Safety/shield_adv_c": -0.09144556522369383,
    "Safety/shield_violation": 2.5601937770843506,
    "Time/Epoch": 119.30553436279295,
    "Time/FPS": 167.63682556152344,
    "Time/Rollout": 97.49879455566406,
    "Time/Total": 12033.7255859375,
    "Time/Update": 21.806718826293945,
    "TotalEnvSteps": 2000000,
    "Train/Entropy": 2.01821231842041,
    "Train/Epoch": 99,
    "Train/KL": 0.0002356295590288937,
    "Train/LR": 0,
    "Train/PolicyRatio": 1.0008951425552368,
    "Train/PolicyRatio/Max": 1.0008952617645264,
    "Train/PolicyRatio/Min": 1.0008952617645264,
    "Train/PolicyRatio/Std": 0.0006329332827590406,
    "Train/PolicyStd": 1.824399471282959,
    "Train/StopIter": 10,
    "Value/Adv": 0,
    "Value/cost": 0.928886353969574,
    "Value/reward": 0.4419882893562317,
    "_runtime": 12035.01521647,
    "_step": 100,
    "_timestamp": 1746922043.0530274,
    "_wandb": {
        "runtime": 12035
    }
}