{
    "Loss/Loss_cost_critic": 1.5145882368087769,
    "Loss/Loss_cost_critic/Delta": 0.10040104389190674,
    "Loss/Loss_pi": -0.02210387773811817,
    "Loss/Loss_pi/Delta": 0.006223371252417564,
    "Loss/Loss_reward_critic": 0.05840892344713211,
    "Loss/Loss_reward_critic/Delta": 0.001184556633234024,
    "Metrics/EpCost": 39.66999816894531,
    "Metrics/EpLen": 1000,
    "Metrics/EpRet": 11.6317138671875,
    "Metrics/LagrangeMultiplier": 3.394482374191284,
    "Metrics/LagrangeMultiplier/Max": 3.394482374191284,
    "Metrics/LagrangeMultiplier/Min": 3.394482374191284,
    "Metrics/LagrangeMultiplier/Std": 0,
    "Time/Epoch": 241.92884826660156,
    "Time/FPS": 82.66893005371094,
    "Time/Rollout": 103.75016784667967,
    "Time/Total": 20671.876953125,
    "Time/Update": 138.17855834960938,
    "TotalEnvSteps": 2000000,
    "Train/Entropy": 0.46499988436698914,
    "Train/Epoch": 99,
    "Train/KL": 0.004053253680467606,
    "Train/LR": 0,
    "Train/PolicyRatio": 0.9995969533920288,
    "Train/PolicyRatio/Max": 0.9995969533920288,
    "Train/PolicyRatio/Min": 0.9995969533920288,
    "Train/PolicyRatio/Std": 0.006850714795291424,
    "Train/PolicyStd": 0.3853950500488281,
    "Train/StopIter": 40,
    "Value/Adv": -0.051885850727558136,
    "Value/cost": 5.9801225662231445,
    "Value/reward": 1.524575114250183,
    "_runtime": 20673.168195115,
    "_step": 100,
    "_timestamp": 1743341768.7409022,
    "_wandb": {
        "runtime": 20673
    }
}