{
    "Loss/Loss_cost_critic": 3.126620292663574,
    "Loss/Loss_cost_critic/Delta": -1.728227138519287,
    "Loss/Loss_pi": -0.36478886008262634,
    "Loss/Loss_pi/Delta": -0.1604422628879547,
    "Loss/Loss_reward_critic": 0.03283705934882164,
    "Loss/Loss_reward_critic/Delta": 0.001715194433927536,
    "Metrics/EpCost": 9.279999732971191,
    "Metrics/EpLen": 1000,
    "Metrics/EpRet": 8.339138984680176,
    "Metrics/LagrangeMultiplier": 2.932560682296753,
    "Metrics/LagrangeMultiplier/Max": 2.932560682296753,
    "Metrics/LagrangeMultiplier/Min": 2.932560682296753,
    "Metrics/LagrangeMultiplier/Std": 0,
    "Safety/EpCostShield": 14.600000381469728,
    "Safety/ShieldLagrangeMultiplier": 2.8419811725616455,
    "Safety/ShieldLagrangeMultiplier/Max": 2.8419811725616455,
    "Safety/ShieldLagrangeMultiplier/Min": 2.8419811725616455,
    "Safety/ShieldLagrangeMultiplier/Std": 0,
    "Safety/shield_adv_c": "NaN",
    "Safety/shield_violation": 3.698456287384033,
    "Time/Epoch": 233.5204620361328,
    "Time/FPS": 85.64559936523438,
    "Time/Rollout": 86.54412078857422,
    "Time/Total": 23821.421875,
    "Time/Update": 146.97621154785156,
    "TotalEnvSteps": 2000000,
    "Train/Entropy": 0.7710900902748108,
    "Train/Epoch": 99,
    "Train/KL": 0.0024402248673141003,
    "Train/LR": 0,
    "Train/PolicyRatio": 1.001723289489746,
    "Train/PolicyRatio/Max": 1.001723289489746,
    "Train/PolicyRatio/Min": 1.001723289489746,
    "Train/PolicyRatio/Std": 0.005200262181460857,
    "Train/PolicyStd": 0.5281583070755005,
    "Train/StopIter": 40,
    "Value/Adv": -0.14946848154067993,
    "Value/cost": 1.5155221223831177,
    "Value/reward": 1.0133551359176636,
    "_runtime": 23823.143656525,
    "_step": 100,
    "_timestamp": 1746922632.9484434,
    "_wandb": {
        "runtime": 23823
    }
}