{
    "Loss/Loss_cost_critic": 1.4571337699890137,
    "Loss/Loss_cost_critic/Delta": 0.46151912212371826,
    "Loss/Loss_pi": -0.0160378310829401,
    "Loss/Loss_pi/Delta": -0.005107632838189602,
    "Loss/Loss_reward_critic": 0.04946180805563927,
    "Loss/Loss_reward_critic/Delta": 0.005584459751844406,
    "Metrics/EpCost": 21.59000015258789,
    "Metrics/EpLen": 1000,
    "Metrics/EpRet": 15.349631309509276,
    "Metrics/LagrangeMultiplier": 3.1103506088256836,
    "Metrics/LagrangeMultiplier/Max": 3.1103506088256836,
    "Metrics/LagrangeMultiplier/Min": 3.1103506088256836,
    "Metrics/LagrangeMultiplier/Std": 0,
    "Misc/AcceptanceStep": 1,
    "Misc/Alpha": 0.7955856919288635,
    "Misc/FinalStepNorm": 0.2472040355205536,
    "Misc/H_inv_g": 0.3107195496559143,
    "Misc/gradient_norm": 0.3253699839115143,
    "Misc/xHx": 0.03159773349761963,
    "Time/Epoch": 97.3750228881836,
    "Time/FPS": 205.3914794921875,
    "Time/Rollout": 86.1561279296875,
    "Time/Total": 9712.0439453125,
    "Time/Update": 11.218867301940918,
    "TotalEnvSteps": 2000000,
    "Train/Entropy": 1.043127417564392,
    "Train/Epoch": 99,
    "Train/KL": 0.0003868007333949208,
    "Train/LR": 0,
    "Train/PolicyRatio": 0.9984726905822754,
    "Train/PolicyRatio/Max": 0.9984726905822754,
    "Train/PolicyRatio/Min": 0.9984726905822754,
    "Train/PolicyRatio/Std": 0.0010799708543345332,
    "Train/PolicyStd": 0.6867642402648926,
    "Train/StopIter": 10,
    "Value/Adv": 3.814697002724188e-09,
    "Value/cost": 3.270704984664917,
    "Value/reward": 1.4654556512832642,
    "_runtime": 9714.118051277,
    "_step": 100,
    "_timestamp": 1743315644.279507,
    "_wandb": {
        "runtime": 9714
    }
}