{
    "Loss/Loss_cost_critic": 4.917999744415283,
    "Loss/Loss_cost_critic/Delta": -1.9685635566711424,
    "Loss/Loss_pi": -0.19490791857242584,
    "Loss/Loss_pi/Delta": -0.12531354278326037,
    "Loss/Loss_reward_critic": 0.0437510684132576,
    "Loss/Loss_reward_critic/Delta": -0.008996382355690002,
    "Metrics/EpCost": 21.8799991607666,
    "Metrics/EpLen": 1000,
    "Metrics/EpRet": 9.340983390808104,
    "Metrics/LagrangeMultiplier": 3.421581506729126,
    "Metrics/LagrangeMultiplier/Max": 3.421581506729126,
    "Metrics/LagrangeMultiplier/Min": 3.421581506729126,
    "Metrics/LagrangeMultiplier/Std": 0,
    "Safety/EpCostShield": 39.79999923706055,
    "Safety/ShieldLagrangeMultiplier": 3.284874439239502,
    "Safety/ShieldLagrangeMultiplier/Max": 3.284874439239502,
    "Safety/ShieldLagrangeMultiplier/Min": 3.284874439239502,
    "Safety/ShieldLagrangeMultiplier/Std": 0,
    "Safety/shield_adv_c": "NaN",
    "Safety/shield_violation": 4.247460842132568,
    "Time/Epoch": 144.54100036621094,
    "Time/FPS": 138.36904907226562,
    "Time/Rollout": 67.9805908203125,
    "Time/Total": 13728.2001953125,
    "Time/Update": 76.56034851074219,
    "TotalEnvSteps": 2000000,
    "Train/Entropy": 0.5174346566200256,
    "Train/Epoch": 99,
    "Train/KL": 0.003368697362020612,
    "Train/LR": 0,
    "Train/PolicyRatio": 1.001280665397644,
    "Train/PolicyRatio/Max": 1.001280665397644,
    "Train/PolicyRatio/Min": 1.001280665397644,
    "Train/PolicyRatio/Std": 0.006200986448675394,
    "Train/PolicyStd": 0.4060218036174774,
    "Train/StopIter": 40,
    "Value/Adv": -0.007172092795372009,
    "Value/cost": 1.8207714557647705,
    "Value/reward": 1.0161832571029663,
    "_runtime": 13729.98160198,
    "_step": 100,
    "_timestamp": 1746922825.90686,
    "_wandb": {
        "runtime": 13729
    }
}