{
    "Loss/Loss_cost_critic": 2.391327381134033,
    "Loss/Loss_cost_critic/Delta": 0.3892505168914795,
    "Loss/Loss_pi": -0.01188517827540636,
    "Loss/Loss_pi/Delta": -0.001200508326292038,
    "Loss/Loss_reward_critic": 0.12830114364624023,
    "Loss/Loss_reward_critic/Delta": 0.014305666089057922,
    "Metrics/EpCost": 56.060001373291016,
    "Metrics/EpLen": 1000,
    "Metrics/EpRet": 27.220449447631836,
    "Metrics/LagrangeMultiplier": 0.32659462094306946,
    "Metrics/LagrangeMultiplier/Max": 0.32659462094306946,
    "Metrics/LagrangeMultiplier/Min": 0.32659462094306946,
    "Metrics/LagrangeMultiplier/Std": 0,
    "Misc/AcceptanceStep": 1,
    "Misc/Alpha": 1.1201419830322266,
    "Misc/FinalStepNorm": 0.20639938116073608,
    "Misc/H_inv_g": 0.18426181375980377,
    "Misc/gradient_norm": 0.31174254417419434,
    "Misc/xHx": 0.015939826145768166,
    "Time/Epoch": 91.82142639160156,
    "Time/FPS": 217.81407165527344,
    "Time/Rollout": 82.99505615234375,
    "Time/Total": 9256.611328125,
    "Time/Update": 8.826353073120117,
    "TotalEnvSteps": 2000000,
    "Train/Entropy": 0.8052050471305847,
    "Train/Epoch": 99,
    "Train/KL": 0.0004409230896271765,
    "Train/LR": 0,
    "Train/PolicyRatio": 1.0000327825546265,
    "Train/PolicyRatio/Max": 1.0000327825546265,
    "Train/PolicyRatio/Min": 1.0000327825546265,
    "Train/PolicyRatio/Std": 2.315270285180304e-05,
    "Train/PolicyStd": 0.5660906434059143,
    "Train/StopIter": 10,
    "Value/Adv": 5.340575981449547e-09,
    "Value/cost": 6.324928283691406,
    "Value/reward": 2.739107131958008,
    "_runtime": 9258.003041525,
    "_step": 100,
    "_timestamp": 1745004503.5314684,
    "_wandb": {
        "runtime": 9258
    }
}