{
    "Loss/Loss_cost_critic": 4.277334213256836,
    "Loss/Loss_cost_critic/Delta": -0.3104987144470215,
    "Loss/Loss_pi": -0.13281632959842682,
    "Loss/Loss_pi/Delta": 0.03986962139606476,
    "Loss/Loss_reward_critic": 0.027465710416436195,
    "Loss/Loss_reward_critic/Delta": -0.006222730502486229,
    "Metrics/EpCost": 19.8799991607666,
    "Metrics/EpLen": 1000,
    "Metrics/EpRet": 7.869685649871826,
    "Metrics/LagrangeMultiplier": 3.064967632293701,
    "Metrics/LagrangeMultiplier/Max": 3.064967632293701,
    "Metrics/LagrangeMultiplier/Min": 3.064967632293701,
    "Metrics/LagrangeMultiplier/Std": 0,
    "Safety/EpCostShield": 45.900001525878906,
    "Safety/ShieldLagrangeMultiplier": 2.970461845397949,
    "Safety/ShieldLagrangeMultiplier/Max": 2.970461845397949,
    "Safety/ShieldLagrangeMultiplier/Min": 2.970461845397949,
    "Safety/ShieldLagrangeMultiplier/Std": 0,
    "Safety/shield_adv_c": "NaN",
    "Safety/shield_violation": 4.203996658325195,
    "Time/Epoch": 149.64910888671875,
    "Time/FPS": 133.64596557617188,
    "Time/Rollout": 65.05448150634766,
    "Time/Total": 14020.9638671875,
    "Time/Update": 84.59456634521484,
    "TotalEnvSteps": 2000000,
    "Train/Entropy": 0.4702629745006562,
    "Train/Epoch": 99,
    "Train/KL": 0.003513127099722624,
    "Train/LR": 0,
    "Train/PolicyRatio": 1.001794934272766,
    "Train/PolicyRatio/Max": 1.001794934272766,
    "Train/PolicyRatio/Min": 1.001794934272766,
    "Train/PolicyRatio/Std": 0.006531020626425743,
    "Train/PolicyStd": 0.3977559208869934,
    "Train/StopIter": 40,
    "Value/Adv": 0.26470261812210083,
    "Value/cost": 1.9143917560577393,
    "Value/reward": 0.9977947473526,
    "_runtime": 14022.522457942,
    "_step": 100,
    "_timestamp": 1746534834.4361987,
    "_wandb": {
        "runtime": 14022
    }
}