{
    "Loss/Loss_cost_critic": 4.191412925720215,
    "Loss/Loss_cost_critic/Delta": 0.4403195381164551,
    "Loss/Loss_pi": -0.2509533166885376,
    "Loss/Loss_pi/Delta": -0.11311928927898408,
    "Loss/Loss_reward_critic": 0.006272146478295326,
    "Loss/Loss_reward_critic/Delta": 0.0012735645286738873,
    "Metrics/EpCost": 20.3700008392334,
    "Metrics/EpLen": 1000,
    "Metrics/EpRet": 0.16841724514961243,
    "Metrics/LagrangeMultiplier": 2.9435739517211914,
    "Metrics/LagrangeMultiplier/Max": 2.9435739517211914,
    "Metrics/LagrangeMultiplier/Min": 2.9435739517211914,
    "Metrics/LagrangeMultiplier/Std": 0,
    "Safety/EpCostShield": 32.349998474121094,
    "Safety/ShieldLagrangeMultiplier": 3.0342328548431396,
    "Safety/ShieldLagrangeMultiplier/Max": 3.0342328548431396,
    "Safety/ShieldLagrangeMultiplier/Min": 3.0342328548431396,
    "Safety/ShieldLagrangeMultiplier/Std": 0,
    "Safety/shield_adv_c": "NaN",
    "Safety/shield_violation": 4.780314922332764,
    "Time/Epoch": 169.45899963378906,
    "Time/FPS": 118.02265167236328,
    "Time/Rollout": 66.86959838867188,
    "Time/Total": 16922.919921875,
    "Time/Update": 102.58935546875,
    "TotalEnvSteps": 2000000,
    "Train/Entropy": 0.4347718358039856,
    "Train/Epoch": 99,
    "Train/KL": 0.0030582998879253864,
    "Train/LR": 0,
    "Train/PolicyRatio": 1.0007774829864502,
    "Train/PolicyRatio/Max": 1.0007774829864502,
    "Train/PolicyRatio/Min": 1.0007774829864502,
    "Train/PolicyRatio/Std": 0.006081282626837492,
    "Train/PolicyStd": 0.37378665804862976,
    "Train/StopIter": 40,
    "Value/Adv": 0.10481131821870804,
    "Value/cost": 2.1158287525177,
    "Value/reward": 0.05795759707689285,
    "_runtime": 16924.773960913,
    "_step": 100,
    "_timestamp": 1746610440.796555,
    "_wandb": {
        "runtime": 16924
    }
}