{
    "Loss/Loss_cost_critic": 5.874083995819092,
    "Loss/Loss_cost_critic/Delta": 0.99505615234375,
    "Loss/Loss_pi": -0.06453244388103485,
    "Loss/Loss_pi/Delta": 0.3066313713788986,
    "Loss/Loss_reward_critic": 0.036830369383096695,
    "Loss/Loss_reward_critic/Delta": 0.0049041397869586945,
    "Metrics/EpCost": 22.829999923706055,
    "Metrics/EpLen": 1000,
    "Metrics/EpRet": 7.303043365478516,
    "Metrics/LagrangeMultiplier": 3.142567873001098,
    "Metrics/LagrangeMultiplier/Max": 3.142567873001098,
    "Metrics/LagrangeMultiplier/Min": 3.142567873001098,
    "Metrics/LagrangeMultiplier/Std": 0,
    "Safety/EpCostShield": 53.599998474121094,
    "Safety/ShieldLagrangeMultiplier": 2.9783990383148193,
    "Safety/ShieldLagrangeMultiplier/Max": 2.9783990383148193,
    "Safety/ShieldLagrangeMultiplier/Min": 2.9783990383148193,
    "Safety/ShieldLagrangeMultiplier/Std": 0,
    "Safety/shield_adv_c": "NaN",
    "Safety/shield_violation": 4.009062767028809,
    "Time/Epoch": 248.9614715576172,
    "Time/FPS": 80.3337173461914,
    "Time/Rollout": 100.7203140258789,
    "Time/Total": 23183.078125,
    "Time/Update": 148.24105834960938,
    "TotalEnvSteps": 2000000,
    "Train/Entropy": 0.6258378028869629,
    "Train/Epoch": 99,
    "Train/KL": 0.003860197262838483,
    "Train/LR": 0,
    "Train/PolicyRatio": 0.9997246861457824,
    "Train/PolicyRatio/Max": 0.9997246861457824,
    "Train/PolicyRatio/Min": 0.9997246861457824,
    "Train/PolicyRatio/Std": 0.006625148933380842,
    "Train/PolicyStd": 0.4540749788284302,
    "Train/StopIter": 40,
    "Value/Adv": -0.06490114331245422,
    "Value/cost": 2.0211942195892334,
    "Value/reward": 0.7232570052146912,
    "_runtime": 23185.298848386,
    "_step": 100,
    "_timestamp": 1746544503.4346452,
    "_wandb": {
        "runtime": 23185
    }
}