{
    "Loss/Loss_cost_critic": 4.152129650115967,
    "Loss/Loss_cost_critic/Delta": 0.354400634765625,
    "Loss/Loss_pi": -0.06749679893255234,
    "Loss/Loss_pi/Delta": 0.1369016095995903,
    "Loss/Loss_reward_critic": 0.04124750569462776,
    "Loss/Loss_reward_critic/Delta": -0.008821014314889908,
    "Metrics/EpCost": 9.6899995803833,
    "Metrics/EpLen": 1000,
    "Metrics/EpRet": 2.798170804977417,
    "Metrics/LagrangeMultiplier": 2.6573193073272705,
    "Metrics/LagrangeMultiplier/Max": 2.6573193073272705,
    "Metrics/LagrangeMultiplier/Min": 2.6573193073272705,
    "Metrics/LagrangeMultiplier/Std": 0,
    "Misc/AcceptanceStep": 1,
    "Misc/Alpha": 0.6270509958267212,
    "Misc/FinalStepNorm": 0.27059563994407654,
    "Misc/H_inv_g": 0.4315368831157684,
    "Misc/gradient_norm": 0.4111809432506562,
    "Misc/xHx": 0.050865598022937775,
    "Safety/EpCostShield": 43.95000076293945,
    "Safety/ShieldLagrangeMultiplier": 2.766188621520996,
    "Safety/ShieldLagrangeMultiplier/Max": 2.766188621520996,
    "Safety/ShieldLagrangeMultiplier/Min": 2.766188621520996,
    "Safety/ShieldLagrangeMultiplier/Std": 0,
    "Safety/shield_adv_c": 1.2762778997421265,
    "Safety/shield_violation": 4.377131462097168,
    "Time/Epoch": 135.94918823242188,
    "Time/FPS": 147.11378479003906,
    "Time/Rollout": 113.22193908691406,
    "Time/Total": 13862.646484375,
    "Time/Update": 22.727224349975582,
    "TotalEnvSteps": 2000000,
    "Train/Entropy": 1.2181848287582395,
    "Train/Epoch": 99,
    "Train/KL": 0.0003749906027223915,
    "Train/LR": 0,
    "Train/PolicyRatio": 1.0009101629257202,
    "Train/PolicyRatio/Max": 1.0009101629257202,
    "Train/PolicyRatio/Min": 1.0009101629257202,
    "Train/PolicyRatio/Std": 0.0006434980896301568,
    "Train/PolicyStd": 0.8424484133720398,
    "Train/StopIter": 10,
    "Value/Adv": 9.155272984173736e-09,
    "Value/cost": 1.093522310256958,
    "Value/reward": 0.34569233655929565,
    "_runtime": 13864.475500942,
    "_step": 100,
    "_timestamp": 1746559788.6019957,
    "_wandb": {
        "runtime": 13864
    }
}