{
    "Loss/Loss_cost_critic": 2.061070203781128,
    "Loss/Loss_cost_critic/Delta": 0.5552951097488403,
    "Loss/Loss_pi": -0.1933789700269699,
    "Loss/Loss_pi/Delta": 0.09438075125217438,
    "Loss/Loss_reward_critic": 0.005349223501980305,
    "Loss/Loss_reward_critic/Delta": -0.0013559828512370586,
    "Metrics/EpCost": 8.010000228881836,
    "Metrics/EpLen": 1000,
    "Metrics/EpRet": -0.0940352901816368,
    "Metrics/LagrangeMultiplier": 3.0430679321289062,
    "Metrics/LagrangeMultiplier/Max": 3.0430679321289062,
    "Metrics/LagrangeMultiplier/Min": 3.0430679321289062,
    "Metrics/LagrangeMultiplier/Std": 0,
    "Safety/EpCostShield": 21.5,
    "Safety/ShieldLagrangeMultiplier": 3.03773832321167,
    "Safety/ShieldLagrangeMultiplier/Max": 3.03773832321167,
    "Safety/ShieldLagrangeMultiplier/Min": 3.03773832321167,
    "Safety/ShieldLagrangeMultiplier/Std": 0,
    "Safety/shield_adv_c": "NaN",
    "Safety/shield_violation": 3.3102593421936035,
    "Time/Epoch": 213.2693023681641,
    "Time/FPS": 93.77814483642578,
    "Time/Rollout": 81.91312408447266,
    "Time/Total": 21167.638671875,
    "Time/Update": 131.3561248779297,
    "TotalEnvSteps": 2000000,
    "Train/Entropy": 0.19568471610546112,
    "Train/Epoch": 99,
    "Train/KL": 0.003452409291639924,
    "Train/LR": 0,
    "Train/PolicyRatio": 1.000798225402832,
    "Train/PolicyRatio/Max": 1.0007983446121216,
    "Train/PolicyRatio/Min": 1.0007983446121216,
    "Train/PolicyRatio/Std": 0.0062600900419056416,
    "Train/PolicyStd": 0.2951304614543915,
    "Train/StopIter": 40,
    "Value/Adv": -0.17769233882427216,
    "Value/cost": 1.6179397106170654,
    "Value/reward": -0.012515014968812466,
    "_runtime": 21168.891456682,
    "_step": 100,
    "_timestamp": 1746614596.6003504,
    "_wandb": {
        "runtime": 21168
    }
}