{
    "Loss/Loss_cost_critic": 4.888233184814453,
    "Loss/Loss_cost_critic/Delta": -2.2532663345336914,
    "Loss/Loss_pi": -0.18489837646484375,
    "Loss/Loss_pi/Delta": -0.4640747606754303,
    "Loss/Loss_reward_critic": 0.05658650025725365,
    "Loss/Loss_reward_critic/Delta": 0.02829766273498535,
    "Metrics/EpCost": 15.130000114440918,
    "Metrics/EpLen": 1000,
    "Metrics/EpRet": 3.61025333404541,
    "Metrics/LagrangeMultiplier": 2.3603570461273193,
    "Metrics/LagrangeMultiplier/Max": 2.3603570461273193,
    "Metrics/LagrangeMultiplier/Min": 2.3603570461273193,
    "Metrics/LagrangeMultiplier/Std": 0,
    "Misc/AcceptanceStep": 1,
    "Misc/Alpha": 0.4117008149623871,
    "Misc/FinalStepNorm": 0.2614387273788452,
    "Misc/H_inv_g": 0.6350211501121521,
    "Misc/gradient_norm": 0.5059703588485718,
    "Misc/xHx": 0.11799578368663788,
    "Safety/EpCostShield": 28.850000381469727,
    "Safety/ShieldLagrangeMultiplier": 2.3727753162384033,
    "Safety/ShieldLagrangeMultiplier/Max": 2.3727753162384033,
    "Safety/ShieldLagrangeMultiplier/Min": 2.3727753162384033,
    "Safety/ShieldLagrangeMultiplier/Std": 0,
    "Safety/shield_adv_c": -0.08124923706054688,
    "Safety/shield_violation": 3.8620686531066895,
    "Time/Epoch": 105.33787536621094,
    "Time/FPS": 189.86521911621097,
    "Time/Rollout": 88.11479187011719,
    "Time/Total": 10644.3671875,
    "Time/Update": 17.22306251525879,
    "TotalEnvSteps": 2000000,
    "Train/Entropy": 1.1841139793395996,
    "Train/Epoch": 99,
    "Train/KL": 0.00035724579356610775,
    "Train/LR": 0,
    "Train/PolicyRatio": 0.9999337196350098,
    "Train/PolicyRatio/Max": 0.9999337196350098,
    "Train/PolicyRatio/Min": 0.9999337196350098,
    "Train/PolicyRatio/Std": 4.6867295168340206e-05,
    "Train/PolicyStd": 0.7930355072021484,
    "Train/StopIter": 10,
    "Value/Adv": -3.8146971692576415e-10,
    "Value/cost": 1.450320839881897,
    "Value/reward": 0.503117561340332,
    "_runtime": 10646.031307963,
    "_step": 100,
    "_timestamp": 1746632669.4594982,
    "_wandb": {
        "runtime": 10646
    }
}