{
    "Loss/Loss_cost_critic": 5.941198348999023,
    "Loss/Loss_cost_critic/Delta": 1.749225616455078,
    "Loss/Loss_pi": -0.23302187025547028,
    "Loss/Loss_pi/Delta": 0.23154829442501068,
    "Loss/Loss_reward_critic": 0.0027628461830317974,
    "Loss/Loss_reward_critic/Delta": -0.00035076262429356575,
    "Metrics/EpCost": 13.5,
    "Metrics/EpLen": 1000,
    "Metrics/EpRet": 0.17365767061710358,
    "Metrics/LagrangeMultiplier": 2.9524285793304443,
    "Metrics/LagrangeMultiplier/Max": 2.9524285793304443,
    "Metrics/LagrangeMultiplier/Min": 2.9524285793304443,
    "Metrics/LagrangeMultiplier/Std": 0,
    "Misc/AcceptanceStep": 1,
    "Misc/Alpha": 1.150349497795105,
    "Misc/FinalStepNorm": 0.33104026317596436,
    "Misc/H_inv_g": 0.28777360916137695,
    "Misc/gradient_norm": 0.09445080161094666,
    "Misc/xHx": 0.015113674104213716,
    "Safety/EpCostShield": 40.45000076293945,
    "Safety/ShieldLagrangeMultiplier": 2.8000411987304688,
    "Safety/ShieldLagrangeMultiplier/Max": 2.8000411987304688,
    "Safety/ShieldLagrangeMultiplier/Min": 2.8000411987304688,
    "Safety/ShieldLagrangeMultiplier/Std": 0,
    "Safety/shield_adv_c": 0.4613454043865204,
    "Safety/shield_violation": 3.883720397949219,
    "Time/Epoch": 107.58953857421876,
    "Time/FPS": 185.8916778564453,
    "Time/Rollout": 90.5593719482422,
    "Time/Total": 10722.0458984375,
    "Time/Update": 17.0301456451416,
    "TotalEnvSteps": 2000000,
    "Train/Entropy": 2.341642379760742,
    "Train/Epoch": 99,
    "Train/KL": 0.00025434716371819377,
    "Train/LR": 0,
    "Train/PolicyRatio": 0.9998223781585692,
    "Train/PolicyRatio/Max": 0.9998223781585692,
    "Train/PolicyRatio/Min": 0.9998223781585692,
    "Train/PolicyRatio/Std": 0.00012559760943986475,
    "Train/PolicyStd": 2.5742275714874268,
    "Train/StopIter": 10,
    "Value/Adv": -7.629394338515282e-10,
    "Value/cost": 1.3864346742630005,
    "Value/reward": 0.045796193182468414,
    "_runtime": 10722.976601799,
    "_step": 100,
    "_timestamp": 1746507105.8250303,
    "_wandb": {
        "runtime": 10722
    }
}