{
    "Loss/Loss_cost_critic": 2.6125741004943848,
    "Loss/Loss_cost_critic/Delta": 0.9962562322616576,
    "Loss/Loss_pi": -0.10866576433181764,
    "Loss/Loss_pi/Delta": 0.2006949484348297,
    "Loss/Loss_reward_critic": 0.0055823917500674725,
    "Loss/Loss_reward_critic/Delta": 0.0005239122547209263,
    "Metrics/EpCost": 5.179999828338623,
    "Metrics/EpLen": 1000,
    "Metrics/EpRet": -0.07373522967100143,
    "Metrics/LagrangeMultiplier": 2.419111490249634,
    "Metrics/LagrangeMultiplier/Max": 2.419111490249634,
    "Metrics/LagrangeMultiplier/Min": 2.419111490249634,
    "Metrics/LagrangeMultiplier/Std": 0,
    "Misc/AcceptanceStep": 1,
    "Misc/Alpha": 1.0346719026565552,
    "Misc/FinalStepNorm": 0.31614235043525696,
    "Misc/H_inv_g": 0.30554836988449097,
    "Misc/gradient_norm": 0.21077761054039,
    "Misc/xHx": 0.018682045862078667,
    "Safety/EpCostShield": 19.75,
    "Safety/ShieldLagrangeMultiplier": 2.3862714767456055,
    "Safety/ShieldLagrangeMultiplier/Max": 2.3862714767456055,
    "Safety/ShieldLagrangeMultiplier/Min": 2.3862714767456055,
    "Safety/ShieldLagrangeMultiplier/Std": 0,
    "Safety/shield_adv_c": -0.33011066913604736,
    "Safety/shield_violation": 2.4963364601135254,
    "Time/Epoch": 107.67943572998048,
    "Time/FPS": 185.73648071289065,
    "Time/Rollout": 88.09696197509766,
    "Time/Total": 10770.669921875,
    "Time/Update": 19.58245277404785,
    "TotalEnvSteps": 2000000,
    "Train/Entropy": 1.4842599630355835,
    "Train/Epoch": 99,
    "Train/KL": 0.00031341883004643023,
    "Train/LR": 0,
    "Train/PolicyRatio": 0.9990748763084412,
    "Train/PolicyRatio/Max": 0.9990748763084412,
    "Train/PolicyRatio/Min": 0.9990748763084412,
    "Train/PolicyRatio/Std": 0.0006541752954944968,
    "Train/PolicyStd": 1.0692131519317627,
    "Train/StopIter": 10,
    "Value/Adv": -3.814697002724188e-09,
    "Value/cost": 0.699409544467926,
    "Value/reward": -0.004890122450888157,
    "_runtime": 10772.151763354,
    "_step": 100,
    "_timestamp": 1746548698.382011,
    "_wandb": {
        "runtime": 10772
    }
}