{
    "Loss/Loss_cost_critic": 3.66357421875,
    "Loss/Loss_cost_critic/Delta": 0.3646981716156006,
    "Loss/Loss_pi": 0.10291767120361328,
    "Loss/Loss_pi/Delta": -0.018537431955337524,
    "Loss/Loss_reward_critic": 0.09837867319583891,
    "Loss/Loss_reward_critic/Delta": 0.02426864951848984,
    "Metrics/EpCost": 2.2100000381469727,
    "Metrics/EpLen": 500,
    "Metrics/EpRet": 11.805092811584473,
    "Metrics/LagrangeMultiplier": 0.953540563583374,
    "Metrics/LagrangeMultiplier/Max": 0.953540563583374,
    "Metrics/LagrangeMultiplier/Min": 0.953540563583374,
    "Metrics/LagrangeMultiplier/Std": 0,
    "Safety/EpCostShield": 10.725000381469728,
    "Safety/ShieldLagrangeMultiplier": 1.1793073415756226,
    "Safety/ShieldLagrangeMultiplier/Max": 1.1793073415756226,
    "Safety/ShieldLagrangeMultiplier/Min": 1.1793073415756226,
    "Safety/ShieldLagrangeMultiplier/Std": 0,
    "Safety/shield_adv_c": "NaN",
    "Safety/shield_violation": 0.4740271866321564,
    "Time/Epoch": 196.6539764404297,
    "Time/FPS": 101.70147705078124,
    "Time/Rollout": 103.76612091064452,
    "Time/Total": 18677.578125,
    "Time/Update": 92.88780975341795,
    "TotalEnvSteps": 2000000,
    "Train/Entropy": 0.49861904978752136,
    "Train/Epoch": 99,
    "Train/KL": 0.004148119129240513,
    "Train/LR": 0,
    "Train/PolicyRatio": 0.9990993142127992,
    "Train/PolicyRatio/Max": 0.9990993142127992,
    "Train/PolicyRatio/Min": 0.9990993142127992,
    "Train/PolicyRatio/Std": 0.007550606969743967,
    "Train/PolicyStd": 0.4024849534034729,
    "Train/StopIter": 40,
    "Value/Adv": -0.12777721881866455,
    "Value/cost": 0.15499606728553772,
    "Value/reward": 2.300161838531494,
    "_runtime": 18678.965567569,
    "_step": 100,
    "_timestamp": 1746592221.1466508,
    "_wandb": {
        "runtime": 18678
    }
}