{
    "Loss/Loss_cost_critic": 1.5458589792251587,
    "Loss/Loss_cost_critic/Delta": -0.7349551916122437,
    "Loss/Loss_pi": -0.043478384613990784,
    "Loss/Loss_pi/Delta": -0.04525961936451495,
    "Loss/Loss_reward_critic": 0.009223418310284616,
    "Loss/Loss_reward_critic/Delta": -8.466746658086777e-05,
    "Metrics/EpCost": 5.880000114440918,
    "Metrics/EpLen": 1000,
    "Metrics/EpRet": -0.37623023986816406,
    "Metrics/LagrangeMultiplier": 3.058373212814331,
    "Metrics/LagrangeMultiplier/Max": 3.058373212814331,
    "Metrics/LagrangeMultiplier/Min": 3.058373212814331,
    "Metrics/LagrangeMultiplier/Std": 0,
    "Safety/EpCostShield": 10.699999809265137,
    "Safety/ShieldLagrangeMultiplier": 2.6714303493499756,
    "Safety/ShieldLagrangeMultiplier/Max": 2.6714303493499756,
    "Safety/ShieldLagrangeMultiplier/Min": 2.6714303493499756,
    "Safety/ShieldLagrangeMultiplier/Std": 0,
    "Safety/shield_adv_c": "NaN",
    "Safety/shield_violation": 1.3349542617797852,
    "Time/Epoch": 248.4366455078125,
    "Time/FPS": 80.50342559814453,
    "Time/Rollout": 104.81454467773438,
    "Time/Total": 22024.552734375,
    "Time/Update": 143.62200927734375,
    "TotalEnvSteps": 2000000,
    "Train/Entropy": 0.5230575799942017,
    "Train/Epoch": 99,
    "Train/KL": 0.003839540062472224,
    "Train/LR": 0,
    "Train/PolicyRatio": 1.0005162954330444,
    "Train/PolicyRatio/Max": 1.000516414642334,
    "Train/PolicyRatio/Min": 1.000516414642334,
    "Train/PolicyRatio/Std": 0.006471124477684498,
    "Train/PolicyStd": 0.4086908996105194,
    "Train/StopIter": 40,
    "Value/Adv": -0.16327881813049316,
    "Value/cost": 0.3902422189712525,
    "Value/reward": -0.0627579614520073,
    "_runtime": 22026.152642753,
    "_step": 100,
    "_timestamp": 1746638973.2636914,
    "_wandb": {
        "runtime": 22026
    }
}