{
    "Loss/Loss_cost_critic": 7.495767593383789,
    "Loss/Loss_cost_critic/Delta": 1.7010421752929688,
    "Loss/Loss_pi": 0.2303607016801834,
    "Loss/Loss_pi/Delta": 0.12029671669006348,
    "Loss/Loss_reward_critic": 0.04194241762161255,
    "Loss/Loss_reward_critic/Delta": -0.005370538681745529,
    "Metrics/EpCost": 35.45000076293945,
    "Metrics/EpLen": 1000,
    "Metrics/EpRet": 5.943012237548828,
    "Metrics/LagrangeMultiplier": 3.0967183113098145,
    "Metrics/LagrangeMultiplier/Max": 3.0967183113098145,
    "Metrics/LagrangeMultiplier/Min": 3.0967183113098145,
    "Metrics/LagrangeMultiplier/Std": 0,
    "Safety/EpCostShield": 113.3000030517578,
    "Safety/ShieldLagrangeMultiplier": 3.0176150798797607,
    "Safety/ShieldLagrangeMultiplier/Max": 3.0176150798797607,
    "Safety/ShieldLagrangeMultiplier/Min": 3.0176150798797607,
    "Safety/ShieldLagrangeMultiplier/Std": 0,
    "Safety/shield_adv_c": "NaN",
    "Safety/shield_violation": 7.776496887207031,
    "Time/Epoch": 193.59469604492188,
    "Time/FPS": 103.3086166381836,
    "Time/Rollout": 88.37364959716797,
    "Time/Total": 16530.708984375,
    "Time/Update": 105.22100067138672,
    "TotalEnvSteps": 2000000,
    "Train/Entropy": 0.06158828362822533,
    "Train/Epoch": 99,
    "Train/KL": 0.004925491753965616,
    "Train/LR": 0,
    "Train/PolicyRatio": 0.9988781213760376,
    "Train/PolicyRatio/Max": 0.9988781213760376,
    "Train/PolicyRatio/Min": 0.9988781213760376,
    "Train/PolicyRatio/Std": 0.007577135693281889,
    "Train/PolicyStd": 0.25734296441078186,
    "Train/StopIter": 40,
    "Value/Adv": -0.14635750651359558,
    "Value/cost": 2.9792988300323486,
    "Value/reward": 0.8548224568367004,
    "_runtime": 16545.53976181,
    "_step": 100,
    "_timestamp": 1747266813.2612302,
    "_wandb": {
        "runtime": 16545
    }
}