{
    "Loss/Loss_cost_critic": 4.283082485198975,
    "Loss/Loss_cost_critic/Delta": 0.11011886596679688,
    "Loss/Loss_pi": -0.010468319058418274,
    "Loss/Loss_pi/Delta": 0.10679981857538225,
    "Loss/Loss_reward_critic": 0.03110094554722309,
    "Loss/Loss_reward_critic/Delta": -0.0003791283816099167,
    "Metrics/EpCost": 20.579999923706055,
    "Metrics/EpLen": 1000,
    "Metrics/EpRet": 3.636383056640625,
    "Metrics/LagrangeMultiplier": 2.7842931747436523,
    "Metrics/LagrangeMultiplier/Max": 2.7842931747436523,
    "Metrics/LagrangeMultiplier/Min": 2.7842931747436523,
    "Metrics/LagrangeMultiplier/Std": 0,
    "Safety/EpCostShield": 69.19999694824219,
    "Safety/ShieldLagrangeMultiplier": 2.7997570037841797,
    "Safety/ShieldLagrangeMultiplier/Max": 2.7997570037841797,
    "Safety/ShieldLagrangeMultiplier/Min": 2.7997570037841797,
    "Safety/ShieldLagrangeMultiplier/Std": 0,
    "Safety/shield_adv_c": "NaN",
    "Safety/shield_violation": 5.027041912078857,
    "Time/Epoch": 158.85862731933594,
    "Time/FPS": 125.89810943603516,
    "Time/Rollout": 77.83828735351562,
    "Time/Total": 14499.9326171875,
    "Time/Update": 81.0202865600586,
    "TotalEnvSteps": 2000000,
    "Train/Entropy": 0.40789058804512024,
    "Train/Epoch": 99,
    "Train/KL": 0.0040756212547421455,
    "Train/LR": 0,
    "Train/PolicyRatio": 1.0001890659332275,
    "Train/PolicyRatio/Max": 1.0001890659332275,
    "Train/PolicyRatio/Min": 1.0001890659332275,
    "Train/PolicyRatio/Std": 0.007045661099255085,
    "Train/PolicyStd": 0.379678338766098,
    "Train/StopIter": 40,
    "Value/Adv": 0.28249800205230713,
    "Value/cost": 2.203098773956299,
    "Value/reward": 0.5709843039512634,
    "_runtime": 14501.222911944,
    "_step": 100,
    "_timestamp": 1746542381.4130323,
    "_wandb": {
        "runtime": 14501
    }
}