{
    "Loss/Loss_cost_critic": 3.285723924636841,
    "Loss/Loss_cost_critic/Delta": -0.33704543113708496,
    "Loss/Loss_pi": -0.3218895196914673,
    "Loss/Loss_pi/Delta": -0.1582067757844925,
    "Loss/Loss_reward_critic": 0.020771268755197525,
    "Loss/Loss_reward_critic/Delta": -0.004818933084607124,
    "Metrics/EpCost": 5.96999979019165,
    "Metrics/EpLen": 1000,
    "Metrics/EpRet": 1.2139290571212769,
    "Metrics/LagrangeMultiplier": 1.835804343223572,
    "Metrics/LagrangeMultiplier/Max": 1.835804343223572,
    "Metrics/LagrangeMultiplier/Min": 1.835804343223572,
    "Metrics/LagrangeMultiplier/Std": 0,
    "Misc/AcceptanceStep": 1,
    "Misc/Alpha": 1.6085286140441897,
    "Misc/FinalStepNorm": 0.3415513038635254,
    "Misc/H_inv_g": 0.21233771741390228,
    "Misc/gradient_norm": 0.11190436780452728,
    "Misc/xHx": 0.007729864679276943,
    "Safety/EpCostShield": 20.700000762939453,
    "Safety/ShieldLagrangeMultiplier": 2.270252227783203,
    "Safety/ShieldLagrangeMultiplier/Max": 2.270252227783203,
    "Safety/ShieldLagrangeMultiplier/Min": 2.270252227783203,
    "Safety/ShieldLagrangeMultiplier/Std": 0,
    "Safety/shield_adv_c": 0.15319617092609406,
    "Safety/shield_violation": 3.0154731273651123,
    "Time/Epoch": 110.82858276367188,
    "Time/FPS": 180.4588623046875,
    "Time/Rollout": 87.492431640625,
    "Time/Total": 12340.083984375,
    "Time/Update": 23.336111068725582,
    "TotalEnvSteps": 2000000,
    "Train/Entropy": 2.2332839965820312,
    "Train/Epoch": 99,
    "Train/KL": 0.00021403166465461257,
    "Train/LR": 0,
    "Train/PolicyRatio": 1.0010675191879272,
    "Train/PolicyRatio/Max": 1.0010675191879272,
    "Train/PolicyRatio/Min": 1.0010675191879272,
    "Train/PolicyRatio/Std": 0.0007548781577497721,
    "Train/PolicyStd": 2.279152154922486,
    "Train/StopIter": 10,
    "Value/Adv": -9.918212917625624e-09,
    "Value/cost": 0.771986722946167,
    "Value/reward": 0.30576449632644653,
    "_runtime": 12341.882819073,
    "_step": 100,
    "_timestamp": 1746508752.9806046,
    "_wandb": {
        "runtime": 12341
    }
}