{
    "Loss/Loss_cost_critic": 0.266210675239563,
    "Loss/Loss_cost_critic/Delta": 0.04927252233028412,
    "Loss/Loss_pi": -0.000767493387684226,
    "Loss/Loss_pi/Delta": -0.002562354668043554,
    "Loss/Loss_reward_critic": 0.02082299441099167,
    "Loss/Loss_reward_critic/Delta": 0.0023469533771276474,
    "Metrics/EpCost": 2.9200000762939453,
    "Metrics/EpLen": 1000,
    "Metrics/EpRet": -10.287029266357422,
    "Misc/A": 0.028086364269256592,
    "Misc/AcceptanceStep": 1,
    "Misc/Alpha": 0.8414045572280884,
    "Misc/B": -2366.875732421875,
    "Misc/FinalStepNorm": 0.333112895488739,
    "Misc/H_inv_g": 0.19285181164741516,
    "Misc/Lambda_star": 0,
    "Misc/Nu_star": 2.3562517166137695,
    "Misc/OptimCase": 0,
    "Misc/cost_gradient_norm": 0.06230156496167183,
    "Misc/gradient_norm": 0.5601986646652222,
    "Misc/q": 0.028250109404325485,
    "Misc/r": 0.0007680305861867964,
    "Misc/s": 0.0036023457068949938,
    "Misc/xHx": 0.028250109404325485,
    "Time/Epoch": 330.6877136230469,
    "Time/FPS": 60.48002243041992,
    "Time/Rollout": 322.0434875488281,
    "Time/Total": 33157.1171875,
    "Time/Update": 8.644207000732422,
    "TotalEnvSteps": 2000000,
    "Train/Entropy": 1.277363419532776,
    "Train/Epoch": 99,
    "Train/KL": 0.00017841727822087705,
    "Train/LR": 0,
    "Train/PolicyRatio": 0.9996209740638732,
    "Train/PolicyRatio/Max": 0.999621033668518,
    "Train/PolicyRatio/Min": 0.999621033668518,
    "Train/PolicyRatio/Std": 0.00026799776242114604,
    "Train/PolicyStd": 0.9054064750671388,
    "Train/StopIter": 10,
    "Value/Adv": 2.6702879907247734e-09,
    "Value/cost": 0.46016064286231995,
    "Value/reward": -0.9756535291671752,
    "_runtime": 33159.381375095,
    "_step": 100,
    "_timestamp": 1743347314.894272,
    "_wandb": {
        "runtime": 33159
    }
}