{
    "Loss/Loss_cost_critic": 3.67883563041687,
    "Loss/Loss_cost_critic/Delta": 1.5739707946777344,
    "Loss/Loss_pi": 0.17937473952770233,
    "Loss/Loss_pi/Delta": 0.3508226126432419,
    "Loss/Loss_reward_critic": 0.008116877637803555,
    "Loss/Loss_reward_critic/Delta": -0.0010989652946591375,
    "Metrics/EpCost": 9.300000190734863,
    "Metrics/EpLen": 1000,
    "Metrics/EpRet": 0.2693534195423126,
    "Metrics/LagrangeMultiplier": 3.3505263328552246,
    "Metrics/LagrangeMultiplier/Max": 3.3505263328552246,
    "Metrics/LagrangeMultiplier/Min": 3.3505263328552246,
    "Metrics/LagrangeMultiplier/Std": 0,
    "Safety/EpCostShield": 73.30000305175781,
    "Safety/ShieldLagrangeMultiplier": 3.126574754714966,
    "Safety/ShieldLagrangeMultiplier/Max": 3.126574754714966,
    "Safety/ShieldLagrangeMultiplier/Min": 3.126574754714966,
    "Safety/ShieldLagrangeMultiplier/Std": 0,
    "Safety/shield_adv_c": "NaN",
    "Safety/shield_violation": 3.316873550415039,
    "Time/Epoch": 223.3576507568359,
    "Time/FPS": 89.54248809814453,
    "Time/Rollout": 113.3777847290039,
    "Time/Total": 20509.8359375,
    "Time/Update": 109.97981262207033,
    "TotalEnvSteps": 2000000,
    "Train/Entropy": 0.7083920836448669,
    "Train/Epoch": 99,
    "Train/KL": 0.003292881650850177,
    "Train/LR": 0,
    "Train/PolicyRatio": 1.000411868095398,
    "Train/PolicyRatio/Max": 1.000411868095398,
    "Train/PolicyRatio/Min": 1.000411868095398,
    "Train/PolicyRatio/Std": 0.006197561044245958,
    "Train/PolicyStd": 0.49928584694862366,
    "Train/StopIter": 40,
    "Value/Adv": 0.1669253706932068,
    "Value/cost": 1.2228713035583496,
    "Value/reward": 0.01962078921496868,
    "_runtime": 20511.788455908,
    "_step": 100,
    "_timestamp": 1746537787.26267,
    "_wandb": {
        "runtime": 20511
    }
}