{
    "Loss/Loss_cost_critic": 4.210848331451416,
    "Loss/Loss_cost_critic/Delta": 0.3783481121063232,
    "Loss/Loss_pi": -0.007805415894836187,
    "Loss/Loss_pi/Delta": 0.09748183796182276,
    "Loss/Loss_reward_critic": 0.04011628031730652,
    "Loss/Loss_reward_critic/Delta": -0.0024365372955799103,
    "Metrics/EpCost": 9.65999984741211,
    "Metrics/EpLen": 1000,
    "Metrics/EpRet": 8.732861518859863,
    "Metrics/LagrangeMultiplier": 2.655900716781616,
    "Metrics/LagrangeMultiplier/Max": 2.655900716781616,
    "Metrics/LagrangeMultiplier/Min": 2.655900716781616,
    "Metrics/LagrangeMultiplier/Std": 0,
    "Misc/AcceptanceStep": 1,
    "Misc/Alpha": 1.1002930402755735,
    "Misc/FinalStepNorm": 0.28711965680122375,
    "Misc/H_inv_g": 0.2609483301639557,
    "Misc/gradient_norm": 0.2170582264661789,
    "Misc/xHx": 0.01652011275291443,
    "Safety/EpCostShield": 30.850000381469727,
    "Safety/ShieldLagrangeMultiplier": 2.6141586303710938,
    "Safety/ShieldLagrangeMultiplier/Max": 2.6141586303710938,
    "Safety/ShieldLagrangeMultiplier/Min": 2.6141586303710938,
    "Safety/ShieldLagrangeMultiplier/Std": 0,
    "Safety/shield_adv_c": -0.334139347076416,
    "Safety/shield_violation": 2.5453367233276367,
    "Time/Epoch": 140.156982421875,
    "Time/FPS": 142.69712829589844,
    "Time/Rollout": 103.04808807373048,
    "Time/Total": 14681.662109375,
    "Time/Update": 37.10886764526367,
    "TotalEnvSteps": 2000000,
    "Train/Entropy": 1.3231271505355835,
    "Train/Epoch": 99,
    "Train/KL": 0.00032482855021953583,
    "Train/LR": 0,
    "Train/PolicyRatio": 1.0007648468017578,
    "Train/PolicyRatio/Max": 1.0007648468017578,
    "Train/PolicyRatio/Min": 1.0007648468017578,
    "Train/PolicyRatio/Std": 0.0005408283323049545,
    "Train/PolicyStd": 0.9123734831809998,
    "Train/StopIter": 10,
    "Value/Adv": -7.629394005448376e-09,
    "Value/cost": 0.9614142775535583,
    "Value/reward": 0.9971420168876648,
    "_runtime": 14684.214348803,
    "_step": 100,
    "_timestamp": 1746557521.8026798,
    "_wandb": {
        "runtime": 14684
    }
}