{
    "Loss/Loss_cost_critic": 1.1996424198150637,
    "Loss/Loss_cost_critic/Delta": -0.20352208614349365,
    "Loss/Loss_pi": -0.017301781103014946,
    "Loss/Loss_pi/Delta": -3.0331313610076904e-05,
    "Loss/Loss_reward_critic": 0.06532464176416397,
    "Loss/Loss_reward_critic/Delta": -0.007444240152835846,
    "Metrics/EpCost": 17.5,
    "Metrics/EpLen": 1000,
    "Metrics/EpRet": 12.980401992797852,
    "Metrics/LagrangeMultiplier": 2.6899518966674805,
    "Metrics/LagrangeMultiplier/Max": 2.6899518966674805,
    "Metrics/LagrangeMultiplier/Min": 2.6899518966674805,
    "Metrics/LagrangeMultiplier/Std": 0,
    "Misc/AcceptanceStep": 1,
    "Misc/Alpha": 0.7054740786552429,
    "Misc/FinalStepNorm": 0.23081938922405243,
    "Misc/H_inv_g": 0.3271833658218384,
    "Misc/gradient_norm": 0.3308185338973999,
    "Misc/xHx": 0.04018534719944,
    "Time/Epoch": 89.35028839111328,
    "Time/FPS": 223.83810424804688,
    "Time/Rollout": 80.05342864990234,
    "Time/Total": 8615.6220703125,
    "Time/Update": 9.29684066772461,
    "TotalEnvSteps": 2000000,
    "Train/Entropy": 0.8618586659431458,
    "Train/Epoch": 99,
    "Train/KL": 0.0003920164017472416,
    "Train/LR": 0,
    "Train/PolicyRatio": 0.9997698664665222,
    "Train/PolicyRatio/Max": 0.9997698664665222,
    "Train/PolicyRatio/Min": 0.9997698664665222,
    "Train/PolicyRatio/Std": 0.00016274303197860718,
    "Train/PolicyStd": 0.5732505917549133,
    "Train/StopIter": 10,
    "Value/Adv": -1.525878801089675e-08,
    "Value/cost": 2.1892549991607666,
    "Value/reward": 1.5046625137329102,
    "_runtime": 8617.115777382,
    "_step": 100,
    "_timestamp": 1743324845.821682,
    "_wandb": {
        "runtime": 8617
    }
}