{
    "Loss/Loss_cost_critic": 15.990684509277344,
    "Loss/Loss_cost_critic/Delta": 4.639200210571289,
    "Loss/Loss_pi": -0.006349276751279831,
    "Loss/Loss_pi/Delta": 0.0006036362610757351,
    "Loss/Loss_reward_critic": 0.5092014670372009,
    "Loss/Loss_reward_critic/Delta": 0.12168654799461363,
    "Metrics/EpCost": 98.83999633789062,
    "Metrics/EpLen": 500,
    "Metrics/EpRet": 40.6652946472168,
    "Metrics/LagrangeMultiplier": 0.25954267382621765,
    "Metrics/LagrangeMultiplier/Max": 0.25954267382621765,
    "Metrics/LagrangeMultiplier/Min": 0.25954267382621765,
    "Metrics/LagrangeMultiplier/Std": 0,
    "Misc/AcceptanceStep": 1,
    "Misc/Alpha": 2.0689327716827393,
    "Misc/FinalStepNorm": 0.17065158486366272,
    "Misc/H_inv_g": 0.08248291164636612,
    "Misc/gradient_norm": 0.323446124792099,
    "Misc/xHx": 0.004672360140830278,
    "Time/Epoch": 113.26468658447266,
    "Time/FPS": 176.57754516601562,
    "Time/Rollout": 104.47234344482422,
    "Time/Total": 11311.65625,
    "Time/Update": 8.792328834533691,
    "TotalEnvSteps": 2000000,
    "Train/Entropy": 0.5797008275985718,
    "Train/Epoch": 99,
    "Train/KL": 0.0004823782073799521,
    "Train/LR": 0,
    "Train/PolicyRatio": 1.000310301780701,
    "Train/PolicyRatio/Max": 1.000310301780701,
    "Train/PolicyRatio/Min": 1.000310301780701,
    "Train/PolicyRatio/Std": 0.00021938839927315712,
    "Train/PolicyStd": 0.4326283633708954,
    "Train/StopIter": 10,
    "Value/Adv": -2.2888182460434332e-09,
    "Value/cost": 20.598052978515625,
    "Value/reward": 8.428868293762207,
    "_runtime": 11312.862527911,
    "_step": 100,
    "_timestamp": 1745015880.6917462,
    "_wandb": {
        "runtime": 11312
    }
}