{
    "Loss/Loss_cost_critic": 0.5322434902191162,
    "Loss/Loss_cost_critic/Delta": -0.17310279607772827,
    "Loss/Loss_pi": -0.21281911432743073,
    "Loss/Loss_pi/Delta": 0.04434685409069061,
    "Loss/Loss_reward_critic": 0.003112012520432472,
    "Loss/Loss_reward_critic/Delta": 0.0006283605471253395,
    "Metrics/EpCost": 0.5400000214576721,
    "Metrics/EpLen": 1000,
    "Metrics/EpRet": 0.1858493834733963,
    "Metrics/LagrangeMultiplier": 2.373314619064331,
    "Metrics/LagrangeMultiplier/Max": 2.373314619064331,
    "Metrics/LagrangeMultiplier/Min": 2.373314619064331,
    "Metrics/LagrangeMultiplier/Std": 0,
    "Misc/AcceptanceStep": 1,
    "Misc/Alpha": 2.6063501834869385,
    "Misc/FinalStepNorm": 0.33200958371162415,
    "Misc/H_inv_g": 0.12738487124443054,
    "Misc/gradient_norm": 0.041475988924503326,
    "Misc/xHx": 0.0029441709630191326,
    "Safety/EpCostShield": 6.300000190734863,
    "Safety/ShieldLagrangeMultiplier": 2.4777801036834717,
    "Safety/ShieldLagrangeMultiplier/Max": 2.4777801036834717,
    "Safety/ShieldLagrangeMultiplier/Min": 2.4777801036834717,
    "Safety/ShieldLagrangeMultiplier/Std": 0,
    "Safety/shield_adv_c": -0.36535394191741943,
    "Safety/shield_violation": 0.9960668683052064,
    "Time/Epoch": 116.19938659667967,
    "Time/FPS": 172.11795043945312,
    "Time/Rollout": 93.6463394165039,
    "Time/Total": 11811.7998046875,
    "Time/Update": 22.553014755249023,
    "TotalEnvSteps": 2000000,
    "Train/Entropy": 2.4565255641937256,
    "Train/Epoch": 99,
    "Train/KL": 0.0002487165038473904,
    "Train/LR": 0,
    "Train/PolicyRatio": 1.0015321969985962,
    "Train/PolicyRatio/Max": 1.0015323162078855,
    "Train/PolicyRatio/Min": 1.0015323162078855,
    "Train/PolicyRatio/Std": 0.001083511277101934,
    "Train/PolicyStd": 2.8921492099761963,
    "Train/StopIter": 10,
    "Value/Adv": 7.629394005448376e-09,
    "Value/cost": 0.1599316447973251,
    "Value/reward": 0.02105638012290001,
    "_runtime": 11813.215412587,
    "_step": 100,
    "_timestamp": 1746508206.3623636,
    "_wandb": {
        "runtime": 11813
    }
}