{
    "Loss/Loss_cost_critic": 6.193796157836914,
    "Loss/Loss_cost_critic/Delta": 3.566067934036255,
    "Loss/Loss_pi": -0.12756747007369995,
    "Loss/Loss_pi/Delta": 0.23103085160255432,
    "Loss/Loss_reward_critic": 0.046459347009658813,
    "Loss/Loss_reward_critic/Delta": -0.005162488669157028,
    "Metrics/EpCost": 14.100000381469728,
    "Metrics/EpLen": 1000,
    "Metrics/EpRet": 6.713720321655273,
    "Metrics/LagrangeMultiplier": 2.12032413482666,
    "Metrics/LagrangeMultiplier/Max": 2.12032413482666,
    "Metrics/LagrangeMultiplier/Min": 2.12032413482666,
    "Metrics/LagrangeMultiplier/Std": 0,
    "Misc/AcceptanceStep": 1,
    "Misc/Alpha": 0.8212251663208008,
    "Misc/FinalStepNorm": 0.3028426468372345,
    "Misc/H_inv_g": 0.3687693476676941,
    "Misc/gradient_norm": 0.14676624536514282,
    "Misc/xHx": 0.02965550497174263,
    "Safety/EpCostShield": 42.04999923706055,
    "Safety/ShieldLagrangeMultiplier": 2.190093755722046,
    "Safety/ShieldLagrangeMultiplier/Max": 2.190093755722046,
    "Safety/ShieldLagrangeMultiplier/Min": 2.190093755722046,
    "Safety/ShieldLagrangeMultiplier/Std": 0,
    "Safety/shield_adv_c": -0.2029426246881485,
    "Safety/shield_violation": 2.4227092266082764,
    "Time/Epoch": 77.91397094726562,
    "Time/FPS": 256.6933898925781,
    "Time/Rollout": 63.32063674926758,
    "Time/Total": 7978.8349609375,
    "Time/Update": 14.593314170837402,
    "TotalEnvSteps": 2000000,
    "Train/Entropy": 1.887771248817444,
    "Train/Epoch": 99,
    "Train/KL": 0.0003142567293252796,
    "Train/LR": 0,
    "Train/PolicyRatio": 0.999819278717041,
    "Train/PolicyRatio/Max": 0.999819278717041,
    "Train/PolicyRatio/Min": 0.999819278717041,
    "Train/PolicyRatio/Std": 0.0001278173440368846,
    "Train/PolicyStd": 1.6060208082199097,
    "Train/StopIter": 10,
    "Value/Adv": -4.577636492086867e-09,
    "Value/cost": 0.8165781497955322,
    "Value/reward": 0.8515023589134216,
    "_runtime": 7979.767060179,
    "_step": 100,
    "_timestamp": 1746527974.8345068,
    "_wandb": {
        "runtime": 7979
    }
}