{
    "Loss/Loss_cost_critic": 2.7323358058929443,
    "Loss/Loss_cost_critic/Delta": -1.0493769645690918,
    "Loss/Loss_pi": -0.23354268074035645,
    "Loss/Loss_pi/Delta": -0.0799846351146698,
    "Loss/Loss_reward_critic": 0.007805699948221445,
    "Loss/Loss_reward_critic/Delta": 0.0013010124675929546,
    "Metrics/EpCost": 15.229999542236328,
    "Metrics/EpLen": 1000,
    "Metrics/EpRet": 0.2611564099788666,
    "Metrics/LagrangeMultiplier": 3.055630922317505,
    "Metrics/LagrangeMultiplier/Max": 3.055630922317505,
    "Metrics/LagrangeMultiplier/Min": 3.055630922317505,
    "Metrics/LagrangeMultiplier/Std": 0,
    "Safety/EpCostShield": 47.20000076293945,
    "Safety/ShieldLagrangeMultiplier": 3.001988649368286,
    "Safety/ShieldLagrangeMultiplier/Max": 3.001988649368286,
    "Safety/ShieldLagrangeMultiplier/Min": 3.001988649368286,
    "Safety/ShieldLagrangeMultiplier/Std": 0,
    "Safety/shield_adv_c": "NaN",
    "Safety/shield_violation": 5.270666599273682,
    "Time/Epoch": 238.61749267578125,
    "Time/FPS": 83.81614685058594,
    "Time/Rollout": 92.40987396240234,
    "Time/Total": 24119.580078125,
    "Time/Update": 146.20751953125,
    "TotalEnvSteps": 2000000,
    "Train/Entropy": 0.5795190930366516,
    "Train/Epoch": 99,
    "Train/KL": 0.003174652811139822,
    "Train/LR": 0,
    "Train/PolicyRatio": 1.0014119148254397,
    "Train/PolicyRatio/Max": 1.0014119148254397,
    "Train/PolicyRatio/Min": 1.0014119148254397,
    "Train/PolicyRatio/Std": 0.006053268443793058,
    "Train/PolicyStd": 0.4450714588165283,
    "Train/StopIter": 40,
    "Value/Adv": -0.0210735946893692,
    "Value/cost": 1.2566741704940796,
    "Value/reward": 0.021930739283561707,
    "_runtime": 24121.390653023,
    "_step": 100,
    "_timestamp": 1746922930.8545735,
    "_wandb": {
        "runtime": 24121
    }
}