{
    "Loss/Loss_cost_critic": 3.728095531463623,
    "Loss/Loss_cost_critic/Delta": -0.1262831687927246,
    "Loss/Loss_pi": -0.20709006488323212,
    "Loss/Loss_pi/Delta": 0.08265899121761322,
    "Loss/Loss_reward_critic": 0.03081679157912731,
    "Loss/Loss_reward_critic/Delta": -0.007913725450634956,
    "Metrics/EpCost": 21.13999938964844,
    "Metrics/EpLen": 1000,
    "Metrics/EpRet": 2.9424588680267334,
    "Metrics/LagrangeMultiplier": 2.4203948974609375,
    "Metrics/LagrangeMultiplier/Max": 2.4203948974609375,
    "Metrics/LagrangeMultiplier/Min": 2.4203948974609375,
    "Metrics/LagrangeMultiplier/Std": 0,
    "Misc/AcceptanceStep": 1,
    "Misc/Alpha": 0.5254631638526917,
    "Misc/FinalStepNorm": 0.3099230229854584,
    "Misc/H_inv_g": 0.589809238910675,
    "Misc/gradient_norm": 0.270788311958313,
    "Misc/xHx": 0.07243449240922928,
    "Safety/EpCostShield": 40.650001525878906,
    "Safety/ShieldLagrangeMultiplier": 2.343928337097168,
    "Safety/ShieldLagrangeMultiplier/Max": 2.343928337097168,
    "Safety/ShieldLagrangeMultiplier/Min": 2.343928337097168,
    "Safety/ShieldLagrangeMultiplier/Std": 0,
    "Safety/shield_adv_c": 1.1572082042694092,
    "Safety/shield_violation": 5.214977264404297,
    "Time/Epoch": 117.17969512939452,
    "Time/FPS": 170.67803955078125,
    "Time/Rollout": 99.68074798583984,
    "Time/Total": 11864.533203125,
    "Time/Update": 17.498916625976562,
    "TotalEnvSteps": 2000000,
    "Train/Entropy": 1.1945744752883911,
    "Train/Epoch": 99,
    "Train/KL": 0.00029491528403013945,
    "Train/LR": 0,
    "Train/PolicyRatio": 1.000691056251526,
    "Train/PolicyRatio/Max": 1.0006911754608154,
    "Train/PolicyRatio/Min": 1.0006911754608154,
    "Train/PolicyRatio/Std": 0.0004886224633082747,
    "Train/PolicyStd": 0.8037054538726807,
    "Train/StopIter": 10,
    "Value/Adv": -7.629394338515282e-10,
    "Value/cost": 1.1671591997146606,
    "Value/reward": 0.48231932520866394,
    "_runtime": 11865.736866889,
    "_step": 100,
    "_timestamp": 1746633899.9156168,
    "_wandb": {
        "runtime": 11865
    }
}