{
    "Loss/Loss_cost_critic": 3.5338046550750732,
    "Loss/Loss_cost_critic/Delta": -0.09655094146728516,
    "Loss/Loss_pi": -0.3299756348133087,
    "Loss/Loss_pi/Delta": -0.39371197670698166,
    "Loss/Loss_reward_critic": 0.03936683386564255,
    "Loss/Loss_reward_critic/Delta": 0.006117936223745346,
    "Metrics/EpCost": 9.479999542236328,
    "Metrics/EpLen": 1000,
    "Metrics/EpRet": 3.7583162784576416,
    "Metrics/LagrangeMultiplier": 2.193558931350708,
    "Metrics/LagrangeMultiplier/Max": 2.193558931350708,
    "Metrics/LagrangeMultiplier/Min": 2.193558931350708,
    "Metrics/LagrangeMultiplier/Std": 0,
    "Misc/AcceptanceStep": 1,
    "Misc/Alpha": 1.0153133869171145,
    "Misc/FinalStepNorm": 0.3075811564922333,
    "Misc/H_inv_g": 0.30294209718704224,
    "Misc/gradient_norm": 0.15400397777557373,
    "Misc/xHx": 0.019401242956519127,
    "Safety/EpCostShield": 28.100000381469727,
    "Safety/ShieldLagrangeMultiplier": 2.3142125606536865,
    "Safety/ShieldLagrangeMultiplier/Max": 2.3142125606536865,
    "Safety/ShieldLagrangeMultiplier/Min": 2.3142125606536865,
    "Safety/ShieldLagrangeMultiplier/Std": 0,
    "Safety/shield_adv_c": -0.1991574764251709,
    "Safety/shield_violation": 3.466590642929077,
    "Time/Epoch": 112.89379119873048,
    "Time/FPS": 177.1576690673828,
    "Time/Rollout": 96.12623596191406,
    "Time/Total": 11528.8046875,
    "Time/Update": 16.767528533935547,
    "TotalEnvSteps": 2000000,
    "Train/Entropy": 2.0655012130737305,
    "Train/Epoch": 99,
    "Train/KL": 0.0002926102897617966,
    "Train/LR": 0,
    "Train/PolicyRatio": 1.0027562379837036,
    "Train/PolicyRatio/Max": 1.0027563571929932,
    "Train/PolicyRatio/Min": 1.0027563571929932,
    "Train/PolicyRatio/Std": 0.001948982710018754,
    "Train/PolicyStd": 1.9090741872787476,
    "Train/StopIter": 10,
    "Value/Adv": -1.3351439953623867e-09,
    "Value/cost": 1.0104705095291138,
    "Value/reward": 0.4806380271911621,
    "_runtime": 11530.433772233,
    "_step": 100,
    "_timestamp": 1746536711.0342188,
    "_wandb": {
        "runtime": 11530
    }
}