{
    "Loss/Loss_cost_critic": 0.5662513971328735,
    "Loss/Loss_cost_critic/Delta": 0.07885167002677917,
    "Loss/Loss_pi": -0.006595271173864603,
    "Loss/Loss_pi/Delta": 0.0060257320292294025,
    "Loss/Loss_reward_critic": 0.003917485475540161,
    "Loss/Loss_reward_critic/Delta": -0.002385114785283804,
    "Metrics/EpCost": 3.7799999713897705,
    "Metrics/EpLen": 1000,
    "Metrics/EpRet": -0.569505512714386,
    "Metrics/LagrangeMultiplier": 118.31307220458984,
    "Metrics/LagrangeMultiplier/Max": 118.31307220458984,
    "Metrics/LagrangeMultiplier/Min": 118.31307220458984,
    "Metrics/LagrangeMultiplier/Std": 0,
    "Misc/AcceptanceStep": 1,
    "Misc/Alpha": 1.9867494106292725,
    "Misc/FinalStepNorm": 0.3007744550704956,
    "Misc/H_inv_g": 0.1513902246952057,
    "Misc/gradient_norm": 0.1511659026145935,
    "Misc/xHx": 0.005066907033324242,
    "Time/Epoch": 102.86164855957033,
    "Time/FPS": 194.43592834472656,
    "Time/Rollout": 82.22945404052734,
    "Time/Total": 10250.517578125,
    "Time/Update": 20.63216209411621,
    "TotalEnvSteps": 2000000,
    "Train/Entropy": 1.3892637491226196,
    "Train/Epoch": 99,
    "Train/KL": 0.00038151603075675666,
    "Train/LR": 0,
    "Train/PolicyRatio": 1.0017656087875366,
    "Train/PolicyRatio/Max": 1.0017656087875366,
    "Train/PolicyRatio/Min": 1.0017656087875366,
    "Train/PolicyRatio/Std": 0.0012483897153288126,
    "Train/PolicyStd": 1.0024644136428833,
    "Train/StopIter": 10,
    "Value/Adv": 7.629394005448376e-09,
    "Value/cost": 0.13444961607456207,
    "Value/reward": -0.05386894568800926,
    "_runtime": 10252.323639042,
    "_step": 100,
    "_timestamp": 1745005501.6514966,
    "_wandb": {
        "runtime": 10252
    }
}