{
    "Loss/Loss_cost_critic": 10.634699821472168,
    "Loss/Loss_cost_critic/Delta": 2.6183815002441406,
    "Loss/Loss_pi": 0.2900061011314392,
    "Loss/Loss_pi/Delta": 0.08217237889766693,
    "Loss/Loss_reward_critic": 0.13916198909282684,
    "Loss/Loss_reward_critic/Delta": 0.012061446905136108,
    "Metrics/EpCost": 21.329999923706055,
    "Metrics/EpLen": 500,
    "Metrics/EpRet": 22.744556427001953,
    "Metrics/LagrangeMultiplier": 1.7234519720077517,
    "Metrics/LagrangeMultiplier/Max": 1.7234519720077517,
    "Metrics/LagrangeMultiplier/Min": 1.7234519720077517,
    "Metrics/LagrangeMultiplier/Std": 0,
    "Safety/EpCostShield": 41.599998474121094,
    "Safety/ShieldLagrangeMultiplier": 1.800465703010559,
    "Safety/ShieldLagrangeMultiplier/Max": 1.800465703010559,
    "Safety/ShieldLagrangeMultiplier/Min": 1.800465703010559,
    "Safety/ShieldLagrangeMultiplier/Std": 0,
    "Safety/shield_adv_c": "NaN",
    "Safety/shield_violation": 4.745209217071533,
    "Time/Epoch": 194.98341369628903,
    "Time/FPS": 102.57283020019533,
    "Time/Rollout": 101.81678771972656,
    "Time/Total": 20443.50390625,
    "Time/Update": 93.16650390625,
    "TotalEnvSteps": 2000000,
    "Train/Entropy": 0.8479640483856201,
    "Train/Epoch": 99,
    "Train/KL": 0.004492382053285837,
    "Train/LR": 0,
    "Train/PolicyRatio": 1.0003514289855957,
    "Train/PolicyRatio/Max": 1.0003514289855957,
    "Train/PolicyRatio/Min": 1.0003514289855957,
    "Train/PolicyRatio/Std": 0.007178844418376684,
    "Train/PolicyStd": 0.5651829242706299,
    "Train/StopIter": 40,
    "Value/Adv": 0.3681619167327881,
    "Value/cost": 2.3985612392425537,
    "Value/reward": 4.655492305755615,
    "_runtime": 20459.921911633,
    "_step": 100,
    "_timestamp": 1747270726.0975385,
    "_wandb": {
        "runtime": 20459
    }
}