{
    "Loss/Loss_cost_critic": 2.426888227462769,
    "Loss/Loss_cost_critic/Delta": 0.5416513681411743,
    "Loss/Loss_pi": -0.06743844598531723,
    "Loss/Loss_pi/Delta": -0.017874766141176224,
    "Loss/Loss_reward_critic": 0.008475412614643574,
    "Loss/Loss_reward_critic/Delta": 0.004064223729074001,
    "Metrics/EpCost": 2.8499999046325684,
    "Metrics/EpLen": 1000,
    "Metrics/EpRet": 0.1150556057691574,
    "Metrics/LagrangeMultiplier": 2.1099839210510254,
    "Metrics/LagrangeMultiplier/Max": 2.1099839210510254,
    "Metrics/LagrangeMultiplier/Min": 2.1099839210510254,
    "Metrics/LagrangeMultiplier/Std": 0,
    "Misc/AcceptanceStep": 1,
    "Misc/Alpha": 1.0528470277786257,
    "Misc/FinalStepNorm": 0.3272355794906616,
    "Misc/H_inv_g": 0.3108101785182953,
    "Misc/gradient_norm": 0.13688959181308746,
    "Misc/xHx": 0.018042605370283127,
    "Safety/EpCostShield": 20.399999618530273,
    "Safety/ShieldLagrangeMultiplier": 2.0517899990081787,
    "Safety/ShieldLagrangeMultiplier/Max": 2.0517899990081787,
    "Safety/ShieldLagrangeMultiplier/Min": 2.0517899990081787,
    "Safety/ShieldLagrangeMultiplier/Std": 0,
    "Safety/shield_adv_c": -0.20248769223690033,
    "Safety/shield_violation": 0.9845560789108276,
    "Time/Epoch": 132.21641540527344,
    "Time/FPS": 151.26715087890625,
    "Time/Rollout": 107.44487762451172,
    "Time/Total": 13353.4658203125,
    "Time/Update": 24.77150535583496,
    "TotalEnvSteps": 2000000,
    "Train/Entropy": 2.0588362216949463,
    "Train/Epoch": 99,
    "Train/KL": 0.00024852537899278104,
    "Train/LR": 0,
    "Train/PolicyRatio": 1.001295566558838,
    "Train/PolicyRatio/Max": 1.001295566558838,
    "Train/PolicyRatio/Min": 1.001295566558838,
    "Train/PolicyRatio/Std": 0.000916103890631348,
    "Train/PolicyStd": 1.9015105962753296,
    "Train/StopIter": 10,
    "Value/Adv": 6.103515470812226e-09,
    "Value/cost": 0.16120517253875732,
    "Value/reward": -0.011222153902053831,
    "_runtime": 13355.784040081,
    "_step": 100,
    "_timestamp": 1746572224.406365,
    "_wandb": {
        "runtime": 13355
    }
}