{
    "Loss/Loss_cost_critic": 3.263429880142212,
    "Loss/Loss_cost_critic/Delta": 1.2968757152557373,
    "Loss/Loss_pi": -0.24459104239940643,
    "Loss/Loss_pi/Delta": 0.1700647920370102,
    "Loss/Loss_reward_critic": 0.03918689116835594,
    "Loss/Loss_reward_critic/Delta": 0.003506205976009369,
    "Metrics/EpCost": 6.809999942779541,
    "Metrics/EpLen": 1000,
    "Metrics/EpRet": 2.7097883224487305,
    "Metrics/LagrangeMultiplier": 1.9601819515228271,
    "Metrics/LagrangeMultiplier/Max": 1.9601819515228271,
    "Metrics/LagrangeMultiplier/Min": 1.9601819515228271,
    "Metrics/LagrangeMultiplier/Std": 0,
    "Misc/AcceptanceStep": 1,
    "Misc/Alpha": 1.195399045944214,
    "Misc/FinalStepNorm": 0.3281727731227875,
    "Misc/H_inv_g": 0.27452990412712097,
    "Misc/gradient_norm": 0.13849493861198425,
    "Misc/xHx": 0.013995997607707976,
    "Safety/EpCostShield": 42.150001525878906,
    "Safety/ShieldLagrangeMultiplier": 2.1949760913848877,
    "Safety/ShieldLagrangeMultiplier/Max": 2.1949760913848877,
    "Safety/ShieldLagrangeMultiplier/Min": 2.1949760913848877,
    "Safety/ShieldLagrangeMultiplier/Std": 0,
    "Safety/shield_adv_c": -0.3923213183879852,
    "Safety/shield_violation": 3.8037891387939458,
    "Time/Epoch": 122.20220947265624,
    "Time/FPS": 163.6631622314453,
    "Time/Rollout": 96.4078598022461,
    "Time/Total": 12283.908203125,
    "Time/Update": 25.794328689575195,
    "TotalEnvSteps": 2000000,
    "Train/Entropy": 2.1834957599639893,
    "Train/Epoch": 99,
    "Train/KL": 0.0002556956314947456,
    "Train/LR": 0,
    "Train/PolicyRatio": 1.0003665685653689,
    "Train/PolicyRatio/Max": 1.0003665685653689,
    "Train/PolicyRatio/Min": 1.0003665685653689,
    "Train/PolicyRatio/Std": 0.0002591750235296786,
    "Train/PolicyStd": 2.153038263320923,
    "Train/StopIter": 10,
    "Value/Adv": -1.5258788677030564e-09,
    "Value/cost": 0.6719653606414795,
    "Value/reward": 0.46317681670188904,
    "_runtime": 12286.071616202,
    "_step": 100,
    "_timestamp": 1746508692.4280198,
    "_wandb": {
        "runtime": 12286
    }
}