{
    "Loss/Loss_cost_critic": 2.389268159866333,
    "Loss/Loss_cost_critic/Delta": 0.1390681266784668,
    "Loss/Loss_pi": -0.12860725820064545,
    "Loss/Loss_pi/Delta": 0.031041577458381653,
    "Loss/Loss_reward_critic": 0.07353156805038452,
    "Loss/Loss_reward_critic/Delta": -0.005117014050483704,
    "Metrics/EpCost": 3.690000057220459,
    "Metrics/EpLen": 500,
    "Metrics/EpRet": 9.485172271728516,
    "Metrics/LagrangeMultiplier": 1.0064743757247925,
    "Metrics/LagrangeMultiplier/Max": 1.0064743757247925,
    "Metrics/LagrangeMultiplier/Min": 1.0064743757247925,
    "Metrics/LagrangeMultiplier/Std": 0,
    "Safety/EpCostShield": 5.400000095367432,
    "Safety/ShieldLagrangeMultiplier": 1.3203295469284058,
    "Safety/ShieldLagrangeMultiplier/Max": 1.3203295469284058,
    "Safety/ShieldLagrangeMultiplier/Min": 1.3203295469284058,
    "Safety/ShieldLagrangeMultiplier/Std": 0,
    "Safety/shield_adv_c": "NaN",
    "Safety/shield_violation": 0.9869612455368042,
    "Time/Epoch": 225.84765625,
    "Time/FPS": 88.55526733398438,
    "Time/Rollout": 96.70182800292967,
    "Time/Total": 22601.228515625,
    "Time/Update": 129.14576721191406,
    "TotalEnvSteps": 2000000,
    "Train/Entropy": 0.543464720249176,
    "Train/Epoch": 99,
    "Train/KL": 0.002849343465641141,
    "Train/LR": 0,
    "Train/PolicyRatio": 1.0010321140289309,
    "Train/PolicyRatio/Max": 1.0010321140289309,
    "Train/PolicyRatio/Min": 1.0010321140289309,
    "Train/PolicyRatio/Std": 0.00669222604483366,
    "Train/PolicyStd": 0.4203474521636963,
    "Train/StopIter": 40,
    "Value/Adv": 0.1227247267961502,
    "Value/cost": 0.6386674046516418,
    "Value/reward": 2.028764009475708,
    "_runtime": 22602.836603962,
    "_step": 100,
    "_timestamp": 1746559861.361642,
    "_wandb": {
        "runtime": 22602
    }
}