{
    "Loss/Loss_cost_critic": 0.15691503882408142,
    "Loss/Loss_cost_critic/Delta": 0.07273983955383301,
    "Loss/Loss_pi": -0.0038905376568436623,
    "Loss/Loss_pi/Delta": -0.0005138767883181572,
    "Loss/Loss_reward_critic": 0.003225217806175351,
    "Loss/Loss_reward_critic/Delta": -0.001150654861703515,
    "Metrics/EpCost": 2.1500000953674316,
    "Metrics/EpLen": 1000,
    "Metrics/EpRet": 0.3622375428676605,
    "Metrics/LagrangeMultiplier": 2.5759012699127197,
    "Metrics/LagrangeMultiplier/Max": 2.5759012699127197,
    "Metrics/LagrangeMultiplier/Min": 2.5759012699127197,
    "Metrics/LagrangeMultiplier/Std": 0,
    "Misc/AcceptanceStep": 1,
    "Misc/Alpha": 3.1019670963287354,
    "Misc/FinalStepNorm": 0.25926971435546875,
    "Misc/H_inv_g": 0.08358234912157059,
    "Misc/gradient_norm": 0.07935348898172379,
    "Misc/xHx": 0.0020785166416317225,
    "Time/Epoch": 61.228519439697266,
    "Time/FPS": 326.6451721191406,
    "Time/Rollout": 54.14994812011719,
    "Time/Total": 6142.4677734375,
    "Time/Update": 7.078555107116699,
    "TotalEnvSteps": 2000000,
    "Train/Entropy": 1.229852318763733,
    "Train/Epoch": 99,
    "Train/KL": 0.0003672644670587033,
    "Train/LR": 0,
    "Train/PolicyRatio": 0.999763250350952,
    "Train/PolicyRatio/Max": 0.999763250350952,
    "Train/PolicyRatio/Min": 0.999763250350952,
    "Train/PolicyRatio/Std": 0.00016740728460717946,
    "Train/PolicyStd": 0.8279085755348206,
    "Train/StopIter": 10,
    "Value/Adv": -7.2479244828116415e-09,
    "Value/cost": 0.10170572251081468,
    "Value/reward": 0.06323397159576416,
    "_runtime": 6151.205608183,
    "_step": 100,
    "_timestamp": 1743312067.3678825,
    "_wandb": {
        "runtime": 6151
    }
}