{
    "Loss/Loss_cost_critic": 1.0077630281448364,
    "Loss/Loss_cost_critic/Delta": -0.5830247402191162,
    "Loss/Loss_pi": -0.05528132990002632,
    "Loss/Loss_pi/Delta": -0.04697851091623306,
    "Loss/Loss_reward_critic": 0.08148717880249023,
    "Loss/Loss_reward_critic/Delta": -0.006297245621681213,
    "Metrics/EpCost": 0.7400000095367432,
    "Metrics/EpLen": 500,
    "Metrics/EpRet": 10.671274185180664,
    "Metrics/LagrangeMultiplier": 0.9080291986465454,
    "Metrics/LagrangeMultiplier/Max": 0.9080291986465454,
    "Metrics/LagrangeMultiplier/Min": 0.9080291986465454,
    "Metrics/LagrangeMultiplier/Std": 0,
    "Misc/AcceptanceStep": 1,
    "Misc/Alpha": 2.1318163871765137,
    "Misc/FinalStepNorm": 0.21437746286392212,
    "Misc/H_inv_g": 0.10056094080209732,
    "Misc/gradient_norm": 0.14039355516433716,
    "Misc/xHx": 0.004400777164846659,
    "Safety/EpCostShield": 0.800000011920929,
    "Safety/ShieldLagrangeMultiplier": 1.2000792026519775,
    "Safety/ShieldLagrangeMultiplier/Max": 1.2000792026519775,
    "Safety/ShieldLagrangeMultiplier/Min": 1.2000792026519775,
    "Safety/ShieldLagrangeMultiplier/Std": 0,
    "Safety/shield_adv_c": -0.06940719485282898,
    "Safety/shield_violation": 0.7202836275100708,
    "Time/Epoch": 105.4900894165039,
    "Time/FPS": 189.59127807617188,
    "Time/Rollout": 88.81196594238281,
    "Time/Total": 11018.2939453125,
    "Time/Update": 16.678098678588867,
    "TotalEnvSteps": 2000000,
    "Train/Entropy": 0.7211210131645203,
    "Train/Epoch": 99,
    "Train/KL": 0.00040615873876959085,
    "Train/LR": 0,
    "Train/PolicyRatio": 0.999900996685028,
    "Train/PolicyRatio/Max": 0.999900996685028,
    "Train/PolicyRatio/Min": 0.999900996685028,
    "Train/PolicyRatio/Std": 6.999186734901741e-05,
    "Train/PolicyStd": 0.516656219959259,
    "Train/StopIter": 10,
    "Value/Adv": -4.577636492086867e-09,
    "Value/cost": 0.3657051622867584,
    "Value/reward": 2.1499276161193848,
    "_runtime": 11020.369795387,
    "_step": 100,
    "_timestamp": 1746633654.8837297,
    "_wandb": {
        "runtime": 11020
    }
}