{
    "Loss/Loss_cost_critic": 7.01369571685791,
    "Loss/Loss_cost_critic/Delta": 5.252821207046509,
    "Loss/Loss_pi": -0.17213881015777588,
    "Loss/Loss_pi/Delta": 0.04341547191143036,
    "Loss/Loss_reward_critic": 0.09345682710409164,
    "Loss/Loss_reward_critic/Delta": 0.021931201219558716,
    "Metrics/EpCost": 3.2699999809265137,
    "Metrics/EpLen": 500,
    "Metrics/EpRet": 9.731416702270508,
    "Metrics/LagrangeMultiplier": 1.0210360288619995,
    "Metrics/LagrangeMultiplier/Max": 1.0210360288619995,
    "Metrics/LagrangeMultiplier/Min": 1.0210360288619995,
    "Metrics/LagrangeMultiplier/Std": 0,
    "Safety/EpCostShield": 16.600000381469727,
    "Safety/ShieldLagrangeMultiplier": 1.121972918510437,
    "Safety/ShieldLagrangeMultiplier/Max": 1.121972918510437,
    "Safety/ShieldLagrangeMultiplier/Min": 1.121972918510437,
    "Safety/ShieldLagrangeMultiplier/Std": 0,
    "Safety/shield_adv_c": "NaN",
    "Safety/shield_violation": 1.450547218322754,
    "Time/Epoch": 265.4649353027344,
    "Time/FPS": 75.33951568603516,
    "Time/Rollout": 101.96540069580078,
    "Time/Total": 26585.212890625,
    "Time/Update": 163.49942016601562,
    "TotalEnvSteps": 2000000,
    "Train/Entropy": 0.8160786628723145,
    "Train/Epoch": 99,
    "Train/KL": 0.003737912978976965,
    "Train/LR": 0,
    "Train/PolicyRatio": 1.001442790031433,
    "Train/PolicyRatio/Max": 1.0014429092407229,
    "Train/PolicyRatio/Min": 1.0014429092407229,
    "Train/PolicyRatio/Std": 0.007213543634861708,
    "Train/PolicyStd": 0.5535035133361816,
    "Train/StopIter": 40,
    "Value/Adv": -0.15737974643707275,
    "Value/cost": 0.2330220192670822,
    "Value/reward": 1.8727754354476929,
    "_runtime": 26586.716128671,
    "_step": 100,
    "_timestamp": 1746563157.278969,
    "_wandb": {
        "runtime": 26586
    }
}