{
    "Loss/Loss_cost_critic": 3.4530603885650635,
    "Loss/Loss_cost_critic/Delta": -0.8783996105194092,
    "Loss/Loss_pi": -0.2471189796924591,
    "Loss/Loss_pi/Delta": 0.08715042471885681,
    "Loss/Loss_reward_critic": 0.03519969433546066,
    "Loss/Loss_reward_critic/Delta": 0.002145916223526001,
    "Metrics/EpCost": 11.619999885559082,
    "Metrics/EpLen": 1000,
    "Metrics/EpRet": 8.565397262573242,
    "Metrics/LagrangeMultiplier": 2.853498935699463,
    "Metrics/LagrangeMultiplier/Max": 2.853498935699463,
    "Metrics/LagrangeMultiplier/Min": 2.853498935699463,
    "Metrics/LagrangeMultiplier/Std": 0,
    "Safety/EpCostShield": 25.299999237060547,
    "Safety/ShieldLagrangeMultiplier": 2.7838315963745117,
    "Safety/ShieldLagrangeMultiplier/Max": 2.7838315963745117,
    "Safety/ShieldLagrangeMultiplier/Min": 2.7838315963745117,
    "Safety/ShieldLagrangeMultiplier/Std": 0,
    "Safety/shield_adv_c": "NaN",
    "Safety/shield_violation": 3.304417610168457,
    "Time/Epoch": 229.27456665039065,
    "Time/FPS": 87.23165893554688,
    "Time/Rollout": 86.0499038696289,
    "Time/Total": 23095.078125,
    "Time/Update": 143.22459411621094,
    "TotalEnvSteps": 2000000,
    "Train/Entropy": 0.7720922231674194,
    "Train/Epoch": 99,
    "Train/KL": 0.00282031437382102,
    "Train/LR": 0,
    "Train/PolicyRatio": 1.00103497505188,
    "Train/PolicyRatio/Max": 1.0010350942611694,
    "Train/PolicyRatio/Min": 1.0010350942611694,
    "Train/PolicyRatio/Std": 0.0061142235063016415,
    "Train/PolicyStd": 0.53154057264328,
    "Train/StopIter": 40,
    "Value/Adv": -0.18954619765281677,
    "Value/cost": 2.01729416847229,
    "Value/reward": 0.8955145478248596,
    "_runtime": 23096.535539149,
    "_step": 100,
    "_timestamp": 1746519501.0794046,
    "_wandb": {
        "runtime": 23096
    }
}