{
    "Loss/Loss_cost_critic": 1.4220454692840576,
    "Loss/Loss_cost_critic/Delta": -0.4050196409225464,
    "Loss/Loss_pi": -0.012040131725370884,
    "Loss/Loss_pi/Delta": 0.011194908060133455,
    "Loss/Loss_reward_critic": 0.05207137018442154,
    "Loss/Loss_reward_critic/Delta": -0.0022182948887348175,
    "Metrics/EpCost": 35.650001525878906,
    "Metrics/EpLen": 1000,
    "Metrics/EpRet": 17.599651336669922,
    "Metrics/LagrangeMultiplier": 2.9815940856933594,
    "Metrics/LagrangeMultiplier/Max": 2.9815940856933594,
    "Metrics/LagrangeMultiplier/Min": 2.9815940856933594,
    "Metrics/LagrangeMultiplier/Std": 0,
    "Time/Epoch": 151.01498413085938,
    "Time/FPS": 132.43719482421875,
    "Time/Rollout": 71.67542266845703,
    "Time/Total": 13407.9072265625,
    "Time/Update": 79.33948516845703,
    "TotalEnvSteps": 2000000,
    "Train/Entropy": 0.29099658131599426,
    "Train/Epoch": 99,
    "Train/KL": 0.004900679457932711,
    "Train/LR": 0,
    "Train/PolicyRatio": 1.000314712524414,
    "Train/PolicyRatio/Max": 1.000314712524414,
    "Train/PolicyRatio/Min": 1.000314712524414,
    "Train/PolicyRatio/Std": 0.008102938532829285,
    "Train/PolicyStd": 0.32384413480758667,
    "Train/StopIter": 40,
    "Value/Adv": 0.055496424436569214,
    "Value/cost": 3.086268663406372,
    "Value/reward": 1.9239580631256104,
    "_runtime": 13409.803226689,
    "_step": 100,
    "_timestamp": 1746912001.6575425,
    "_wandb": {
        "runtime": 13409
    }
}