{
    "Loss/Loss_cost_critic": 5.357088088989258,
    "Loss/Loss_cost_critic/Delta": -3.0460681915283203,
    "Loss/Loss_pi": -0.42722007632255554,
    "Loss/Loss_pi/Delta": -0.3584548458456993,
    "Loss/Loss_reward_critic": 0.040991805493831635,
    "Loss/Loss_reward_critic/Delta": -0.00939035788178444,
    "Metrics/EpCost": 23.549999237060547,
    "Metrics/EpLen": 1000,
    "Metrics/EpRet": 11.5206880569458,
    "Metrics/LagrangeMultiplier": 2.9028031826019287,
    "Metrics/LagrangeMultiplier/Max": 2.9028031826019287,
    "Metrics/LagrangeMultiplier/Min": 2.9028031826019287,
    "Metrics/LagrangeMultiplier/Std": 0,
    "Safety/EpCostShield": 31.350000381469727,
    "Safety/ShieldLagrangeMultiplier": 2.8609321117401123,
    "Safety/ShieldLagrangeMultiplier/Max": 2.8609321117401123,
    "Safety/ShieldLagrangeMultiplier/Min": 2.8609321117401123,
    "Safety/ShieldLagrangeMultiplier/Std": 0,
    "Safety/shield_adv_c": "NaN",
    "Safety/shield_violation": 6.102381706237793,
    "Time/Epoch": 252.2872009277344,
    "Time/FPS": 79.27472686767578,
    "Time/Rollout": 98.14797973632812,
    "Time/Total": 22287.568359375,
    "Time/Update": 154.1390838623047,
    "TotalEnvSteps": 2000000,
    "Train/Entropy": 0.10503292828798294,
    "Train/Epoch": 99,
    "Train/KL": 0.0038339942693710327,
    "Train/LR": 0,
    "Train/PolicyRatio": 1.0016974210739136,
    "Train/PolicyRatio/Max": 1.0016974210739136,
    "Train/PolicyRatio/Min": 1.0016974210739136,
    "Train/PolicyRatio/Std": 0.006608536001294851,
    "Train/PolicyStd": 0.2688296139240265,
    "Train/StopIter": 40,
    "Value/Adv": 0.04068013280630112,
    "Value/cost": 2.7462618350982666,
    "Value/reward": 1.3686193227767944,
    "_runtime": 22289.397217051,
    "_step": 100,
    "_timestamp": 1746642415.4188378,
    "_wandb": {
        "runtime": 22289
    }
}