{
    "Loss/Loss_cost_critic": 0.0008099583210423589,
    "Loss/Loss_cost_critic/Delta": -0.002317718113772571,
    "Loss/Loss_pi": -0.0010745251784101129,
    "Loss/Loss_pi/Delta": 0.00018338579684495929,
    "Loss/Loss_reward_critic": 0.03837009519338608,
    "Loss/Loss_reward_critic/Delta": -0.004800818860530853,
    "Metrics/EpCost": 0,
    "Metrics/EpLen": 500,
    "Metrics/EpRet": 8.593807220458984,
    "Metrics/LagrangeMultiplier": 10.253480911254885,
    "Metrics/LagrangeMultiplier/Max": 10.253480911254885,
    "Metrics/LagrangeMultiplier/Min": 10.253480911254885,
    "Metrics/LagrangeMultiplier/Std": 0,
    "Misc/AcceptanceStep": 1,
    "Misc/Alpha": 11.91271686553955,
    "Misc/FinalStepNorm": 0.23434361815452576,
    "Misc/H_inv_g": 0.019671719521284103,
    "Misc/gradient_norm": 0.021489670500159264,
    "Misc/xHx": 0.00014092159108258784,
    "Time/Epoch": 112.66533660888672,
    "Time/FPS": 177.5168914794922,
    "Time/Rollout": 101.20663452148438,
    "Time/Total": 11957.396484375,
    "Time/Update": 11.458680152893066,
    "TotalEnvSteps": 2000000,
    "Train/Entropy": 0.8035150170326233,
    "Train/Epoch": 99,
    "Train/KL": 0.0003850286884699017,
    "Train/LR": 0,
    "Train/PolicyRatio": 1.0001195669174194,
    "Train/PolicyRatio/Max": 1.0001195669174194,
    "Train/PolicyRatio/Min": 1.0001195669174194,
    "Train/PolicyRatio/Std": 8.451849134871736e-05,
    "Train/PolicyStd": 0.5407986640930176,
    "Train/StopIter": 10,
    "Value/Adv": -7.629394338515282e-10,
    "Value/cost": -0.0004689052584581077,
    "Value/reward": 1.6637011766433716,
    "_runtime": 11959.841985686,
    "_step": 100,
    "_timestamp": 1745037937.593077,
    "_wandb": {
        "runtime": 11959
    }
}