{
    "Loss/Loss_cost_critic": 0.11563281714916228,
    "Loss/Loss_cost_critic/Delta": 0.11030822014436126,
    "Loss/Loss_pi": -0.001210301881656051,
    "Loss/Loss_pi/Delta": -0.0006820987327955663,
    "Loss/Loss_reward_critic": 0.008622496388852596,
    "Loss/Loss_reward_critic/Delta": 0.0026298402808606625,
    "Metrics/EpCost": 0.4000000059604645,
    "Metrics/EpLen": 1000,
    "Metrics/EpRet": -0.787870466709137,
    "Metrics/LagrangeMultiplier": 156.29356384277344,
    "Metrics/LagrangeMultiplier/Max": 156.29356384277344,
    "Metrics/LagrangeMultiplier/Min": 156.29356384277344,
    "Metrics/LagrangeMultiplier/Std": 0,
    "Time/Epoch": 101.55714416503906,
    "Time/FPS": 196.93345642089844,
    "Time/Rollout": 49.14008712768555,
    "Time/Total": 9751.435546875,
    "Time/Update": 52.41699981689453,
    "TotalEnvSteps": 2000000,
    "Train/Entropy": 0.94814795255661,
    "Train/Epoch": 99,
    "Train/KL": 0.005443894304335117,
    "Train/LR": 0,
    "Train/PolicyRatio": 0.9994868636131288,
    "Train/PolicyRatio/Max": 0.9994868636131288,
    "Train/PolicyRatio/Min": 0.9994868636131288,
    "Train/PolicyRatio/Std": 0.007783203385770321,
    "Train/PolicyStd": 0.6248340606689453,
    "Train/StopIter": 40,
    "Value/Adv": 0.0895385891199112,
    "Value/cost": 0.0440947562456131,
    "Value/reward": 0.015909468755126,
    "_runtime": 9753.019672843,
    "_step": 100,
    "_timestamp": 1745030426.055552,
    "_wandb": {
        "runtime": 9753
    }
}