{
    "Loss/Loss_cost_critic": 2.253755807876587,
    "Loss/Loss_cost_critic/Delta": -0.1957705020904541,
    "Loss/Loss_pi": -0.13268741965293884,
    "Loss/Loss_pi/Delta": -0.10885942168533802,
    "Loss/Loss_reward_critic": 0.007296525873243809,
    "Loss/Loss_reward_critic/Delta": -0.003073982894420624,
    "Metrics/EpCost": 12.020000457763672,
    "Metrics/EpLen": 1000,
    "Metrics/EpRet": 0.13081370294094086,
    "Metrics/LagrangeMultiplier": 3.104710340499878,
    "Metrics/LagrangeMultiplier/Max": 3.104710340499878,
    "Metrics/LagrangeMultiplier/Min": 3.104710340499878,
    "Metrics/LagrangeMultiplier/Std": 0,
    "Safety/EpCostShield": 18.100000381469727,
    "Safety/ShieldLagrangeMultiplier": 2.7833807468414307,
    "Safety/ShieldLagrangeMultiplier/Max": 2.7833807468414307,
    "Safety/ShieldLagrangeMultiplier/Min": 2.7833807468414307,
    "Safety/ShieldLagrangeMultiplier/Std": 0,
    "Safety/shield_adv_c": "NaN",
    "Safety/shield_violation": 2.1804065704345703,
    "Time/Epoch": 260.37969970703125,
    "Time/FPS": 76.81090545654297,
    "Time/Rollout": 112.82935333251952,
    "Time/Total": 23944.607421875,
    "Time/Update": 147.55023193359375,
    "TotalEnvSteps": 2000000,
    "Train/Entropy": 0.6299768686294556,
    "Train/Epoch": 99,
    "Train/KL": 0.003692533122375607,
    "Train/LR": 0,
    "Train/PolicyRatio": 1.0003340244293213,
    "Train/PolicyRatio/Max": 1.0003340244293213,
    "Train/PolicyRatio/Min": 1.0003340244293213,
    "Train/PolicyRatio/Std": 0.006299280095845461,
    "Train/PolicyStd": 0.4546961784362793,
    "Train/StopIter": 40,
    "Value/Adv": -0.01309490017592907,
    "Value/cost": 0.838621199131012,
    "Value/reward": -0.005819473881274462,
    "_runtime": 23945.894209358,
    "_step": 100,
    "_timestamp": 1746584991.3206155,
    "_wandb": {
        "runtime": 23945
    }
}