{
    "Loss/Loss_cost_critic": 1.3496942520141602,
    "Loss/Loss_cost_critic/Delta": -1.043961524963379,
    "Loss/Loss_pi": -0.30648747086524963,
    "Loss/Loss_pi/Delta": 0.0064351558685302734,
    "Loss/Loss_reward_critic": 0.11255539953708649,
    "Loss/Loss_reward_critic/Delta": 0.020524032413959503,
    "Metrics/EpCost": 0.8700000047683716,
    "Metrics/EpLen": 500,
    "Metrics/EpRet": 11.439579010009766,
    "Metrics/LagrangeMultiplier": 0.7383190989494324,
    "Metrics/LagrangeMultiplier/Max": 0.7383190989494324,
    "Metrics/LagrangeMultiplier/Min": 0.7383190989494324,
    "Metrics/LagrangeMultiplier/Std": 0,
    "Misc/AcceptanceStep": 1,
    "Misc/Alpha": 2.7076094150543213,
    "Misc/FinalStepNorm": 0.28439220786094666,
    "Misc/H_inv_g": 0.10503442585468292,
    "Misc/gradient_norm": 0.09820836782455444,
    "Misc/xHx": 0.002728075487539172,
    "Safety/EpCostShield": 3,
    "Safety/ShieldLagrangeMultiplier": 0.9283587336540222,
    "Safety/ShieldLagrangeMultiplier/Max": 0.9283587336540222,
    "Safety/ShieldLagrangeMultiplier/Min": 0.9283587336540222,
    "Safety/ShieldLagrangeMultiplier/Std": 0,
    "Safety/shield_adv_c": 0.10255802422761916,
    "Safety/shield_violation": 0.20774106681346893,
    "Time/Epoch": 99.91907501220705,
    "Time/FPS": 200.16197204589844,
    "Time/Rollout": 80.95116424560547,
    "Time/Total": 10227.0166015625,
    "Time/Update": 18.96789169311523,
    "TotalEnvSteps": 2000000,
    "Train/Entropy": 1.8898483514785769,
    "Train/Epoch": 99,
    "Train/KL": 0.00030446433811448514,
    "Train/LR": 0,
    "Train/PolicyRatio": 1.005276083946228,
    "Train/PolicyRatio/Max": 1.005276083946228,
    "Train/PolicyRatio/Min": 1.005276083946228,
    "Train/PolicyRatio/Std": 0.003730726661160588,
    "Train/PolicyStd": 2.0372867584228516,
    "Train/StopIter": 10,
    "Value/Adv": 2.2888182460434332e-09,
    "Value/cost": 0.22606833279132843,
    "Value/reward": 2.2965917587280273,
    "_runtime": 10228.240222408,
    "_step": 100,
    "_timestamp": 1746621639.2815485,
    "_wandb": {
        "runtime": 10228
    }
}