{
    "Loss/Loss_cost_critic": 5.749843120574951,
    "Loss/Loss_cost_critic/Delta": -4.343342304229736,
    "Loss/Loss_pi": -0.26770538091659546,
    "Loss/Loss_pi/Delta": -0.1251191645860672,
    "Loss/Loss_reward_critic": 0.030009225010871887,
    "Loss/Loss_reward_critic/Delta": 0.0009385440498590468,
    "Metrics/EpCost": 30.989999771118164,
    "Metrics/EpLen": 1000,
    "Metrics/EpRet": 7.073488712310791,
    "Metrics/LagrangeMultiplier": 2.754899263381958,
    "Metrics/LagrangeMultiplier/Max": 2.754899263381958,
    "Metrics/LagrangeMultiplier/Min": 2.754899263381958,
    "Metrics/LagrangeMultiplier/Std": 0,
    "Safety/EpCostShield": 34.70000076293945,
    "Safety/ShieldLagrangeMultiplier": 2.7989284992218018,
    "Safety/ShieldLagrangeMultiplier/Max": 2.7989284992218018,
    "Safety/ShieldLagrangeMultiplier/Min": 2.7989284992218018,
    "Safety/ShieldLagrangeMultiplier/Std": 0,
    "Safety/shield_adv_c": "NaN",
    "Safety/shield_violation": 4.587655544281006,
    "Time/Epoch": 285.33990478515625,
    "Time/FPS": 70.09185028076172,
    "Time/Rollout": 98.6617431640625,
    "Time/Total": 27129.5546875,
    "Time/Update": 186.6779937744141,
    "TotalEnvSteps": 2000000,
    "Train/Entropy": 0.6141716837882996,
    "Train/Epoch": 99,
    "Train/KL": 0.003239208832383156,
    "Train/LR": 0,
    "Train/PolicyRatio": 1.001948356628418,
    "Train/PolicyRatio/Max": 1.001948356628418,
    "Train/PolicyRatio/Min": 1.001948356628418,
    "Train/PolicyRatio/Std": 0.006177376490086317,
    "Train/PolicyStd": 0.4471926987171173,
    "Train/StopIter": 40,
    "Value/Adv": -0.08912406861782074,
    "Value/cost": 1.9483516216278076,
    "Value/reward": 0.7276429533958435,
    "_runtime": 27131.688464785,
    "_step": 100,
    "_timestamp": 1746620594.9577732,
    "_wandb": {
        "runtime": 27131
    }
}