{
    "Loss/Loss_cost_critic": 7.521707057952881,
    "Loss/Loss_cost_critic/Delta": -0.408994197845459,
    "Loss/Loss_pi": -0.32748159766197205,
    "Loss/Loss_pi/Delta": -0.12509840726852417,
    "Loss/Loss_reward_critic": 0.04230768606066704,
    "Loss/Loss_reward_critic/Delta": -0.00044100359082221985,
    "Metrics/EpCost": 34.68000030517578,
    "Metrics/EpLen": 1000,
    "Metrics/EpRet": 13.19249153137207,
    "Metrics/LagrangeMultiplier": 2.8980445861816406,
    "Metrics/LagrangeMultiplier/Max": 2.8980445861816406,
    "Metrics/LagrangeMultiplier/Min": 2.8980445861816406,
    "Metrics/LagrangeMultiplier/Std": 0,
    "Safety/EpCostShield": 44.20000076293945,
    "Safety/ShieldLagrangeMultiplier": 2.8779287338256836,
    "Safety/ShieldLagrangeMultiplier/Max": 2.8779287338256836,
    "Safety/ShieldLagrangeMultiplier/Min": 2.8779287338256836,
    "Safety/ShieldLagrangeMultiplier/Std": 0,
    "Safety/shield_adv_c": "NaN",
    "Safety/shield_violation": 6.478161334991455,
    "Time/Epoch": 244.79014587402344,
    "Time/FPS": 81.70263671875,
    "Time/Rollout": 104.66535949707033,
    "Time/Total": 24144.328125,
    "Time/Update": 140.12474060058594,
    "TotalEnvSteps": 2000000,
    "Train/Entropy": 0.06913740187883377,
    "Train/Epoch": 99,
    "Train/KL": 0.0037457395810633898,
    "Train/LR": 0,
    "Train/PolicyRatio": 1.000471591949463,
    "Train/PolicyRatio/Max": 1.0004717111587524,
    "Train/PolicyRatio/Min": 1.0004717111587524,
    "Train/PolicyRatio/Std": 0.006164602003991604,
    "Train/PolicyStd": 0.2593640387058258,
    "Train/StopIter": 40,
    "Value/Adv": -0.04790974408388138,
    "Value/cost": 3.189183235168457,
    "Value/reward": 1.350847840309143,
    "_runtime": 24146.529524709,
    "_step": 100,
    "_timestamp": 1746567595.4078195,
    "_wandb": {
        "runtime": 24146
    }
}