{
    "Loss/Loss_cost_critic": 0.05014676600694656,
    "Loss/Loss_cost_critic/Delta": -0.2666636034846306,
    "Loss/Loss_pi": -0.0026347090024501085,
    "Loss/Loss_pi/Delta": 0.00121111492626369,
    "Loss/Loss_reward_critic": 0.0022253512870520353,
    "Loss/Loss_reward_critic/Delta": 0.0001301080919802189,
    "Metrics/EpCost": 0.6299999952316284,
    "Metrics/EpLen": 1000,
    "Metrics/EpRet": -0.29660752415657043,
    "Metrics/LagrangeMultiplier": 143.9033660888672,
    "Metrics/LagrangeMultiplier/Max": 143.9033660888672,
    "Metrics/LagrangeMultiplier/Min": 143.9033660888672,
    "Metrics/LagrangeMultiplier/Std": 0,
    "Misc/AcceptanceStep": 1,
    "Misc/Alpha": 5.214587211608887,
    "Misc/FinalStepNorm": 0.2998862564563751,
    "Misc/H_inv_g": 0.05750910565257072,
    "Misc/gradient_norm": 0.04025503247976303,
    "Misc/xHx": 0.0007355025736615062,
    "Time/Epoch": 111.69580078125,
    "Time/FPS": 179.05776977539062,
    "Time/Rollout": 91.12864685058594,
    "Time/Total": 11182.1748046875,
    "Time/Update": 20.567113876342773,
    "TotalEnvSteps": 2000000,
    "Train/Entropy": 1.251712679862976,
    "Train/Epoch": 99,
    "Train/KL": 0.00030145529308356345,
    "Train/LR": 0,
    "Train/PolicyRatio": 1.0001834630966189,
    "Train/PolicyRatio/Max": 1.0001834630966189,
    "Train/PolicyRatio/Min": 1.0001834630966189,
    "Train/PolicyRatio/Std": 0.00012975609570275992,
    "Train/PolicyStd": 0.8512153625488281,
    "Train/StopIter": 10,
    "Value/Adv": -9.155272984173736e-09,
    "Value/cost": 0.21237878501415253,
    "Value/reward": -0.027769338339567184,
    "_runtime": 11184.585424453,
    "_step": 100,
    "_timestamp": 1745006432.4010303,
    "_wandb": {
        "runtime": 11184
    }
}