{
    "Loss/Loss_cost_critic": 0.0649610161781311,
    "Loss/Loss_cost_critic/Delta": -0.697552502155304,
    "Loss/Loss_pi": -0.0014254404231905935,
    "Loss/Loss_pi/Delta": 0.0038135312497615814,
    "Loss/Loss_reward_critic": 0.006481248419731855,
    "Loss/Loss_reward_critic/Delta": 0.00033528776839375496,
    "Metrics/EpCost": 2.299999952316284,
    "Metrics/EpLen": 1000,
    "Metrics/EpRet": -0.23231102526187897,
    "Metrics/LagrangeMultiplier": 175.82310485839844,
    "Metrics/LagrangeMultiplier/Max": 175.82310485839844,
    "Metrics/LagrangeMultiplier/Min": 175.82310485839844,
    "Metrics/LagrangeMultiplier/Std": 0,
    "Time/Epoch": 159.42962646484375,
    "Time/FPS": 125.44719696044922,
    "Time/Rollout": 80.00588989257812,
    "Time/Total": 14997.6142578125,
    "Time/Update": 79.4236831665039,
    "TotalEnvSteps": 2000000,
    "Train/Entropy": 0.514981210231781,
    "Train/Epoch": 99,
    "Train/KL": 0.003101801499724388,
    "Train/LR": 0,
    "Train/PolicyRatio": 0.9995908737182616,
    "Train/PolicyRatio/Max": 0.9995908737182616,
    "Train/PolicyRatio/Min": 0.9995908737182616,
    "Train/PolicyRatio/Std": 0.006012137047946453,
    "Train/PolicyStd": 0.40497642755508423,
    "Train/StopIter": 40,
    "Value/Adv": -0.08895742893218994,
    "Value/cost": 0.25419867038726807,
    "Value/reward": -0.06493382900953293,
    "_runtime": 14998.681359725,
    "_step": 100,
    "_timestamp": 1745032027.5420718,
    "_wandb": {
        "runtime": 14998
    }
}