{
    "Loss/Loss_cost_critic": 0.769131600856781,
    "Loss/Loss_cost_critic/Delta": 0.14642363786697388,
    "Loss/Loss_pi": 0.04177357628941536,
    "Loss/Loss_pi/Delta": 0.1267053671181202,
    "Loss/Loss_reward_critic": 0.006412522401660681,
    "Loss/Loss_reward_critic/Delta": -0.002680172678083182,
    "Metrics/EpCost": 1.5,
    "Metrics/EpLen": 1000,
    "Metrics/EpRet": -0.06159784272313118,
    "Metrics/LagrangeMultiplier": 2.3165476322174072,
    "Metrics/LagrangeMultiplier/Max": 2.3165476322174072,
    "Metrics/LagrangeMultiplier/Min": 2.3165476322174072,
    "Metrics/LagrangeMultiplier/Std": 0,
    "Misc/AcceptanceStep": 1,
    "Misc/Alpha": 1.127766489982605,
    "Misc/FinalStepNorm": 0.30365854501724243,
    "Misc/H_inv_g": 0.2692565619945526,
    "Misc/gradient_norm": 0.14964516460895538,
    "Misc/xHx": 0.015725024044513702,
    "Safety/EpCostShield": 17.5,
    "Safety/ShieldLagrangeMultiplier": 2.362072467803955,
    "Safety/ShieldLagrangeMultiplier/Max": 2.362072467803955,
    "Safety/ShieldLagrangeMultiplier/Min": 2.362072467803955,
    "Safety/ShieldLagrangeMultiplier/Std": 0,
    "Safety/shield_adv_c": -0.2161974161863327,
    "Safety/shield_violation": 1.0109728574752808,
    "Time/Epoch": 85.28133392333984,
    "Time/FPS": 234.5178985595703,
    "Time/Rollout": 71.55103302001953,
    "Time/Total": 8640.4453125,
    "Time/Update": 13.730286598205566,
    "TotalEnvSteps": 2000000,
    "Train/Entropy": 1.4696502685546875,
    "Train/Epoch": 99,
    "Train/KL": 0.0002938664983958006,
    "Train/LR": 0,
    "Train/PolicyRatio": 0.999792754650116,
    "Train/PolicyRatio/Max": 0.999792754650116,
    "Train/PolicyRatio/Min": 0.999792754650116,
    "Train/PolicyRatio/Std": 0.00014658673899248242,
    "Train/PolicyStd": 1.0528148412704468,
    "Train/StopIter": 10,
    "Value/Adv": -1.5258788677030564e-09,
    "Value/cost": 0.14947251975536346,
    "Value/reward": -0.00025855418061837554,
    "_runtime": 8642.103695431,
    "_step": 100,
    "_timestamp": 1746564665.43915,
    "_wandb": {
        "runtime": 8642
    }
}