{
    "Loss/Loss_cost_critic": 4.73000955581665,
    "Loss/Loss_cost_critic/Delta": 1.5725672245025637,
    "Loss/Loss_pi": -0.21282193064689636,
    "Loss/Loss_pi/Delta": 0.05303102731704712,
    "Loss/Loss_reward_critic": 0.004861743189394474,
    "Loss/Loss_reward_critic/Delta": 0.0008920086547732353,
    "Metrics/EpCost": 17,
    "Metrics/EpLen": 1000,
    "Metrics/EpRet": 0.5296618938446045,
    "Metrics/LagrangeMultiplier": 3.2908670902252197,
    "Metrics/LagrangeMultiplier/Max": 3.2908670902252197,
    "Metrics/LagrangeMultiplier/Min": 3.2908670902252197,
    "Metrics/LagrangeMultiplier/Std": 0,
    "Safety/EpCostShield": 54.5,
    "Safety/ShieldLagrangeMultiplier": 3.1118366718292236,
    "Safety/ShieldLagrangeMultiplier/Max": 3.1118366718292236,
    "Safety/ShieldLagrangeMultiplier/Min": 3.1118366718292236,
    "Safety/ShieldLagrangeMultiplier/Std": 0,
    "Safety/shield_adv_c": "NaN",
    "Safety/shield_violation": 5.480108737945557,
    "Time/Epoch": 145.80203247070312,
    "Time/FPS": 137.17230224609375,
    "Time/Rollout": 66.31620788574219,
    "Time/Total": 14668.8603515625,
    "Time/Update": 79.48577117919922,
    "TotalEnvSteps": 2000000,
    "Train/Entropy": 0.7055444717407227,
    "Train/Epoch": 99,
    "Train/KL": 0.002420538803562522,
    "Train/LR": 0,
    "Train/PolicyRatio": 1.000200867652893,
    "Train/PolicyRatio/Max": 1.000200867652893,
    "Train/PolicyRatio/Min": 1.000200867652893,
    "Train/PolicyRatio/Std": 0.005619867704808712,
    "Train/PolicyStd": 0.4938325583934784,
    "Train/StopIter": 40,
    "Value/Adv": -0.17998257279396057,
    "Value/cost": 1.5836046934127808,
    "Value/reward": 0.09355700016021729,
    "_runtime": 14670.502070886,
    "_step": 100,
    "_timestamp": 1746511037.6478918,
    "_wandb": {
        "runtime": 14670
    }
}