{
    "Loss/Loss_cost_critic": 0.06545135378837585,
    "Loss/Loss_cost_critic/Delta": -0.5060174763202667,
    "Loss/Loss_pi": -0.0019906037487089634,
    "Loss/Loss_pi/Delta": -0.0005876529030501842,
    "Loss/Loss_reward_critic": 0.005834262352436781,
    "Loss/Loss_reward_critic/Delta": 0.001474427990615368,
    "Metrics/EpCost": 0.5199999809265137,
    "Metrics/EpLen": 500,
    "Metrics/EpRet": 0.541045069694519,
    "Misc/A": 0.022656532004475594,
    "Misc/AcceptanceStep": 1,
    "Misc/Alpha": 0.9362574219703674,
    "Misc/B": -425.0527648925781,
    "Misc/FinalStepNorm": 0.2984584867954254,
    "Misc/H_inv_g": 0.3146131634712219,
    "Misc/Lambda_star": 0,
    "Misc/Nu_star": 5.60716438293457,
    "Misc/OptimCase": 0,
    "Misc/cost_gradient_norm": 0.0235500056296587,
    "Misc/gradient_norm": 0.22172783315181732,
    "Misc/q": 0.022815987467765808,
    "Misc/r": -0.00031848764047026634,
    "Misc/s": 0.0006361163686960936,
    "Misc/xHx": 0.022815987467765808,
    "Time/Epoch": 103.74181365966795,
    "Time/FPS": 192.7863006591797,
    "Time/Rollout": 95.30873107910156,
    "Time/Total": 10404.486328125,
    "Time/Update": 8.43307113647461,
    "TotalEnvSteps": 2000000,
    "Train/Entropy": 1.392988204956055,
    "Train/Epoch": 99,
    "Train/KL": 0.00017433275934308767,
    "Train/LR": 0,
    "Train/PolicyRatio": 1.0005115270614624,
    "Train/PolicyRatio/Max": 1.0005115270614624,
    "Train/PolicyRatio/Min": 1.0005115270614624,
    "Train/PolicyRatio/Std": 0.000361676124157384,
    "Train/PolicyStd": 0.9786244034767152,
    "Train/StopIter": 10,
    "Value/Adv": -6.866454960174906e-09,
    "Value/cost": 0.22986409068107605,
    "Value/reward": 0.09541038423776628,
    "_runtime": 10406.031360321,
    "_step": 100,
    "_timestamp": 1743335819.5315669,
    "_wandb": {
        "runtime": 10406
    }
}