{
    "Loss/Loss_cost_critic": 5.948088645935059,
    "Loss/Loss_cost_critic/Delta": 0.8424019813537598,
    "Loss/Loss_pi": -0.30836939811706543,
    "Loss/Loss_pi/Delta": 0.061713337898254395,
    "Loss/Loss_reward_critic": 0.05140920355916023,
    "Loss/Loss_reward_critic/Delta": 0.010508827865123749,
    "Metrics/EpCost": 26.100000381469727,
    "Metrics/EpLen": 1000,
    "Metrics/EpRet": 6.287360668182373,
    "Metrics/LagrangeMultiplier": 2.7964088916778564,
    "Metrics/LagrangeMultiplier/Max": 2.7964088916778564,
    "Metrics/LagrangeMultiplier/Min": 2.7964088916778564,
    "Metrics/LagrangeMultiplier/Std": 0,
    "Safety/EpCostShield": 77.0999984741211,
    "Safety/ShieldLagrangeMultiplier": 2.8166980743408203,
    "Safety/ShieldLagrangeMultiplier/Max": 2.8166980743408203,
    "Safety/ShieldLagrangeMultiplier/Min": 2.8166980743408203,
    "Safety/ShieldLagrangeMultiplier/Std": 0,
    "Safety/shield_adv_c": "NaN",
    "Safety/shield_violation": 9.126142501831056,
    "Time/Epoch": 171.1410675048828,
    "Time/FPS": 116.86266326904295,
    "Time/Rollout": 72.44586944580078,
    "Time/Total": 15386.96875,
    "Time/Update": 98.69512939453124,
    "TotalEnvSteps": 2000000,
    "Train/Entropy": 0.3302724361419678,
    "Train/Epoch": 99,
    "Train/KL": 0.0031590547878295183,
    "Train/LR": 0,
    "Train/PolicyRatio": 1.0004926919937134,
    "Train/PolicyRatio/Max": 1.0004926919937134,
    "Train/PolicyRatio/Min": 1.0004926919937134,
    "Train/PolicyRatio/Std": 0.006043317727744579,
    "Train/PolicyStd": 0.33939921855926514,
    "Train/StopIter": 40,
    "Value/Adv": -0.13114741444587708,
    "Value/cost": 3.6012749671936035,
    "Value/reward": 0.7905450463294983,
    "_runtime": 15388.725085743,
    "_step": 100,
    "_timestamp": 1746565610.6962574,
    "_wandb": {
        "runtime": 15388
    }
}