{
    "Loss/Loss_cost_critic": 1.58555805683136,
    "Loss/Loss_cost_critic/Delta": -0.9740089178085328,
    "Loss/Loss_pi": -0.4702652394771576,
    "Loss/Loss_pi/Delta": -0.2934250682592392,
    "Loss/Loss_reward_critic": 0.0091111920773983,
    "Loss/Loss_reward_critic/Delta": 0.004501566756516695,
    "Metrics/EpCost": 5.420000076293945,
    "Metrics/EpLen": 1000,
    "Metrics/EpRet": 0.23458445072174072,
    "Metrics/LagrangeMultiplier": 2.8833158016204834,
    "Metrics/LagrangeMultiplier/Max": 2.8833158016204834,
    "Metrics/LagrangeMultiplier/Min": 2.8833158016204834,
    "Metrics/LagrangeMultiplier/Std": 0,
    "Safety/EpCostShield": 6.75,
    "Safety/ShieldLagrangeMultiplier": 2.8638861179351807,
    "Safety/ShieldLagrangeMultiplier/Max": 2.8638861179351807,
    "Safety/ShieldLagrangeMultiplier/Min": 2.8638861179351807,
    "Safety/ShieldLagrangeMultiplier/Std": 0,
    "Safety/shield_adv_c": "NaN",
    "Safety/shield_violation": 4.476842880249023,
    "Time/Epoch": 135.6920166015625,
    "Time/FPS": 147.39260864257812,
    "Time/Rollout": 54.27140808105469,
    "Time/Total": 14137.2431640625,
    "Time/Update": 81.42057037353516,
    "TotalEnvSteps": 2000000,
    "Train/Entropy": 0.1642540842294693,
    "Train/Epoch": 99,
    "Train/KL": 0.00339955510571599,
    "Train/LR": 0,
    "Train/PolicyRatio": 1.0010528564453125,
    "Train/PolicyRatio/Max": 1.0010528564453125,
    "Train/PolicyRatio/Min": 1.0010528564453125,
    "Train/PolicyRatio/Std": 0.006143980659544468,
    "Train/PolicyStd": 0.2851864695549011,
    "Train/StopIter": 40,
    "Value/Adv": -0.11745532602071762,
    "Value/cost": 1.0337601900100708,
    "Value/reward": 0.008930444717407227,
    "_runtime": 14138.699834048,
    "_step": 100,
    "_timestamp": 1746555887.0797286,
    "_wandb": {
        "runtime": 14138
    }
}