{
    "Loss/Loss_cost_critic": 4.723536014556885,
    "Loss/Loss_cost_critic/Delta": -0.593595027923584,
    "Loss/Loss_pi": -0.2821885943412781,
    "Loss/Loss_pi/Delta": -0.0002454519271850586,
    "Loss/Loss_reward_critic": 0.04083644598722458,
    "Loss/Loss_reward_critic/Delta": -0.005780138075351715,
    "Metrics/EpCost": 18.350000381469727,
    "Metrics/EpLen": 1000,
    "Metrics/EpRet": 9.19212245941162,
    "Metrics/LagrangeMultiplier": 3.0085248947143555,
    "Metrics/LagrangeMultiplier/Max": 3.0085248947143555,
    "Metrics/LagrangeMultiplier/Min": 3.0085248947143555,
    "Metrics/LagrangeMultiplier/Std": 0,
    "Safety/EpCostShield": 34.45000076293945,
    "Safety/ShieldLagrangeMultiplier": 2.944552183151245,
    "Safety/ShieldLagrangeMultiplier/Max": 2.944552183151245,
    "Safety/ShieldLagrangeMultiplier/Min": 2.944552183151245,
    "Safety/ShieldLagrangeMultiplier/Std": 0,
    "Safety/shield_adv_c": "NaN",
    "Safety/shield_violation": 4.633643627166748,
    "Time/Epoch": 209.89404296875,
    "Time/FPS": 95.28617095947266,
    "Time/Rollout": 82.26402282714844,
    "Time/Total": 21403.400390625,
    "Time/Update": 127.62995147705078,
    "TotalEnvSteps": 2000000,
    "Train/Entropy": 0.638792097568512,
    "Train/Epoch": 99,
    "Train/KL": 0.002889451803639531,
    "Train/LR": 0,
    "Train/PolicyRatio": 1.0008642673492432,
    "Train/PolicyRatio/Max": 1.0008642673492432,
    "Train/PolicyRatio/Min": 1.0008642673492432,
    "Train/PolicyRatio/Std": 0.006288123782724142,
    "Train/PolicyStd": 0.477722704410553,
    "Train/StopIter": 40,
    "Value/Adv": 0.02283402346074581,
    "Value/cost": 1.941533446311951,
    "Value/reward": 0.925494909286499,
    "_runtime": 21404.546972708,
    "_step": 100,
    "_timestamp": 1746517796.350299,
    "_wandb": {
        "runtime": 21404
    }
}