{
    "Loss/Loss_cost_critic": 15.23401927947998,
    "Loss/Loss_cost_critic/Delta": 8.01995325088501,
    "Loss/Loss_pi": -0.00889752060174942,
    "Loss/Loss_pi/Delta": 0.0005856333300471306,
    "Loss/Loss_reward_critic": 0.44540441036224365,
    "Loss/Loss_reward_critic/Delta": 0.11542409658432008,
    "Metrics/EpCost": 73.70999908447266,
    "Metrics/EpLen": 500,
    "Metrics/EpRet": 37.83112716674805,
    "Metrics/LagrangeMultiplier": 0.2412838488817215,
    "Metrics/LagrangeMultiplier/Max": 0.2412838488817215,
    "Metrics/LagrangeMultiplier/Min": 0.2412838488817215,
    "Metrics/LagrangeMultiplier/Std": 0,
    "Misc/AcceptanceStep": 1,
    "Misc/Alpha": 1.5207592248916626,
    "Misc/FinalStepNorm": 0.18658556044101715,
    "Misc/H_inv_g": 0.12269237637519836,
    "Misc/gradient_norm": 0.3272460103034973,
    "Misc/xHx": 0.008647858165204525,
    "Time/Epoch": 117.21381378173828,
    "Time/FPS": 170.62835693359375,
    "Time/Rollout": 101.316650390625,
    "Time/Total": 11774.6455078125,
    "Time/Update": 15.897137641906738,
    "TotalEnvSteps": 2000000,
    "Train/Entropy": 0.58538818359375,
    "Train/Epoch": 99,
    "Train/KL": 0.0004450450069271028,
    "Train/LR": 0,
    "Train/PolicyRatio": 1.0002294778823853,
    "Train/PolicyRatio/Max": 1.0002295970916748,
    "Train/PolicyRatio/Min": 1.0002295970916748,
    "Train/PolicyRatio/Std": 0.00016234970826189965,
    "Train/PolicyStd": 0.4464752674102783,
    "Train/StopIter": 10,
    "Value/Adv": 5.722045948175491e-09,
    "Value/cost": 19.70524024963379,
    "Value/reward": 8.234110832214355,
    "_runtime": 11776.875925298,
    "_step": 100,
    "_timestamp": 1745016256.276834,
    "_wandb": {
        "runtime": 11776
    }
}