{
    "Loss/Loss_cost_critic": 1.1890991926193235,
    "Loss/Loss_cost_critic/Delta": -0.09658527374267578,
    "Loss/Loss_pi": -0.009107060730457306,
    "Loss/Loss_pi/Delta": -0.00020874012261629105,
    "Loss/Loss_reward_critic": 0.008334939368069172,
    "Loss/Loss_reward_critic/Delta": -0.00484430231153965,
    "Metrics/EpCost": 13.470000267028809,
    "Metrics/EpLen": 1000,
    "Metrics/EpRet": 0.5619953870773315,
    "Metrics/LagrangeMultiplier": 0.3498685657978058,
    "Metrics/LagrangeMultiplier/Max": 0.3498685657978058,
    "Metrics/LagrangeMultiplier/Min": 0.3498685657978058,
    "Metrics/LagrangeMultiplier/Std": 0,
    "Misc/AcceptanceStep": 1,
    "Misc/Alpha": 1.468489646911621,
    "Misc/FinalStepNorm": 0.23733946681022644,
    "Misc/H_inv_g": 0.16162148118019104,
    "Misc/gradient_norm": 0.19226229190826416,
    "Misc/xHx": 0.009274439886212347,
    "Time/Epoch": 93.76121520996094,
    "Time/FPS": 213.3078155517578,
    "Time/Rollout": 82.73658752441406,
    "Time/Total": 9425.5068359375,
    "Time/Update": 11.024601936340332,
    "TotalEnvSteps": 2000000,
    "Train/Entropy": 1.237614631652832,
    "Train/Epoch": 99,
    "Train/KL": 0.0004080059297848493,
    "Train/LR": 0,
    "Train/PolicyRatio": 0.9992759823799132,
    "Train/PolicyRatio/Max": 0.999276041984558,
    "Train/PolicyRatio/Min": 0.999276041984558,
    "Train/PolicyRatio/Std": 0.0005119156558066607,
    "Train/PolicyStd": 0.8383705019950867,
    "Train/StopIter": 10,
    "Value/Adv": -1.0681151962899094e-08,
    "Value/cost": 1.9056556224823,
    "Value/reward": 0.09614061564207076,
    "_runtime": 9427.539210122,
    "_step": 100,
    "_timestamp": 1745004656.7050197,
    "_wandb": {
        "runtime": 9427
    }
}