{
    "Loss/Loss_cost_critic": 3.594155550003052,
    "Loss/Loss_cost_critic/Delta": -2.4387423992156982,
    "Loss/Loss_pi": -0.413506418466568,
    "Loss/Loss_pi/Delta": -0.5745720416307449,
    "Loss/Loss_reward_critic": 0.03749914839863777,
    "Loss/Loss_reward_critic/Delta": 0.0007962025701999664,
    "Metrics/EpCost": 32.41999816894531,
    "Metrics/EpLen": 1000,
    "Metrics/EpRet": 4.404470920562744,
    "Metrics/LagrangeMultiplier": 2.8927581310272217,
    "Metrics/LagrangeMultiplier/Max": 2.8927581310272217,
    "Metrics/LagrangeMultiplier/Min": 2.8927581310272217,
    "Metrics/LagrangeMultiplier/Std": 0,
    "Safety/EpCostShield": 24.450000762939453,
    "Safety/ShieldLagrangeMultiplier": 2.956824541091919,
    "Safety/ShieldLagrangeMultiplier/Max": 2.956824541091919,
    "Safety/ShieldLagrangeMultiplier/Min": 2.956824541091919,
    "Safety/ShieldLagrangeMultiplier/Std": 0,
    "Safety/shield_adv_c": "NaN",
    "Safety/shield_violation": 5.484907627105713,
    "Time/Epoch": 185.7364959716797,
    "Time/FPS": 107.67942810058594,
    "Time/Rollout": 88.18397521972656,
    "Time/Total": 16788.048828125,
    "Time/Update": 97.55245971679688,
    "TotalEnvSteps": 2000000,
    "Train/Entropy": 0.29247114062309265,
    "Train/Epoch": 99,
    "Train/KL": 0.003402786562219262,
    "Train/LR": 0,
    "Train/PolicyRatio": 1.0026737451553345,
    "Train/PolicyRatio/Max": 1.0026737451553345,
    "Train/PolicyRatio/Min": 1.0026737451553345,
    "Train/PolicyRatio/Std": 0.006237600464373827,
    "Train/PolicyStd": 0.3242858052253723,
    "Train/StopIter": 40,
    "Value/Adv": 0.37577277421951294,
    "Value/cost": 1.7549662590026855,
    "Value/reward": 0.4668008387088776,
    "_runtime": 16789.895680486,
    "_step": 100,
    "_timestamp": 1746610315.9318345,
    "_wandb": {
        "runtime": 16789
    }
}