{
    "Loss/Loss_cost_critic": 1.1023924350738523,
    "Loss/Loss_cost_critic/Delta": 0.13358259201049805,
    "Loss/Loss_pi": -0.008839983493089676,
    "Loss/Loss_pi/Delta": 0.0017857439815998075,
    "Loss/Loss_reward_critic": 0.05943940579891205,
    "Loss/Loss_reward_critic/Delta": 0.006271205842494965,
    "Metrics/EpCost": 22.950000762939453,
    "Metrics/EpLen": 1000,
    "Metrics/EpRet": 8.982033729553223,
    "Metrics/LagrangeMultiplier": 3.1929469108581543,
    "Metrics/LagrangeMultiplier/Max": 3.1929469108581543,
    "Metrics/LagrangeMultiplier/Min": 3.1929469108581543,
    "Metrics/LagrangeMultiplier/Std": 0,
    "Time/Epoch": 182.9935607910156,
    "Time/FPS": 109.29347229003906,
    "Time/Rollout": 78.5105209350586,
    "Time/Total": 18216.267578125,
    "Time/Update": 104.48294067382812,
    "TotalEnvSteps": 2000000,
    "Train/Entropy": 0.8530589938163757,
    "Train/Epoch": 99,
    "Train/KL": 0.0038081365637481217,
    "Train/LR": 0,
    "Train/PolicyRatio": 0.9995421767234802,
    "Train/PolicyRatio/Max": 0.999542236328125,
    "Train/PolicyRatio/Min": 0.999542236328125,
    "Train/PolicyRatio/Std": 0.006226120516657829,
    "Train/PolicyStd": 0.5678621530532837,
    "Train/StopIter": 40,
    "Value/Adv": 0.08018065989017487,
    "Value/cost": 3.740675687789917,
    "Value/reward": 1.0472670793533323,
    "_runtime": 18217.73073945,
    "_step": 100,
    "_timestamp": 1746916807.787719,
    "_wandb": {
        "runtime": 18217
    }
}