{
    "Loss/Loss_cost_critic": 3.88487696647644,
    "Loss/Loss_cost_critic/Delta": 2.253153920173645,
    "Loss/Loss_pi": -0.3286456763744354,
    "Loss/Loss_pi/Delta": 0.030489802360534668,
    "Loss/Loss_reward_critic": 0.04041112586855888,
    "Loss/Loss_reward_critic/Delta": 0.0033451318740844727,
    "Metrics/EpCost": 6.559999942779541,
    "Metrics/EpLen": 1000,
    "Metrics/EpRet": 8.261731147766113,
    "Metrics/LagrangeMultiplier": 2.5224671363830566,
    "Metrics/LagrangeMultiplier/Max": 2.5224671363830566,
    "Metrics/LagrangeMultiplier/Min": 2.5224671363830566,
    "Metrics/LagrangeMultiplier/Std": 0,
    "Misc/AcceptanceStep": 1,
    "Misc/Alpha": 1.2317888736724854,
    "Misc/FinalStepNorm": 0.2738385796546936,
    "Misc/H_inv_g": 0.2223096638917923,
    "Misc/gradient_norm": 0.2184581756591797,
    "Misc/xHx": 0.013181264512240888,
    "Safety/EpCostShield": 18.25,
    "Safety/ShieldLagrangeMultiplier": 2.3948819637298584,
    "Safety/ShieldLagrangeMultiplier/Max": 2.3948819637298584,
    "Safety/ShieldLagrangeMultiplier/Min": 2.3948819637298584,
    "Safety/ShieldLagrangeMultiplier/Std": 0,
    "Safety/shield_adv_c": 0.8090612888336182,
    "Safety/shield_violation": 2.647740125656128,
    "Time/Epoch": 115.01130676269533,
    "Time/FPS": 173.8959503173828,
    "Time/Rollout": 88.54940795898438,
    "Time/Total": 12010.6357421875,
    "Time/Update": 26.46186065673828,
    "TotalEnvSteps": 2000000,
    "Train/Entropy": 2.1351540088653564,
    "Train/Epoch": 99,
    "Train/KL": 0.00034995496389456093,
    "Train/LR": 0,
    "Train/PolicyRatio": 1.0019022226333618,
    "Train/PolicyRatio/Max": 1.0019023418426514,
    "Train/PolicyRatio/Min": 1.0019023418426514,
    "Train/PolicyRatio/Std": 0.001345158787444234,
    "Train/PolicyStd": 2.1486291885375977,
    "Train/StopIter": 10,
    "Value/Adv": 6.866454960174906e-09,
    "Value/cost": 1.264095902442932,
    "Value/reward": 1.0086565017700195,
    "_runtime": 12012.42888338,
    "_step": 100,
    "_timestamp": 1746508418.7959936,
    "_wandb": {
        "runtime": 12012
    }
}