{
    "Loss/Loss_cost_critic": 0.10746517032384872,
    "Loss/Loss_cost_critic/Delta": 0.10703123558778316,
    "Loss/Loss_pi": -0.0018844875739887357,
    "Loss/Loss_pi/Delta": -0.0017153369990410283,
    "Loss/Loss_reward_critic": 0.01615341380238533,
    "Loss/Loss_reward_critic/Delta": 0.0031725922599434853,
    "Metrics/EpCost": 0.1899999976158142,
    "Metrics/EpLen": 500,
    "Metrics/EpRet": 3.000457763671875,
    "Metrics/LagrangeMultiplier": 68.48274230957031,
    "Metrics/LagrangeMultiplier/Max": 68.48274230957031,
    "Metrics/LagrangeMultiplier/Min": 68.48274230957031,
    "Metrics/LagrangeMultiplier/Std": 0,
    "Time/Epoch": 159.162109375,
    "Time/FPS": 125.65804290771484,
    "Time/Rollout": 98.9518051147461,
    "Time/Total": 14292.8076171875,
    "Time/Update": 60.210235595703125,
    "TotalEnvSteps": 2000000,
    "Train/Entropy": 0.13810931146144867,
    "Train/Epoch": 99,
    "Train/KL": 0.004999034572392702,
    "Train/LR": 0,
    "Train/PolicyRatio": 1.002277970314026,
    "Train/PolicyRatio/Max": 1.002277970314026,
    "Train/PolicyRatio/Min": 1.002277970314026,
    "Train/PolicyRatio/Std": 0.008660569787025452,
    "Train/PolicyStd": 0.2778424024581909,
    "Train/StopIter": 40,
    "Value/Adv": 0.052413005381822586,
    "Value/cost": 0.028736095875501633,
    "Value/reward": 0.6139405965805054,
    "_runtime": 14294.12208543,
    "_step": 100,
    "_timestamp": 1745056369.6865113,
    "_wandb": {
        "runtime": 14294
    }
}