{
    "Loss/Loss_cost_critic": 5.49436092376709,
    "Loss/Loss_cost_critic/Delta": 0.13831472396850586,
    "Loss/Loss_pi": -0.450664222240448,
    "Loss/Loss_pi/Delta": 0.05580747127532959,
    "Loss/Loss_reward_critic": 0.06887732446193695,
    "Loss/Loss_reward_critic/Delta": 0.014975018799304962,
    "Metrics/EpCost": 24.1299991607666,
    "Metrics/EpLen": 1000,
    "Metrics/EpRet": 9.582566261291504,
    "Metrics/LagrangeMultiplier": 2.992526054382324,
    "Metrics/LagrangeMultiplier/Max": 2.992526054382324,
    "Metrics/LagrangeMultiplier/Min": 2.992526054382324,
    "Metrics/LagrangeMultiplier/Std": 0,
    "Safety/EpCostShield": 63.150001525878906,
    "Safety/ShieldLagrangeMultiplier": 2.9922566413879395,
    "Safety/ShieldLagrangeMultiplier/Max": 2.9922566413879395,
    "Safety/ShieldLagrangeMultiplier/Min": 2.9922566413879395,
    "Safety/ShieldLagrangeMultiplier/Std": 0,
    "Safety/shield_adv_c": "NaN",
    "Safety/shield_violation": 9.279940605163574,
    "Time/Epoch": 183.19239807128903,
    "Time/FPS": 109.17484283447266,
    "Time/Rollout": 84.9973373413086,
    "Time/Total": 18670.5546875,
    "Time/Update": 98.19499206542967,
    "TotalEnvSteps": 2000000,
    "Train/Entropy": 0.408429890871048,
    "Train/Epoch": 99,
    "Train/KL": 0.0028615430928766727,
    "Train/LR": 0,
    "Train/PolicyRatio": 1.000935673713684,
    "Train/PolicyRatio/Max": 1.000935673713684,
    "Train/PolicyRatio/Min": 1.000935673713684,
    "Train/PolicyRatio/Std": 0.0057698870077729225,
    "Train/PolicyStd": 0.3698436915874481,
    "Train/StopIter": 40,
    "Value/Adv": -0.10288123786449432,
    "Value/cost": 3.5870132446289062,
    "Value/reward": 0.9927344918251038,
    "_runtime": 18671.521753176,
    "_step": 100,
    "_timestamp": 1746524899.6502528,
    "_wandb": {
        "runtime": 18671
    }
}