{
    "Loss/Loss_cost_critic": 3.324751853942871,
    "Loss/Loss_cost_critic/Delta": -0.6620461940765381,
    "Loss/Loss_pi": -0.14851032197475433,
    "Loss/Loss_pi/Delta": 0.003538668155670166,
    "Loss/Loss_reward_critic": 0.04764353856444359,
    "Loss/Loss_reward_critic/Delta": -0.0032510310411453247,
    "Metrics/EpCost": 19.11000061035156,
    "Metrics/EpLen": 1000,
    "Metrics/EpRet": 12.483625411987305,
    "Metrics/LagrangeMultiplier": 2.820732593536377,
    "Metrics/LagrangeMultiplier/Max": 2.820732593536377,
    "Metrics/LagrangeMultiplier/Min": 2.820732593536377,
    "Metrics/LagrangeMultiplier/Std": 0,
    "Safety/EpCostShield": 33.599998474121094,
    "Safety/ShieldLagrangeMultiplier": 2.9137606620788574,
    "Safety/ShieldLagrangeMultiplier/Max": 2.9137606620788574,
    "Safety/ShieldLagrangeMultiplier/Min": 2.9137606620788574,
    "Safety/ShieldLagrangeMultiplier/Std": 0,
    "Safety/shield_adv_c": "NaN",
    "Safety/shield_violation": 4.008714199066162,
    "Time/Epoch": 183.47427368164065,
    "Time/FPS": 109.0071029663086,
    "Time/Rollout": 88.7980728149414,
    "Time/Total": 16204.7353515625,
    "Time/Update": 94.6761474609375,
    "TotalEnvSteps": 2000000,
    "Train/Entropy": 0.07588665932416916,
    "Train/Epoch": 99,
    "Train/KL": 0.004169763997197151,
    "Train/LR": 0,
    "Train/PolicyRatio": 1.0003818273544312,
    "Train/PolicyRatio/Max": 1.0003818273544312,
    "Train/PolicyRatio/Min": 1.0003818273544312,
    "Train/PolicyRatio/Std": 0.00705688027665019,
    "Train/PolicyStd": 0.2611059248447418,
    "Train/StopIter": 40,
    "Value/Adv": 0.014620628207921982,
    "Value/cost": 1.5450780391693115,
    "Value/reward": 1.2341488599777222,
    "_runtime": 16206.14388267,
    "_step": 100,
    "_timestamp": 1746580883.979133,
    "_wandb": {
        "runtime": 16206
    }
}