{
    "Loss/Loss_cost_critic": 6.622086524963379,
    "Loss/Loss_cost_critic/Delta": 1.1355023384094238,
    "Loss/Loss_pi": -0.2254999876022339,
    "Loss/Loss_pi/Delta": 0.07883277535438538,
    "Loss/Loss_reward_critic": 0.1859432607889175,
    "Loss/Loss_reward_critic/Delta": 0.01238924264907837,
    "Metrics/EpCost": 2.799999952316284,
    "Metrics/EpLen": 500,
    "Metrics/EpRet": 20.47614288330078,
    "Metrics/LagrangeMultiplier": 1.0970309972763062,
    "Metrics/LagrangeMultiplier/Max": 1.0970309972763062,
    "Metrics/LagrangeMultiplier/Min": 1.0970309972763062,
    "Metrics/LagrangeMultiplier/Std": 0,
    "Misc/AcceptanceStep": 1,
    "Misc/Alpha": 1.9034875631332395,
    "Misc/FinalStepNorm": 0.2317523658275604,
    "Misc/H_inv_g": 0.12175144255161284,
    "Misc/gradient_norm": 0.10977712273597716,
    "Misc/xHx": 0.005519873928278685,
    "Safety/EpCostShield": 12.699999809265137,
    "Safety/ShieldLagrangeMultiplier": 1.3360379934310913,
    "Safety/ShieldLagrangeMultiplier/Max": 1.3360379934310913,
    "Safety/ShieldLagrangeMultiplier/Min": 1.3360379934310913,
    "Safety/ShieldLagrangeMultiplier/Std": 0,
    "Safety/shield_adv_c": 0.22393587231636047,
    "Safety/shield_violation": 1.657590627670288,
    "Time/Epoch": 124.55599212646484,
    "Time/FPS": 160.5703582763672,
    "Time/Rollout": 97.06305694580078,
    "Time/Total": 12314.3310546875,
    "Time/Update": 27.492889404296875,
    "TotalEnvSteps": 2000000,
    "Train/Entropy": 1.673862099647522,
    "Train/Epoch": 99,
    "Train/KL": 0.0004132725007366389,
    "Train/LR": 0,
    "Train/PolicyRatio": 1.0027942657470703,
    "Train/PolicyRatio/Max": 1.0027942657470703,
    "Train/PolicyRatio/Min": 1.0027942657470703,
    "Train/PolicyRatio/Std": 0.0019759004935622215,
    "Train/PolicyStd": 1.41193425655365,
    "Train/StopIter": 10,
    "Value/Adv": -4.577636492086867e-09,
    "Value/cost": 0.5547306537628174,
    "Value/reward": 4.242018222808838,
    "_runtime": 12316.465822239,
    "_step": 100,
    "_timestamp": 1746520562.8514502,
    "_wandb": {
        "runtime": 12316
    }
}