{
    "Loss/Loss_cost_critic": 2.891571283340454,
    "Loss/Loss_cost_critic/Delta": 0.11392331123352052,
    "Loss/Loss_pi": -0.30322423577308655,
    "Loss/Loss_pi/Delta": 0.01219227910041809,
    "Loss/Loss_reward_critic": 0.0885113775730133,
    "Loss/Loss_reward_critic/Delta": 0.009477198123931885,
    "Metrics/EpCost": 2.359999895095825,
    "Metrics/EpLen": 500,
    "Metrics/EpRet": 10.751245498657228,
    "Metrics/LagrangeMultiplier": 0.835636556148529,
    "Metrics/LagrangeMultiplier/Max": 0.835636556148529,
    "Metrics/LagrangeMultiplier/Min": 0.835636556148529,
    "Metrics/LagrangeMultiplier/Std": 0,
    "Misc/AcceptanceStep": 1,
    "Misc/Alpha": 2.1495962142944336,
    "Misc/FinalStepNorm": 0.29724591970443726,
    "Misc/H_inv_g": 0.13827988505363464,
    "Misc/gradient_norm": 0.09337285161018372,
    "Misc/xHx": 0.004328278824687004,
    "Safety/EpCostShield": 7.275000095367432,
    "Safety/ShieldLagrangeMultiplier": 0.9693706035614014,
    "Safety/ShieldLagrangeMultiplier/Max": 0.9693706035614014,
    "Safety/ShieldLagrangeMultiplier/Min": 0.9693706035614014,
    "Safety/ShieldLagrangeMultiplier/Std": 0,
    "Safety/shield_adv_c": -0.0915960893034935,
    "Safety/shield_violation": 0.6572485566139221,
    "Time/Epoch": 104.21300506591795,
    "Time/FPS": 191.9146270751953,
    "Time/Rollout": 87.13507843017578,
    "Time/Total": 10621.2353515625,
    "Time/Update": 17.077903747558594,
    "TotalEnvSteps": 2000000,
    "Train/Entropy": 1.990878224372864,
    "Train/Epoch": 99,
    "Train/KL": 0.0003492079267743975,
    "Train/LR": 0,
    "Train/PolicyRatio": 1.0024728775024414,
    "Train/PolicyRatio/Max": 1.0024728775024414,
    "Train/PolicyRatio/Min": 1.0024728775024414,
    "Train/PolicyRatio/Std": 0.001748588401824236,
    "Train/PolicyStd": 2.151618719100952,
    "Train/StopIter": 10,
    "Value/Adv": 1.0681151962899094e-08,
    "Value/cost": 0.3819162845611572,
    "Value/reward": 2.156787395477295,
    "_runtime": 10622.622942402,
    "_step": 100,
    "_timestamp": 1746921551.6101918,
    "_wandb": {
        "runtime": 10622
    }
}