{
    "Loss/Loss_cost_critic": 1.7268704175949097,
    "Loss/Loss_cost_critic/Delta": 0.5119485855102539,
    "Loss/Loss_pi": -0.23197157680988312,
    "Loss/Loss_pi/Delta": 0.058715954422950745,
    "Loss/Loss_reward_critic": 0.008806267753243446,
    "Loss/Loss_reward_critic/Delta": 0.003221399150788784,
    "Metrics/EpCost": 4.889999866485596,
    "Metrics/EpLen": 1000,
    "Metrics/EpRet": -0.07144321501255035,
    "Metrics/LagrangeMultiplier": 2.5559048652648926,
    "Metrics/LagrangeMultiplier/Max": 2.5559048652648926,
    "Metrics/LagrangeMultiplier/Min": 2.5559048652648926,
    "Metrics/LagrangeMultiplier/Std": 0,
    "Misc/AcceptanceStep": 1,
    "Misc/Alpha": 1.210649013519287,
    "Misc/FinalStepNorm": 0.35111626982688904,
    "Misc/H_inv_g": 0.29002314805984497,
    "Misc/gradient_norm": 0.08128120750188828,
    "Misc/xHx": 0.013645616360008717,
    "Safety/EpCostShield": 18.799999237060547,
    "Safety/ShieldLagrangeMultiplier": 2.536588668823242,
    "Safety/ShieldLagrangeMultiplier/Max": 2.536588668823242,
    "Safety/ShieldLagrangeMultiplier/Min": 2.536588668823242,
    "Safety/ShieldLagrangeMultiplier/Std": 0,
    "Safety/shield_adv_c": -0.28296899795532227,
    "Safety/shield_violation": 1.7443851232528689,
    "Time/Epoch": 128.16392517089844,
    "Time/FPS": 156.05015563964844,
    "Time/Rollout": 105.06443786621094,
    "Time/Total": 13040.3115234375,
    "Time/Update": 23.099464416503903,
    "TotalEnvSteps": 2000000,
    "Train/Entropy": 2.177885055541992,
    "Train/Epoch": 99,
    "Train/KL": 0.00020626724290195853,
    "Train/LR": 0,
    "Train/PolicyRatio": 1.0011707544326782,
    "Train/PolicyRatio/Max": 1.0011708736419678,
    "Train/PolicyRatio/Min": 1.0011708736419678,
    "Train/PolicyRatio/Std": 0.0008278203313238919,
    "Train/PolicyStd": 2.143300771713257,
    "Train/StopIter": 10,
    "Value/Adv": 1.0299681996173149e-08,
    "Value/cost": 0.5409943461418152,
    "Value/reward": -0.00761601235717535,
    "_runtime": 13041.681533963,
    "_step": 100,
    "_timestamp": 1746523985.7712238,
    "_wandb": {
        "runtime": 13041
    }
}