{
    "Loss/Loss_cost_critic": 0.3423624336719513,
    "Loss/Loss_cost_critic/Delta": 0.027132928371429443,
    "Loss/Loss_pi": -0.008282337337732315,
    "Loss/Loss_pi/Delta": 0.0032636858522892,
    "Loss/Loss_reward_critic": 0.0105456979945302,
    "Loss/Loss_reward_critic/Delta": 0.002766950987279415,
    "Metrics/EpCost": 18.38999938964844,
    "Metrics/EpLen": 1000,
    "Metrics/EpRet": -0.020384598523378372,
    "Metrics/LagrangeMultiplier": 0.31727340817451477,
    "Metrics/LagrangeMultiplier/Max": 0.31727340817451477,
    "Metrics/LagrangeMultiplier/Min": 0.31727340817451477,
    "Metrics/LagrangeMultiplier/Std": 0,
    "Time/Epoch": 199.0761260986328,
    "Time/FPS": 100.46408081054688,
    "Time/Rollout": 96.11005401611328,
    "Time/Total": 16573.603515625,
    "Time/Update": 102.96600341796876,
    "TotalEnvSteps": 2000000,
    "Train/Entropy": 0.020559167489409447,
    "Train/Epoch": 99,
    "Train/KL": 0.00487490464001894,
    "Train/LR": 0,
    "Train/PolicyRatio": 1.0008323192596436,
    "Train/PolicyRatio/Max": 1.0008323192596436,
    "Train/PolicyRatio/Min": 1.0008323192596436,
    "Train/PolicyRatio/Std": 0.007579554338008165,
    "Train/PolicyStd": 0.24734243750572205,
    "Train/StopIter": 40,
    "Value/Adv": 0.03784006088972092,
    "Value/cost": 1.3735688924789429,
    "Value/reward": 0.042787134647369385,
    "_runtime": 16574.814574817,
    "_step": 100,
    "_timestamp": 1745044562.3383763,
    "_wandb": {
        "runtime": 16574
    }
}