{
    "Loss/Loss_cost_critic": 3.662659168243408,
    "Loss/Loss_cost_critic/Delta": -0.7270727157592773,
    "Loss/Loss_pi": -0.21421992778778076,
    "Loss/Loss_pi/Delta": -0.005556359887123108,
    "Loss/Loss_reward_critic": 0.05355481803417206,
    "Loss/Loss_reward_critic/Delta": 0.0068582333624362946,
    "Metrics/EpCost": 12.109999656677246,
    "Metrics/EpLen": 1000,
    "Metrics/EpRet": 10.842021942138672,
    "Metrics/LagrangeMultiplier": 2.5889930725097656,
    "Metrics/LagrangeMultiplier/Max": 2.5889930725097656,
    "Metrics/LagrangeMultiplier/Min": 2.5889930725097656,
    "Metrics/LagrangeMultiplier/Std": 0,
    "Misc/AcceptanceStep": 1,
    "Misc/Alpha": 0.9780155420303344,
    "Misc/FinalStepNorm": 0.2997373938560486,
    "Misc/H_inv_g": 0.30647510290145874,
    "Misc/gradient_norm": 0.125033438205719,
    "Misc/xHx": 0.02090924233198166,
    "Safety/EpCostShield": 27.149999618530273,
    "Safety/ShieldLagrangeMultiplier": 2.4967620372772217,
    "Safety/ShieldLagrangeMultiplier/Max": 2.4967620372772217,
    "Safety/ShieldLagrangeMultiplier/Min": 2.4967620372772217,
    "Safety/ShieldLagrangeMultiplier/Std": 0,
    "Safety/shield_adv_c": 0.3962440490722656,
    "Safety/shield_violation": 2.2372567653656006,
    "Time/Epoch": 85.7269058227539,
    "Time/FPS": 233.2989959716797,
    "Time/Rollout": 67.51467895507812,
    "Time/Total": 8597.98828125,
    "Time/Update": 18.21221160888672,
    "TotalEnvSteps": 2000000,
    "Train/Entropy": 1.7951492071151731,
    "Train/Epoch": 99,
    "Train/KL": 0.0002976895484607667,
    "Train/LR": 0,
    "Train/PolicyRatio": 1.0022703409194946,
    "Train/PolicyRatio/Max": 1.0022704601287842,
    "Train/PolicyRatio/Min": 1.0022704601287842,
    "Train/PolicyRatio/Std": 0.0016054577426984906,
    "Train/PolicyStd": 1.487468719482422,
    "Train/StopIter": 10,
    "Value/Adv": -4.577636492086867e-09,
    "Value/cost": 0.7123717069625854,
    "Value/reward": 1.1124191284179688,
    "_runtime": 8605.21661574,
    "_step": 100,
    "_timestamp": 1746602115.8716571,
    "_wandb": {
        "runtime": 8605
    }
}