{
    "Loss/Loss_cost_critic": 1.409691333770752,
    "Loss/Loss_cost_critic/Delta": -0.18585515022277832,
    "Loss/Loss_pi": -0.00900155957788229,
    "Loss/Loss_pi/Delta": -0.0002061743289232254,
    "Loss/Loss_reward_critic": 0.009746400639414787,
    "Loss/Loss_reward_critic/Delta": -0.000615706667304039,
    "Metrics/EpCost": 35.060001373291016,
    "Metrics/EpLen": 1000,
    "Metrics/EpRet": 0.5437278151512146,
    "Metrics/LagrangeMultiplier": 0.3351828157901764,
    "Metrics/LagrangeMultiplier/Max": 0.3351828157901764,
    "Metrics/LagrangeMultiplier/Min": 0.3351828157901764,
    "Metrics/LagrangeMultiplier/Std": 0,
    "Misc/AcceptanceStep": 1,
    "Misc/Alpha": 1.4888218641281128,
    "Misc/FinalStepNorm": 0.24935045838356015,
    "Misc/H_inv_g": 0.16748173534870148,
    "Misc/gradient_norm": 0.1758682280778885,
    "Misc/xHx": 0.009022855199873447,
    "Time/Epoch": 80.71528625488281,
    "Time/FPS": 247.78453063964844,
    "Time/Rollout": 71.12508392333984,
    "Time/Total": 8027.603515625,
    "Time/Update": 9.590185165405272,
    "TotalEnvSteps": 2000000,
    "Train/Entropy": 1.2712149620056152,
    "Train/Epoch": 99,
    "Train/KL": 0.000408159161452204,
    "Train/LR": 0,
    "Train/PolicyRatio": 1.0017226934432983,
    "Train/PolicyRatio/Max": 1.0017226934432983,
    "Train/PolicyRatio/Min": 1.0017226934432983,
    "Train/PolicyRatio/Std": 0.0012181000784039495,
    "Train/PolicyStd": 0.8650347590446472,
    "Train/StopIter": 10,
    "Value/Adv": 7.629394338515282e-10,
    "Value/cost": 3.002364158630371,
    "Value/reward": 0.03836649656295776,
    "_runtime": 8029.802114598,
    "_step": 100,
    "_timestamp": 1745003268.9448972,
    "_wandb": {
        "runtime": 8029
    }
}