{
    "Loss/Loss_cost_critic": 0.539375901222229,
    "Loss/Loss_cost_critic/Delta": 0.5389074155536946,
    "Loss/Loss_pi": -0.004978774581104517,
    "Loss/Loss_pi/Delta": -0.0048673246637918055,
    "Loss/Loss_reward_critic": 0.06993477791547775,
    "Loss/Loss_reward_critic/Delta": 0.016391653567552567,
    "Metrics/EpCost": 0.7599999904632568,
    "Metrics/EpLen": 500,
    "Metrics/EpRet": 11.703129768371582,
    "Metrics/LagrangeMultiplier": 100.03816986083984,
    "Metrics/LagrangeMultiplier/Max": 100.03816986083984,
    "Metrics/LagrangeMultiplier/Min": 100.03816986083984,
    "Metrics/LagrangeMultiplier/Std": 0,
    "Misc/AcceptanceStep": 1,
    "Misc/Alpha": 2.5353496074676514,
    "Misc/FinalStepNorm": 0.2630280554294586,
    "Misc/H_inv_g": 0.1037442982196808,
    "Misc/gradient_norm": 0.10275863856077194,
    "Misc/xHx": 0.0031113787554204464,
    "Time/Epoch": 116.74449920654295,
    "Time/FPS": 171.3142852783203,
    "Time/Rollout": 101.79901123046876,
    "Time/Total": 11581.19921875,
    "Time/Update": 14.945430755615234,
    "TotalEnvSteps": 2000000,
    "Train/Entropy": 1.4308452606201172,
    "Train/Epoch": 99,
    "Train/KL": 0.00035008988925255835,
    "Train/LR": 0,
    "Train/PolicyRatio": 1.0014413595199585,
    "Train/PolicyRatio/Max": 1.0014413595199585,
    "Train/PolicyRatio/Min": 1.0014413595199585,
    "Train/PolicyRatio/Std": 0.001019110786728561,
    "Train/PolicyStd": 1.041631102561951,
    "Train/StopIter": 10,
    "Value/Adv": -6.723403611630374e-09,
    "Value/cost": 0.030863849446177483,
    "Value/reward": 1.9310144186019895,
    "_runtime": 11582.556316487,
    "_step": 100,
    "_timestamp": 1745016994.425692,
    "_wandb": {
        "runtime": 11582
    }
}