{
    "Loss/Loss_cost_critic": 3.1086578369140625,
    "Loss/Loss_cost_critic/Delta": 2.3339046835899353,
    "Loss/Loss_pi": -0.1634955257177353,
    "Loss/Loss_pi/Delta": 0.1025695651769638,
    "Loss/Loss_reward_critic": 0.0829358696937561,
    "Loss/Loss_reward_critic/Delta": 0.009543739259243011,
    "Metrics/EpCost": 0.5600000023841858,
    "Metrics/EpLen": 500,
    "Metrics/EpRet": 10.092066764831545,
    "Metrics/LagrangeMultiplier": 1.0395461320877075,
    "Metrics/LagrangeMultiplier/Max": 1.0395461320877075,
    "Metrics/LagrangeMultiplier/Min": 1.0395461320877075,
    "Metrics/LagrangeMultiplier/Std": 0,
    "Misc/AcceptanceStep": 1,
    "Misc/Alpha": 1.679247260093689,
    "Misc/FinalStepNorm": 0.2805296778678894,
    "Misc/H_inv_g": 0.16705679893493652,
    "Misc/gradient_norm": 0.09281757473945618,
    "Misc/xHx": 0.007092512212693691,
    "Safety/EpCostShield": 11.550000190734863,
    "Safety/ShieldLagrangeMultiplier": 1.4103586673736572,
    "Safety/ShieldLagrangeMultiplier/Max": 1.4103586673736572,
    "Safety/ShieldLagrangeMultiplier/Min": 1.4103586673736572,
    "Safety/ShieldLagrangeMultiplier/Std": 0,
    "Safety/shield_adv_c": 0.05982305109500885,
    "Safety/shield_violation": 0.7088559865951538,
    "Time/Epoch": 131.6246337890625,
    "Time/FPS": 151.94725036621094,
    "Time/Rollout": 107.13775634765624,
    "Time/Total": 13287.2255859375,
    "Time/Update": 24.486845016479492,
    "TotalEnvSteps": 2000000,
    "Train/Entropy": 1.840609073638916,
    "Train/Epoch": 99,
    "Train/KL": 0.00032349838875234127,
    "Train/LR": 0,
    "Train/PolicyRatio": 1.0025091171264648,
    "Train/PolicyRatio/Max": 1.0025091171264648,
    "Train/PolicyRatio/Min": 1.0025091171264648,
    "Train/PolicyRatio/Std": 0.0017742699710652232,
    "Train/PolicyStd": 1.8564904928207395,
    "Train/StopIter": 10,
    "Value/Adv": -6.103515470812226e-09,
    "Value/cost": 0.0741652324795723,
    "Value/reward": 1.9794012308120728,
    "_runtime": 13289.140306689,
    "_step": 100,
    "_timestamp": 1746548298.420785,
    "_wandb": {
        "runtime": 13289
    }
}