{
    "Loss/Loss_cost_critic": 2.9840099811553955,
    "Loss/Loss_cost_critic/Delta": -3.7439582347869873,
    "Loss/Loss_pi": -0.13011080026626587,
    "Loss/Loss_pi/Delta": 0.04659856855869293,
    "Loss/Loss_reward_critic": 0.004911636468023062,
    "Loss/Loss_reward_critic/Delta": 0.00010178564116358756,
    "Metrics/EpCost": 8.739999771118164,
    "Metrics/EpLen": 1000,
    "Metrics/EpRet": 0.3665482699871063,
    "Metrics/LagrangeMultiplier": 2.1734530925750732,
    "Metrics/LagrangeMultiplier/Max": 2.1734530925750732,
    "Metrics/LagrangeMultiplier/Min": 2.1734530925750732,
    "Metrics/LagrangeMultiplier/Std": 0,
    "Misc/AcceptanceStep": 1,
    "Misc/Alpha": 1.5320916175842283,
    "Misc/FinalStepNorm": 0.3112645745277405,
    "Misc/H_inv_g": 0.20316314697265625,
    "Misc/gradient_norm": 0.13822591304779053,
    "Misc/xHx": 0.008520400151610374,
    "Safety/EpCostShield": 11.5,
    "Safety/ShieldLagrangeMultiplier": 2.5515971183776855,
    "Safety/ShieldLagrangeMultiplier/Max": 2.5515971183776855,
    "Safety/ShieldLagrangeMultiplier/Min": 2.5515971183776855,
    "Safety/ShieldLagrangeMultiplier/Std": 0,
    "Safety/shield_adv_c": -0.15526176989078522,
    "Safety/shield_violation": 1.3412936925888062,
    "Time/Epoch": 135.40896606445312,
    "Time/FPS": 147.70071411132812,
    "Time/Rollout": 103.82009887695312,
    "Time/Total": 13442.6845703125,
    "Time/Update": 31.58882522583008,
    "TotalEnvSteps": 2000000,
    "Train/Entropy": 2.0670976638793945,
    "Train/Epoch": 99,
    "Train/KL": 0.0002873691264539957,
    "Train/LR": 0,
    "Train/PolicyRatio": 0.9997224807739258,
    "Train/PolicyRatio/Max": 0.9997224807739258,
    "Train/PolicyRatio/Min": 0.9997224807739258,
    "Train/PolicyRatio/Std": 0.0001962638198165223,
    "Train/PolicyStd": 1.9144138097763064,
    "Train/StopIter": 10,
    "Value/Adv": 1.0299681996173149e-08,
    "Value/cost": 0.7227057218551636,
    "Value/reward": 0.06890362501144409,
    "_runtime": 13444.09817678,
    "_step": 100,
    "_timestamp": 1746553137.17617,
    "_wandb": {
        "runtime": 13444
    }
}