{
    "Loss/Loss_cost_critic": 1.8168964385986328,
    "Loss/Loss_cost_critic/Delta": -0.03937280178070069,
    "Loss/Loss_pi": -0.12390056997537612,
    "Loss/Loss_pi/Delta": 0.15028690546751022,
    "Loss/Loss_reward_critic": 0.004048388451337814,
    "Loss/Loss_reward_critic/Delta": -0.0007421248592436314,
    "Metrics/EpCost": 4.789999961853027,
    "Metrics/EpLen": 1000,
    "Metrics/EpRet": 0.13093578815460205,
    "Metrics/LagrangeMultiplier": 2.557753562927246,
    "Metrics/LagrangeMultiplier/Max": 2.557753562927246,
    "Metrics/LagrangeMultiplier/Min": 2.557753562927246,
    "Metrics/LagrangeMultiplier/Std": 0,
    "Misc/AcceptanceStep": 1,
    "Misc/Alpha": 1.6430152654647827,
    "Misc/FinalStepNorm": 0.3349584937095642,
    "Misc/H_inv_g": 0.20386815071105957,
    "Misc/gradient_norm": 0.08945843577384949,
    "Misc/xHx": 0.007408772129565477,
    "Safety/EpCostShield": 16.100000381469727,
    "Safety/ShieldLagrangeMultiplier": 2.514636278152466,
    "Safety/ShieldLagrangeMultiplier/Max": 2.514636278152466,
    "Safety/ShieldLagrangeMultiplier/Min": 2.514636278152466,
    "Safety/ShieldLagrangeMultiplier/Std": 0,
    "Safety/shield_adv_c": -0.024583879858255383,
    "Safety/shield_violation": 0.8295959830284119,
    "Time/Epoch": 105.55773162841795,
    "Time/FPS": 189.46978759765625,
    "Time/Rollout": 88.68846893310547,
    "Time/Total": 10534.119140625,
    "Time/Update": 16.86922836303711,
    "TotalEnvSteps": 2000000,
    "Train/Entropy": 2.4765357971191406,
    "Train/Epoch": 99,
    "Train/KL": 0.00029287574579939246,
    "Train/LR": 0,
    "Train/PolicyRatio": 1.0005820989608765,
    "Train/PolicyRatio/Max": 1.0005820989608765,
    "Train/PolicyRatio/Min": 1.0005820989608765,
    "Train/PolicyRatio/Std": 0.0004116342170163989,
    "Train/PolicyStd": 2.8794898986816406,
    "Train/StopIter": 10,
    "Value/Adv": 1.1825560974898508e-08,
    "Value/cost": 0.30644461512565613,
    "Value/reward": 0.00011574893142096698,
    "_runtime": 10535.265981333,
    "_step": 100,
    "_timestamp": 1746506925.688866,
    "_wandb": {
        "runtime": 10535
    }
}