{
    "Loss/Loss_cost_critic": 2.64525842666626,
    "Loss/Loss_cost_critic/Delta": -0.29781174659729004,
    "Loss/Loss_pi": -0.2500450611114502,
    "Loss/Loss_pi/Delta": 0.056021809577941895,
    "Loss/Loss_reward_critic": 0.03620603680610657,
    "Loss/Loss_reward_critic/Delta": -0.0006990954279899597,
    "Metrics/EpCost": 9.56999969482422,
    "Metrics/EpLen": 1000,
    "Metrics/EpRet": 8.969661712646484,
    "Metrics/LagrangeMultiplier": 2.548087358474731,
    "Metrics/LagrangeMultiplier/Max": 2.548087358474731,
    "Metrics/LagrangeMultiplier/Min": 2.548087358474731,
    "Metrics/LagrangeMultiplier/Std": 0,
    "Misc/AcceptanceStep": 1,
    "Misc/Alpha": 2.119516372680664,
    "Misc/FinalStepNorm": 0.3036629259586334,
    "Misc/H_inv_g": 0.14326991140842438,
    "Misc/gradient_norm": 0.09680956602096558,
    "Misc/xHx": 0.004452003166079521,
    "Safety/EpCostShield": 11.800000190734863,
    "Safety/ShieldLagrangeMultiplier": 2.4997730255126953,
    "Safety/ShieldLagrangeMultiplier/Max": 2.4997730255126953,
    "Safety/ShieldLagrangeMultiplier/Min": 2.4997730255126953,
    "Safety/ShieldLagrangeMultiplier/Std": 0,
    "Safety/shield_adv_c": -0.16029778122901917,
    "Safety/shield_violation": 1.4529765844345093,
    "Time/Epoch": 125.972900390625,
    "Time/FPS": 158.76431274414062,
    "Time/Rollout": 92.08666229248048,
    "Time/Total": 13034.41015625,
    "Time/Update": 33.88618087768555,
    "TotalEnvSteps": 2000000,
    "Train/Entropy": 2.174314022064209,
    "Train/Epoch": 99,
    "Train/KL": 0.0002968623593915254,
    "Train/LR": 0,
    "Train/PolicyRatio": 1.0014408826828003,
    "Train/PolicyRatio/Max": 1.0014408826828003,
    "Train/PolicyRatio/Min": 1.0014408826828003,
    "Train/PolicyRatio/Std": 0.0010188297601416707,
    "Train/PolicyStd": 2.143017053604126,
    "Train/StopIter": 10,
    "Value/Adv": -1.5258788677030564e-09,
    "Value/cost": 0.6080955862998962,
    "Value/reward": 0.7227080464363098,
    "_runtime": 13036.010976757,
    "_step": 100,
    "_timestamp": 1746509446.1680543,
    "_wandb": {
        "runtime": 13036
    }
}