{
    "Loss/Loss_cost_critic": 3.75548243522644,
    "Loss/Loss_cost_critic/Delta": -1.1704156398773191,
    "Loss/Loss_pi": -0.27716943621635437,
    "Loss/Loss_pi/Delta": -0.28753715101629496,
    "Loss/Loss_reward_critic": 0.054242487996816635,
    "Loss/Loss_reward_critic/Delta": -0.0031786300241947174,
    "Metrics/EpCost": 10.609999656677246,
    "Metrics/EpLen": 1000,
    "Metrics/EpRet": 9.775508880615234,
    "Metrics/LagrangeMultiplier": 2.5420494079589844,
    "Metrics/LagrangeMultiplier/Max": 2.5420494079589844,
    "Metrics/LagrangeMultiplier/Min": 2.5420494079589844,
    "Metrics/LagrangeMultiplier/Std": 0,
    "Misc/AcceptanceStep": 1,
    "Misc/Alpha": 1.0384901762008667,
    "Misc/FinalStepNorm": 0.25105172395706177,
    "Misc/H_inv_g": 0.24174685776233673,
    "Misc/gradient_norm": 0.14654456079006195,
    "Misc/xHx": 0.018544919788837433,
    "Safety/EpCostShield": 18.850000381469727,
    "Safety/ShieldLagrangeMultiplier": 2.432875871658325,
    "Safety/ShieldLagrangeMultiplier/Max": 2.432875871658325,
    "Safety/ShieldLagrangeMultiplier/Min": 2.432875871658325,
    "Safety/ShieldLagrangeMultiplier/Std": 0,
    "Safety/shield_adv_c": -0.4197351932525635,
    "Safety/shield_violation": 3.907892942428589,
    "Time/Epoch": 116.15910339355467,
    "Time/FPS": 172.17762756347656,
    "Time/Rollout": 91.36292266845705,
    "Time/Total": 11928.8330078125,
    "Time/Update": 24.796161651611328,
    "TotalEnvSteps": 2000000,
    "Train/Entropy": 1.1452851295471191,
    "Train/Epoch": 99,
    "Train/KL": 0.00038859667256474495,
    "Train/LR": 0,
    "Train/PolicyRatio": 1.00290048122406,
    "Train/PolicyRatio/Max": 1.00290048122406,
    "Train/PolicyRatio/Min": 1.00290048122406,
    "Train/PolicyRatio/Std": 0.002050865674391389,
    "Train/PolicyStd": 0.7655653953552246,
    "Train/StopIter": 10,
    "Value/Adv": 3.433227480087453e-09,
    "Value/cost": 2.0594377517700195,
    "Value/reward": 1.2382773160934448,
    "_runtime": 11930.806335057,
    "_step": 100,
    "_timestamp": 1746626061.936442,
    "_wandb": {
        "runtime": 11930
    }
}