{
    "Loss/Loss_cost_critic": 4.709946155548096,
    "Loss/Loss_cost_critic/Delta": -0.7734375,
    "Loss/Loss_pi": -0.22772274911403656,
    "Loss/Loss_pi/Delta": 0.04298268258571625,
    "Loss/Loss_reward_critic": 0.05234745144844055,
    "Loss/Loss_reward_critic/Delta": -0.015475206077098846,
    "Metrics/EpCost": 20.989999771118164,
    "Metrics/EpLen": 1000,
    "Metrics/EpRet": 6.882760047912598,
    "Metrics/LagrangeMultiplier": 2.8224544525146484,
    "Metrics/LagrangeMultiplier/Max": 2.8224544525146484,
    "Metrics/LagrangeMultiplier/Min": 2.8224544525146484,
    "Metrics/LagrangeMultiplier/Std": 0,
    "Safety/EpCostShield": 67.75,
    "Safety/ShieldLagrangeMultiplier": 2.7639639377593994,
    "Safety/ShieldLagrangeMultiplier/Max": 2.7639639377593994,
    "Safety/ShieldLagrangeMultiplier/Min": 2.7639639377593994,
    "Safety/ShieldLagrangeMultiplier/Std": 0,
    "Safety/shield_adv_c": "NaN",
    "Safety/shield_violation": 7.638187408447266,
    "Time/Epoch": 186.27423095703125,
    "Time/FPS": 107.36858367919922,
    "Time/Rollout": 90.52227783203124,
    "Time/Total": 18492.63671875,
    "Time/Update": 95.75189208984376,
    "TotalEnvSteps": 2000000,
    "Train/Entropy": -0.11398513615131378,
    "Train/Epoch": 99,
    "Train/KL": 0.004554711747914553,
    "Train/LR": 0,
    "Train/PolicyRatio": 1.0011602640151978,
    "Train/PolicyRatio/Max": 1.0011602640151978,
    "Train/PolicyRatio/Min": 1.0011602640151978,
    "Train/PolicyRatio/Std": 0.007116070482879877,
    "Train/PolicyStd": 0.2172250300645828,
    "Train/StopIter": 40,
    "Value/Adv": -0.0782940611243248,
    "Value/cost": 3.0184903144836426,
    "Value/reward": 0.7797394394874573,
    "_runtime": 18508.678674746,
    "_step": 100,
    "_timestamp": 1747268775.2079356,
    "_wandb": {
        "runtime": 18508
    }
}