{
    "Loss/Loss_cost_critic": 18.425281524658203,
    "Loss/Loss_cost_critic/Delta": 2.677981376647949,
    "Loss/Loss_pi": 0.023041369393467903,
    "Loss/Loss_pi/Delta": 0.14122637547552586,
    "Loss/Loss_reward_critic": 0.1083076074719429,
    "Loss/Loss_reward_critic/Delta": 0.02057351917028427,
    "Metrics/EpCost": 30.13999938964844,
    "Metrics/EpLen": 500,
    "Metrics/EpRet": 16.950101852416992,
    "Metrics/LagrangeMultiplier": 1.8775547742843628,
    "Metrics/LagrangeMultiplier/Max": 1.8775547742843628,
    "Metrics/LagrangeMultiplier/Min": 1.8775547742843628,
    "Metrics/LagrangeMultiplier/Std": 0,
    "Safety/EpCostShield": 56.150001525878906,
    "Safety/ShieldLagrangeMultiplier": 1.9562292098999023,
    "Safety/ShieldLagrangeMultiplier/Max": 1.9562292098999023,
    "Safety/ShieldLagrangeMultiplier/Min": 1.9562292098999023,
    "Safety/ShieldLagrangeMultiplier/Std": 0,
    "Safety/shield_adv_c": "NaN",
    "Safety/shield_violation": 7.230671882629395,
    "Time/Epoch": 250.70411682128903,
    "Time/FPS": 79.77531433105469,
    "Time/Rollout": 102.51408386230467,
    "Time/Total": 25145.568359375,
    "Time/Update": 148.18994140625,
    "TotalEnvSteps": 2000000,
    "Train/Entropy": 0.8084830045700073,
    "Train/Epoch": 99,
    "Train/KL": 0.002984850900247693,
    "Train/LR": 0,
    "Train/PolicyRatio": 0.9999760389328004,
    "Train/PolicyRatio/Max": 0.9999760389328004,
    "Train/PolicyRatio/Min": 0.9999760389328004,
    "Train/PolicyRatio/Std": 0.00582029577344656,
    "Train/PolicyStd": 0.5451847314834595,
    "Train/StopIter": 40,
    "Value/Adv": 0.0927302911877632,
    "Value/cost": 4.666019439697266,
    "Value/reward": 3.5464272499084473,
    "_runtime": 25146.885205222,
    "_step": 100,
    "_timestamp": 1746534869.2165277,
    "_wandb": {
        "runtime": 25146
    }
}