{
    "Loss/Loss_cost_critic": 4.821425437927246,
    "Loss/Loss_cost_critic/Delta": -1.3568973541259766,
    "Loss/Loss_pi": -0.1731162667274475,
    "Loss/Loss_pi/Delta": 0.306406706571579,
    "Loss/Loss_reward_critic": 0.05360860005021095,
    "Loss/Loss_reward_critic/Delta": -0.010588828474283218,
    "Metrics/EpCost": 22.299999237060547,
    "Metrics/EpLen": 1000,
    "Metrics/EpRet": 5.774057388305664,
    "Metrics/LagrangeMultiplier": 3.011650323867798,
    "Metrics/LagrangeMultiplier/Max": 3.011650323867798,
    "Metrics/LagrangeMultiplier/Min": 3.011650323867798,
    "Metrics/LagrangeMultiplier/Std": 0,
    "Safety/EpCostShield": 62,
    "Safety/ShieldLagrangeMultiplier": 2.873176097869873,
    "Safety/ShieldLagrangeMultiplier/Max": 2.873176097869873,
    "Safety/ShieldLagrangeMultiplier/Min": 2.873176097869873,
    "Safety/ShieldLagrangeMultiplier/Std": 0,
    "Safety/shield_adv_c": "NaN",
    "Safety/shield_violation": 6.68538761138916,
    "Time/Epoch": 178.97251892089844,
    "Time/FPS": 111.7490005493164,
    "Time/Rollout": 81.06793975830078,
    "Time/Total": 20635.85546875,
    "Time/Update": 97.90453338623048,
    "TotalEnvSteps": 2000000,
    "Train/Entropy": -0.11282020062208176,
    "Train/Epoch": 99,
    "Train/KL": 0.0042850966565310955,
    "Train/LR": 0,
    "Train/PolicyRatio": 1.0010215044021606,
    "Train/PolicyRatio/Max": 1.0010215044021606,
    "Train/PolicyRatio/Min": 1.0010215044021606,
    "Train/PolicyRatio/Std": 0.00685991020873189,
    "Train/PolicyStd": 0.21664634346961975,
    "Train/StopIter": 40,
    "Value/Adv": -0.08624716848134995,
    "Value/cost": 2.8122198581695557,
    "Value/reward": 0.6833588480949402,
    "_runtime": 20637.717515781,
    "_step": 100,
    "_timestamp": 1746570252.2036617,
    "_wandb": {
        "runtime": 20637
    }
}