{
    "Loss/Loss_cost_critic": 0.2456015348434448,
    "Loss/Loss_cost_critic/Delta": 0.15342212468385696,
    "Loss/Loss_pi": -0.004193117376416922,
    "Loss/Loss_pi/Delta": -0.0011054719798266888,
    "Loss/Loss_reward_critic": 0.015231085009872912,
    "Loss/Loss_reward_critic/Delta": 0.0033190809190273285,
    "Metrics/EpCost": 2.369999885559082,
    "Metrics/EpLen": 1000,
    "Metrics/EpRet": 0.16621148586273193,
    "Metrics/LagrangeMultiplier": 2.6258275508880615,
    "Metrics/LagrangeMultiplier/Max": 2.6258275508880615,
    "Metrics/LagrangeMultiplier/Min": 2.6258275508880615,
    "Metrics/LagrangeMultiplier/Std": 0,
    "Misc/AcceptanceStep": 1,
    "Misc/Alpha": 2.61670184135437,
    "Misc/FinalStepNorm": 0.3034617006778717,
    "Misc/H_inv_g": 0.11597108095884325,
    "Misc/gradient_norm": 0.07552862167358398,
    "Misc/xHx": 0.0029209223575890064,
    "Time/Epoch": 82.52918243408203,
    "Time/FPS": 242.33853149414065,
    "Time/Rollout": 73.8633041381836,
    "Time/Total": 8273.6201171875,
    "Time/Update": 8.665843963623047,
    "TotalEnvSteps": 2000000,
    "Train/Entropy": 1.4296458959579468,
    "Train/Epoch": 99,
    "Train/KL": 0.0002909095783252269,
    "Train/LR": 0,
    "Train/PolicyRatio": 0.9986432194709778,
    "Train/PolicyRatio/Max": 0.9986432790756226,
    "Train/PolicyRatio/Min": 0.9986432790756226,
    "Train/PolicyRatio/Std": 0.000959402765147388,
    "Train/PolicyStd": 1.0109903812408447,
    "Train/StopIter": 10,
    "Value/Adv": -8.01086397217432e-09,
    "Value/cost": 0.27939310669898987,
    "Value/reward": 0.027302902191877365,
    "_runtime": 8275.078168909,
    "_step": 100,
    "_timestamp": 1746906855.8923178,
    "_wandb": {
        "runtime": 8275
    }
}