{
    "Loss/Loss_cost_critic": 6.653558731079102,
    "Loss/Loss_cost_critic/Delta": -0.6616783142089844,
    "Loss/Loss_pi": -0.00812038779258728,
    "Loss/Loss_pi/Delta": 0.003816431388258934,
    "Loss/Loss_reward_critic": 0.09565679728984831,
    "Loss/Loss_reward_critic/Delta": -0.015398681163787842,
    "Metrics/EpCost": 87.98999786376953,
    "Metrics/EpLen": 500,
    "Metrics/EpRet": 14.28612995147705,
    "Metrics/LagrangeMultiplier": 0.26073604822158813,
    "Metrics/LagrangeMultiplier/Max": 0.26073604822158813,
    "Metrics/LagrangeMultiplier/Min": 0.26073604822158813,
    "Metrics/LagrangeMultiplier/Std": 0,
    "Time/Epoch": 245.39198303222656,
    "Time/FPS": 81.50225067138672,
    "Time/Rollout": 112.98737335205078,
    "Time/Total": 22241.7421875,
    "Time/Update": 132.4044952392578,
    "TotalEnvSteps": 2000000,
    "Train/Entropy": -0.4430568814277649,
    "Train/Epoch": 99,
    "Train/KL": 0.004266766365617514,
    "Train/LR": 0,
    "Train/PolicyRatio": 1.0019299983978271,
    "Train/PolicyRatio/Max": 1.0019299983978271,
    "Train/PolicyRatio/Min": 1.0019299983978271,
    "Train/PolicyRatio/Std": 0.00716585386544466,
    "Train/PolicyStd": 0.15595419704914093,
    "Train/StopIter": 40,
    "Value/Adv": 0.027293547987937927,
    "Value/cost": 11.606800079345703,
    "Value/reward": 3.0010006427764893,
    "_runtime": 22243.546072629,
    "_step": 100,
    "_timestamp": 1745063018.9860027,
    "_wandb": {
        "runtime": 22243
    }
}