{
    "Loss/Loss_cost_critic": 2.7414889335632324,
    "Loss/Loss_cost_critic/Delta": -0.5488860607147217,
    "Loss/Loss_pi": -0.23794595897197723,
    "Loss/Loss_pi/Delta": 0.14616726338863373,
    "Loss/Loss_reward_critic": 0.04754182696342468,
    "Loss/Loss_reward_critic/Delta": -0.003805551677942276,
    "Metrics/EpCost": 13.779999732971191,
    "Metrics/EpLen": 1000,
    "Metrics/EpRet": 3.1569995880126953,
    "Metrics/LagrangeMultiplier": 2.6017370223999023,
    "Metrics/LagrangeMultiplier/Max": 2.6017370223999023,
    "Metrics/LagrangeMultiplier/Min": 2.6017370223999023,
    "Metrics/LagrangeMultiplier/Std": 0,
    "Safety/EpCostShield": 43.04999923706055,
    "Safety/ShieldLagrangeMultiplier": 2.554299831390381,
    "Safety/ShieldLagrangeMultiplier/Max": 2.554299831390381,
    "Safety/ShieldLagrangeMultiplier/Min": 2.554299831390381,
    "Safety/ShieldLagrangeMultiplier/Std": 0,
    "Safety/shield_adv_c": "NaN",
    "Safety/shield_violation": 5.774531364440918,
    "Time/Epoch": 185.227294921875,
    "Time/FPS": 107.97544860839844,
    "Time/Rollout": 91.46142578125,
    "Time/Total": 18274.0078125,
    "Time/Update": 93.7657699584961,
    "TotalEnvSteps": 2000000,
    "Train/Entropy": -0.18673162162303925,
    "Train/Epoch": 99,
    "Train/KL": 0.004621712490916252,
    "Train/LR": 0,
    "Train/PolicyRatio": 1.001261591911316,
    "Train/PolicyRatio/Max": 1.001261591911316,
    "Train/PolicyRatio/Min": 1.001261591911316,
    "Train/PolicyRatio/Std": 0.007855746895074844,
    "Train/PolicyStd": 0.2016293704509735,
    "Train/StopIter": 40,
    "Value/Adv": 0.03790063410997391,
    "Value/cost": 2.135028600692749,
    "Value/reward": 0.628800094127655,
    "_runtime": 18275.982545367,
    "_step": 100,
    "_timestamp": 1746632856.1240635,
    "_wandb": {
        "runtime": 18275
    }
}