{
    "Loss/Loss_cost_critic": 2.250318765640259,
    "Loss/Loss_cost_critic/Delta": 1.6735277771949768,
    "Loss/Loss_pi": -0.17416764795780182,
    "Loss/Loss_pi/Delta": 0.037928178906440735,
    "Loss/Loss_reward_critic": 0.16702719032764435,
    "Loss/Loss_reward_critic/Delta": 0.004568383097648621,
    "Metrics/EpCost": 2.059999942779541,
    "Metrics/EpLen": 500,
    "Metrics/EpRet": 22.354780197143555,
    "Metrics/LagrangeMultiplier": 1.0367746353149414,
    "Metrics/LagrangeMultiplier/Max": 1.0367746353149414,
    "Metrics/LagrangeMultiplier/Min": 1.0367746353149414,
    "Metrics/LagrangeMultiplier/Std": 0,
    "Safety/EpCostShield": 10.824999809265137,
    "Safety/ShieldLagrangeMultiplier": 1.1561298370361328,
    "Safety/ShieldLagrangeMultiplier/Max": 1.1561298370361328,
    "Safety/ShieldLagrangeMultiplier/Min": 1.1561298370361328,
    "Safety/ShieldLagrangeMultiplier/Std": 0,
    "Safety/shield_adv_c": "NaN",
    "Safety/shield_violation": 0.6264275908470154,
    "Time/Epoch": 187.8670196533203,
    "Time/FPS": 106.45828247070312,
    "Time/Rollout": 95.6681900024414,
    "Time/Total": 19051.2890625,
    "Time/Update": 92.19876098632812,
    "TotalEnvSteps": 2000000,
    "Train/Entropy": 0.8413768410682678,
    "Train/Epoch": 99,
    "Train/KL": 0.0027721638325601816,
    "Train/LR": 0,
    "Train/PolicyRatio": 1.0001682043075562,
    "Train/PolicyRatio/Max": 1.0001683235168457,
    "Train/PolicyRatio/Min": 1.0001683235168457,
    "Train/PolicyRatio/Std": 0.005468627903610468,
    "Train/PolicyStd": 0.5667123198509216,
    "Train/StopIter": 40,
    "Value/Adv": 0.12164336442947388,
    "Value/cost": 0.2691490352153778,
    "Value/reward": 4.442051410675049,
    "_runtime": 19052.572229628,
    "_step": 100,
    "_timestamp": 1746926698.4699218,
    "_wandb": {
        "runtime": 19052
    }
}