{
    "Loss/Loss_cost_critic": 2.5679924488067627,
    "Loss/Loss_cost_critic/Delta": -0.21142935752868652,
    "Loss/Loss_pi": -0.3108302354812622,
    "Loss/Loss_pi/Delta": 0.0192129909992218,
    "Loss/Loss_reward_critic": 0.058317385613918304,
    "Loss/Loss_reward_critic/Delta": 0.0003744959831237793,
    "Metrics/EpCost": 8.270000457763672,
    "Metrics/EpLen": 1000,
    "Metrics/EpRet": 9.371508598327637,
    "Metrics/LagrangeMultiplier": 2.3100247383117676,
    "Metrics/LagrangeMultiplier/Max": 2.3100247383117676,
    "Metrics/LagrangeMultiplier/Min": 2.3100247383117676,
    "Metrics/LagrangeMultiplier/Std": 0,
    "Misc/AcceptanceStep": 1,
    "Misc/Alpha": 1.3766429424285889,
    "Misc/FinalStepNorm": 0.2990127503871918,
    "Misc/H_inv_g": 0.2172042727470398,
    "Misc/gradient_norm": 0.1839238703250885,
    "Misc/xHx": 0.010553267784416676,
    "Safety/EpCostShield": 14.399999618530272,
    "Safety/ShieldLagrangeMultiplier": 2.4609618186950684,
    "Safety/ShieldLagrangeMultiplier/Max": 2.4609618186950684,
    "Safety/ShieldLagrangeMultiplier/Min": 2.4609618186950684,
    "Safety/ShieldLagrangeMultiplier/Std": 0,
    "Safety/shield_adv_c": -0.25297796726226807,
    "Safety/shield_violation": 2.228355407714844,
    "Time/Epoch": 99.1578140258789,
    "Time/FPS": 201.6986846923828,
    "Time/Rollout": 82.113037109375,
    "Time/Total": 10423.994140625,
    "Time/Update": 17.04474449157715,
    "TotalEnvSteps": 2000000,
    "Train/Entropy": 1.7883358001708984,
    "Train/Epoch": 99,
    "Train/KL": 0.00030129565857350826,
    "Train/LR": 0,
    "Train/PolicyRatio": 1.0046337842941284,
    "Train/PolicyRatio/Max": 1.0046337842941284,
    "Train/PolicyRatio/Min": 1.0046337842941284,
    "Train/PolicyRatio/Std": 0.0032765523064881563,
    "Train/PolicyStd": 1.4469505548477173,
    "Train/StopIter": 10,
    "Value/Adv": -7.629394338515282e-10,
    "Value/cost": 0.8600349426269531,
    "Value/reward": 0.9499369859695436,
    "_runtime": 10425.85409598,
    "_step": 100,
    "_timestamp": 1746529893.6095252,
    "_wandb": {
        "runtime": 10425
    }
}