{
    "Loss/Loss_cost_critic": 4.819067001342773,
    "Loss/Loss_cost_critic/Delta": -1.9952898025512695,
    "Loss/Loss_pi": -0.32014304399490356,
    "Loss/Loss_pi/Delta": -0.08015012741088867,
    "Loss/Loss_reward_critic": 0.025606360286474228,
    "Loss/Loss_reward_critic/Delta": -0.006294921040534973,
    "Metrics/EpCost": 29.09000015258789,
    "Metrics/EpLen": 1000,
    "Metrics/EpRet": 8.267500877380371,
    "Metrics/LagrangeMultiplier": 2.85740065574646,
    "Metrics/LagrangeMultiplier/Max": 2.85740065574646,
    "Metrics/LagrangeMultiplier/Min": 2.85740065574646,
    "Metrics/LagrangeMultiplier/Std": 0,
    "Safety/EpCostShield": 39.54999923706055,
    "Safety/ShieldLagrangeMultiplier": 2.7693324089050293,
    "Safety/ShieldLagrangeMultiplier/Max": 2.7693324089050293,
    "Safety/ShieldLagrangeMultiplier/Min": 2.7693324089050293,
    "Safety/ShieldLagrangeMultiplier/Std": 0,
    "Safety/shield_adv_c": "NaN",
    "Safety/shield_violation": 5.660910129547119,
    "Time/Epoch": 245.3684539794922,
    "Time/FPS": 81.51007080078125,
    "Time/Rollout": 97.31522369384766,
    "Time/Total": 22987.259765625,
    "Time/Update": 148.05316162109375,
    "TotalEnvSteps": 2000000,
    "Train/Entropy": 0.5191583633422852,
    "Train/Epoch": 99,
    "Train/KL": 0.002938849851489067,
    "Train/LR": 0,
    "Train/PolicyRatio": 1.001359462738037,
    "Train/PolicyRatio/Max": 1.001359462738037,
    "Train/PolicyRatio/Min": 1.001359462738037,
    "Train/PolicyRatio/Std": 0.006099386140704155,
    "Train/PolicyStd": 0.408484399318695,
    "Train/StopIter": 40,
    "Value/Adv": 0.02012397348880768,
    "Value/cost": 2.89501953125,
    "Value/reward": 0.9508406519889832,
    "_runtime": 22989.056715017,
    "_step": 100,
    "_timestamp": 1746544460.1494622,
    "_wandb": {
        "runtime": 22989
    }
}