{
    "Loss/Loss_cost_critic": 0.5161444544792175,
    "Loss/Loss_cost_critic/Delta": -0.07242798805236816,
    "Loss/Loss_pi": -0.010511581785976888,
    "Loss/Loss_pi/Delta": 0.002607959322631359,
    "Loss/Loss_reward_critic": 0.008148042485117912,
    "Loss/Loss_reward_critic/Delta": -0.006775883957743645,
    "Metrics/EpCost": 14.789999961853027,
    "Metrics/EpLen": 1000,
    "Metrics/EpRet": -0.013397774659097196,
    "Metrics/LagrangeMultiplier": 2.3403995037078857,
    "Metrics/LagrangeMultiplier/Max": 2.3403995037078857,
    "Metrics/LagrangeMultiplier/Min": 2.3403995037078857,
    "Metrics/LagrangeMultiplier/Std": 0,
    "Misc/AcceptanceStep": 1,
    "Misc/Alpha": 1.1451830863952637,
    "Misc/FinalStepNorm": 0.26221194863319397,
    "Misc/H_inv_g": 0.22896945476531985,
    "Misc/gradient_norm": 0.22115886211395264,
    "Misc/xHx": 0.01525035034865141,
    "Time/Epoch": 92.932373046875,
    "Time/FPS": 215.2102508544922,
    "Time/Rollout": 84.38404846191406,
    "Time/Total": 9376.328125,
    "Time/Update": 8.54830551147461,
    "TotalEnvSteps": 2000000,
    "Train/Entropy": 1.324726939201355,
    "Train/Epoch": 99,
    "Train/KL": 0.0003677155473269522,
    "Train/LR": 0,
    "Train/PolicyRatio": 0.9981999397277832,
    "Train/PolicyRatio/Max": 0.9981999397277832,
    "Train/PolicyRatio/Min": 0.9981999397277832,
    "Train/PolicyRatio/Std": 0.0012728067813441155,
    "Train/PolicyStd": 0.9126538634300232,
    "Train/StopIter": 10,
    "Value/Adv": -1.1444091230217166e-09,
    "Value/cost": 0.7407281994819641,
    "Value/reward": -0.0060194130055606365,
    "_runtime": 9377.205413447,
    "_step": 100,
    "_timestamp": 1743323947.882098,
    "_wandb": {
        "runtime": 9377
    }
}