{
    "Loss/Loss_cost_critic": 0.8862760066986084,
    "Loss/Loss_cost_critic/Delta": 0.5900948941707611,
    "Loss/Loss_pi": -0.006917745806276798,
    "Loss/Loss_pi/Delta": 0.0014866814017295835,
    "Loss/Loss_reward_critic": 0.0045768218114972115,
    "Loss/Loss_reward_critic/Delta": 0.0002460726536810398,
    "Metrics/EpCost": 18.239999771118164,
    "Metrics/EpLen": 1000,
    "Metrics/EpRet": 0.4296804070472718,
    "Metrics/LagrangeMultiplier": 0.30887189507484436,
    "Metrics/LagrangeMultiplier/Max": 0.30887189507484436,
    "Metrics/LagrangeMultiplier/Min": 0.30887189507484436,
    "Metrics/LagrangeMultiplier/Std": 0,
    "Time/Epoch": 132.32260131835938,
    "Time/FPS": 151.14576721191406,
    "Time/Rollout": 74.3592529296875,
    "Time/Total": 13334.578125,
    "Time/Update": 57.963253021240234,
    "TotalEnvSteps": 2000000,
    "Train/Entropy": -0.07008446007966995,
    "Train/Epoch": 99,
    "Train/KL": 0.003601334290578962,
    "Train/LR": 0,
    "Train/PolicyRatio": 1.0001661777496338,
    "Train/PolicyRatio/Max": 1.0001662969589231,
    "Train/PolicyRatio/Min": 1.0001662969589231,
    "Train/PolicyRatio/Std": 0.007005147635936737,
    "Train/PolicyStd": 0.2262332588434219,
    "Train/StopIter": 40,
    "Value/Adv": -0.0460631400346756,
    "Value/cost": 1.3659112453460691,
    "Value/reward": 0.0786498412489891,
    "_runtime": 13336.533730618,
    "_step": 100,
    "_timestamp": 1745027485.6751,
    "_wandb": {
        "runtime": 13336
    }
}