{
    "Loss/Loss_cost_critic": 1.6939969062805176,
    "Loss/Loss_cost_critic/Delta": -1.1818292140960691,
    "Loss/Loss_pi": -0.0071740164421498775,
    "Loss/Loss_pi/Delta": 0.0021507921628654003,
    "Loss/Loss_reward_critic": 0.06226824969053269,
    "Loss/Loss_reward_critic/Delta": 0.003588758409023285,
    "Metrics/EpCost": 11.350000381469728,
    "Metrics/EpLen": 500,
    "Metrics/EpRet": 1.971399426460266,
    "Metrics/LagrangeMultiplier": 186.67674255371097,
    "Metrics/LagrangeMultiplier/Max": 186.67674255371097,
    "Metrics/LagrangeMultiplier/Min": 186.67674255371097,
    "Metrics/LagrangeMultiplier/Std": 0,
    "Time/Epoch": 149.81100463867188,
    "Time/FPS": 133.5015411376953,
    "Time/Rollout": 91.31702423095705,
    "Time/Total": 15218.279296875,
    "Time/Update": 58.493927001953125,
    "TotalEnvSteps": 2000000,
    "Train/Entropy": 1.1901180744171145,
    "Train/Epoch": 99,
    "Train/KL": 0.002575611462816596,
    "Train/LR": 0,
    "Train/PolicyRatio": 0.9997362494468688,
    "Train/PolicyRatio/Max": 0.9997363090515136,
    "Train/PolicyRatio/Min": 0.9997363090515136,
    "Train/PolicyRatio/Std": 0.004986170679330826,
    "Train/PolicyStd": 0.7976151704788208,
    "Train/StopIter": 40,
    "Value/Adv": 0.014743994921445848,
    "Value/cost": 1.1943962574005127,
    "Value/reward": 0.3883642554283142,
    "_runtime": 15219.718034076,
    "_step": 100,
    "_timestamp": 1745042745.3702428,
    "_wandb": {
        "runtime": 15219
    }
}