{
    "Loss/Loss_cost_critic": 2.9367482662200928,
    "Loss/Loss_cost_critic/Delta": -5.6395485401153564,
    "Loss/Loss_pi": -0.16756445169448853,
    "Loss/Loss_pi/Delta": -0.3561634421348572,
    "Loss/Loss_reward_critic": 0.031202061101794243,
    "Loss/Loss_reward_critic/Delta": -0.017915261909365654,
    "Metrics/EpCost": 13.199999809265137,
    "Metrics/EpLen": 1000,
    "Metrics/EpRet": 3.4591803550720215,
    "Metrics/LagrangeMultiplier": 1.94086492061615,
    "Metrics/LagrangeMultiplier/Max": 1.94086492061615,
    "Metrics/LagrangeMultiplier/Min": 1.94086492061615,
    "Metrics/LagrangeMultiplier/Std": 0,
    "Misc/AcceptanceStep": 1,
    "Misc/Alpha": 0.7961520552635193,
    "Misc/FinalStepNorm": 0.2899201214313507,
    "Misc/H_inv_g": 0.3641516864299774,
    "Misc/gradient_norm": 0.3677816987037658,
    "Misc/xHx": 0.031552791595458984,
    "Safety/EpCostShield": 17.200000762939453,
    "Safety/ShieldLagrangeMultiplier": 2.10841703414917,
    "Safety/ShieldLagrangeMultiplier/Max": 2.10841703414917,
    "Safety/ShieldLagrangeMultiplier/Min": 2.10841703414917,
    "Safety/ShieldLagrangeMultiplier/Std": 0,
    "Safety/shield_adv_c": -0.4908143877983093,
    "Safety/shield_violation": 2.8990728855133057,
    "Time/Epoch": 111.98465728759766,
    "Time/FPS": 178.5959014892578,
    "Time/Rollout": 86.97831726074219,
    "Time/Total": 12527.2001953125,
    "Time/Update": 25.006309509277344,
    "TotalEnvSteps": 2000000,
    "Train/Entropy": 1.2413376569747925,
    "Train/Epoch": 99,
    "Train/KL": 0.0003525736974552274,
    "Train/LR": 0,
    "Train/PolicyRatio": 1.000499606132507,
    "Train/PolicyRatio/Max": 1.000499606132507,
    "Train/PolicyRatio/Min": 1.000499606132507,
    "Train/PolicyRatio/Std": 0.00035324678174220026,
    "Train/PolicyStd": 0.838278591632843,
    "Train/StopIter": 10,
    "Value/Adv": -2.288818379270197e-08,
    "Value/cost": 0.4472354054450989,
    "Value/reward": 0.41948574781417847,
    "_runtime": 12529.644557692,
    "_step": 100,
    "_timestamp": 1746558727.4243317,
    "_wandb": {
        "runtime": 12529
    }
}