{
    "Loss/Loss_cost_critic": 1.44486403465271,
    "Loss/Loss_cost_critic/Delta": 0.6761878728866577,
    "Loss/Loss_pi": -0.016661034896969795,
    "Loss/Loss_pi/Delta": 0.0025348979979753494,
    "Loss/Loss_reward_critic": 0.0501851961016655,
    "Loss/Loss_reward_critic/Delta": -0.004883609712123871,
    "Metrics/EpCost": 19.88999938964844,
    "Metrics/EpLen": 1000,
    "Metrics/EpRet": 8.686155319213867,
    "Metrics/LagrangeMultiplier": 2.9805264472961426,
    "Metrics/LagrangeMultiplier/Max": 2.9805264472961426,
    "Metrics/LagrangeMultiplier/Min": 2.9805264472961426,
    "Metrics/LagrangeMultiplier/Std": 0,
    "Time/Epoch": 169.79457092285156,
    "Time/FPS": 117.78939819335938,
    "Time/Rollout": 88.91488647460938,
    "Time/Total": 15424.5966796875,
    "Time/Update": 80.8796157836914,
    "TotalEnvSteps": 2000000,
    "Train/Entropy": 0.44002780318260193,
    "Train/Epoch": 99,
    "Train/KL": 0.004302834626287222,
    "Train/LR": 0,
    "Train/PolicyRatio": 0.9999479651451112,
    "Train/PolicyRatio/Max": 0.999948024749756,
    "Train/PolicyRatio/Min": 0.999948024749756,
    "Train/PolicyRatio/Std": 0.0073097082786262035,
    "Train/PolicyStd": 0.3840164840221405,
    "Train/StopIter": 40,
    "Value/Adv": -0.22556985914707184,
    "Value/cost": 3.2984743118286133,
    "Value/reward": 0.9866119027137756,
    "_runtime": 15426.343523672,
    "_step": 100,
    "_timestamp": 1746914021.798662,
    "_wandb": {
        "runtime": 15426
    }
}