{
    "Loss/Loss_cost_critic": 0.07021430879831314,
    "Loss/Loss_cost_critic/Delta": -0.0996999517083168,
    "Loss/Loss_pi": -0.001669284421950579,
    "Loss/Loss_pi/Delta": 0.003165911417454481,
    "Loss/Loss_reward_critic": 0.01631290838122368,
    "Loss/Loss_reward_critic/Delta": 0.010394535958766936,
    "Metrics/EpCost": 2.4600000381469727,
    "Metrics/EpLen": 1000,
    "Metrics/EpRet": 0.1025840863585472,
    "Metrics/LagrangeMultiplier": 22.568920135498047,
    "Metrics/LagrangeMultiplier/Max": 22.568920135498047,
    "Metrics/LagrangeMultiplier/Min": 22.568920135498047,
    "Metrics/LagrangeMultiplier/Std": 0,
    "Misc/AcceptanceStep": 1,
    "Misc/Alpha": 7.835217952728272,
    "Misc/FinalStepNorm": 0.2953931391239166,
    "Misc/H_inv_g": 0.03770069032907486,
    "Misc/gradient_norm": 0.02265707403421402,
    "Misc/xHx": 0.0003257725329604,
    "Time/Epoch": 122.74072265625,
    "Time/FPS": 162.9451141357422,
    "Time/Rollout": 102.77643585205078,
    "Time/Total": 12257.03515625,
    "Time/Update": 19.964242935180664,
    "TotalEnvSteps": 2000000,
    "Train/Entropy": 1.296641230583191,
    "Train/Epoch": 99,
    "Train/KL": 0.0003170481068082154,
    "Train/LR": 0,
    "Train/PolicyRatio": 0.9999136924743652,
    "Train/PolicyRatio/Max": 0.9999136924743652,
    "Train/PolicyRatio/Min": 0.9999136924743652,
    "Train/PolicyRatio/Std": 6.105674401624128e-05,
    "Train/PolicyStd": 0.8849179148674011,
    "Train/StopIter": 10,
    "Value/Adv": 0,
    "Value/cost": 0.3646028339862823,
    "Value/reward": 0.033588957041502,
    "_runtime": 12258.975961982,
    "_step": 100,
    "_timestamp": 1745018752.1851847,
    "_wandb": {
        "runtime": 12258
    }
}