{
    "Loss/Loss_cost_critic": 0.9635919332504272,
    "Loss/Loss_cost_critic/Delta": -0.346250057220459,
    "Loss/Loss_pi": -0.28983163833618164,
    "Loss/Loss_pi/Delta": -0.02229642868041992,
    "Loss/Loss_reward_critic": 0.08145508915185928,
    "Loss/Loss_reward_critic/Delta": -0.002522431313991546,
    "Metrics/EpCost": 0.3400000035762787,
    "Metrics/EpLen": 500,
    "Metrics/EpRet": 9.727078437805176,
    "Metrics/LagrangeMultiplier": 1.1379480361938477,
    "Metrics/LagrangeMultiplier/Max": 1.1379480361938477,
    "Metrics/LagrangeMultiplier/Min": 1.1379480361938477,
    "Metrics/LagrangeMultiplier/Std": 0,
    "Misc/AcceptanceStep": 1,
    "Misc/Alpha": 2.4575271606445312,
    "Misc/FinalStepNorm": 0.2711732089519501,
    "Misc/H_inv_g": 0.11034392565488815,
    "Misc/gradient_norm": 0.053753431886434555,
    "Misc/xHx": 0.003311555599793792,
    "Safety/EpCostShield": 2.75,
    "Safety/ShieldLagrangeMultiplier": 1.4088774919509888,
    "Safety/ShieldLagrangeMultiplier/Max": 1.4088774919509888,
    "Safety/ShieldLagrangeMultiplier/Min": 1.4088774919509888,
    "Safety/ShieldLagrangeMultiplier/Std": 0,
    "Safety/shield_adv_c": -0.05572802945971489,
    "Safety/shield_violation": 0.4856828153133392,
    "Time/Epoch": 120.1014633178711,
    "Time/FPS": 166.52586364746094,
    "Time/Rollout": 96.9124526977539,
    "Time/Total": 12100.580078125,
    "Time/Update": 23.18899154663086,
    "TotalEnvSteps": 2000000,
    "Train/Entropy": 1.781588077545166,
    "Train/Epoch": 99,
    "Train/KL": 0.000351441849488765,
    "Train/LR": 0,
    "Train/PolicyRatio": 1.005426049232483,
    "Train/PolicyRatio/Max": 1.0054261684417725,
    "Train/PolicyRatio/Min": 1.0054261684417725,
    "Train/PolicyRatio/Std": 0.003836768213659525,
    "Train/PolicyStd": 1.6665319204330444,
    "Train/StopIter": 10,
    "Value/Adv": -4.577636492086867e-09,
    "Value/cost": 0.23695923388004303,
    "Value/reward": 2.0068957805633545,
    "_runtime": 12102.353671418,
    "_step": 100,
    "_timestamp": 1746545096.6557083,
    "_wandb": {
        "runtime": 12102
    }
}