{
    "Loss/Loss_cost_critic": 1.4013590812683103,
    "Loss/Loss_cost_critic/Delta": -0.9253287315368652,
    "Loss/Loss_pi": -0.272509902715683,
    "Loss/Loss_pi/Delta": 0.02918320894241333,
    "Loss/Loss_reward_critic": 0.04747240990400314,
    "Loss/Loss_reward_critic/Delta": 0.003891699016094208,
    "Metrics/EpCost": 3.7899999618530273,
    "Metrics/EpLen": 1000,
    "Metrics/EpRet": 2.6674041748046875,
    "Metrics/LagrangeMultiplier": 1.995341658592224,
    "Metrics/LagrangeMultiplier/Max": 1.995341658592224,
    "Metrics/LagrangeMultiplier/Min": 1.995341658592224,
    "Metrics/LagrangeMultiplier/Std": 0,
    "Misc/AcceptanceStep": 1,
    "Misc/Alpha": 2.0748050212860107,
    "Misc/FinalStepNorm": 0.28172585368156433,
    "Misc/H_inv_g": 0.13578425347805023,
    "Misc/gradient_norm": 0.11301393806934357,
    "Misc/xHx": 0.004645949229598045,
    "Safety/EpCostShield": 13.649999618530272,
    "Safety/ShieldLagrangeMultiplier": 2.240888833999634,
    "Safety/ShieldLagrangeMultiplier/Max": 2.240888833999634,
    "Safety/ShieldLagrangeMultiplier/Min": 2.240888833999634,
    "Safety/ShieldLagrangeMultiplier/Std": 0,
    "Safety/shield_adv_c": 0.164116233587265,
    "Safety/shield_violation": 1.760617733001709,
    "Time/Epoch": 121.62225341796876,
    "Time/FPS": 164.44358825683594,
    "Time/Rollout": 95.49028778076172,
    "Time/Total": 13262.880859375,
    "Time/Update": 26.131940841674805,
    "TotalEnvSteps": 2000000,
    "Train/Entropy": 2.293651580810547,
    "Train/Epoch": 99,
    "Train/KL": 0.00034535329905338585,
    "Train/LR": 0,
    "Train/PolicyRatio": 1.0026626586914062,
    "Train/PolicyRatio/Max": 1.0026626586914062,
    "Train/PolicyRatio/Min": 1.0026626586914062,
    "Train/PolicyRatio/Std": 0.0018828401807695627,
    "Train/PolicyStd": 2.515854597091675,
    "Train/StopIter": 10,
    "Value/Adv": 1.2969969986897922e-08,
    "Value/cost": 0.3820851445198059,
    "Value/reward": 0.35039466619491577,
    "_runtime": 13265.053259676,
    "_step": 100,
    "_timestamp": 1746509670.0907912,
    "_wandb": {
        "runtime": 13265
    }
}