{
    "Loss/Loss_cost_critic": 7.426388740539551,
    "Loss/Loss_cost_critic/Delta": 5.445361852645874,
    "Loss/Loss_pi": -0.07476293295621872,
    "Loss/Loss_pi/Delta": 0.0991510972380638,
    "Loss/Loss_reward_critic": 0.13938382267951965,
    "Loss/Loss_reward_critic/Delta": 0.014741934835910795,
    "Metrics/EpCost": 2.680000066757202,
    "Metrics/EpLen": 500,
    "Metrics/EpRet": 22.00833511352539,
    "Metrics/LagrangeMultiplier": 1.10298752784729,
    "Metrics/LagrangeMultiplier/Max": 1.10298752784729,
    "Metrics/LagrangeMultiplier/Min": 1.10298752784729,
    "Metrics/LagrangeMultiplier/Std": 0,
    "Misc/AcceptanceStep": 1,
    "Misc/Alpha": 1.7652441263198853,
    "Misc/FinalStepNorm": 0.2286529839038849,
    "Misc/H_inv_g": 0.12953051924705505,
    "Misc/gradient_norm": 0.12027223408222198,
    "Misc/xHx": 0.006418296601623297,
    "Safety/EpCostShield": 15.949999809265137,
    "Safety/ShieldLagrangeMultiplier": 1.358080267906189,
    "Safety/ShieldLagrangeMultiplier/Max": 1.358080267906189,
    "Safety/ShieldLagrangeMultiplier/Min": 1.358080267906189,
    "Safety/ShieldLagrangeMultiplier/Std": 0,
    "Safety/shield_adv_c": 0.2482149302959442,
    "Safety/shield_violation": 1.4843401908874512,
    "Time/Epoch": 88.82666015625,
    "Time/FPS": 225.1576385498047,
    "Time/Rollout": 73.11347961425781,
    "Time/Total": 8922.24609375,
    "Time/Update": 15.713150024414062,
    "TotalEnvSteps": 2000000,
    "Train/Entropy": 1.6194709539413452,
    "Train/Epoch": 99,
    "Train/KL": 0.00040605932008475065,
    "Train/LR": 0,
    "Train/PolicyRatio": 1.0012201070785522,
    "Train/PolicyRatio/Max": 1.0012201070785522,
    "Train/PolicyRatio/Min": 1.0012201070785522,
    "Train/PolicyRatio/Std": 0.0008626616909168661,
    "Train/PolicyStd": 1.318725824356079,
    "Train/StopIter": 10,
    "Value/Adv": 6.103515470812226e-09,
    "Value/cost": 0.44823408126831055,
    "Value/reward": 4.229305744171143,
    "_runtime": 8923.854049078,
    "_step": 100,
    "_timestamp": 1746560669.0276992,
    "_wandb": {
        "runtime": 8923
    }
}