{
    "Loss/Loss_cost_critic": 0.7098758220672607,
    "Loss/Loss_cost_critic/Delta": 0.09864354133605956,
    "Loss/Loss_pi": -0.004494547378271818,
    "Loss/Loss_pi/Delta": -0.0008640480227768421,
    "Loss/Loss_reward_critic": 0.015598751604557036,
    "Loss/Loss_reward_critic/Delta": -0.008123049512505531,
    "Metrics/EpCost": 7.929999828338623,
    "Metrics/EpLen": 1000,
    "Metrics/EpRet": -2.620333194732666,
    "Misc/A": 0.012167150154709816,
    "Misc/AcceptanceStep": 1,
    "Misc/Alpha": 1.2805110216140747,
    "Misc/B": -5164.841796875,
    "Misc/FinalStepNorm": 0.3142893314361572,
    "Misc/H_inv_g": 0.2279183268547058,
    "Misc/Lambda_star": 0,
    "Misc/Nu_star": 1.2816550731658936,
    "Misc/OptimCase": 0,
    "Misc/cost_gradient_norm": 0.08106691390275955,
    "Misc/gradient_norm": 0.12137982994318008,
    "Misc/q": 0.0121972793713212,
    "Misc/r": -0.0006056714337319136,
    "Misc/s": 0.012175513431429865,
    "Misc/xHx": 0.0121972793713212,
    "Time/Epoch": 492.434814453125,
    "Time/FPS": 40.6145133972168,
    "Time/Rollout": 481.6922607421875,
    "Time/Total": 38715.6484375,
    "Time/Update": 10.742530822753906,
    "TotalEnvSteps": 2000000,
    "Train/Entropy": 1.5459080934524536,
    "Train/Epoch": 99,
    "Train/KL": 0.00014077486412134022,
    "Train/LR": 0,
    "Train/PolicyRatio": 0.9994487762451172,
    "Train/PolicyRatio/Max": 0.9994487762451172,
    "Train/PolicyRatio/Min": 0.9994487762451172,
    "Train/PolicyRatio/Std": 0.0003897459537256509,
    "Train/PolicyStd": 1.1467591524124146,
    "Train/StopIter": 10,
    "Value/Adv": 4.577636492086867e-09,
    "Value/cost": 1.1509792804718018,
    "Value/reward": -0.26561230421066284,
    "_runtime": 38716.706440397,
    "_step": 100,
    "_timestamp": 1743366606.8551176,
    "_wandb": {
        "runtime": 38716
    }
}