{
    "Loss/Loss_cost_critic": 19.52640914916992,
    "Loss/Loss_cost_critic/Delta": 9.498369216918944,
    "Loss/Loss_pi": 0.3412075638771057,
    "Loss/Loss_pi/Delta": 0.32298520393669605,
    "Loss/Loss_reward_critic": 0.25940024852752686,
    "Loss/Loss_reward_critic/Delta": 0.037730589509010315,
    "Metrics/EpCost": 37.36000061035156,
    "Metrics/EpLen": 500,
    "Metrics/EpRet": 23.1888370513916,
    "Metrics/LagrangeMultiplier": 1.7492196559906006,
    "Metrics/LagrangeMultiplier/Max": 1.7492196559906006,
    "Metrics/LagrangeMultiplier/Min": 1.7492196559906006,
    "Metrics/LagrangeMultiplier/Std": 0,
    "Safety/EpCostShield": 69.4000015258789,
    "Safety/ShieldLagrangeMultiplier": 1.8183574676513672,
    "Safety/ShieldLagrangeMultiplier/Max": 1.8183574676513672,
    "Safety/ShieldLagrangeMultiplier/Min": 1.8183574676513672,
    "Safety/ShieldLagrangeMultiplier/Std": 0,
    "Safety/shield_adv_c": "NaN",
    "Safety/shield_violation": 8.939306259155273,
    "Time/Epoch": 216.2914276123047,
    "Time/FPS": 92.46783447265624,
    "Time/Rollout": 95.78414916992188,
    "Time/Total": 21597.533203125,
    "Time/Update": 120.50716400146484,
    "TotalEnvSteps": 2000000,
    "Train/Entropy": 0.4821981489658356,
    "Train/Epoch": 99,
    "Train/KL": 0.003458882449194789,
    "Train/LR": 0,
    "Train/PolicyRatio": 0.9991034269332886,
    "Train/PolicyRatio/Max": 0.9991034865379332,
    "Train/PolicyRatio/Min": 0.9991034865379332,
    "Train/PolicyRatio/Std": 0.007321672979742289,
    "Train/PolicyStd": 0.39532166719436646,
    "Train/StopIter": 40,
    "Value/Adv": 0.15627501904964447,
    "Value/cost": 6.147120475769043,
    "Value/reward": 4.870790004730225,
    "_runtime": 21599.435366278,
    "_step": 100,
    "_timestamp": 1746647831.8269503,
    "_wandb": {
        "runtime": 21599
    }
}