{
    "Loss/Loss_cost_critic": 2.255575656890869,
    "Loss/Loss_cost_critic/Delta": -0.1353473663330078,
    "Loss/Loss_pi": -0.42363741993904114,
    "Loss/Loss_pi/Delta": -0.13943150639533997,
    "Loss/Loss_reward_critic": 0.058504682034254074,
    "Loss/Loss_reward_critic/Delta": 0.028133345767855644,
    "Metrics/EpCost": 17.18000030517578,
    "Metrics/EpLen": 1000,
    "Metrics/EpRet": 3.606634140014648,
    "Metrics/LagrangeMultiplier": 2.8644604682922363,
    "Metrics/LagrangeMultiplier/Max": 2.8644604682922363,
    "Metrics/LagrangeMultiplier/Min": 2.8644604682922363,
    "Metrics/LagrangeMultiplier/Std": 0,
    "Misc/AcceptanceStep": 1,
    "Misc/Alpha": 1.2657153606414795,
    "Misc/FinalStepNorm": 0.3436473309993744,
    "Misc/H_inv_g": 0.2715044319629669,
    "Misc/gradient_norm": 0.06680864095687866,
    "Misc/xHx": 0.012484109029173853,
    "Safety/EpCostShield": 12.899999618530272,
    "Safety/ShieldLagrangeMultiplier": 2.720059871673584,
    "Safety/ShieldLagrangeMultiplier/Max": 2.720059871673584,
    "Safety/ShieldLagrangeMultiplier/Min": 2.720059871673584,
    "Safety/ShieldLagrangeMultiplier/Std": 0,
    "Safety/shield_adv_c": -0.6968568563461304,
    "Safety/shield_violation": 3.324289083480835,
    "Time/Epoch": 106.60317993164062,
    "Time/FPS": 187.61166381835935,
    "Time/Rollout": 89.20503234863281,
    "Time/Total": 10996.3349609375,
    "Time/Update": 17.39812660217285,
    "TotalEnvSteps": 2000000,
    "Train/Entropy": 1.914852499961853,
    "Train/Epoch": 99,
    "Train/KL": 0.00022538578195963055,
    "Train/LR": 0,
    "Train/PolicyRatio": 1.0025571584701538,
    "Train/PolicyRatio/Max": 1.0025571584701538,
    "Train/PolicyRatio/Min": 1.0025571584701538,
    "Train/PolicyRatio/Std": 0.0018081559101119635,
    "Train/PolicyStd": 1.6427067518234253,
    "Train/StopIter": 10,
    "Value/Adv": 6.103515470812226e-09,
    "Value/cost": 0.7257988452911377,
    "Value/reward": 0.5220003724098206,
    "_runtime": 10997.451599154,
    "_step": 100,
    "_timestamp": 1746537618.5278778,
    "_wandb": {
        "runtime": 10997
    }
}