{
    "Loss/Loss_cost_critic": 3.03353214263916,
    "Loss/Loss_cost_critic/Delta": -0.4701054096221924,
    "Loss/Loss_pi": -0.16938692331314087,
    "Loss/Loss_pi/Delta": 0.3088900148868561,
    "Loss/Loss_reward_critic": 0.004661366809159517,
    "Loss/Loss_reward_critic/Delta": 0.003081344533711672,
    "Metrics/EpCost": 17.100000381469727,
    "Metrics/EpLen": 1000,
    "Metrics/EpRet": 0.5986117720603943,
    "Metrics/LagrangeMultiplier": 2.8178865909576416,
    "Metrics/LagrangeMultiplier/Max": 2.8178865909576416,
    "Metrics/LagrangeMultiplier/Min": 2.8178865909576416,
    "Metrics/LagrangeMultiplier/Std": 0,
    "Safety/EpCostShield": 55.79999923706055,
    "Safety/ShieldLagrangeMultiplier": 2.712739944458008,
    "Safety/ShieldLagrangeMultiplier/Max": 2.712739944458008,
    "Safety/ShieldLagrangeMultiplier/Min": 2.712739944458008,
    "Safety/ShieldLagrangeMultiplier/Std": 0,
    "Safety/shield_adv_c": "NaN",
    "Safety/shield_violation": 4.681328773498535,
    "Time/Epoch": 205.8655548095703,
    "Time/FPS": 97.1507797241211,
    "Time/Rollout": 97.67681884765624,
    "Time/Total": 20564.849609375,
    "Time/Update": 108.18868255615234,
    "TotalEnvSteps": 2000000,
    "Train/Entropy": 0.777413010597229,
    "Train/Epoch": 99,
    "Train/KL": 0.0030617068987339735,
    "Train/LR": 0,
    "Train/PolicyRatio": 1.001229763031006,
    "Train/PolicyRatio/Max": 1.001229763031006,
    "Train/PolicyRatio/Min": 1.001229763031006,
    "Train/PolicyRatio/Std": 0.005872565787285566,
    "Train/PolicyStd": 0.5276511311531067,
    "Train/StopIter": 40,
    "Value/Adv": 0.09715157747268675,
    "Value/cost": 0.9704248309135436,
    "Value/reward": 0.05812109261751175,
    "_runtime": 20565.982220976,
    "_step": 100,
    "_timestamp": 1746516964.3294456,
    "_wandb": {
        "runtime": 20565
    }
}