{
    "Loss/Loss_cost_critic": 1.7450538873672483,
    "Loss/Loss_cost_critic/Delta": -0.431130051612854,
    "Loss/Loss_pi": -0.11604251712560654,
    "Loss/Loss_pi/Delta": 0.11332704871892928,
    "Loss/Loss_reward_critic": 0.0071388534270226955,
    "Loss/Loss_reward_critic/Delta": 0.0025970106944441795,
    "Metrics/EpCost": 3.759999990463257,
    "Metrics/EpLen": 1000,
    "Metrics/EpRet": 0.43722617626190186,
    "Metrics/LagrangeMultiplier": 2.9206292629241943,
    "Metrics/LagrangeMultiplier/Max": 2.9206292629241943,
    "Metrics/LagrangeMultiplier/Min": 2.9206292629241943,
    "Metrics/LagrangeMultiplier/Std": 0,
    "Safety/EpCostShield": 42,
    "Safety/ShieldLagrangeMultiplier": 2.8712124824523926,
    "Safety/ShieldLagrangeMultiplier/Max": 2.8712124824523926,
    "Safety/ShieldLagrangeMultiplier/Min": 2.8712124824523926,
    "Safety/ShieldLagrangeMultiplier/Std": 0,
    "Safety/shield_adv_c": "NaN",
    "Safety/shield_violation": 3.287710189819336,
    "Time/Epoch": 184.4338531494141,
    "Time/FPS": 108.4399642944336,
    "Time/Rollout": 79.47003936767578,
    "Time/Total": 18389.919921875,
    "Time/Update": 104.96376037597656,
    "TotalEnvSteps": 2000000,
    "Train/Entropy": 0.8765998482704163,
    "Train/Epoch": 99,
    "Train/KL": 0.0031451827380806208,
    "Train/LR": 0,
    "Train/PolicyRatio": 1.0001484155654907,
    "Train/PolicyRatio/Max": 1.0001484155654907,
    "Train/PolicyRatio/Min": 1.0001484155654907,
    "Train/PolicyRatio/Std": 0.00598187604919076,
    "Train/PolicyStd": 0.6036807298660278,
    "Train/StopIter": 40,
    "Value/Adv": -0.013175416737794876,
    "Value/cost": 0.5826307535171509,
    "Value/reward": 0.06918205320835114,
    "_runtime": 18390.871309516,
    "_step": 100,
    "_timestamp": 1746514751.8257113,
    "_wandb": {
        "runtime": 18390
    }
}