{
    "Loss/Loss_cost_critic": 5.23826265335083,
    "Loss/Loss_cost_critic/Delta": -0.4093737602233886,
    "Loss/Loss_pi": -0.2374183088541031,
    "Loss/Loss_pi/Delta": 0.1821658760309219,
    "Loss/Loss_reward_critic": 0.03921864926815033,
    "Loss/Loss_reward_critic/Delta": -0.012802615761756895,
    "Metrics/EpCost": 17.200000762939453,
    "Metrics/EpLen": 1000,
    "Metrics/EpRet": 8.544939041137695,
    "Metrics/LagrangeMultiplier": 2.4138238430023193,
    "Metrics/LagrangeMultiplier/Max": 2.4138238430023193,
    "Metrics/LagrangeMultiplier/Min": 2.4138238430023193,
    "Metrics/LagrangeMultiplier/Std": 0,
    "Misc/AcceptanceStep": 1,
    "Misc/Alpha": 1.075419545173645,
    "Misc/FinalStepNorm": 0.30140960216522217,
    "Misc/H_inv_g": 0.28027164936065674,
    "Misc/gradient_norm": 0.1877829432487488,
    "Misc/xHx": 0.017293140292167664,
    "Safety/EpCostShield": 40.54999923706055,
    "Safety/ShieldLagrangeMultiplier": 2.428807020187378,
    "Safety/ShieldLagrangeMultiplier/Max": 2.428807020187378,
    "Safety/ShieldLagrangeMultiplier/Min": 2.428807020187378,
    "Safety/ShieldLagrangeMultiplier/Std": 0,
    "Safety/shield_adv_c": 0.02706056833267212,
    "Safety/shield_violation": 3.756927251815796,
    "Time/Epoch": 119.26359558105467,
    "Time/FPS": 167.69577026367188,
    "Time/Rollout": 91.11363220214844,
    "Time/Total": 12193.8857421875,
    "Time/Update": 28.149917602539062,
    "TotalEnvSteps": 2000000,
    "Train/Entropy": 1.9765478372573853,
    "Train/Epoch": 99,
    "Train/KL": 0.0003232015296816826,
    "Train/LR": 0,
    "Train/PolicyRatio": 1.0009422302246094,
    "Train/PolicyRatio/Max": 1.0009422302246094,
    "Train/PolicyRatio/Min": 1.0009422302246094,
    "Train/PolicyRatio/Std": 0.0006662011728622019,
    "Train/PolicyStd": 1.7635148763656616,
    "Train/StopIter": 10,
    "Value/Adv": -9.155272984173736e-09,
    "Value/cost": 1.7336453199386597,
    "Value/reward": 0.8028259873390198,
    "_runtime": 12196.073646392,
    "_step": 100,
    "_timestamp": 1746508593.7486527,
    "_wandb": {
        "runtime": 12196
    }
}