{
    "Loss/Loss_cost_critic": 2.871152639389038,
    "Loss/Loss_cost_critic/Delta": 1.5378077030181885,
    "Loss/Loss_pi": -0.2453828603029251,
    "Loss/Loss_pi/Delta": 0.04523734748363495,
    "Loss/Loss_reward_critic": 0.031162485480308533,
    "Loss/Loss_reward_critic/Delta": 0.005553167313337326,
    "Metrics/EpCost": 5.489999771118164,
    "Metrics/EpLen": 1000,
    "Metrics/EpRet": 2.052540063858032,
    "Metrics/LagrangeMultiplier": 2.274240493774414,
    "Metrics/LagrangeMultiplier/Max": 2.274240493774414,
    "Metrics/LagrangeMultiplier/Min": 2.274240493774414,
    "Metrics/LagrangeMultiplier/Std": 0,
    "Misc/AcceptanceStep": 1,
    "Misc/Alpha": 1.1610214710235596,
    "Misc/FinalStepNorm": 0.3220217525959015,
    "Misc/H_inv_g": 0.277360737323761,
    "Misc/gradient_norm": 0.1869966834783554,
    "Misc/xHx": 0.014837105758488178,
    "Safety/EpCostShield": 32.599998474121094,
    "Safety/ShieldLagrangeMultiplier": 2.350764274597168,
    "Safety/ShieldLagrangeMultiplier/Max": 2.350764274597168,
    "Safety/ShieldLagrangeMultiplier/Min": 2.350764274597168,
    "Safety/ShieldLagrangeMultiplier/Std": 0,
    "Safety/shield_adv_c": 0.2577066421508789,
    "Safety/shield_violation": 2.9678423404693604,
    "Time/Epoch": 114.9345474243164,
    "Time/FPS": 174.0120849609375,
    "Time/Rollout": 93.17591094970705,
    "Time/Total": 12461.8955078125,
    "Time/Update": 21.75861358642578,
    "TotalEnvSteps": 2000000,
    "Train/Entropy": 2.0955216884613037,
    "Train/Epoch": 99,
    "Train/KL": 0.0002921287377830595,
    "Train/LR": 0,
    "Train/PolicyRatio": 1.000104546546936,
    "Train/PolicyRatio/Max": 1.0001046657562256,
    "Train/PolicyRatio/Min": 1.0001046657562256,
    "Train/PolicyRatio/Std": 7.400996400974691e-05,
    "Train/PolicyStd": 1.989068388938904,
    "Train/StopIter": 10,
    "Value/Adv": 0,
    "Value/cost": 0.3807278871536255,
    "Value/reward": 0.38767537474632263,
    "_runtime": 12463.323214362,
    "_step": 100,
    "_timestamp": 1746508878.9678955,
    "_wandb": {
        "runtime": 12463
    }
}