{
    "Loss/Loss_cost_critic": 8.142584800720215,
    "Loss/Loss_cost_critic/Delta": 1.2567591667175293,
    "Loss/Loss_pi": -0.13470613956451416,
    "Loss/Loss_pi/Delta": -0.022455230355262756,
    "Loss/Loss_reward_critic": 0.11066915839910509,
    "Loss/Loss_reward_critic/Delta": 0.013493269681930542,
    "Metrics/EpCost": 8.84000015258789,
    "Metrics/EpLen": 500,
    "Metrics/EpRet": 20.179649353027344,
    "Metrics/LagrangeMultiplier": 1.4679303169250488,
    "Metrics/LagrangeMultiplier/Max": 1.4679303169250488,
    "Metrics/LagrangeMultiplier/Min": 1.4679303169250488,
    "Metrics/LagrangeMultiplier/Std": 0,
    "Safety/EpCostShield": 18.399999618530273,
    "Safety/ShieldLagrangeMultiplier": 1.558146595954895,
    "Safety/ShieldLagrangeMultiplier/Max": 1.558146595954895,
    "Safety/ShieldLagrangeMultiplier/Min": 1.558146595954895,
    "Safety/ShieldLagrangeMultiplier/Std": 0,
    "Safety/shield_adv_c": "NaN",
    "Safety/shield_violation": 2.191995620727539,
    "Time/Epoch": 261.2174072265625,
    "Time/FPS": 76.5645751953125,
    "Time/Rollout": 100.32872009277344,
    "Time/Total": 26564.099609375,
    "Time/Update": 160.88861083984375,
    "TotalEnvSteps": 2000000,
    "Train/Entropy": 0.7835647463798523,
    "Train/Epoch": 99,
    "Train/KL": 0.0024184142239391804,
    "Train/LR": 0,
    "Train/PolicyRatio": 1.0007039308547974,
    "Train/PolicyRatio/Max": 1.0007039308547974,
    "Train/PolicyRatio/Min": 1.0007039308547974,
    "Train/PolicyRatio/Std": 0.005622933618724346,
    "Train/PolicyStd": 0.529739499092102,
    "Train/StopIter": 40,
    "Value/Adv": -0.20129604637622833,
    "Value/cost": 1.1642755270004272,
    "Value/reward": 4.054971694946289,
    "_runtime": 26565.354434602,
    "_step": 100,
    "_timestamp": 1746536427.5035143,
    "_wandb": {
        "runtime": 26565
    }
}