{
    "Loss/Loss_cost_critic": 1.3383207321166992,
    "Loss/Loss_cost_critic/Delta": -0.1851959228515625,
    "Loss/Loss_pi": -0.23620030283927915,
    "Loss/Loss_pi/Delta": -0.027115747332572937,
    "Loss/Loss_reward_critic": 0.004651043098419905,
    "Loss/Loss_reward_critic/Delta": -0.0002998868003487587,
    "Metrics/EpCost": 8.25,
    "Metrics/EpLen": 1000,
    "Metrics/EpRet": 0.2119073122739792,
    "Metrics/LagrangeMultiplier": 3.081066131591797,
    "Metrics/LagrangeMultiplier/Max": 3.081066131591797,
    "Metrics/LagrangeMultiplier/Min": 3.081066131591797,
    "Metrics/LagrangeMultiplier/Std": 0,
    "Safety/EpCostShield": 23.549999237060547,
    "Safety/ShieldLagrangeMultiplier": 2.679696798324585,
    "Safety/ShieldLagrangeMultiplier/Max": 2.679696798324585,
    "Safety/ShieldLagrangeMultiplier/Min": 2.679696798324585,
    "Safety/ShieldLagrangeMultiplier/Std": 0,
    "Safety/shield_adv_c": "NaN",
    "Safety/shield_violation": 3.084585666656494,
    "Time/Epoch": 264.10260009765625,
    "Time/FPS": 75.72814178466797,
    "Time/Rollout": 115.57052612304688,
    "Time/Total": 24305.056640625,
    "Time/Update": 148.53201293945312,
    "TotalEnvSteps": 2000000,
    "Train/Entropy": 0.5764607191085815,
    "Train/Epoch": 99,
    "Train/KL": 0.0034415244590491056,
    "Train/LR": 0,
    "Train/PolicyRatio": 1.002442479133606,
    "Train/PolicyRatio/Max": 1.002442479133606,
    "Train/PolicyRatio/Min": 1.002442479133606,
    "Train/PolicyRatio/Std": 0.006334560923278332,
    "Train/PolicyStd": 0.43065401911735535,
    "Train/StopIter": 40,
    "Value/Adv": -0.13682612776756287,
    "Value/cost": 0.8430914282798767,
    "Value/reward": 0.01128476206213236,
    "_runtime": 24307.173384437,
    "_step": 100,
    "_timestamp": 1746932396.9519382,
    "_wandb": {
        "runtime": 24307
    }
}