{
    "Loss/Loss_cost_critic": 5.2333879470825195,
    "Loss/Loss_cost_critic/Delta": -1.7346324920654297,
    "Loss/Loss_pi": -0.1578921377658844,
    "Loss/Loss_pi/Delta": -0.1681054001674056,
    "Loss/Loss_reward_critic": 0.04396276921033859,
    "Loss/Loss_reward_critic/Delta": 0.0035026371479034424,
    "Metrics/EpCost": 21.299999237060547,
    "Metrics/EpLen": 1000,
    "Metrics/EpRet": 11.31072235107422,
    "Metrics/LagrangeMultiplier": 2.8207406997680664,
    "Metrics/LagrangeMultiplier/Max": 2.8207406997680664,
    "Metrics/LagrangeMultiplier/Min": 2.8207406997680664,
    "Metrics/LagrangeMultiplier/Std": 0,
    "Safety/EpCostShield": 34.599998474121094,
    "Safety/ShieldLagrangeMultiplier": 2.726898670196533,
    "Safety/ShieldLagrangeMultiplier/Max": 2.726898670196533,
    "Safety/ShieldLagrangeMultiplier/Min": 2.726898670196533,
    "Safety/ShieldLagrangeMultiplier/Std": 0,
    "Safety/shield_adv_c": "NaN",
    "Safety/shield_violation": 3.858252048492432,
    "Time/Epoch": 230.28187561035156,
    "Time/FPS": 86.85008239746094,
    "Time/Rollout": 90.42157745361328,
    "Time/Total": 23328.353515625,
    "Time/Update": 139.8602294921875,
    "TotalEnvSteps": 2000000,
    "Train/Entropy": 0.5661616921424866,
    "Train/Epoch": 99,
    "Train/KL": 0.002812411403283477,
    "Train/LR": 0,
    "Train/PolicyRatio": 1.0008009672164917,
    "Train/PolicyRatio/Max": 1.0008009672164917,
    "Train/PolicyRatio/Min": 1.0008009672164917,
    "Train/PolicyRatio/Std": 0.0060509187169373035,
    "Train/PolicyStd": 0.42625290155410767,
    "Train/StopIter": 40,
    "Value/Adv": -0.13014572858810425,
    "Value/cost": 2.124875068664551,
    "Value/reward": 1.2721636295318604,
    "_runtime": 23330.122092932,
    "_step": 100,
    "_timestamp": 1746569135.428495,
    "_wandb": {
        "runtime": 23330
    }
}