{
    "Loss/Loss_cost_critic": 0.8025919198989868,
    "Loss/Loss_cost_critic/Delta": -0.618313193321228,
    "Loss/Loss_pi": -0.1837545186281204,
    "Loss/Loss_pi/Delta": -0.12639246508479118,
    "Loss/Loss_reward_critic": 0.004680096637457609,
    "Loss/Loss_reward_critic/Delta": -0.0005677379667758942,
    "Metrics/EpCost": 4.690000057220459,
    "Metrics/EpLen": 1000,
    "Metrics/EpRet": -0.019252829253673553,
    "Metrics/LagrangeMultiplier": 2.1364006996154785,
    "Metrics/LagrangeMultiplier/Max": 2.1364006996154785,
    "Metrics/LagrangeMultiplier/Min": 2.1364006996154785,
    "Metrics/LagrangeMultiplier/Std": 0,
    "Misc/AcceptanceStep": 1,
    "Misc/Alpha": 1.5419915914535522,
    "Misc/FinalStepNorm": 0.3223089575767517,
    "Misc/H_inv_g": 0.2090212106704712,
    "Misc/gradient_norm": 0.12174781411886217,
    "Misc/xHx": 0.008411344140768051,
    "Safety/EpCostShield": 1.25,
    "Safety/ShieldLagrangeMultiplier": 2.414686679840088,
    "Safety/ShieldLagrangeMultiplier/Max": 2.414686679840088,
    "Safety/ShieldLagrangeMultiplier/Min": 2.414686679840088,
    "Safety/ShieldLagrangeMultiplier/Std": 0,
    "Safety/shield_adv_c": 0.34052222967147827,
    "Safety/shield_violation": 1.4307434558868408,
    "Time/Epoch": 116.70384216308594,
    "Time/FPS": 171.37396240234375,
    "Time/Rollout": 93.61521911621094,
    "Time/Total": 11913.95703125,
    "Time/Update": 23.088598251342773,
    "TotalEnvSteps": 2000000,
    "Train/Entropy": 1.5873082876205444,
    "Train/Epoch": 99,
    "Train/KL": 0.00026910786982625723,
    "Train/LR": 0,
    "Train/PolicyRatio": 1.0011247396469116,
    "Train/PolicyRatio/Max": 1.0011247396469116,
    "Train/PolicyRatio/Min": 1.0011247396469116,
    "Train/PolicyRatio/Std": 0.0007952267769724131,
    "Train/PolicyStd": 1.1836867332458496,
    "Train/StopIter": 10,
    "Value/Adv": 2.0980834847250666e-08,
    "Value/cost": 0.22031399607658383,
    "Value/reward": 0.05400290712714195,
    "_runtime": 11915.564568106,
    "_step": 100,
    "_timestamp": 1746605489.2686093,
    "_wandb": {
        "runtime": 11915
    }
}