{
    "Loss/Loss_cost_critic": 2.9466819763183594,
    "Loss/Loss_cost_critic/Delta": 1.900475025177002,
    "Loss/Loss_pi": -0.1777433604001999,
    "Loss/Loss_pi/Delta": 0.013795614242553713,
    "Loss/Loss_reward_critic": 0.09708938747644424,
    "Loss/Loss_reward_critic/Delta": 0.024310603737831116,
    "Metrics/EpCost": 1.2400000095367432,
    "Metrics/EpLen": 500,
    "Metrics/EpRet": 9.66132926940918,
    "Metrics/LagrangeMultiplier": 1.0211745500564575,
    "Metrics/LagrangeMultiplier/Max": 1.0211745500564575,
    "Metrics/LagrangeMultiplier/Min": 1.0211745500564575,
    "Metrics/LagrangeMultiplier/Std": 0,
    "Safety/EpCostShield": 9,
    "Safety/ShieldLagrangeMultiplier": 1.156370759010315,
    "Safety/ShieldLagrangeMultiplier/Max": 1.156370759010315,
    "Safety/ShieldLagrangeMultiplier/Min": 1.156370759010315,
    "Safety/ShieldLagrangeMultiplier/Std": 0,
    "Safety/shield_adv_c": "NaN",
    "Safety/shield_violation": 0.538092851638794,
    "Time/Epoch": 159.7126922607422,
    "Time/FPS": 125.22486114501952,
    "Time/Rollout": 77.87168884277344,
    "Time/Total": 16293.9755859375,
    "Time/Update": 81.8409423828125,
    "TotalEnvSteps": 2000000,
    "Train/Entropy": 0.8022956848144531,
    "Train/Epoch": 99,
    "Train/KL": 0.0026401353534311056,
    "Train/LR": 0,
    "Train/PolicyRatio": 1.0013995170593262,
    "Train/PolicyRatio/Max": 1.0013995170593262,
    "Train/PolicyRatio/Min": 1.0013995170593262,
    "Train/PolicyRatio/Std": 0.006126436870545149,
    "Train/PolicyStd": 0.5869256258010864,
    "Train/StopIter": 40,
    "Value/Adv": -0.11615002900362016,
    "Value/cost": 0.3504162132740021,
    "Value/reward": 1.896658182144165,
    "_runtime": 16294.892729584,
    "_step": 100,
    "_timestamp": 1746552160.5225887,
    "_wandb": {
        "runtime": 16294
    }
}