{
    "Loss/Loss_cost_critic": 2.3523824214935303,
    "Loss/Loss_cost_critic/Delta": 1.1151384115219116,
    "Loss/Loss_pi": -0.228399857878685,
    "Loss/Loss_pi/Delta": 0.05866225063800812,
    "Loss/Loss_reward_critic": 0.1917286068201065,
    "Loss/Loss_reward_critic/Delta": 0.0003218352794647217,
    "Metrics/EpCost": 1.350000023841858,
    "Metrics/EpLen": 500,
    "Metrics/EpRet": 30.372861862182617,
    "Metrics/LagrangeMultiplier": 1.0324193239212036,
    "Metrics/LagrangeMultiplier/Max": 1.0324193239212036,
    "Metrics/LagrangeMultiplier/Min": 1.0324193239212036,
    "Metrics/LagrangeMultiplier/Std": 0,
    "Safety/EpCostShield": 8.550000190734863,
    "Safety/ShieldLagrangeMultiplier": 1.087987780570984,
    "Safety/ShieldLagrangeMultiplier/Max": 1.087987780570984,
    "Safety/ShieldLagrangeMultiplier/Min": 1.087987780570984,
    "Safety/ShieldLagrangeMultiplier/Std": 0,
    "Safety/shield_adv_c": "NaN",
    "Safety/shield_violation": 0.6126130819320679,
    "Time/Epoch": 175.2440185546875,
    "Time/FPS": 114.12657165527344,
    "Time/Rollout": 81.75607299804688,
    "Time/Total": 18202.828125,
    "Time/Update": 93.48789978027344,
    "TotalEnvSteps": 2000000,
    "Train/Entropy": 1.116200566291809,
    "Train/Epoch": 99,
    "Train/KL": 0.0019131002482026815,
    "Train/LR": 0,
    "Train/PolicyRatio": 1.0010511875152588,
    "Train/PolicyRatio/Max": 1.0010511875152588,
    "Train/PolicyRatio/Min": 1.0010511875152588,
    "Train/PolicyRatio/Std": 0.0042475080117583275,
    "Train/PolicyStd": 0.7452712655067444,
    "Train/StopIter": 40,
    "Value/Adv": 0.0710383802652359,
    "Value/cost": 0.2430119067430496,
    "Value/reward": 5.999159336090088,
    "_runtime": 18204.821972887,
    "_step": 100,
    "_timestamp": 1746925437.655576,
    "_wandb": {
        "runtime": 18204
    }
}