{
    "Loss/Loss_cost_critic": 1.9030240774154663,
    "Loss/Loss_cost_critic/Delta": -1.9966768026351929,
    "Loss/Loss_pi": -0.26505276560783386,
    "Loss/Loss_pi/Delta": -0.11307702958583832,
    "Loss/Loss_reward_critic": 0.027459315955638885,
    "Loss/Loss_reward_critic/Delta": -0.009986106306314468,
    "Metrics/EpCost": 5.21999979019165,
    "Metrics/EpLen": 1000,
    "Metrics/EpRet": 2.52017879486084,
    "Metrics/LagrangeMultiplier": 2.000831127166748,
    "Metrics/LagrangeMultiplier/Max": 2.000831127166748,
    "Metrics/LagrangeMultiplier/Min": 2.000831127166748,
    "Metrics/LagrangeMultiplier/Std": 0,
    "Misc/AcceptanceStep": 1,
    "Misc/Alpha": 1.4615199565887451,
    "Misc/FinalStepNorm": 0.3389909863471985,
    "Misc/H_inv_g": 0.23194412887096405,
    "Misc/gradient_norm": 0.07312795519828796,
    "Misc/xHx": 0.009363106451928616,
    "Safety/EpCostShield": 17.850000381469727,
    "Safety/ShieldLagrangeMultiplier": 2.135072946548462,
    "Safety/ShieldLagrangeMultiplier/Max": 2.135072946548462,
    "Safety/ShieldLagrangeMultiplier/Min": 2.135072946548462,
    "Safety/ShieldLagrangeMultiplier/Std": 0,
    "Safety/shield_adv_c": -0.2802203893661499,
    "Safety/shield_violation": 1.874980092048645,
    "Time/Epoch": 109.94536590576172,
    "Time/FPS": 181.90853881835935,
    "Time/Rollout": 92.86883544921876,
    "Time/Total": 11395.9814453125,
    "Time/Update": 17.07650375366211,
    "TotalEnvSteps": 2000000,
    "Train/Entropy": 2.0872199535369873,
    "Train/Epoch": 99,
    "Train/KL": 0.0002426466235192493,
    "Train/LR": 0,
    "Train/PolicyRatio": 1.0020818710327148,
    "Train/PolicyRatio/Max": 1.0020818710327148,
    "Train/PolicyRatio/Min": 1.0020818710327148,
    "Train/PolicyRatio/Std": 0.0014720489270985126,
    "Train/PolicyStd": 1.963975429534912,
    "Train/StopIter": 10,
    "Value/Adv": 3.051757735406113e-09,
    "Value/cost": 0.4618631899356842,
    "Value/reward": 0.3134065568447113,
    "_runtime": 11396.883792108,
    "_step": 100,
    "_timestamp": 1746534754.411085,
    "_wandb": {
        "runtime": 11396
    }
}