{
    "Loss/Loss_cost_critic": 0.6569926142692566,
    "Loss/Loss_cost_critic/Delta": 0.28185638785362244,
    "Loss/Loss_pi": -0.017864549532532692,
    "Loss/Loss_pi/Delta": -0.011461962014436722,
    "Loss/Loss_reward_critic": 0.0056575206108391285,
    "Loss/Loss_reward_critic/Delta": -0.004595523234456778,
    "Metrics/EpCost": 15.279999732971191,
    "Metrics/EpLen": 1000,
    "Metrics/EpRet": 0.7780864834785461,
    "Metrics/LagrangeMultiplier": 2.623715400695801,
    "Metrics/LagrangeMultiplier/Max": 2.623715400695801,
    "Metrics/LagrangeMultiplier/Min": 2.623715400695801,
    "Metrics/LagrangeMultiplier/Std": 0,
    "Misc/AcceptanceStep": 1,
    "Misc/Alpha": 0.7507750391960144,
    "Misc/FinalStepNorm": 0.26634231209754944,
    "Misc/H_inv_g": 0.3547564744949341,
    "Misc/gradient_norm": 0.34338897466659546,
    "Misc/xHx": 0.035482168197631836,
    "Time/Epoch": 85.49867248535156,
    "Time/FPS": 233.92176818847656,
    "Time/Rollout": 76.79210662841797,
    "Time/Total": 8490.4306640625,
    "Time/Update": 8.70654296875,
    "TotalEnvSteps": 2000000,
    "Train/Entropy": 1.1896892786026,
    "Train/Epoch": 99,
    "Train/KL": 0.00035943815601058304,
    "Train/LR": 0,
    "Train/PolicyRatio": 0.9999899864196776,
    "Train/PolicyRatio/Max": 0.9999899864196776,
    "Train/PolicyRatio/Min": 0.9999899864196776,
    "Train/PolicyRatio/Std": 7.052684850350488e-06,
    "Train/PolicyStd": 0.7963736057281494,
    "Train/StopIter": 10,
    "Value/Adv": 3.051757735406113e-09,
    "Value/cost": 1.1710803508758545,
    "Value/reward": 0.0459141843020916,
    "_runtime": 8492.221999042,
    "_step": 100,
    "_timestamp": 1746907072.410219,
    "_wandb": {
        "runtime": 8492
    }
}