{
    "Loss/Loss_cost_critic": 3.7601356506347656,
    "Loss/Loss_cost_critic/Delta": -0.19948697090148929,
    "Loss/Loss_pi": -0.15126127004623413,
    "Loss/Loss_pi/Delta": 0.19468536972999573,
    "Loss/Loss_reward_critic": 0.03709085285663605,
    "Loss/Loss_reward_critic/Delta": -0.002322778105735779,
    "Metrics/EpCost": 17.350000381469727,
    "Metrics/EpLen": 1000,
    "Metrics/EpRet": 4.930613040924072,
    "Metrics/LagrangeMultiplier": 2.7205638885498047,
    "Metrics/LagrangeMultiplier/Max": 2.7205638885498047,
    "Metrics/LagrangeMultiplier/Min": 2.7205638885498047,
    "Metrics/LagrangeMultiplier/Std": 0,
    "Safety/EpCostShield": 52.150001525878906,
    "Safety/ShieldLagrangeMultiplier": 2.735077381134033,
    "Safety/ShieldLagrangeMultiplier/Max": 2.735077381134033,
    "Safety/ShieldLagrangeMultiplier/Min": 2.735077381134033,
    "Safety/ShieldLagrangeMultiplier/Std": 0,
    "Safety/shield_adv_c": "NaN",
    "Safety/shield_violation": 5.759471416473389,
    "Time/Epoch": 214.02406311035156,
    "Time/FPS": 93.44743347167967,
    "Time/Rollout": 107.47089385986328,
    "Time/Total": 21595.185546875,
    "Time/Update": 106.55301666259766,
    "TotalEnvSteps": 2000000,
    "Train/Entropy": 0.20537102222442627,
    "Train/Epoch": 99,
    "Train/KL": 0.003953215200453997,
    "Train/LR": 0,
    "Train/PolicyRatio": 1.0008472204208374,
    "Train/PolicyRatio/Max": 1.0008472204208374,
    "Train/PolicyRatio/Min": 1.0008472204208374,
    "Train/PolicyRatio/Std": 0.00683959387242794,
    "Train/PolicyStd": 0.29714274406433105,
    "Train/StopIter": 40,
    "Value/Adv": -0.03719845786690712,
    "Value/cost": 2.146494626998902,
    "Value/reward": 0.49612608551979065,
    "_runtime": 21596.791349609,
    "_step": 100,
    "_timestamp": 1746571485.219319,
    "_wandb": {
        "runtime": 21596
    }
}