{
    "Loss/Loss_cost_critic": 2.1827170848846436,
    "Loss/Loss_cost_critic/Delta": 0.03243136405944824,
    "Loss/Loss_pi": -0.20204053819179535,
    "Loss/Loss_pi/Delta": -0.10320961475372314,
    "Loss/Loss_reward_critic": 0.0048883832059800625,
    "Loss/Loss_reward_critic/Delta": -5.857832729816437e-05,
    "Metrics/EpCost": 4.309999942779541,
    "Metrics/EpLen": 1000,
    "Metrics/EpRet": 0.3763620853424072,
    "Metrics/LagrangeMultiplier": 2.5195536613464355,
    "Metrics/LagrangeMultiplier/Max": 2.5195536613464355,
    "Metrics/LagrangeMultiplier/Min": 2.5195536613464355,
    "Metrics/LagrangeMultiplier/Std": 0,
    "Safety/EpCostShield": 19.75,
    "Safety/ShieldLagrangeMultiplier": 2.499708414077759,
    "Safety/ShieldLagrangeMultiplier/Max": 2.499708414077759,
    "Safety/ShieldLagrangeMultiplier/Min": 2.499708414077759,
    "Safety/ShieldLagrangeMultiplier/Std": 0,
    "Safety/shield_adv_c": "NaN",
    "Safety/shield_violation": 3.367324113845825,
    "Time/Epoch": 182.691162109375,
    "Time/FPS": 109.474365234375,
    "Time/Rollout": 90.07594299316406,
    "Time/Total": 18064.34375,
    "Time/Update": 92.61517333984376,
    "TotalEnvSteps": 2000000,
    "Train/Entropy": 0.12291506677865982,
    "Train/Epoch": 99,
    "Train/KL": 0.004056160803884268,
    "Train/LR": 0,
    "Train/PolicyRatio": 1.0015912055969238,
    "Train/PolicyRatio/Max": 1.0015912055969238,
    "Train/PolicyRatio/Min": 1.0015912055969238,
    "Train/PolicyRatio/Std": 0.007314842659980059,
    "Train/PolicyStd": 0.2770496606826782,
    "Train/StopIter": 40,
    "Value/Adv": 0.10302139818668364,
    "Value/cost": 0.7013996839523315,
    "Value/reward": 0.06717988848686218,
    "_runtime": 18066.227398803,
    "_step": 100,
    "_timestamp": 1746611624.856841,
    "_wandb": {
        "runtime": 18066
    }
}