{
    "Loss/Loss_cost_critic": 0.7060171365737915,
    "Loss/Loss_cost_critic/Delta": -0.10765421390533449,
    "Loss/Loss_pi": -0.08187083154916763,
    "Loss/Loss_pi/Delta": -0.007919296622276306,
    "Loss/Loss_reward_critic": 0.0071540819481015205,
    "Loss/Loss_reward_critic/Delta": 0.0004307180643081665,
    "Metrics/EpCost": 1.8899999856948853,
    "Metrics/EpLen": 1000,
    "Metrics/EpRet": -0.15957598388195038,
    "Metrics/LagrangeMultiplier": 2.425732374191284,
    "Metrics/LagrangeMultiplier/Max": 2.425732374191284,
    "Metrics/LagrangeMultiplier/Min": 2.425732374191284,
    "Metrics/LagrangeMultiplier/Std": 0,
    "Misc/AcceptanceStep": 1,
    "Misc/Alpha": 1.146092414855957,
    "Misc/FinalStepNorm": 0.2845451533794403,
    "Misc/H_inv_g": 0.24827417731285095,
    "Misc/gradient_norm": 0.13213102519512177,
    "Misc/xHx": 0.015226159244775772,
    "Safety/EpCostShield": 5.150000095367432,
    "Safety/ShieldLagrangeMultiplier": 2.464050769805908,
    "Safety/ShieldLagrangeMultiplier/Max": 2.464050769805908,
    "Safety/ShieldLagrangeMultiplier/Min": 2.464050769805908,
    "Safety/ShieldLagrangeMultiplier/Std": 0,
    "Safety/shield_adv_c": -0.11073940992355348,
    "Safety/shield_violation": 1.0493488311767578,
    "Time/Epoch": 144.57164001464844,
    "Time/FPS": 138.3397216796875,
    "Time/Rollout": 117.605712890625,
    "Time/Total": 14517.759765625,
    "Time/Update": 26.965904235839844,
    "TotalEnvSteps": 2000000,
    "Train/Entropy": 1.332523226737976,
    "Train/Epoch": 99,
    "Train/KL": 0.00035094667691737413,
    "Train/LR": 0,
    "Train/PolicyRatio": 1.000123381614685,
    "Train/PolicyRatio/Max": 1.000123381614685,
    "Train/PolicyRatio/Min": 1.000123381614685,
    "Train/PolicyRatio/Std": 8.721589256310835e-05,
    "Train/PolicyStd": 0.921731173992157,
    "Train/StopIter": 10,
    "Value/Adv": 3.051757735406113e-09,
    "Value/cost": 0.3072790801525116,
    "Value/reward": -0.025439942255616188,
    "_runtime": 14519.420433421,
    "_step": 100,
    "_timestamp": 1746632636.2657285,
    "_wandb": {
        "runtime": 14519
    }
}