{
    "Loss/Loss_cost_critic": 4.293131351470947,
    "Loss/Loss_cost_critic/Delta": 1.2127602100372314,
    "Loss/Loss_pi": 0.1755644977092743,
    "Loss/Loss_pi/Delta": 0.07834442704916,
    "Loss/Loss_reward_critic": 0.009758113883435726,
    "Loss/Loss_reward_critic/Delta": -0.003292391076683998,
    "Metrics/EpCost": 13.029999732971191,
    "Metrics/EpLen": 1000,
    "Metrics/EpRet": 0.4174225926399231,
    "Metrics/LagrangeMultiplier": 3.171231508255005,
    "Metrics/LagrangeMultiplier/Max": 3.171231508255005,
    "Metrics/LagrangeMultiplier/Min": 3.171231508255005,
    "Metrics/LagrangeMultiplier/Std": 0,
    "Safety/EpCostShield": 77.6500015258789,
    "Safety/ShieldLagrangeMultiplier": 3.021170139312744,
    "Safety/ShieldLagrangeMultiplier/Max": 3.021170139312744,
    "Safety/ShieldLagrangeMultiplier/Min": 3.021170139312744,
    "Safety/ShieldLagrangeMultiplier/Std": 0,
    "Safety/shield_adv_c": "NaN",
    "Safety/shield_violation": 3.420246839523315,
    "Time/Epoch": 233.055419921875,
    "Time/FPS": 85.81649780273438,
    "Time/Rollout": 104.4195327758789,
    "Time/Total": 21560.818359375,
    "Time/Update": 128.63583374023438,
    "TotalEnvSteps": 2000000,
    "Train/Entropy": 0.7042780518531799,
    "Train/Epoch": 99,
    "Train/KL": 0.003629023674875498,
    "Train/LR": 0,
    "Train/PolicyRatio": 1.000564694404602,
    "Train/PolicyRatio/Max": 1.000564694404602,
    "Train/PolicyRatio/Min": 1.000564694404602,
    "Train/PolicyRatio/Std": 0.006551783066242933,
    "Train/PolicyStd": 0.49429818987846375,
    "Train/StopIter": 40,
    "Value/Adv": -0.07246381044387817,
    "Value/cost": 0.7983708381652832,
    "Value/reward": 0.05457752197980881,
    "_runtime": 21562.779722317,
    "_step": 100,
    "_timestamp": 1746930194.423946,
    "_wandb": {
        "runtime": 21562
    }
}