{
    "Loss/Loss_cost_critic": 4.725845813751221,
    "Loss/Loss_cost_critic/Delta": 0.5027599334716797,
    "Loss/Loss_pi": -0.32267943024635315,
    "Loss/Loss_pi/Delta": 0.13958504796028137,
    "Loss/Loss_reward_critic": 0.043577052652835846,
    "Loss/Loss_reward_critic/Delta": 0.011624686419963837,
    "Metrics/EpCost": 16.579999923706055,
    "Metrics/EpLen": 1000,
    "Metrics/EpRet": 5.067668914794922,
    "Metrics/LagrangeMultiplier": 2.936382293701172,
    "Metrics/LagrangeMultiplier/Max": 2.936382293701172,
    "Metrics/LagrangeMultiplier/Min": 2.936382293701172,
    "Metrics/LagrangeMultiplier/Std": 0,
    "Safety/EpCostShield": 48.04999923706055,
    "Safety/ShieldLagrangeMultiplier": 2.7421255111694336,
    "Safety/ShieldLagrangeMultiplier/Max": 2.7421255111694336,
    "Safety/ShieldLagrangeMultiplier/Min": 2.7421255111694336,
    "Safety/ShieldLagrangeMultiplier/Std": 0,
    "Safety/shield_adv_c": "NaN",
    "Safety/shield_violation": 6.523517608642578,
    "Time/Epoch": 176.19036865234375,
    "Time/FPS": 113.51358795166016,
    "Time/Rollout": 85.5915298461914,
    "Time/Total": 17862.603515625,
    "Time/Update": 90.59879302978516,
    "TotalEnvSteps": 2000000,
    "Train/Entropy": 0.5757163763046265,
    "Train/Epoch": 99,
    "Train/KL": 0.003095855936408043,
    "Train/LR": 0,
    "Train/PolicyRatio": 0.9999189972877502,
    "Train/PolicyRatio/Max": 0.9999189972877502,
    "Train/PolicyRatio/Min": 0.9999189972877502,
    "Train/PolicyRatio/Std": 0.00578214880079031,
    "Train/PolicyStd": 0.4313999116420746,
    "Train/StopIter": 40,
    "Value/Adv": 0.1051413267850876,
    "Value/cost": 2.5428433418273926,
    "Value/reward": 0.6008649468421936,
    "_runtime": 17864.682994287,
    "_step": 100,
    "_timestamp": 1746524246.8406997,
    "_wandb": {
        "runtime": 17864
    }
}