{
    "Loss/Loss_cost_critic": 6.633782386779785,
    "Loss/Loss_cost_critic/Delta": -0.1925759315490723,
    "Loss/Loss_pi": -0.22901590168476105,
    "Loss/Loss_pi/Delta": 0.20019178092479703,
    "Loss/Loss_reward_critic": 0.045766327530145645,
    "Loss/Loss_reward_critic/Delta": 0.0032258108258247375,
    "Metrics/EpCost": 26.579999923706055,
    "Metrics/EpLen": 1000,
    "Metrics/EpRet": 13.703896522521973,
    "Metrics/LagrangeMultiplier": 2.8968780040740967,
    "Metrics/LagrangeMultiplier/Max": 2.8968780040740967,
    "Metrics/LagrangeMultiplier/Min": 2.8968780040740967,
    "Metrics/LagrangeMultiplier/Std": 0,
    "Safety/EpCostShield": 46.650001525878906,
    "Safety/ShieldLagrangeMultiplier": 2.884079694747925,
    "Safety/ShieldLagrangeMultiplier/Max": 2.884079694747925,
    "Safety/ShieldLagrangeMultiplier/Min": 2.884079694747925,
    "Safety/ShieldLagrangeMultiplier/Std": 0,
    "Safety/shield_adv_c": "NaN",
    "Safety/shield_violation": 5.918251037597656,
    "Time/Epoch": 249.50047302246097,
    "Time/FPS": 80.16017150878906,
    "Time/Rollout": 98.03763580322266,
    "Time/Total": 24842.220703125,
    "Time/Update": 151.46270751953125,
    "TotalEnvSteps": 2000000,
    "Train/Entropy": 0.1402340978384018,
    "Train/Epoch": 99,
    "Train/KL": 0.003693376900628209,
    "Train/LR": 0,
    "Train/PolicyRatio": 1.000423789024353,
    "Train/PolicyRatio/Max": 1.000423789024353,
    "Train/PolicyRatio/Min": 1.000423789024353,
    "Train/PolicyRatio/Std": 0.006571928970515728,
    "Train/PolicyStd": 0.27940914034843445,
    "Train/StopIter": 40,
    "Value/Adv": 0.10221096128225328,
    "Value/cost": 3.0921542644500732,
    "Value/reward": 1.3387809991836548,
    "_runtime": 24843.897866388,
    "_step": 100,
    "_timestamp": 1746569499.1993923,
    "_wandb": {
        "runtime": 24843
    }
}