{
    "Loss/Loss_cost_critic": 15.42507553100586,
    "Loss/Loss_cost_critic/Delta": 5.771690368652344,
    "Loss/Loss_pi": 0.1211470291018486,
    "Loss/Loss_pi/Delta": 0.11385083571076392,
    "Loss/Loss_reward_critic": 0.2522585988044739,
    "Loss/Loss_reward_critic/Delta": 0.022396668791770935,
    "Metrics/EpCost": 17.229999542236328,
    "Metrics/EpLen": 500,
    "Metrics/EpRet": 25.144197463989254,
    "Metrics/LagrangeMultiplier": 1.5273538827896118,
    "Metrics/LagrangeMultiplier/Max": 1.5273538827896118,
    "Metrics/LagrangeMultiplier/Min": 1.5273538827896118,
    "Metrics/LagrangeMultiplier/Std": 0,
    "Safety/EpCostShield": 42.04999923706055,
    "Safety/ShieldLagrangeMultiplier": 1.6523030996322632,
    "Safety/ShieldLagrangeMultiplier/Max": 1.6523030996322632,
    "Safety/ShieldLagrangeMultiplier/Min": 1.6523030996322632,
    "Safety/ShieldLagrangeMultiplier/Std": 0,
    "Safety/shield_adv_c": "NaN",
    "Safety/shield_violation": 6.228579998016357,
    "Time/Epoch": 297.744384765625,
    "Time/FPS": 67.17171478271484,
    "Time/Rollout": 109.72087860107422,
    "Time/Total": 30149.013671875,
    "Time/Update": 188.0233917236328,
    "TotalEnvSteps": 2000000,
    "Train/Entropy": 0.5776782035827637,
    "Train/Epoch": 99,
    "Train/KL": 0.004229147452861071,
    "Train/LR": 0,
    "Train/PolicyRatio": 0.99860817193985,
    "Train/PolicyRatio/Max": 0.99860817193985,
    "Train/PolicyRatio/Min": 0.99860817193985,
    "Train/PolicyRatio/Std": 0.00706102792173624,
    "Train/PolicyStd": 0.4326237440109253,
    "Train/StopIter": 40,
    "Value/Adv": 0.05103253200650215,
    "Value/cost": 3.480510950088501,
    "Value/reward": 5.115923881530762,
    "_runtime": 30150.491996164,
    "_step": 100,
    "_timestamp": 1746583408.64734,
    "_wandb": {
        "runtime": 30150
    }
}