{
    "Loss/Loss_cost_critic": 1.8531750440597536,
    "Loss/Loss_cost_critic/Delta": -1.0771394968032837,
    "Loss/Loss_pi": -0.008285818621516228,
    "Loss/Loss_pi/Delta": -0.0016252007335424423,
    "Loss/Loss_reward_critic": 0.2876591682434082,
    "Loss/Loss_reward_critic/Delta": -0.014904171228408812,
    "Metrics/EpCost": 12.239999771118164,
    "Metrics/EpLen": 500,
    "Metrics/EpRet": 33.33698272705078,
    "Metrics/LagrangeMultiplier": 1.2077126502990725,
    "Metrics/LagrangeMultiplier/Max": 1.2077126502990725,
    "Metrics/LagrangeMultiplier/Min": 1.2077126502990725,
    "Metrics/LagrangeMultiplier/Std": 0,
    "Misc/AcceptanceStep": 1,
    "Misc/Alpha": 1.5018686056137085,
    "Misc/FinalStepNorm": 0.15412847697734833,
    "Misc/H_inv_g": 0.10262447595596312,
    "Misc/gradient_norm": 0.3727586567401886,
    "Misc/xHx": 0.008866773918271065,
    "Time/Epoch": 70.53118133544922,
    "Time/FPS": 283.5625305175781,
    "Time/Rollout": 63.4447135925293,
    "Time/Total": 7094.89990234375,
    "Time/Update": 7.086452484130859,
    "TotalEnvSteps": 2000000,
    "Train/Entropy": 0.6550982594490051,
    "Train/Epoch": 99,
    "Train/KL": 0.0005066057201474905,
    "Train/LR": 0,
    "Train/PolicyRatio": 1.0011094808578491,
    "Train/PolicyRatio/Max": 1.0011094808578491,
    "Train/PolicyRatio/Min": 1.0011094808578491,
    "Train/PolicyRatio/Std": 0.000784549571108073,
    "Train/PolicyStd": 0.5325591564178467,
    "Train/StopIter": 10,
    "Value/Adv": -4.577636492086867e-09,
    "Value/cost": 1.3338344097137451,
    "Value/reward": 6.54477596282959,
    "_runtime": 7102.196536938,
    "_step": 100,
    "_timestamp": 1746905669.8938878,
    "_wandb": {
        "runtime": 7102
    }
}