{
    "Loss/Loss_cost_critic": 4.28291654586792,
    "Loss/Loss_cost_critic/Delta": -0.3318448066711426,
    "Loss/Loss_pi": -0.26786237955093384,
    "Loss/Loss_pi/Delta": -0.05314025282859802,
    "Loss/Loss_reward_critic": 0.0506383515894413,
    "Loss/Loss_reward_critic/Delta": -9.474903345108032e-05,
    "Metrics/EpCost": 19.149999618530273,
    "Metrics/EpLen": 1000,
    "Metrics/EpRet": 13.68364143371582,
    "Metrics/LagrangeMultiplier": 2.693725347518921,
    "Metrics/LagrangeMultiplier/Max": 2.693725347518921,
    "Metrics/LagrangeMultiplier/Min": 2.693725347518921,
    "Metrics/LagrangeMultiplier/Std": 0,
    "Safety/EpCostShield": 32.349998474121094,
    "Safety/ShieldLagrangeMultiplier": 2.6482303142547607,
    "Safety/ShieldLagrangeMultiplier/Max": 2.6482303142547607,
    "Safety/ShieldLagrangeMultiplier/Min": 2.6482303142547607,
    "Safety/ShieldLagrangeMultiplier/Std": 0,
    "Safety/shield_adv_c": "NaN",
    "Safety/shield_violation": 5.048404216766357,
    "Time/Epoch": 183.5392913818359,
    "Time/FPS": 108.96849060058594,
    "Time/Rollout": 84.61046600341797,
    "Time/Total": 18337.607421875,
    "Time/Update": 98.92874908447266,
    "TotalEnvSteps": 2000000,
    "Train/Entropy": 0.1672174334526062,
    "Train/Epoch": 99,
    "Train/KL": 0.0037628081627190113,
    "Train/LR": 0,
    "Train/PolicyRatio": 1.001027226448059,
    "Train/PolicyRatio/Max": 1.001027226448059,
    "Train/PolicyRatio/Min": 1.001027226448059,
    "Train/PolicyRatio/Std": 0.0066197034902870655,
    "Train/PolicyStd": 0.29120245575904846,
    "Train/StopIter": 40,
    "Value/Adv": -0.30174529552459717,
    "Value/cost": 2.0316848754882812,
    "Value/reward": 1.5381239652633667,
    "_runtime": 18339.331915306,
    "_step": 100,
    "_timestamp": 1746632032.1996002,
    "_wandb": {
        "runtime": 18339
    }
}