{
    "Loss/Loss_cost_critic": 4.58724308013916,
    "Loss/Loss_cost_critic/Delta": -0.49222755432128906,
    "Loss/Loss_pi": -0.7883425354957581,
    "Loss/Loss_pi/Delta": -0.9980609267950058,
    "Loss/Loss_reward_critic": 0.04217974469065666,
    "Loss/Loss_reward_critic/Delta": 0.01246066763997078,
    "Metrics/EpCost": 26.100000381469727,
    "Metrics/EpLen": 1000,
    "Metrics/EpRet": 4.990642547607422,
    "Metrics/LagrangeMultiplier": 2.568680763244629,
    "Metrics/LagrangeMultiplier/Max": 2.568680763244629,
    "Metrics/LagrangeMultiplier/Min": 2.568680763244629,
    "Metrics/LagrangeMultiplier/Std": 0,
    "Safety/EpCostShield": 52.75,
    "Safety/ShieldLagrangeMultiplier": 2.72666597366333,
    "Safety/ShieldLagrangeMultiplier/Max": 2.72666597366333,
    "Safety/ShieldLagrangeMultiplier/Min": 2.72666597366333,
    "Safety/ShieldLagrangeMultiplier/Std": 0,
    "Safety/shield_adv_c": "NaN",
    "Safety/shield_violation": 11.144401550292969,
    "Time/Epoch": 146.24472045898438,
    "Time/FPS": 136.757080078125,
    "Time/Rollout": 66.55355834960938,
    "Time/Total": 14866.58203125,
    "Time/Update": 79.69107055664062,
    "TotalEnvSteps": 2000000,
    "Train/Entropy": 0.18016059696674347,
    "Train/Epoch": 99,
    "Train/KL": 0.0035971992183476686,
    "Train/LR": 0,
    "Train/PolicyRatio": 1.0018503665924072,
    "Train/PolicyRatio/Max": 1.0018504858016968,
    "Train/PolicyRatio/Min": 1.0018504858016968,
    "Train/PolicyRatio/Std": 0.0065198480151593685,
    "Train/PolicyStd": 0.29296064376831055,
    "Train/StopIter": 40,
    "Value/Adv": -0.30141153931617737,
    "Value/cost": 4.077974319458008,
    "Value/reward": 0.8614142537117004,
    "_runtime": 14867.987447643,
    "_step": 100,
    "_timestamp": 1746564552.9648435,
    "_wandb": {
        "runtime": 14867
    }
}