{
    "Loss/Loss_cost_critic": 0.916294276714325,
    "Loss/Loss_cost_critic/Delta": 0.05250287055969238,
    "Loss/Loss_pi": -0.2156248539686203,
    "Loss/Loss_pi/Delta": -0.002674683928489685,
    "Loss/Loss_reward_critic": 0.006834804080426693,
    "Loss/Loss_reward_critic/Delta": 0.0022328817285597324,
    "Metrics/EpCost": 1.7000000476837158,
    "Metrics/EpLen": 1000,
    "Metrics/EpRet": -0.19091281294822693,
    "Metrics/LagrangeMultiplier": 2.367759943008423,
    "Metrics/LagrangeMultiplier/Max": 2.367759943008423,
    "Metrics/LagrangeMultiplier/Min": 2.367759943008423,
    "Metrics/LagrangeMultiplier/Std": 0,
    "Misc/AcceptanceStep": 1,
    "Misc/Alpha": 4.280737400054932,
    "Misc/FinalStepNorm": 0.3615201711654663,
    "Misc/H_inv_g": 0.08445277810096741,
    "Misc/gradient_norm": 0.03560435771942139,
    "Misc/xHx": 0.0010914121521636844,
    "Safety/EpCostShield": 12.350000381469728,
    "Safety/ShieldLagrangeMultiplier": 2.298082113265991,
    "Safety/ShieldLagrangeMultiplier/Max": 2.298082113265991,
    "Safety/ShieldLagrangeMultiplier/Min": 2.298082113265991,
    "Safety/ShieldLagrangeMultiplier/Std": 0,
    "Safety/shield_adv_c": -0.13732615113258362,
    "Safety/shield_violation": 1.010073184967041,
    "Time/Epoch": 72.74347686767578,
    "Time/FPS": 274.9387512207031,
    "Time/Rollout": 58.90085220336914,
    "Time/Total": 7304.77392578125,
    "Time/Update": 13.842609405517578,
    "TotalEnvSteps": 2000000,
    "Train/Entropy": 2.592369079589844,
    "Train/Epoch": 99,
    "Train/KL": 0.0001785519561963156,
    "Train/LR": 0,
    "Train/PolicyRatio": 1.0014139413833618,
    "Train/PolicyRatio/Max": 1.0014140605926514,
    "Train/PolicyRatio/Min": 1.0014140605926514,
    "Train/PolicyRatio/Std": 0.0009998356690630317,
    "Train/PolicyStd": 3.258333921432495,
    "Train/StopIter": 10,
    "Value/Adv": 3.051757735406113e-09,
    "Value/cost": 0.18558332324028015,
    "Value/reward": 0.0017667755018919706,
    "_runtime": 7306.47757779,
    "_step": 100,
    "_timestamp": 1746503673.5701118,
    "_wandb": {
        "runtime": 7306
    }
}