{
    "Loss/Loss_cost_critic": 5.31962251663208,
    "Loss/Loss_cost_critic/Delta": 0.7965211868286133,
    "Loss/Loss_pi": -0.08660770207643509,
    "Loss/Loss_pi/Delta": -0.013543136417865751,
    "Loss/Loss_reward_critic": 4.292123317718506,
    "Loss/Loss_reward_critic/Delta": -0.3603081703186035,
    "Metrics/EpCost": 21.530000686645508,
    "Metrics/EpLen": 500,
    "Metrics/EpRet": -0.5355244278907776,
    "Metrics/LagrangeMultiplier": 3.16100549697876,
    "Metrics/LagrangeMultiplier/Max": 3.16100549697876,
    "Metrics/LagrangeMultiplier/Min": 3.16100549697876,
    "Metrics/LagrangeMultiplier/Std": 0,
    "Misc/AcceptanceStep": 1,
    "Misc/Alpha": 0.140498548746109,
    "Misc/FinalStepNorm": 0.34726643562316895,
    "Misc/H_inv_g": 2.471672773361206,
    "Misc/gradient_norm": 0.4669373035430908,
    "Misc/xHx": 1.0131791830062866,
    "Time/Epoch": 117.6331558227539,
    "Time/FPS": 170.0200958251953,
    "Time/Rollout": 109.18900299072266,
    "Time/Total": 11731.232421875,
    "Time/Update": 8.444141387939453,
    "TotalEnvSteps": 2000000,
    "Train/Entropy": 1.4610443115234375,
    "Train/Epoch": 99,
    "Train/KL": 0.0002151297958334908,
    "Train/LR": 0,
    "Train/PolicyRatio": 1.001509189605713,
    "Train/PolicyRatio/Max": 1.001509189605713,
    "Train/PolicyRatio/Min": 1.001509189605713,
    "Train/PolicyRatio/Std": 0.0010671581840142608,
    "Train/PolicyStd": 1.0514521598815918,
    "Train/StopIter": 10,
    "Value/Adv": -6.103515470812226e-09,
    "Value/cost": 4.971951007843018,
    "Value/reward": 0.2157229781150818,
    "_runtime": 11732.870012192,
    "_step": 100,
    "_timestamp": 1743342770.551318,
    "_wandb": {
        "runtime": 11732
    }
}