{
    "Loss/Loss_cost_critic": 8.750571250915527,
    "Loss/Loss_cost_critic/Delta": 0.9144110679626464,
    "Loss/Loss_pi": -0.05042927712202072,
    "Loss/Loss_pi/Delta": 0.0006265677511692047,
    "Loss/Loss_reward_critic": 4.426726818084717,
    "Loss/Loss_reward_critic/Delta": -1.3067898750305176,
    "Metrics/EpCost": 39.09000015258789,
    "Metrics/EpLen": 500,
    "Metrics/EpRet": 0.020353183150291443,
    "Misc/A": 0.12467718869447708,
    "Misc/AcceptanceStep": 1,
    "Misc/Alpha": 0.39853066205978394,
    "Misc/B": -551.2304077148438,
    "Misc/FinalStepNorm": 0.35372301936149597,
    "Misc/H_inv_g": 0.8957535028457642,
    "Misc/Lambda_star": 0,
    "Misc/Nu_star": 0.08494225889444351,
    "Misc/OptimCase": 0,
    "Misc/cost_gradient_norm": 0.7720930576324463,
    "Misc/gradient_norm": 0.1681896299123764,
    "Misc/q": 0.12592341005802157,
    "Misc/r": 0.05877452343702316,
    "Misc/s": 2.771930694580078,
    "Misc/xHx": 0.12592341005802157,
    "Time/Epoch": 138.4568328857422,
    "Time/FPS": 144.44935607910156,
    "Time/Rollout": 122.80805206298828,
    "Time/Total": 13862.953125,
    "Time/Update": 15.64875316619873,
    "TotalEnvSteps": 2000000,
    "Train/Entropy": 1.4633609056472778,
    "Train/Epoch": 99,
    "Train/KL": 0.00011022686521755531,
    "Train/LR": 0,
    "Train/PolicyRatio": 1.0004438161849976,
    "Train/PolicyRatio/Max": 1.0004438161849976,
    "Train/PolicyRatio/Min": 1.0004438161849976,
    "Train/PolicyRatio/Std": 0.000313853524858132,
    "Train/PolicyStd": 1.0537108182907104,
    "Train/StopIter": 10,
    "Value/Adv": 0,
    "Value/cost": 5.463192939758301,
    "Value/reward": 0.07153807580471039,
    "_runtime": 13864.765354952,
    "_step": 100,
    "_timestamp": 1743348263.7043746,
    "_wandb": {
        "runtime": 13864
    }
}