{
    "Loss/Loss_cost_critic": 1.2159065008163452,
    "Loss/Loss_cost_critic/Delta": -1.2174378633499146,
    "Loss/Loss_pi": -0.3508175313472748,
    "Loss/Loss_pi/Delta": -0.19981476664543152,
    "Loss/Loss_reward_critic": 0.004675588570535183,
    "Loss/Loss_reward_critic/Delta": -0.002553781494498253,
    "Metrics/EpCost": 7.690000057220459,
    "Metrics/EpLen": 1000,
    "Metrics/EpRet": 0.18371009826660156,
    "Metrics/LagrangeMultiplier": 3.0063376426696777,
    "Metrics/LagrangeMultiplier/Max": 3.0063376426696777,
    "Metrics/LagrangeMultiplier/Min": 3.0063376426696777,
    "Metrics/LagrangeMultiplier/Std": 0,
    "Safety/EpCostShield": 5.150000095367432,
    "Safety/ShieldLagrangeMultiplier": 2.9518158435821533,
    "Safety/ShieldLagrangeMultiplier/Max": 2.9518158435821533,
    "Safety/ShieldLagrangeMultiplier/Min": 2.9518158435821533,
    "Safety/ShieldLagrangeMultiplier/Std": 0,
    "Safety/shield_adv_c": "NaN",
    "Safety/shield_violation": 2.7298383712768555,
    "Time/Epoch": 226.2885284423828,
    "Time/FPS": 88.38274383544922,
    "Time/Rollout": 99.52468872070312,
    "Time/Total": 21283.734375,
    "Time/Update": 126.76375579833984,
    "TotalEnvSteps": 2000000,
    "Train/Entropy": 0.7029216289520264,
    "Train/Epoch": 99,
    "Train/KL": 0.002903879852965474,
    "Train/LR": 0,
    "Train/PolicyRatio": 1.0026170015335083,
    "Train/PolicyRatio/Max": 1.002617120742798,
    "Train/PolicyRatio/Min": 1.002617120742798,
    "Train/PolicyRatio/Std": 0.005541074089705944,
    "Train/PolicyStd": 0.48913803696632385,
    "Train/StopIter": 40,
    "Value/Adv": 0.08388181775808334,
    "Value/cost": 0.29305997490882874,
    "Value/reward": 0.04129263386130333,
    "_runtime": 21285.475489941,
    "_step": 100,
    "_timestamp": 1746538832.218938,
    "_wandb": {
        "runtime": 21285
    }
}