{
    "Loss/Loss_cost_critic": 4.24185037612915,
    "Loss/Loss_cost_critic/Delta": -0.5132155418395996,
    "Loss/Loss_pi": -0.1695890575647354,
    "Loss/Loss_pi/Delta": -0.06682239472866058,
    "Loss/Loss_reward_critic": 0.04560741409659386,
    "Loss/Loss_reward_critic/Delta": 0.006989620625972748,
    "Metrics/EpCost": 15.06999969482422,
    "Metrics/EpLen": 1000,
    "Metrics/EpRet": 9.176156997680664,
    "Metrics/LagrangeMultiplier": 2.7614574432373047,
    "Metrics/LagrangeMultiplier/Max": 2.7614574432373047,
    "Metrics/LagrangeMultiplier/Min": 2.7614574432373047,
    "Metrics/LagrangeMultiplier/Std": 0,
    "Safety/EpCostShield": 35.400001525878906,
    "Safety/ShieldLagrangeMultiplier": 2.740899562835694,
    "Safety/ShieldLagrangeMultiplier/Max": 2.740899562835694,
    "Safety/ShieldLagrangeMultiplier/Min": 2.740899562835694,
    "Safety/ShieldLagrangeMultiplier/Std": 0,
    "Safety/shield_adv_c": "NaN",
    "Safety/shield_violation": 3.3412113189697266,
    "Time/Epoch": 227.2268218994141,
    "Time/FPS": 88.01777648925781,
    "Time/Rollout": 86.95121765136719,
    "Time/Total": 22312.708984375,
    "Time/Update": 140.27554321289062,
    "TotalEnvSteps": 2000000,
    "Train/Entropy": 0.7460365295410156,
    "Train/Epoch": 99,
    "Train/KL": 0.002662581857293844,
    "Train/LR": 0,
    "Train/PolicyRatio": 1.0005114078521729,
    "Train/PolicyRatio/Max": 1.0005114078521729,
    "Train/PolicyRatio/Min": 1.0005114078521729,
    "Train/PolicyRatio/Std": 0.005642455071210861,
    "Train/PolicyStd": 0.5110134482383728,
    "Train/StopIter": 40,
    "Value/Adv": -0.1907564103603363,
    "Value/cost": 1.7541093826293943,
    "Value/reward": 1.1128278970718384,
    "_runtime": 22315.238846376,
    "_step": 100,
    "_timestamp": 1746921124.2115097,
    "_wandb": {
        "runtime": 22315
    }
}