{
    "Loss/Loss_cost_critic": 2.018254041671753,
    "Loss/Loss_cost_critic/Delta": -0.4125220775604248,
    "Loss/Loss_pi": -0.007217870093882084,
    "Loss/Loss_pi/Delta": 0.004349350929260254,
    "Loss/Loss_reward_critic": 0.10378246754407884,
    "Loss/Loss_reward_critic/Delta": -0.004589162766933441,
    "Metrics/EpCost": 59.09000015258789,
    "Metrics/EpLen": 1000,
    "Metrics/EpRet": 27.368144989013672,
    "Metrics/LagrangeMultiplier": 0.35571518540382385,
    "Metrics/LagrangeMultiplier/Max": 0.35571518540382385,
    "Metrics/LagrangeMultiplier/Min": 0.35571518540382385,
    "Metrics/LagrangeMultiplier/Std": 0,
    "Time/Epoch": 115.1858367919922,
    "Time/FPS": 173.63246154785156,
    "Time/Rollout": 64.43409729003906,
    "Time/Total": 11383.6962890625,
    "Time/Update": 50.75168991088867,
    "TotalEnvSteps": 2000000,
    "Train/Entropy": -0.13866208493709564,
    "Train/Epoch": 99,
    "Train/KL": 0.004356516059488058,
    "Train/LR": 0,
    "Train/PolicyRatio": 0.9997243881225586,
    "Train/PolicyRatio/Max": 0.9997243881225586,
    "Train/PolicyRatio/Min": 0.9997243881225586,
    "Train/PolicyRatio/Std": 0.007151666097342968,
    "Train/PolicyStd": 0.21072055399417877,
    "Train/StopIter": 40,
    "Value/Adv": -0.39355042576789856,
    "Value/cost": 8.06821060180664,
    "Value/reward": 2.8479225635528564,
    "_runtime": 11385.377991858,
    "_step": 100,
    "_timestamp": 1745033248.3148663,
    "_wandb": {
        "runtime": 11385
    }
}