{
    "Loss/Loss_cost_critic": 2.838273763656616,
    "Loss/Loss_cost_critic/Delta": -0.64750075340271,
    "Loss/Loss_pi": -0.34489503502845764,
    "Loss/Loss_pi/Delta": -0.09310713410377502,
    "Loss/Loss_reward_critic": 0.05248747393488884,
    "Loss/Loss_reward_critic/Delta": -0.012952785938978195,
    "Metrics/EpCost": 11.3100004196167,
    "Metrics/EpLen": 1000,
    "Metrics/EpRet": 9.742871284484863,
    "Metrics/LagrangeMultiplier": 2.3898820877075195,
    "Metrics/LagrangeMultiplier/Max": 2.3898820877075195,
    "Metrics/LagrangeMultiplier/Min": 2.3898820877075195,
    "Metrics/LagrangeMultiplier/Std": 0,
    "Misc/AcceptanceStep": 1,
    "Misc/Alpha": 1.3339885473251345,
    "Misc/FinalStepNorm": 0.30399829149246216,
    "Misc/H_inv_g": 0.22788675129413605,
    "Misc/gradient_norm": 0.1851972937583923,
    "Misc/xHx": 0.011238940060138702,
    "Safety/EpCostShield": 15.149999618530272,
    "Safety/ShieldLagrangeMultiplier": 2.389312744140625,
    "Safety/ShieldLagrangeMultiplier/Max": 2.389312744140625,
    "Safety/ShieldLagrangeMultiplier/Min": 2.389312744140625,
    "Safety/ShieldLagrangeMultiplier/Std": 0,
    "Safety/shield_adv_c": -0.44857585430145264,
    "Safety/shield_violation": 2.657055377960205,
    "Time/Epoch": 78.20255279541016,
    "Time/FPS": 255.7461395263672,
    "Time/Rollout": 64.21983337402344,
    "Time/Total": 7981.205078125,
    "Time/Update": 13.98269271850586,
    "TotalEnvSteps": 2000000,
    "Train/Entropy": 1.9553724527359009,
    "Train/Epoch": 99,
    "Train/KL": 0.00028853636467829347,
    "Train/LR": 0,
    "Train/PolicyRatio": 1.0012997388839722,
    "Train/PolicyRatio/Max": 1.0012997388839722,
    "Train/PolicyRatio/Min": 1.0012997388839722,
    "Train/PolicyRatio/Std": 0.0009190260898321868,
    "Train/PolicyStd": 1.7321395874023438,
    "Train/StopIter": 10,
    "Value/Adv": -4.577636492086867e-09,
    "Value/cost": 1.0968139171600342,
    "Value/reward": 1.0809977054595947,
    "_runtime": 7982.186893018,
    "_step": 100,
    "_timestamp": 1746527342.9952834,
    "_wandb": {
        "runtime": 7982
    }
}