{
    "Loss/Loss_cost_critic": 4.563351154327393,
    "Loss/Loss_cost_critic/Delta": 0.4480357170104981,
    "Loss/Loss_pi": -0.1816113144159317,
    "Loss/Loss_pi/Delta": 0.01147390902042389,
    "Loss/Loss_reward_critic": 0.03535080328583717,
    "Loss/Loss_reward_critic/Delta": 0.001449327915906906,
    "Metrics/EpCost": 13.710000038146973,
    "Metrics/EpLen": 1000,
    "Metrics/EpRet": 7.9964599609375,
    "Metrics/LagrangeMultiplier": 2.6553707122802734,
    "Metrics/LagrangeMultiplier/Max": 2.6553707122802734,
    "Metrics/LagrangeMultiplier/Min": 2.6553707122802734,
    "Metrics/LagrangeMultiplier/Std": 0,
    "Safety/EpCostShield": 35.599998474121094,
    "Safety/ShieldLagrangeMultiplier": 2.614318609237671,
    "Safety/ShieldLagrangeMultiplier/Max": 2.614318609237671,
    "Safety/ShieldLagrangeMultiplier/Min": 2.614318609237671,
    "Safety/ShieldLagrangeMultiplier/Std": 0,
    "Safety/shield_adv_c": "NaN",
    "Safety/shield_violation": 3.3723742961883545,
    "Time/Epoch": 233.2307281494141,
    "Time/FPS": 85.75199127197266,
    "Time/Rollout": 88.71512603759766,
    "Time/Total": 23383.673828125,
    "Time/Update": 144.51551818847656,
    "TotalEnvSteps": 2000000,
    "Train/Entropy": 0.8266480565071106,
    "Train/Epoch": 99,
    "Train/KL": 0.0030591683462262154,
    "Train/LR": 0,
    "Train/PolicyRatio": 1.000401496887207,
    "Train/PolicyRatio/Max": 1.000401496887207,
    "Train/PolicyRatio/Min": 1.000401496887207,
    "Train/PolicyRatio/Std": 0.0060752686113119125,
    "Train/PolicyStd": 0.5570449829101562,
    "Train/StopIter": 40,
    "Value/Adv": -0.05123935639858246,
    "Value/cost": 1.6757173538208008,
    "Value/reward": 0.776017963886261,
    "_runtime": 23385.292178227,
    "_step": 100,
    "_timestamp": 1746519784.0307512,
    "_wandb": {
        "runtime": 23385
    }
}