{
    "Loss/Loss_cost_critic": 2.3339645862579346,
    "Loss/Loss_cost_critic/Delta": -1.065495252609253,
    "Loss/Loss_pi": -0.2760279178619385,
    "Loss/Loss_pi/Delta": -0.05114458501338959,
    "Loss/Loss_reward_critic": 0.0534694604575634,
    "Loss/Loss_reward_critic/Delta": 0.011943716555833817,
    "Metrics/EpCost": 12.81999969482422,
    "Metrics/EpLen": 1000,
    "Metrics/EpRet": 3.3680167198181152,
    "Metrics/LagrangeMultiplier": 2.424168825149536,
    "Metrics/LagrangeMultiplier/Max": 2.424168825149536,
    "Metrics/LagrangeMultiplier/Min": 2.424168825149536,
    "Metrics/LagrangeMultiplier/Std": 0,
    "Misc/AcceptanceStep": 1,
    "Misc/Alpha": 0.8216331601142883,
    "Misc/FinalStepNorm": 0.30888593196868896,
    "Misc/H_inv_g": 0.3759414255619049,
    "Misc/gradient_norm": 0.255693644285202,
    "Misc/xHx": 0.029626060277223587,
    "Safety/EpCostShield": 11.800000190734863,
    "Safety/ShieldLagrangeMultiplier": 2.48065185546875,
    "Safety/ShieldLagrangeMultiplier/Max": 2.48065185546875,
    "Safety/ShieldLagrangeMultiplier/Min": 2.48065185546875,
    "Safety/ShieldLagrangeMultiplier/Std": 0,
    "Safety/shield_adv_c": -0.4889149665832519,
    "Safety/shield_violation": 3.2042245864868164,
    "Time/Epoch": 137.99191284179688,
    "Time/FPS": 144.93603515625,
    "Time/Rollout": 113.3600082397461,
    "Time/Total": 14831.029296875,
    "Time/Update": 24.63187789916992,
    "TotalEnvSteps": 2000000,
    "Train/Entropy": 1.3333600759506226,
    "Train/Epoch": 99,
    "Train/KL": 0.0002744046796578914,
    "Train/LR": 0,
    "Train/PolicyRatio": 1.0034871101379397,
    "Train/PolicyRatio/Max": 1.0034871101379397,
    "Train/PolicyRatio/Min": 1.0034871101379397,
    "Train/PolicyRatio/Std": 0.0024657591711729765,
    "Train/PolicyStd": 0.9227463603019714,
    "Train/StopIter": 10,
    "Value/Adv": 1.907348501362094e-09,
    "Value/cost": 0.9286425709724426,
    "Value/reward": 0.5350344777107239,
    "_runtime": 14833.444068709,
    "_step": 100,
    "_timestamp": 1746581567.5706298,
    "_wandb": {
        "runtime": 14833
    }
}