{
    "Loss/Loss_cost_critic": 1.3809341192245483,
    "Loss/Loss_cost_critic/Delta": -0.8296264410018921,
    "Loss/Loss_pi": 0.029609406366944313,
    "Loss/Loss_pi/Delta": -0.044401807710528374,
    "Loss/Loss_reward_critic": 0.08844916522502899,
    "Loss/Loss_reward_critic/Delta": 0.0160662978887558,
    "Metrics/EpCost": 0.5899999737739563,
    "Metrics/EpLen": 500,
    "Metrics/EpRet": 11.639780044555664,
    "Metrics/LagrangeMultiplier": 1.060867190361023,
    "Metrics/LagrangeMultiplier/Max": 1.060867190361023,
    "Metrics/LagrangeMultiplier/Min": 1.060867190361023,
    "Metrics/LagrangeMultiplier/Std": 0,
    "Safety/EpCostShield": 4.800000190734863,
    "Safety/ShieldLagrangeMultiplier": 1.2139445543289185,
    "Safety/ShieldLagrangeMultiplier/Max": 1.2139445543289185,
    "Safety/ShieldLagrangeMultiplier/Min": 1.2139445543289185,
    "Safety/ShieldLagrangeMultiplier/Std": 0,
    "Safety/shield_adv_c": "NaN",
    "Safety/shield_violation": 0.4771043360233307,
    "Time/Epoch": 297.00689697265625,
    "Time/FPS": 67.3385009765625,
    "Time/Rollout": 107.0692901611328,
    "Time/Total": 26894.59765625,
    "Time/Update": 189.93748474121097,
    "TotalEnvSteps": 2000000,
    "Train/Entropy": 0.6721150279045105,
    "Train/Epoch": 99,
    "Train/KL": 0.003681804984807968,
    "Train/LR": 0,
    "Train/PolicyRatio": 1.0000122785568235,
    "Train/PolicyRatio/Max": 1.0000122785568235,
    "Train/PolicyRatio/Min": 1.0000122785568235,
    "Train/PolicyRatio/Std": 0.006987743079662323,
    "Train/PolicyStd": 0.4759463965892792,
    "Train/StopIter": 40,
    "Value/Adv": 0.4400636553764343,
    "Value/cost": 0.2518154978752136,
    "Value/reward": 2.2228307723999023,
    "_runtime": 26897.733554069,
    "_step": 100,
    "_timestamp": 1747277177.1758657,
    "_wandb": {
        "runtime": 26897
    }
}