{
    "Loss/Loss_cost_critic": 5.826649188995361,
    "Loss/Loss_cost_critic/Delta": 1.1340646743774414,
    "Loss/Loss_pi": -0.29500776529312134,
    "Loss/Loss_pi/Delta": -0.017768174409866333,
    "Loss/Loss_reward_critic": 0.1994536966085434,
    "Loss/Loss_reward_critic/Delta": 0.008105456829071045,
    "Metrics/EpCost": 5.239999771118164,
    "Metrics/EpLen": 500,
    "Metrics/EpRet": 26.068387985229492,
    "Metrics/LagrangeMultiplier": 1.0260623693466189,
    "Metrics/LagrangeMultiplier/Max": 1.0260623693466189,
    "Metrics/LagrangeMultiplier/Min": 1.0260623693466189,
    "Metrics/LagrangeMultiplier/Std": 0,
    "Misc/AcceptanceStep": 1,
    "Misc/Alpha": 2.8735945224761963,
    "Misc/FinalStepNorm": 0.25248655676841736,
    "Misc/H_inv_g": 0.08786436915397644,
    "Misc/gradient_norm": 0.11518218368291856,
    "Misc/xHx": 0.0024220170453190804,
    "Safety/EpCostShield": 14.649999618530272,
    "Safety/ShieldLagrangeMultiplier": 1.1574081182479858,
    "Safety/ShieldLagrangeMultiplier/Max": 1.1574081182479858,
    "Safety/ShieldLagrangeMultiplier/Min": 1.1574081182479858,
    "Safety/ShieldLagrangeMultiplier/Std": 0,
    "Safety/shield_adv_c": 0.13667385280132294,
    "Safety/shield_violation": 2.185225248336792,
    "Time/Epoch": 118.30915832519533,
    "Time/FPS": 169.0486297607422,
    "Time/Rollout": 93.64446258544922,
    "Time/Total": 12238.50390625,
    "Time/Update": 24.664663314819336,
    "TotalEnvSteps": 2000000,
    "Train/Entropy": 1.7668051719665527,
    "Train/Epoch": 99,
    "Train/KL": 0.0004038444021716714,
    "Train/LR": 0,
    "Train/PolicyRatio": 1.0012794733047483,
    "Train/PolicyRatio/Max": 1.001279592514038,
    "Train/PolicyRatio/Min": 1.001279592514038,
    "Train/PolicyRatio/Std": 0.0009047523490153252,
    "Train/PolicyStd": 1.5709673166275024,
    "Train/StopIter": 10,
    "Value/Adv": 3.051757735406113e-09,
    "Value/cost": 0.8976238965988159,
    "Value/reward": 5.110665798187256,
    "_runtime": 12239.893479836,
    "_step": 100,
    "_timestamp": 1746521073.6687446,
    "_wandb": {
        "runtime": 12239
    }
}