{
    "Loss/Loss_cost_critic": 1.1635133028030396,
    "Loss/Loss_cost_critic/Delta": -0.08211243152618408,
    "Loss/Loss_pi": -0.2035534381866455,
    "Loss/Loss_pi/Delta": -0.031765252351760864,
    "Loss/Loss_reward_critic": 0.13891491293907166,
    "Loss/Loss_reward_critic/Delta": 0.017960354685783386,
    "Metrics/EpCost": 0.4600000083446502,
    "Metrics/EpLen": 500,
    "Metrics/EpRet": 20.645761489868164,
    "Metrics/LagrangeMultiplier": 1.281246781349182,
    "Metrics/LagrangeMultiplier/Max": 1.281246781349182,
    "Metrics/LagrangeMultiplier/Min": 1.281246781349182,
    "Metrics/LagrangeMultiplier/Std": 0,
    "Safety/EpCostShield": 3.775000095367432,
    "Safety/ShieldLagrangeMultiplier": 1.3203425407409668,
    "Safety/ShieldLagrangeMultiplier/Max": 1.3203425407409668,
    "Safety/ShieldLagrangeMultiplier/Min": 1.3203425407409668,
    "Safety/ShieldLagrangeMultiplier/Std": 0,
    "Safety/shield_adv_c": "NaN",
    "Safety/shield_violation": 0.6060012578964233,
    "Time/Epoch": 235.4414978027344,
    "Time/FPS": 84.94679260253906,
    "Time/Rollout": 92.7306137084961,
    "Time/Total": 23825.0078125,
    "Time/Update": 142.7108154296875,
    "TotalEnvSteps": 2000000,
    "Train/Entropy": 0.7917049527168274,
    "Train/Epoch": 99,
    "Train/KL": 0.002548212418332696,
    "Train/LR": 0,
    "Train/PolicyRatio": 1.0020745992660522,
    "Train/PolicyRatio/Max": 1.0020745992660522,
    "Train/PolicyRatio/Min": 1.0020745992660522,
    "Train/PolicyRatio/Std": 0.005798608064651489,
    "Train/PolicyStd": 0.537321925163269,
    "Train/StopIter": 40,
    "Value/Adv": 0.12056798487901688,
    "Value/cost": 0.1809566915035248,
    "Value/reward": 4.073840618133545,
    "_runtime": 23826.785022464,
    "_step": 100,
    "_timestamp": 1746532854.0741985,
    "_wandb": {
        "runtime": 23826
    }
}