{
    "Loss/Loss_cost_critic": 6.6202392578125,
    "Loss/Loss_cost_critic/Delta": 1.419661521911621,
    "Loss/Loss_pi": 0.07667884230613708,
    "Loss/Loss_pi/Delta": 0.2634204477071762,
    "Loss/Loss_reward_critic": 0.0455286018550396,
    "Loss/Loss_reward_critic/Delta": -0.010421957820653915,
    "Metrics/EpCost": 23.8700008392334,
    "Metrics/EpLen": 1000,
    "Metrics/EpRet": 7.266364097595215,
    "Metrics/LagrangeMultiplier": 3.0742855072021484,
    "Metrics/LagrangeMultiplier/Max": 3.0742855072021484,
    "Metrics/LagrangeMultiplier/Min": 3.0742855072021484,
    "Metrics/LagrangeMultiplier/Std": 0,
    "Safety/EpCostShield": 99.5,
    "Safety/ShieldLagrangeMultiplier": 2.968073606491089,
    "Safety/ShieldLagrangeMultiplier/Max": 2.968073606491089,
    "Safety/ShieldLagrangeMultiplier/Min": 2.968073606491089,
    "Safety/ShieldLagrangeMultiplier/Std": 0,
    "Safety/shield_adv_c": "NaN",
    "Safety/shield_violation": 7.890194416046143,
    "Time/Epoch": 220.4012756347656,
    "Time/FPS": 90.74357604980467,
    "Time/Rollout": 98.87432098388672,
    "Time/Total": 19442.064453125,
    "Time/Update": 121.52689361572266,
    "TotalEnvSteps": 2000000,
    "Train/Entropy": -0.008740680292248726,
    "Train/Epoch": 99,
    "Train/KL": 0.004436022136360407,
    "Train/LR": 0,
    "Train/PolicyRatio": 1.0002771615982056,
    "Train/PolicyRatio/Max": 1.0002771615982056,
    "Train/PolicyRatio/Min": 1.0002771615982056,
    "Train/PolicyRatio/Std": 0.006999114062637091,
    "Train/PolicyStd": 0.23997433483600616,
    "Train/StopIter": 40,
    "Value/Adv": -0.058732692152261734,
    "Value/cost": 2.99573016166687,
    "Value/reward": 0.9118878841400146,
    "_runtime": 19443.917930043,
    "_step": 100,
    "_timestamp": 1746589181.4291117,
    "_wandb": {
        "runtime": 19443
    }
}