{
    "Loss/Loss_cost_critic": 1.2616502046585083,
    "Loss/Loss_cost_critic/Delta": -0.6600720882415771,
    "Loss/Loss_pi": -4.667127359425649e-05,
    "Loss/Loss_pi/Delta": -0.02106842854846036,
    "Loss/Loss_reward_critic": 0.008406116627156734,
    "Loss/Loss_reward_critic/Delta": -0.0033202068880200386,
    "Metrics/EpCost": 7.150000095367432,
    "Metrics/EpLen": 1000,
    "Metrics/EpRet": -0.07885922491550446,
    "Metrics/LagrangeMultiplier": 2.158357620239258,
    "Metrics/LagrangeMultiplier/Max": 2.158357620239258,
    "Metrics/LagrangeMultiplier/Min": 2.158357620239258,
    "Metrics/LagrangeMultiplier/Std": 0,
    "Safety/EpCostShield": 23.75,
    "Safety/ShieldLagrangeMultiplier": 2.420248746871948,
    "Safety/ShieldLagrangeMultiplier/Max": 2.420248746871948,
    "Safety/ShieldLagrangeMultiplier/Min": 2.420248746871948,
    "Safety/ShieldLagrangeMultiplier/Std": 0,
    "Safety/shield_adv_c": "NaN",
    "Safety/shield_violation": 1.968953847885132,
    "Time/Epoch": 174.607177734375,
    "Time/FPS": 114.54283142089844,
    "Time/Rollout": 78.61602020263672,
    "Time/Total": 13913.8134765625,
    "Time/Update": 95.99109649658205,
    "TotalEnvSteps": 2000000,
    "Train/Entropy": 0.32119518518447876,
    "Train/Epoch": 99,
    "Train/KL": 0.005137848202139139,
    "Train/LR": 0,
    "Train/PolicyRatio": 0.9995964765548706,
    "Train/PolicyRatio/Max": 0.9995964765548706,
    "Train/PolicyRatio/Min": 0.9995964765548706,
    "Train/PolicyRatio/Std": 0.007882846519351006,
    "Train/PolicyStd": 0.33395567536354065,
    "Train/StopIter": 40,
    "Value/Adv": -0.4356079399585724,
    "Value/cost": 0.6223223209381104,
    "Value/reward": 0.04294859245419502,
    "_runtime": 13915.711355966,
    "_step": 100,
    "_timestamp": 1746573398.29812,
    "_wandb": {
        "runtime": 13915
    }
}