{
    "Loss/Loss_cost_critic": 2.650237560272217,
    "Loss/Loss_cost_critic/Delta": -4.32441520690918,
    "Loss/Loss_pi": -0.22796881198883057,
    "Loss/Loss_pi/Delta": -0.030055880546569824,
    "Loss/Loss_reward_critic": 0.10250946134328842,
    "Loss/Loss_reward_critic/Delta": 0.01792699098587036,
    "Metrics/EpCost": 2.4000000953674316,
    "Metrics/EpLen": 500,
    "Metrics/EpRet": 11.481314659118652,
    "Metrics/LagrangeMultiplier": 0.9132913947105408,
    "Metrics/LagrangeMultiplier/Max": 0.9132913947105408,
    "Metrics/LagrangeMultiplier/Min": 0.9132913947105408,
    "Metrics/LagrangeMultiplier/Std": 0,
    "Misc/AcceptanceStep": 1,
    "Misc/Alpha": 1.9808143377304075,
    "Misc/FinalStepNorm": 0.2821337580680847,
    "Misc/H_inv_g": 0.14243321120738983,
    "Misc/gradient_norm": 0.1028214916586876,
    "Misc/xHx": 0.005097316578030586,
    "Safety/EpCostShield": 8.024999618530273,
    "Safety/ShieldLagrangeMultiplier": 1.16932213306427,
    "Safety/ShieldLagrangeMultiplier/Max": 1.16932213306427,
    "Safety/ShieldLagrangeMultiplier/Min": 1.16932213306427,
    "Safety/ShieldLagrangeMultiplier/Std": 0,
    "Safety/shield_adv_c": 0.12755635380744934,
    "Safety/shield_violation": 0.5921029448509216,
    "Time/Epoch": 81.7788314819336,
    "Time/FPS": 244.5620880126953,
    "Time/Rollout": 67.9691390991211,
    "Time/Total": 8196.3564453125,
    "Time/Update": 13.809652328491213,
    "TotalEnvSteps": 2000000,
    "Train/Entropy": 1.944198489189148,
    "Train/Epoch": 99,
    "Train/KL": 0.0003316456568427384,
    "Train/LR": 0,
    "Train/PolicyRatio": 1.004517912864685,
    "Train/PolicyRatio/Max": 1.004517912864685,
    "Train/PolicyRatio/Min": 1.004517912864685,
    "Train/PolicyRatio/Std": 0.0031946187373250723,
    "Train/PolicyStd": 1.9770723581314087,
    "Train/StopIter": 10,
    "Value/Adv": 3.814697002724188e-09,
    "Value/cost": 0.6848030090332031,
    "Value/reward": 2.241986036300659,
    "_runtime": 8197.690886415,
    "_step": 100,
    "_timestamp": 1746543126.3610537,
    "_wandb": {
        "runtime": 8197
    }
}