{
    "Loss/Loss_cost_critic": 4.64725399017334,
    "Loss/Loss_cost_critic/Delta": -1.0831670761108398,
    "Loss/Loss_pi": -0.21523362398147583,
    "Loss/Loss_pi/Delta": -0.05926777422428131,
    "Loss/Loss_reward_critic": 0.04121345654129982,
    "Loss/Loss_reward_critic/Delta": -0.0025519393384456635,
    "Metrics/EpCost": 18.88999938964844,
    "Metrics/EpLen": 1000,
    "Metrics/EpRet": 14.7610445022583,
    "Metrics/LagrangeMultiplier": 2.815609931945801,
    "Metrics/LagrangeMultiplier/Max": 2.815609931945801,
    "Metrics/LagrangeMultiplier/Min": 2.815609931945801,
    "Metrics/LagrangeMultiplier/Std": 0,
    "Safety/EpCostShield": 30.700000762939453,
    "Safety/ShieldLagrangeMultiplier": 2.805043458938598,
    "Safety/ShieldLagrangeMultiplier/Max": 2.805043458938598,
    "Safety/ShieldLagrangeMultiplier/Min": 2.805043458938598,
    "Safety/ShieldLagrangeMultiplier/Std": 0,
    "Safety/shield_adv_c": "NaN",
    "Safety/shield_violation": 4.420475959777832,
    "Time/Epoch": 214.52813720703125,
    "Time/FPS": 93.22785949707033,
    "Time/Rollout": 88.25299072265625,
    "Time/Total": 22073.25,
    "Time/Update": 126.2751007080078,
    "TotalEnvSteps": 2000000,
    "Train/Entropy": 0.24202053248882296,
    "Train/Epoch": 99,
    "Train/KL": 0.0034108886029571295,
    "Train/LR": 0,
    "Train/PolicyRatio": 1.0011614561080933,
    "Train/PolicyRatio/Max": 1.0011614561080933,
    "Train/PolicyRatio/Min": 1.0011614561080933,
    "Train/PolicyRatio/Std": 0.006975516211241484,
    "Train/PolicyStd": 0.30873897671699524,
    "Train/StopIter": 40,
    "Value/Adv": -0.2823835611343384,
    "Value/cost": 2.032452344894409,
    "Value/reward": 1.4074251651763916,
    "_runtime": 22074.904794598,
    "_step": 100,
    "_timestamp": 1746635700.974671,
    "_wandb": {
        "runtime": 22074
    }
}