{
    "Loss/Loss_cost_critic": 2.4543020725250244,
    "Loss/Loss_cost_critic/Delta": 0.273681640625,
    "Loss/Loss_pi": -0.122177816927433,
    "Loss/Loss_pi/Delta": 0.07869329303503036,
    "Loss/Loss_reward_critic": 0.04088285565376282,
    "Loss/Loss_reward_critic/Delta": 0.005355700850486755,
    "Metrics/EpCost": 6.889999866485596,
    "Metrics/EpLen": 1000,
    "Metrics/EpRet": 5.836833477020264,
    "Metrics/LagrangeMultiplier": 2.417659044265747,
    "Metrics/LagrangeMultiplier/Max": 2.417659044265747,
    "Metrics/LagrangeMultiplier/Min": 2.417659044265747,
    "Metrics/LagrangeMultiplier/Std": 0,
    "Misc/AcceptanceStep": 1,
    "Misc/Alpha": 1.1535673141479492,
    "Misc/FinalStepNorm": 0.26278790831565857,
    "Misc/H_inv_g": 0.2278045564889908,
    "Misc/gradient_norm": 0.3023539185523987,
    "Misc/xHx": 0.015029475092887878,
    "Safety/EpCostShield": 17.149999618530273,
    "Safety/ShieldLagrangeMultiplier": 2.343181848526001,
    "Safety/ShieldLagrangeMultiplier/Max": 2.343181848526001,
    "Safety/ShieldLagrangeMultiplier/Min": 2.343181848526001,
    "Safety/ShieldLagrangeMultiplier/Std": 0,
    "Safety/shield_adv_c": -0.56964510679245,
    "Safety/shield_violation": 2.2755050659179688,
    "Time/Epoch": 72.30548858642578,
    "Time/FPS": 276.60418701171875,
    "Time/Rollout": 58.47046661376953,
    "Time/Total": 7651.1865234375,
    "Time/Update": 13.835006713867188,
    "TotalEnvSteps": 2000000,
    "Train/Entropy": 1.2875345945358276,
    "Train/Epoch": 99,
    "Train/KL": 0.0003686842101160437,
    "Train/LR": 0,
    "Train/PolicyRatio": 0.999469518661499,
    "Train/PolicyRatio/Max": 0.999469518661499,
    "Train/PolicyRatio/Min": 0.999469518661499,
    "Train/PolicyRatio/Std": 0.00037510693073272705,
    "Train/PolicyStd": 0.88804692029953,
    "Train/StopIter": 10,
    "Value/Adv": 6.103515470812226e-09,
    "Value/cost": 0.7697077989578247,
    "Value/reward": 0.8896089792251587,
    "_runtime": 7652.582574312,
    "_step": 100,
    "_timestamp": 1746550131.809668,
    "_wandb": {
        "runtime": 7652
    }
}