{
    "Loss/Loss_cost_critic": 1.4933770895004272,
    "Loss/Loss_cost_critic/Delta": -2.985059380531311,
    "Loss/Loss_pi": -0.3137936294078827,
    "Loss/Loss_pi/Delta": -0.2585603706538677,
    "Loss/Loss_reward_critic": 0.003688757540658116,
    "Loss/Loss_reward_critic/Delta": -0.0015754972118884325,
    "Metrics/EpCost": 3.299999952316284,
    "Metrics/EpLen": 1000,
    "Metrics/EpRet": 0.39204955101013184,
    "Metrics/LagrangeMultiplier": 2.008674144744873,
    "Metrics/LagrangeMultiplier/Max": 2.008674144744873,
    "Metrics/LagrangeMultiplier/Min": 2.008674144744873,
    "Metrics/LagrangeMultiplier/Std": 0,
    "Misc/AcceptanceStep": 1,
    "Misc/Alpha": 1.54609477519989,
    "Misc/FinalStepNorm": 0.3115234673023224,
    "Misc/H_inv_g": 0.20149053633213043,
    "Misc/gradient_norm": 0.2104097157716751,
    "Misc/xHx": 0.00836675800383091,
    "Safety/EpCostShield": 13.25,
    "Safety/ShieldLagrangeMultiplier": 2.2104153633117676,
    "Safety/ShieldLagrangeMultiplier/Max": 2.2104153633117676,
    "Safety/ShieldLagrangeMultiplier/Min": 2.2104153633117676,
    "Safety/ShieldLagrangeMultiplier/Std": 0,
    "Safety/shield_adv_c": -0.1658775806427002,
    "Safety/shield_violation": 2.0144433975219727,
    "Time/Epoch": 95.28485107421876,
    "Time/FPS": 209.89695739746097,
    "Time/Rollout": 78.10585021972656,
    "Time/Total": 9851.33984375,
    "Time/Update": 17.178974151611328,
    "TotalEnvSteps": 2000000,
    "Train/Entropy": 2.3181536197662354,
    "Train/Epoch": 99,
    "Train/KL": 0.0002748361730482429,
    "Train/LR": 0,
    "Train/PolicyRatio": 1.0022592544555664,
    "Train/PolicyRatio/Max": 1.0022592544555664,
    "Train/PolicyRatio/Min": 1.0022592544555664,
    "Train/PolicyRatio/Std": 0.001597534050233662,
    "Train/PolicyStd": 2.473314046859741,
    "Train/StopIter": 10,
    "Value/Adv": -1.9836425835251248e-08,
    "Value/cost": 0.30009180307388306,
    "Value/reward": 0.06830582022666931,
    "_runtime": 9852.614190162,
    "_step": 100,
    "_timestamp": 1746506232.674601,
    "_wandb": {
        "runtime": 9852
    }
}