{
    "Loss/Loss_cost_critic": 3.521494626998902,
    "Loss/Loss_cost_critic/Delta": -1.0492966175079346,
    "Loss/Loss_pi": -0.40956977009773254,
    "Loss/Loss_pi/Delta": 0.042434126138687134,
    "Loss/Loss_reward_critic": 0.0365288071334362,
    "Loss/Loss_reward_critic/Delta": 0.0031885504722595215,
    "Metrics/EpCost": 17.049999237060547,
    "Metrics/EpLen": 1000,
    "Metrics/EpRet": 4.125200271606445,
    "Metrics/LagrangeMultiplier": 2.492424249649048,
    "Metrics/LagrangeMultiplier/Max": 2.492424249649048,
    "Metrics/LagrangeMultiplier/Min": 2.492424249649048,
    "Metrics/LagrangeMultiplier/Std": 0,
    "Safety/EpCostShield": 37.45000076293945,
    "Safety/ShieldLagrangeMultiplier": 2.62857437133789,
    "Safety/ShieldLagrangeMultiplier/Max": 2.62857437133789,
    "Safety/ShieldLagrangeMultiplier/Min": 2.62857437133789,
    "Safety/ShieldLagrangeMultiplier/Std": 0,
    "Safety/shield_adv_c": "NaN",
    "Safety/shield_violation": 6.424581050872803,
    "Time/Epoch": 180.88522338867188,
    "Time/FPS": 110.56735229492188,
    "Time/Rollout": 87.2431640625,
    "Time/Total": 18699.998046875,
    "Time/Update": 93.64199829101562,
    "TotalEnvSteps": 2000000,
    "Train/Entropy": 0.5923311710357666,
    "Train/Epoch": 99,
    "Train/KL": 0.0025572788435965776,
    "Train/LR": 0,
    "Train/PolicyRatio": 1.000657081604004,
    "Train/PolicyRatio/Max": 1.000657081604004,
    "Train/PolicyRatio/Min": 1.000657081604004,
    "Train/PolicyRatio/Std": 0.005358551163226366,
    "Train/PolicyStd": 0.4522853493690491,
    "Train/StopIter": 40,
    "Value/Adv": -0.05134159326553345,
    "Value/cost": 2.455289125442505,
    "Value/reward": 0.5519213676452637,
    "_runtime": 18701.393738432,
    "_step": 100,
    "_timestamp": 1746620926.941284,
    "_wandb": {
        "runtime": 18701
    }
}