{
    "Loss/Loss_cost_critic": 1.02418053150177,
    "Loss/Loss_cost_critic/Delta": 0.11355763673782349,
    "Loss/Loss_pi": -0.012480884790420532,
    "Loss/Loss_pi/Delta": -0.0005208337679505348,
    "Loss/Loss_reward_critic": 0.06629922240972519,
    "Loss/Loss_reward_critic/Delta": 0.0006707608699798584,
    "Metrics/EpCost": 5.409999847412109,
    "Metrics/EpLen": 500,
    "Metrics/EpRet": 11.325901985168455,
    "Metrics/LagrangeMultiplier": 1.3628393411636353,
    "Metrics/LagrangeMultiplier/Max": 1.3628393411636353,
    "Metrics/LagrangeMultiplier/Min": 1.3628393411636353,
    "Metrics/LagrangeMultiplier/Std": 0,
    "Misc/AcceptanceStep": 1,
    "Misc/Alpha": 0.963352382183075,
    "Misc/FinalStepNorm": 0.25710341334342957,
    "Misc/H_inv_g": 0.26688408851623535,
    "Misc/gradient_norm": 0.18521858751773831,
    "Misc/xHx": 0.021550605073571205,
    "Time/Epoch": 104.327880859375,
    "Time/FPS": 191.70330810546875,
    "Time/Rollout": 95.72948455810548,
    "Time/Total": 10436.6220703125,
    "Time/Update": 8.59837818145752,
    "TotalEnvSteps": 2000000,
    "Train/Entropy": 0.665830671787262,
    "Train/Epoch": 99,
    "Train/KL": 0.0003679489309433848,
    "Train/LR": 0,
    "Train/PolicyRatio": 0.9987082481384276,
    "Train/PolicyRatio/Max": 0.9987082481384276,
    "Train/PolicyRatio/Min": 0.9987082481384276,
    "Train/PolicyRatio/Std": 0.0009134064894169568,
    "Train/PolicyStd": 0.4710582196712494,
    "Train/StopIter": 10,
    "Value/Adv": -1.1444091230217166e-09,
    "Value/cost": 0.5213614106178284,
    "Value/reward": 2.3706583976745605,
    "_runtime": 10438.450494876,
    "_step": 100,
    "_timestamp": 1743334487.1113546,
    "_wandb": {
        "runtime": 10438
    }
}