{
    "Loss/Loss_cost_critic": 4.6378173828125,
    "Loss/Loss_cost_critic/Delta": -0.9819092750549316,
    "Loss/Loss_pi": -0.15013624727725983,
    "Loss/Loss_pi/Delta": -0.013215303421020508,
    "Loss/Loss_reward_critic": 0.046456582844257355,
    "Loss/Loss_reward_critic/Delta": -0.00029161199927330017,
    "Metrics/EpCost": 19.38999938964844,
    "Metrics/EpLen": 1000,
    "Metrics/EpRet": 11.042198181152344,
    "Metrics/LagrangeMultiplier": 2.7782702445983887,
    "Metrics/LagrangeMultiplier/Max": 2.7782702445983887,
    "Metrics/LagrangeMultiplier/Min": 2.7782702445983887,
    "Metrics/LagrangeMultiplier/Std": 0,
    "Safety/EpCostShield": 36.400001525878906,
    "Safety/ShieldLagrangeMultiplier": 2.7897472381591797,
    "Safety/ShieldLagrangeMultiplier/Max": 2.7897472381591797,
    "Safety/ShieldLagrangeMultiplier/Min": 2.7897472381591797,
    "Safety/ShieldLagrangeMultiplier/Std": 0,
    "Safety/shield_adv_c": "NaN",
    "Safety/shield_violation": 4.331387042999268,
    "Time/Epoch": 257.95269775390625,
    "Time/FPS": 77.5335922241211,
    "Time/Rollout": 112.57103729248048,
    "Time/Total": 22118.9609375,
    "Time/Update": 145.381591796875,
    "TotalEnvSteps": 2000000,
    "Train/Entropy": 0.165513813495636,
    "Train/Epoch": 99,
    "Train/KL": 0.004740293137729168,
    "Train/LR": 0,
    "Train/PolicyRatio": 1.0002695322036743,
    "Train/PolicyRatio/Max": 1.0002695322036743,
    "Train/PolicyRatio/Min": 1.0002695322036743,
    "Train/PolicyRatio/Std": 0.007329314947128296,
    "Train/PolicyStd": 0.28611108660697937,
    "Train/StopIter": 40,
    "Value/Adv": 0.006667777895927429,
    "Value/cost": 2.103534698486328,
    "Value/reward": 1.230405330657959,
    "_runtime": 22120.393286443,
    "_step": 100,
    "_timestamp": 1746585665.0394108,
    "_wandb": {
        "runtime": 22120
    }
}