{
    "Loss/Loss_cost_critic": 5.219432353973389,
    "Loss/Loss_cost_critic/Delta": 0.8887567520141602,
    "Loss/Loss_pi": -0.14934998750686646,
    "Loss/Loss_pi/Delta": -0.04805426299571991,
    "Loss/Loss_reward_critic": 0.0499761700630188,
    "Loss/Loss_reward_critic/Delta": 0.003022320568561554,
    "Metrics/EpCost": 17.079999923706055,
    "Metrics/EpLen": 1000,
    "Metrics/EpRet": 11.887689590454102,
    "Metrics/LagrangeMultiplier": 2.991877555847168,
    "Metrics/LagrangeMultiplier/Max": 2.991877555847168,
    "Metrics/LagrangeMultiplier/Min": 2.991877555847168,
    "Metrics/LagrangeMultiplier/Std": 0,
    "Safety/EpCostShield": 38.45000076293945,
    "Safety/ShieldLagrangeMultiplier": 3.041081190109253,
    "Safety/ShieldLagrangeMultiplier/Max": 3.041081190109253,
    "Safety/ShieldLagrangeMultiplier/Min": 3.041081190109253,
    "Safety/ShieldLagrangeMultiplier/Std": 0,
    "Safety/shield_adv_c": "NaN",
    "Safety/shield_violation": 4.465674877166748,
    "Time/Epoch": 254.2262420654297,
    "Time/FPS": 78.67008972167969,
    "Time/Rollout": 102.9072494506836,
    "Time/Total": 26176.595703125,
    "Time/Update": 151.31878662109375,
    "TotalEnvSteps": 2000000,
    "Train/Entropy": 0.3389718532562256,
    "Train/Epoch": 99,
    "Train/KL": 0.0031732595525681973,
    "Train/LR": 0,
    "Train/PolicyRatio": 1.0001816749572754,
    "Train/PolicyRatio/Max": 1.0001816749572754,
    "Train/PolicyRatio/Min": 1.0001816749572754,
    "Train/PolicyRatio/Std": 0.006080017890781164,
    "Train/PolicyStd": 0.33961477875709534,
    "Train/StopIter": 40,
    "Value/Adv": 0.04869260638952255,
    "Value/cost": 1.8777085542678833,
    "Value/reward": 1.2059791088104248,
    "_runtime": 26178.417488908,
    "_step": 100,
    "_timestamp": 1746570753.6536546,
    "_wandb": {
        "runtime": 26178
    }
}