{
    "Loss/Loss_cost_critic": 4.111311435699463,
    "Loss/Loss_cost_critic/Delta": -0.2943415641784668,
    "Loss/Loss_pi": -0.23841361701488495,
    "Loss/Loss_pi/Delta": 0.04857216775417328,
    "Loss/Loss_reward_critic": 0.04500424489378929,
    "Loss/Loss_reward_critic/Delta": -0.006875656545162201,
    "Metrics/EpCost": 16.059999465942383,
    "Metrics/EpLen": 1000,
    "Metrics/EpRet": 15.011958122253418,
    "Metrics/LagrangeMultiplier": 2.6934893131256104,
    "Metrics/LagrangeMultiplier/Max": 2.6934893131256104,
    "Metrics/LagrangeMultiplier/Min": 2.6934893131256104,
    "Metrics/LagrangeMultiplier/Std": 0,
    "Safety/EpCostShield": 31.049999237060547,
    "Safety/ShieldLagrangeMultiplier": 2.722404718399048,
    "Safety/ShieldLagrangeMultiplier/Max": 2.722404718399048,
    "Safety/ShieldLagrangeMultiplier/Min": 2.722404718399048,
    "Safety/ShieldLagrangeMultiplier/Std": 0,
    "Safety/shield_adv_c": "NaN",
    "Safety/shield_violation": 4.618584156036377,
    "Time/Epoch": 180.1669921875,
    "Time/FPS": 111.00812530517578,
    "Time/Rollout": 83.77407836914062,
    "Time/Total": 18317.38671875,
    "Time/Update": 96.39286041259766,
    "TotalEnvSteps": 2000000,
    "Train/Entropy": -0.0577714703977108,
    "Train/Epoch": 99,
    "Train/KL": 0.0038061575032770634,
    "Train/LR": 0,
    "Train/PolicyRatio": 1.0014822483062744,
    "Train/PolicyRatio/Max": 1.0014822483062744,
    "Train/PolicyRatio/Min": 1.0014822483062744,
    "Train/PolicyRatio/Std": 0.006778757553547621,
    "Train/PolicyStd": 0.2288670837879181,
    "Train/StopIter": 40,
    "Value/Adv": -0.1701790690422058,
    "Value/cost": 1.8298156261444092,
    "Value/reward": 1.658161163330078,
    "_runtime": 18333.233264709,
    "_step": 100,
    "_timestamp": 1747268599.9736855,
    "_wandb": {
        "runtime": 18333
    }
}