{
    "Loss/Loss_cost_critic": 1.003179907798767,
    "Loss/Loss_cost_critic/Delta": -0.515710711479187,
    "Loss/Loss_pi": -0.22539560496807096,
    "Loss/Loss_pi/Delta": -0.04566265642642975,
    "Loss/Loss_reward_critic": 0.10613605380058289,
    "Loss/Loss_reward_critic/Delta": 0.020528018474578857,
    "Metrics/EpCost": 0.7300000190734863,
    "Metrics/EpLen": 500,
    "Metrics/EpRet": 11.42210292816162,
    "Metrics/LagrangeMultiplier": 0.7905285358428955,
    "Metrics/LagrangeMultiplier/Max": 0.7905285358428955,
    "Metrics/LagrangeMultiplier/Min": 0.7905285358428955,
    "Metrics/LagrangeMultiplier/Std": 0,
    "Safety/EpCostShield": 3.4000000953674316,
    "Safety/ShieldLagrangeMultiplier": 0.9692060947418212,
    "Safety/ShieldLagrangeMultiplier/Max": 0.9692060947418212,
    "Safety/ShieldLagrangeMultiplier/Min": 0.9692060947418212,
    "Safety/ShieldLagrangeMultiplier/Std": 0,
    "Safety/shield_adv_c": "NaN",
    "Safety/shield_violation": 0.520933985710144,
    "Time/Epoch": 190.98199462890625,
    "Time/FPS": 104.72190856933594,
    "Time/Rollout": 92.3328857421875,
    "Time/Total": 19279.462890625,
    "Time/Update": 98.64903259277344,
    "TotalEnvSteps": 2000000,
    "Train/Entropy": 0.8600162863731384,
    "Train/Epoch": 99,
    "Train/KL": 0.002621317980811,
    "Train/LR": 0,
    "Train/PolicyRatio": 1.002423644065857,
    "Train/PolicyRatio/Max": 1.002423644065857,
    "Train/PolicyRatio/Min": 1.002423644065857,
    "Train/PolicyRatio/Std": 0.0057369982823729515,
    "Train/PolicyStd": 0.7603090405464172,
    "Train/StopIter": 40,
    "Value/Adv": -0.1461317092180252,
    "Value/cost": 0.24078182876110077,
    "Value/reward": 2.261660099029541,
    "_runtime": 19280.683611362,
    "_step": 100,
    "_timestamp": 1746555942.5097344,
    "_wandb": {
        "runtime": 19280
    }
}