{
    "Loss/Loss_cost_critic": 0.07923964411020279,
    "Loss/Loss_cost_critic/Delta": -0.10456598550081252,
    "Loss/Loss_pi": -0.00232797022908926,
    "Loss/Loss_pi/Delta": 0.003620049450546503,
    "Loss/Loss_reward_critic": 0.0020157694816589355,
    "Loss/Loss_reward_critic/Delta": 0.00042483676224946976,
    "Metrics/EpCost": 5.429999828338623,
    "Metrics/EpLen": 1000,
    "Metrics/EpRet": 0.12181346863508224,
    "Metrics/LagrangeMultiplier": 127.88860321044922,
    "Metrics/LagrangeMultiplier/Max": 127.88860321044922,
    "Metrics/LagrangeMultiplier/Min": 127.88860321044922,
    "Metrics/LagrangeMultiplier/Std": 0,
    "Misc/AcceptanceStep": 1,
    "Misc/Alpha": 5.835196018218994,
    "Misc/FinalStepNorm": 0.32466909289360046,
    "Misc/H_inv_g": 0.05563979223370552,
    "Misc/gradient_norm": 0.02284907177090645,
    "Misc/xHx": 0.0005873698391951621,
    "Time/Epoch": 103.10942840576172,
    "Time/FPS": 193.9686737060547,
    "Time/Rollout": 94.30665588378906,
    "Time/Total": 10481.9453125,
    "Time/Update": 8.802756309509277,
    "TotalEnvSteps": 2000000,
    "Train/Entropy": 1.523996353149414,
    "Train/Epoch": 99,
    "Train/KL": 0.00026424447423778474,
    "Train/LR": 0,
    "Train/PolicyRatio": 1.0004483461380005,
    "Train/PolicyRatio/Max": 1.00044846534729,
    "Train/PolicyRatio/Min": 1.00044846534729,
    "Train/PolicyRatio/Std": 0.0003170566924382001,
    "Train/PolicyStd": 1.1193147897720337,
    "Train/StopIter": 10,
    "Value/Adv": -1.0681151962899094e-08,
    "Value/cost": 0.505237877368927,
    "Value/reward": 0.012833203189074991,
    "_runtime": 10483.711719824,
    "_step": 100,
    "_timestamp": 1745023736.1575596,
    "_wandb": {
        "runtime": 10483
    }
}