{
    "Loss/Loss_cost_critic": 1.3379195928573608,
    "Loss/Loss_cost_critic/Delta": -0.7072287797927856,
    "Loss/Loss_pi": -0.18576399981975555,
    "Loss/Loss_pi/Delta": -0.07882373034954071,
    "Loss/Loss_reward_critic": 0.07670104503631592,
    "Loss/Loss_reward_critic/Delta": 0.008612595498561859,
    "Metrics/EpCost": 1.190000057220459,
    "Metrics/EpLen": 500,
    "Metrics/EpRet": 9.964794158935549,
    "Metrics/LagrangeMultiplier": 1.1028622388839722,
    "Metrics/LagrangeMultiplier/Max": 1.1028622388839722,
    "Metrics/LagrangeMultiplier/Min": 1.1028622388839722,
    "Metrics/LagrangeMultiplier/Std": 0,
    "Misc/AcceptanceStep": 1,
    "Misc/Alpha": 1.647917866706848,
    "Misc/FinalStepNorm": 0.27818456292152405,
    "Misc/H_inv_g": 0.16880972683429718,
    "Misc/gradient_norm": 0.08858031034469604,
    "Misc/xHx": 0.007364754565060139,
    "Safety/EpCostShield": 3.25,
    "Safety/ShieldLagrangeMultiplier": 1.29812490940094,
    "Safety/ShieldLagrangeMultiplier/Max": 1.29812490940094,
    "Safety/ShieldLagrangeMultiplier/Min": 1.29812490940094,
    "Safety/ShieldLagrangeMultiplier/Std": 0,
    "Safety/shield_adv_c": -0.002159103751182556,
    "Safety/shield_violation": 0.7529904246330261,
    "Time/Epoch": 126.55567932128906,
    "Time/FPS": 158.033203125,
    "Time/Rollout": 103.1214599609375,
    "Time/Total": 12963.76171875,
    "Time/Update": 23.43420028686523,
    "TotalEnvSteps": 2000000,
    "Train/Entropy": 1.477655053138733,
    "Train/Epoch": 99,
    "Train/KL": 0.0003276171628385782,
    "Train/LR": 0,
    "Train/PolicyRatio": 1.0011030435562134,
    "Train/PolicyRatio/Max": 1.001103162765503,
    "Train/PolicyRatio/Min": 1.001103162765503,
    "Train/PolicyRatio/Std": 0.0007800539024174213,
    "Train/PolicyStd": 1.1204431056976318,
    "Train/StopIter": 10,
    "Value/Adv": 6.103515470812226e-09,
    "Value/cost": 0.1815970689058304,
    "Value/reward": 1.929810881614685,
    "_runtime": 12965.670059417,
    "_step": 100,
    "_timestamp": 1746586367.5541625,
    "_wandb": {
        "runtime": 12965
    }
}