{
    "Loss/Loss_cost_critic": 1.7574548721313477,
    "Loss/Loss_cost_critic/Delta": -0.27052974700927734,
    "Loss/Loss_pi": -0.024793358519673347,
    "Loss/Loss_pi/Delta": 0.002926766872406006,
    "Loss/Loss_reward_critic": 0.06335465610027313,
    "Loss/Loss_reward_critic/Delta": -0.0034966766834259033,
    "Metrics/EpCost": 29.06999969482422,
    "Metrics/EpLen": 1000,
    "Metrics/EpRet": 7.329354763031006,
    "Metrics/LagrangeMultiplier": 2.779344081878662,
    "Metrics/LagrangeMultiplier/Max": 2.779344081878662,
    "Metrics/LagrangeMultiplier/Min": 2.779344081878662,
    "Metrics/LagrangeMultiplier/Std": 0,
    "Misc/AcceptanceStep": 1,
    "Misc/Alpha": 0.5114527344703674,
    "Misc/FinalStepNorm": 0.29491621255874634,
    "Misc/H_inv_g": 0.5766245722770691,
    "Misc/gradient_norm": 0.32504013180732727,
    "Misc/xHx": 0.07645729929208755,
    "Time/Epoch": 91.1075210571289,
    "Time/FPS": 219.52085876464844,
    "Time/Rollout": 82.476318359375,
    "Time/Total": 9043.20703125,
    "Time/Update": 8.631183624267578,
    "TotalEnvSteps": 2000000,
    "Train/Entropy": 1.151965618133545,
    "Train/Epoch": 99,
    "Train/KL": 0.000324598717270419,
    "Train/LR": 0,
    "Train/PolicyRatio": 0.9990475177764891,
    "Train/PolicyRatio/Max": 0.9990475177764891,
    "Train/PolicyRatio/Min": 0.9990475177764891,
    "Train/PolicyRatio/Std": 0.0006735066417604685,
    "Train/PolicyStd": 0.770612895488739,
    "Train/StopIter": 10,
    "Value/Adv": -1.5258788677030564e-09,
    "Value/cost": 3.017136573791504,
    "Value/reward": 0.7724990248680115,
    "_runtime": 9044.345913159,
    "_step": 100,
    "_timestamp": 1743326471.1803813,
    "_wandb": {
        "runtime": 9044
    }
}