{
    "Loss/Loss_cost_critic": 3.7355704307556152,
    "Loss/Loss_cost_critic/Delta": -0.528109073638916,
    "Loss/Loss_pi": -0.3397381603717804,
    "Loss/Loss_pi/Delta": 0.05597779154777527,
    "Loss/Loss_reward_critic": 0.02396617829799652,
    "Loss/Loss_reward_critic/Delta": 0.0005022864788770676,
    "Metrics/EpCost": 14.84000015258789,
    "Metrics/EpLen": 1000,
    "Metrics/EpRet": 2.711259365081787,
    "Metrics/LagrangeMultiplier": 2.0559608936309814,
    "Metrics/LagrangeMultiplier/Max": 2.0559608936309814,
    "Metrics/LagrangeMultiplier/Min": 2.0559608936309814,
    "Metrics/LagrangeMultiplier/Std": 0,
    "Misc/AcceptanceStep": 1,
    "Misc/Alpha": 1.7045247554779053,
    "Misc/FinalStepNorm": 0.339133083820343,
    "Misc/H_inv_g": 0.19896049797534943,
    "Misc/gradient_norm": 0.10222814977169035,
    "Misc/xHx": 0.006883712951093912,
    "Safety/EpCostShield": 16.5,
    "Safety/ShieldLagrangeMultiplier": 2.2595646381378174,
    "Safety/ShieldLagrangeMultiplier/Max": 2.2595646381378174,
    "Safety/ShieldLagrangeMultiplier/Min": 2.2595646381378174,
    "Safety/ShieldLagrangeMultiplier/Std": 0,
    "Safety/shield_adv_c": -0.30958855152130127,
    "Safety/shield_violation": 2.7862839698791504,
    "Time/Epoch": 102.01892852783205,
    "Time/FPS": 196.04205322265625,
    "Time/Rollout": 85.25473022460938,
    "Time/Total": 10730.845703125,
    "Time/Update": 16.764169692993164,
    "TotalEnvSteps": 2000000,
    "Train/Entropy": 2.3034050464630127,
    "Train/Epoch": 99,
    "Train/KL": 0.0002739465853665024,
    "Train/LR": 0,
    "Train/PolicyRatio": 1.00202476978302,
    "Train/PolicyRatio/Max": 1.0020248889923096,
    "Train/PolicyRatio/Min": 1.0020248889923096,
    "Train/PolicyRatio/Std": 0.001431756536476314,
    "Train/PolicyStd": 2.5134294033050537,
    "Train/StopIter": 10,
    "Value/Adv": -4.577636492086867e-09,
    "Value/cost": 1.2169371843338013,
    "Value/reward": 0.21146680414676663,
    "_runtime": 10732.639132701,
    "_step": 100,
    "_timestamp": 1746613976.2009802,
    "_wandb": {
        "runtime": 10732
    }
}