{
    "Loss/Loss_cost_critic": 2.9693615436553955,
    "Loss/Loss_cost_critic/Delta": -1.3103792667388916,
    "Loss/Loss_pi": -0.4389910101890564,
    "Loss/Loss_pi/Delta": -0.027852684259414673,
    "Loss/Loss_reward_critic": 0.037904053926467896,
    "Loss/Loss_reward_critic/Delta": -0.007855333387851715,
    "Metrics/EpCost": 11.40999984741211,
    "Metrics/EpLen": 1000,
    "Metrics/EpRet": 4.192396640777588,
    "Metrics/LagrangeMultiplier": 2.833772659301758,
    "Metrics/LagrangeMultiplier/Max": 2.833772659301758,
    "Metrics/LagrangeMultiplier/Min": 2.833772659301758,
    "Metrics/LagrangeMultiplier/Std": 0,
    "Safety/EpCostShield": 35.75,
    "Safety/ShieldLagrangeMultiplier": 2.7916927337646484,
    "Safety/ShieldLagrangeMultiplier/Max": 2.7916927337646484,
    "Safety/ShieldLagrangeMultiplier/Min": 2.7916927337646484,
    "Safety/ShieldLagrangeMultiplier/Std": 0,
    "Safety/shield_adv_c": "NaN",
    "Safety/shield_violation": 6.667181015014648,
    "Time/Epoch": 170.32638549804688,
    "Time/FPS": 117.42161560058594,
    "Time/Rollout": 78.4664077758789,
    "Time/Total": 17465.984375,
    "Time/Update": 91.85993194580078,
    "TotalEnvSteps": 2000000,
    "Train/Entropy": 0.5723589062690735,
    "Train/Epoch": 99,
    "Train/KL": 0.002760672941803932,
    "Train/LR": 0,
    "Train/PolicyRatio": 1.0020180940628052,
    "Train/PolicyRatio/Max": 1.0020180940628052,
    "Train/PolicyRatio/Min": 1.0020180940628052,
    "Train/PolicyRatio/Std": 0.0056251464411616325,
    "Train/PolicyStd": 0.4293774962425232,
    "Train/StopIter": 40,
    "Value/Adv": 0.27494117617607117,
    "Value/cost": 1.7352226972579956,
    "Value/reward": 0.46513861417770386,
    "_runtime": 17467.337695248,
    "_step": 100,
    "_timestamp": 1746923769.0208857,
    "_wandb": {
        "runtime": 17467
    }
}