{
    "Loss/Loss_cost_critic": 1.096792459487915,
    "Loss/Loss_cost_critic/Delta": 0.35375720262527466,
    "Loss/Loss_pi": -0.16252097487449646,
    "Loss/Loss_pi/Delta": 0.16882318258285522,
    "Loss/Loss_reward_critic": 0.006321610417217016,
    "Loss/Loss_reward_critic/Delta": 0.002111134584993124,
    "Metrics/EpCost": 3.0999999046325684,
    "Metrics/EpLen": 1000,
    "Metrics/EpRet": 0.708549439907074,
    "Metrics/LagrangeMultiplier": 2.6890366077423096,
    "Metrics/LagrangeMultiplier/Max": 2.6890366077423096,
    "Metrics/LagrangeMultiplier/Min": 2.6890366077423096,
    "Metrics/LagrangeMultiplier/Std": 0,
    "Safety/EpCostShield": 18,
    "Safety/ShieldLagrangeMultiplier": 2.507857322692871,
    "Safety/ShieldLagrangeMultiplier/Max": 2.507857322692871,
    "Safety/ShieldLagrangeMultiplier/Min": 2.507857322692871,
    "Safety/ShieldLagrangeMultiplier/Std": 0,
    "Safety/shield_adv_c": "NaN",
    "Safety/shield_violation": 1.882872223854065,
    "Time/Epoch": 227.19139099121097,
    "Time/FPS": 88.03150177001953,
    "Time/Rollout": 84.86568450927734,
    "Time/Total": 23776.8359375,
    "Time/Update": 142.3256378173828,
    "TotalEnvSteps": 2000000,
    "Train/Entropy": 0.7118640542030334,
    "Train/Epoch": 99,
    "Train/KL": 0.002991397865116596,
    "Train/LR": 0,
    "Train/PolicyRatio": 1.0014848709106443,
    "Train/PolicyRatio/Max": 1.0014848709106443,
    "Train/PolicyRatio/Min": 1.0014848709106443,
    "Train/PolicyRatio/Std": 0.006494862958788872,
    "Train/PolicyStd": 0.4962080419063568,
    "Train/StopIter": 40,
    "Value/Adv": -0.19299858808517456,
    "Value/cost": 0.4994179308414459,
    "Value/reward": 0.07056612521409988,
    "_runtime": 23778.866463995,
    "_step": 100,
    "_timestamp": 1746922587.8253832,
    "_wandb": {
        "runtime": 23778
    }
}