{
    "Loss/Loss_cost_critic": 1.1341043710708618,
    "Loss/Loss_cost_critic/Delta": -0.31270551681518555,
    "Loss/Loss_pi": -0.010000798851251602,
    "Loss/Loss_pi/Delta": 0.00505658145993948,
    "Loss/Loss_reward_critic": 0.08181580156087875,
    "Loss/Loss_reward_critic/Delta": -0.010015465319156648,
    "Metrics/EpCost": 53.56999969482422,
    "Metrics/EpLen": 1000,
    "Metrics/EpRet": 16.830585479736328,
    "Metrics/LagrangeMultiplier": 0.3234613835811615,
    "Metrics/LagrangeMultiplier/Max": 0.3234613835811615,
    "Metrics/LagrangeMultiplier/Min": 0.3234613835811615,
    "Metrics/LagrangeMultiplier/Std": 0,
    "Time/Epoch": 120.10689544677734,
    "Time/FPS": 166.51834106445312,
    "Time/Rollout": 58.181854248046875,
    "Time/Total": 9340.33984375,
    "Time/Update": 61.92500305175781,
    "TotalEnvSteps": 2000000,
    "Train/Entropy": -0.6771156787872314,
    "Train/Epoch": 99,
    "Train/KL": 0.005194087978452444,
    "Train/LR": 0,
    "Train/PolicyRatio": 1.0000193119049072,
    "Train/PolicyRatio/Max": 1.0000193119049072,
    "Train/PolicyRatio/Min": 1.0000193119049072,
    "Train/PolicyRatio/Std": 0.008090879768133163,
    "Train/PolicyStd": 0.12310124188661575,
    "Train/StopIter": 40,
    "Value/Adv": -0.03873808681964874,
    "Value/cost": 6.42124605178833,
    "Value/reward": 2.162285804748535,
    "_runtime": 9341.683821922,
    "_step": 100,
    "_timestamp": 1745042975.3311958,
    "_wandb": {
        "runtime": 9341
    }
}