{
    "Loss/Loss_cost_critic": 1.3669366836547852,
    "Loss/Loss_cost_critic/Delta": 0.3003801107406616,
    "Loss/Loss_pi": -0.01183291431516409,
    "Loss/Loss_pi/Delta": 0.0015688668936491013,
    "Loss/Loss_reward_critic": 0.0835285633802414,
    "Loss/Loss_reward_critic/Delta": 0.00268767774105072,
    "Metrics/EpCost": 31.459999084472656,
    "Metrics/EpLen": 1000,
    "Metrics/EpRet": 13.62177276611328,
    "Metrics/LagrangeMultiplier": 2.97118878364563,
    "Metrics/LagrangeMultiplier/Max": 2.97118878364563,
    "Metrics/LagrangeMultiplier/Min": 2.97118878364563,
    "Metrics/LagrangeMultiplier/Std": 0,
    "Time/Epoch": 220.5586700439453,
    "Time/FPS": 90.67881774902344,
    "Time/Rollout": 90.77486419677734,
    "Time/Total": 21907.470703125,
    "Time/Update": 129.7837371826172,
    "TotalEnvSteps": 2000000,
    "Train/Entropy": 0.5631677508354187,
    "Train/Epoch": 99,
    "Train/KL": 0.00395654421299696,
    "Train/LR": 0,
    "Train/PolicyRatio": 1.0002731084823608,
    "Train/PolicyRatio/Max": 1.0002731084823608,
    "Train/PolicyRatio/Min": 1.0002731084823608,
    "Train/PolicyRatio/Std": 0.00680560851469636,
    "Train/PolicyStd": 0.4251724183559418,
    "Train/StopIter": 40,
    "Value/Adv": 0.09847885370254517,
    "Value/cost": 3.944427251815796,
    "Value/reward": 1.5310581922531128,
    "_runtime": 21909.401893389,
    "_step": 100,
    "_timestamp": 1743327835.7670374,
    "_wandb": {
        "runtime": 21909
    }
}