{
    "Loss/Loss_cost_critic": 2.2585201263427734,
    "Loss/Loss_cost_critic/Delta": -1.20807147026062,
    "Loss/Loss_pi": -0.4418366849422455,
    "Loss/Loss_pi/Delta": -0.011938363313674928,
    "Loss/Loss_reward_critic": 0.003258829703554511,
    "Loss/Loss_reward_critic/Delta": 0.0004065993707627058,
    "Metrics/EpCost": 6.630000114440918,
    "Metrics/EpLen": 1000,
    "Metrics/EpRet": 0.3825674951076507,
    "Metrics/LagrangeMultiplier": 2.791919231414795,
    "Metrics/LagrangeMultiplier/Max": 2.791919231414795,
    "Metrics/LagrangeMultiplier/Min": 2.791919231414795,
    "Metrics/LagrangeMultiplier/Std": 0,
    "Safety/EpCostShield": 20.299999237060547,
    "Safety/ShieldLagrangeMultiplier": 2.887687921524048,
    "Safety/ShieldLagrangeMultiplier/Max": 2.887687921524048,
    "Safety/ShieldLagrangeMultiplier/Min": 2.887687921524048,
    "Safety/ShieldLagrangeMultiplier/Std": 0,
    "Safety/shield_adv_c": "NaN",
    "Safety/shield_violation": 5.0133185386657715,
    "Time/Epoch": 209.4778594970703,
    "Time/FPS": 95.4754867553711,
    "Time/Rollout": 101.06029510498048,
    "Time/Total": 20749.271484375,
    "Time/Update": 108.4175033569336,
    "TotalEnvSteps": 2000000,
    "Train/Entropy": 0.720982551574707,
    "Train/Epoch": 99,
    "Train/KL": 0.002343033207580447,
    "Train/LR": 0,
    "Train/PolicyRatio": 1.0011473894119265,
    "Train/PolicyRatio/Max": 1.0011473894119265,
    "Train/PolicyRatio/Min": 1.0011473894119265,
    "Train/PolicyRatio/Std": 0.0049436078406870365,
    "Train/PolicyStd": 0.4981884360313415,
    "Train/StopIter": 40,
    "Value/Adv": 0.18373563885688785,
    "Value/cost": 1.3085817098617554,
    "Value/reward": 0.06268642842769623,
    "_runtime": 20750.578830934,
    "_step": 100,
    "_timestamp": 1746517140.7207632,
    "_wandb": {
        "runtime": 20750
    }
}