{
    "Loss/Loss_cost_critic": 1.1983133554458618,
    "Loss/Loss_cost_critic/Delta": -0.46039748191833496,
    "Loss/Loss_pi": -0.33547380566596985,
    "Loss/Loss_pi/Delta": -0.207601398229599,
    "Loss/Loss_reward_critic": 0.002462796401232481,
    "Loss/Loss_reward_critic/Delta": -0.0014705238863825798,
    "Metrics/EpCost": 6.389999866485596,
    "Metrics/EpLen": 1000,
    "Metrics/EpRet": 0.20149582624435425,
    "Metrics/LagrangeMultiplier": 3.098179578781128,
    "Metrics/LagrangeMultiplier/Max": 3.098179578781128,
    "Metrics/LagrangeMultiplier/Min": 3.098179578781128,
    "Metrics/LagrangeMultiplier/Std": 0,
    "Misc/AcceptanceStep": 1,
    "Misc/Alpha": 1.559878945350647,
    "Misc/FinalStepNorm": 0.2808156907558441,
    "Misc/H_inv_g": 0.18002401292324066,
    "Misc/gradient_norm": 0.11731288582086564,
    "Misc/xHx": 0.008219542913138866,
    "Safety/EpCostShield": 2.25,
    "Safety/ShieldLagrangeMultiplier": 2.7434492111206055,
    "Safety/ShieldLagrangeMultiplier/Max": 2.7434492111206055,
    "Safety/ShieldLagrangeMultiplier/Min": 2.7434492111206055,
    "Safety/ShieldLagrangeMultiplier/Std": 0,
    "Safety/shield_adv_c": -0.43214908242225647,
    "Safety/shield_violation": 2.953618288040161,
    "Time/Epoch": 91.34012603759766,
    "Time/FPS": 218.9618225097656,
    "Time/Rollout": 76.69641876220703,
    "Time/Total": 8831.021484375,
    "Time/Update": 14.643681526184082,
    "TotalEnvSteps": 2000000,
    "Train/Entropy": 1.239519119262695,
    "Train/Epoch": 99,
    "Train/KL": 0.00033063514274545014,
    "Train/LR": 0,
    "Train/PolicyRatio": 1.0030444860458374,
    "Train/PolicyRatio/Max": 1.0030444860458374,
    "Train/PolicyRatio/Min": 1.0030444860458374,
    "Train/PolicyRatio/Std": 0.0021528047509491444,
    "Train/PolicyStd": 0.8387925028800964,
    "Train/StopIter": 10,
    "Value/Adv": 3.051757735406113e-09,
    "Value/cost": 0.733203113079071,
    "Value/reward": 0.04943438991904259,
    "_runtime": 8847.060161918,
    "_step": 100,
    "_timestamp": 1747259113.567983,
    "_wandb": {
        "runtime": 8847
    }
}