{
    "Loss/Loss_cost_critic": 5.600649356842041,
    "Loss/Loss_cost_critic/Delta": 1.439551830291748,
    "Loss/Loss_pi": -0.1917896419763565,
    "Loss/Loss_pi/Delta": -0.05568636953830719,
    "Loss/Loss_reward_critic": 0.18212845921516416,
    "Loss/Loss_reward_critic/Delta": 0.03609655797481537,
    "Metrics/EpCost": 4.760000228881836,
    "Metrics/EpLen": 500,
    "Metrics/EpRet": 19.245342254638672,
    "Metrics/LagrangeMultiplier": 1.6658258438110352,
    "Metrics/LagrangeMultiplier/Max": 1.6658258438110352,
    "Metrics/LagrangeMultiplier/Min": 1.6658258438110352,
    "Metrics/LagrangeMultiplier/Std": 0,
    "Safety/EpCostShield": 17.5,
    "Safety/ShieldLagrangeMultiplier": 1.7107324600219729,
    "Safety/ShieldLagrangeMultiplier/Max": 1.7107324600219729,
    "Safety/ShieldLagrangeMultiplier/Min": 1.7107324600219729,
    "Safety/ShieldLagrangeMultiplier/Std": 0,
    "Safety/shield_adv_c": "NaN",
    "Safety/shield_violation": 2.413684844970703,
    "Time/Epoch": 251.66390991210935,
    "Time/FPS": 79.4710693359375,
    "Time/Rollout": 95.6604232788086,
    "Time/Total": 25250.091796875,
    "Time/Update": 156.00341796875,
    "TotalEnvSteps": 2000000,
    "Train/Entropy": 0.9010087251663208,
    "Train/Epoch": 99,
    "Train/KL": 0.0027070215437561274,
    "Train/LR": 0,
    "Train/PolicyRatio": 1.0006053447723389,
    "Train/PolicyRatio/Max": 1.0006053447723389,
    "Train/PolicyRatio/Min": 1.0006053447723389,
    "Train/PolicyRatio/Std": 0.005482401233166456,
    "Train/PolicyStd": 0.5959909558296204,
    "Train/StopIter": 40,
    "Value/Adv": -0.148032546043396,
    "Value/cost": 0.6195977926254272,
    "Value/reward": 3.871375799179077,
    "_runtime": 25252.132073594,
    "_step": 100,
    "_timestamp": 1746534696.3412666,
    "_wandb": {
        "runtime": 25252
    }
}