{
    "Loss/Loss_cost_critic": 2.9059197902679443,
    "Loss/Loss_cost_critic/Delta": -0.020969152450561523,
    "Loss/Loss_pi": -0.0916023850440979,
    "Loss/Loss_pi/Delta": 0.08175362646579742,
    "Loss/Loss_reward_critic": 0.03670894354581833,
    "Loss/Loss_reward_critic/Delta": 7.345899939537048e-05,
    "Metrics/EpCost": 8.180000305175781,
    "Metrics/EpLen": 1000,
    "Metrics/EpRet": 7.4399027824401855,
    "Metrics/LagrangeMultiplier": 2.5648937225341797,
    "Metrics/LagrangeMultiplier/Max": 2.5648937225341797,
    "Metrics/LagrangeMultiplier/Min": 2.5648937225341797,
    "Metrics/LagrangeMultiplier/Std": 0,
    "Misc/AcceptanceStep": 1,
    "Misc/Alpha": 1.2076643705368042,
    "Misc/FinalStepNorm": 0.27807721495628357,
    "Misc/H_inv_g": 0.23026032745838165,
    "Misc/gradient_norm": 0.26716238260269165,
    "Misc/xHx": 0.013713146559894083,
    "Safety/EpCostShield": 17.799999237060547,
    "Safety/ShieldLagrangeMultiplier": 2.485818386077881,
    "Safety/ShieldLagrangeMultiplier/Max": 2.485818386077881,
    "Safety/ShieldLagrangeMultiplier/Min": 2.485818386077881,
    "Safety/ShieldLagrangeMultiplier/Std": 0,
    "Safety/shield_adv_c": 0.13936388492584229,
    "Safety/shield_violation": 2.2117769718170166,
    "Time/Epoch": 69.52011108398438,
    "Time/FPS": 287.6865539550781,
    "Time/Rollout": 54.278682708740234,
    "Time/Total": 7059.90087890625,
    "Time/Update": 15.241410255432127,
    "TotalEnvSteps": 2000000,
    "Train/Entropy": 1.182482361793518,
    "Train/Epoch": 99,
    "Train/KL": 0.00037406792398542166,
    "Train/LR": 0,
    "Train/PolicyRatio": 1.0012311935424805,
    "Train/PolicyRatio/Max": 1.0012311935424805,
    "Train/PolicyRatio/Min": 1.0012311935424805,
    "Train/PolicyRatio/Std": 0.0008706414955668151,
    "Train/PolicyStd": 0.7955541610717773,
    "Train/StopIter": 10,
    "Value/Adv": 1.5258788677030564e-09,
    "Value/cost": 1.14091956615448,
    "Value/reward": 0.823606550693512,
    "_runtime": 7061.636051453,
    "_step": 100,
    "_timestamp": 1746549591.2031257,
    "_wandb": {
        "runtime": 7061
    }
}