{
    "Loss/Loss_cost_critic": 1.5602598190307615,
    "Loss/Loss_cost_critic/Delta": -0.22775769233703613,
    "Loss/Loss_pi": -0.26544836163520813,
    "Loss/Loss_pi/Delta": -0.386107973754406,
    "Loss/Loss_reward_critic": 0.004868668038398027,
    "Loss/Loss_reward_critic/Delta": 0.0009914250113070011,
    "Metrics/EpCost": 4.059999942779541,
    "Metrics/EpLen": 1000,
    "Metrics/EpRet": 0.3432760536670685,
    "Metrics/LagrangeMultiplier": 3.241365671157837,
    "Metrics/LagrangeMultiplier/Max": 3.241365671157837,
    "Metrics/LagrangeMultiplier/Min": 3.241365671157837,
    "Metrics/LagrangeMultiplier/Std": 0,
    "Safety/EpCostShield": 26.299999237060547,
    "Safety/ShieldLagrangeMultiplier": 3.0397884845733643,
    "Safety/ShieldLagrangeMultiplier/Max": 3.0397884845733643,
    "Safety/ShieldLagrangeMultiplier/Min": 3.0397884845733643,
    "Safety/ShieldLagrangeMultiplier/Std": 0,
    "Safety/shield_adv_c": "NaN",
    "Safety/shield_violation": 4.400912284851074,
    "Time/Epoch": 189.2356719970703,
    "Time/FPS": 105.68832397460938,
    "Time/Rollout": 91.66307067871094,
    "Time/Total": 18762.28515625,
    "Time/Update": 97.5724868774414,
    "TotalEnvSteps": 2000000,
    "Train/Entropy": -0.09322860836982728,
    "Train/Epoch": 99,
    "Train/KL": 0.003941977396607399,
    "Train/LR": 0,
    "Train/PolicyRatio": 1.0012080669403076,
    "Train/PolicyRatio/Max": 1.0012080669403076,
    "Train/PolicyRatio/Min": 1.0012080669403076,
    "Train/PolicyRatio/Std": 0.00683927396312356,
    "Train/PolicyStd": 0.2217852771282196,
    "Train/StopIter": 40,
    "Value/Adv": 0.175998255610466,
    "Value/cost": 0.7396002411842346,
    "Value/reward": 0.018186915665864944,
    "_runtime": 18764.006293627,
    "_step": 100,
    "_timestamp": 1746631178.9727535,
    "_wandb": {
        "runtime": 18764
    }
}