{
    "Loss/Loss_cost_critic": 4.33730411529541,
    "Loss/Loss_cost_critic/Delta": -2.317357063293457,
    "Loss/Loss_pi": 0.01470687985420227,
    "Loss/Loss_pi/Delta": -0.025683585554361343,
    "Loss/Loss_reward_critic": 0.2270313501358032,
    "Loss/Loss_reward_critic/Delta": 0.01218537986278534,
    "Metrics/EpCost": 9.56999969482422,
    "Metrics/EpLen": 500,
    "Metrics/EpRet": 24.747255325317383,
    "Metrics/LagrangeMultiplier": 1.548460841178894,
    "Metrics/LagrangeMultiplier/Max": 1.548460841178894,
    "Metrics/LagrangeMultiplier/Min": 1.548460841178894,
    "Metrics/LagrangeMultiplier/Std": 0,
    "Safety/EpCostShield": 14.800000190734863,
    "Safety/ShieldLagrangeMultiplier": 1.641241431236267,
    "Safety/ShieldLagrangeMultiplier/Max": 1.641241431236267,
    "Safety/ShieldLagrangeMultiplier/Min": 1.641241431236267,
    "Safety/ShieldLagrangeMultiplier/Std": 0,
    "Safety/shield_adv_c": "NaN",
    "Safety/shield_violation": 2.297090530395508,
    "Time/Epoch": 181.60633850097656,
    "Time/FPS": 110.1283187866211,
    "Time/Rollout": 77.41173553466797,
    "Time/Total": 18393.27734375,
    "Time/Update": 104.19456481933594,
    "TotalEnvSteps": 2000000,
    "Train/Entropy": 0.5246438384056091,
    "Train/Epoch": 99,
    "Train/KL": 0.0023978909011930227,
    "Train/LR": 0,
    "Train/PolicyRatio": 0.9996605515480042,
    "Train/PolicyRatio/Max": 0.9996605515480042,
    "Train/PolicyRatio/Min": 0.9996605515480042,
    "Train/PolicyRatio/Std": 0.005110603757202625,
    "Train/PolicyStd": 0.4093661308288574,
    "Train/StopIter": 40,
    "Value/Adv": -0.07690328359603882,
    "Value/cost": 1.254112720489502,
    "Value/reward": 4.951649188995361,
    "_runtime": 18394.298627669,
    "_step": 100,
    "_timestamp": 1746573298.17849,
    "_wandb": {
        "runtime": 18394
    }
}