{
    "Loss/Loss_cost_critic": 0.14069198071956637,
    "Loss/Loss_cost_critic/Delta": -0.0842728316783905,
    "Loss/Loss_pi": -0.0016392695251852274,
    "Loss/Loss_pi/Delta": 0.006395648000761867,
    "Loss/Loss_reward_critic": 0.009633267298340796,
    "Loss/Loss_reward_critic/Delta": -0.0038488516584038734,
    "Metrics/EpCost": 8.09000015258789,
    "Metrics/EpLen": 1000,
    "Metrics/EpRet": 0.17777688801288605,
    "Metrics/LagrangeMultiplier": 20.67695426940918,
    "Metrics/LagrangeMultiplier/Max": 20.67695426940918,
    "Metrics/LagrangeMultiplier/Min": 20.67695426940918,
    "Metrics/LagrangeMultiplier/Std": 0,
    "Time/Epoch": 214.00779724121097,
    "Time/FPS": 93.4545440673828,
    "Time/Rollout": 93.22207641601562,
    "Time/Total": 20759.0390625,
    "Time/Update": 120.7855987548828,
    "TotalEnvSteps": 2000000,
    "Train/Entropy": 0.7476814985275269,
    "Train/Epoch": 99,
    "Train/KL": 0.00421886658295989,
    "Train/LR": 0,
    "Train/PolicyRatio": 1.0001404285430908,
    "Train/PolicyRatio/Max": 1.0001404285430908,
    "Train/PolicyRatio/Min": 1.0001404285430908,
    "Train/PolicyRatio/Std": 0.00669450219720602,
    "Train/PolicyStd": 0.5118981003761292,
    "Train/StopIter": 40,
    "Value/Adv": 0.03954300284385681,
    "Value/cost": 0.48876744508743286,
    "Value/reward": 0.022197186946868896,
    "_runtime": 20760.901930896,
    "_step": 100,
    "_timestamp": 1745043346.7504773,
    "_wandb": {
        "runtime": 20760
    }
}