{
    "Loss/Loss_cost_critic": 2.311460494995117,
    "Loss/Loss_cost_critic/Delta": -0.8955361843109131,
    "Loss/Loss_pi": -0.003232894465327263,
    "Loss/Loss_pi/Delta": -0.0470342580229044,
    "Loss/Loss_reward_critic": 0.11523745954036713,
    "Loss/Loss_reward_critic/Delta": 0.019882425665855408,
    "Metrics/EpCost": 6.409999847412109,
    "Metrics/EpLen": 500,
    "Metrics/EpRet": 12.258991241455078,
    "Metrics/LagrangeMultiplier": 0.9674164056777954,
    "Metrics/LagrangeMultiplier/Max": 0.9674164056777954,
    "Metrics/LagrangeMultiplier/Min": 0.9674164056777954,
    "Metrics/LagrangeMultiplier/Std": 0,
    "Safety/EpCostShield": 7.900000095367432,
    "Safety/ShieldLagrangeMultiplier": 1.168514847755432,
    "Safety/ShieldLagrangeMultiplier/Max": 1.168514847755432,
    "Safety/ShieldLagrangeMultiplier/Min": 1.168514847755432,
    "Safety/ShieldLagrangeMultiplier/Std": 0,
    "Safety/shield_adv_c": "NaN",
    "Safety/shield_violation": 1.0615166425704956,
    "Time/Epoch": 311.3597106933594,
    "Time/FPS": 64.23439025878906,
    "Time/Rollout": 105.39656066894533,
    "Time/Total": 28708.5703125,
    "Time/Update": 205.9630126953125,
    "TotalEnvSteps": 2000000,
    "Train/Entropy": 0.7045395374298096,
    "Train/Epoch": 99,
    "Train/KL": 0.0034421447198837996,
    "Train/LR": 0,
    "Train/PolicyRatio": 0.9999774694442748,
    "Train/PolicyRatio/Max": 0.9999774694442748,
    "Train/PolicyRatio/Min": 0.9999774694442748,
    "Train/PolicyRatio/Std": 0.006095857359468937,
    "Train/PolicyStd": 0.4949518144130707,
    "Train/StopIter": 40,
    "Value/Adv": 0.21320989727973935,
    "Value/cost": 0.18306316435337067,
    "Value/reward": 2.490166425704956,
    "_runtime": 28709.983712674,
    "_step": 100,
    "_timestamp": 1746602666.1670322,
    "_wandb": {
        "runtime": 28709
    }
}