{
    "Loss/Loss_cost_critic": 4.041916847229004,
    "Loss/Loss_cost_critic/Delta": 0.4546031951904297,
    "Loss/Loss_pi": -0.2558852434158325,
    "Loss/Loss_pi/Delta": 0.29698073863983154,
    "Loss/Loss_reward_critic": 0.05519258230924606,
    "Loss/Loss_reward_critic/Delta": 0.0013784728944301603,
    "Metrics/EpCost": 20.950000762939453,
    "Metrics/EpLen": 1000,
    "Metrics/EpRet": 6.4866943359375,
    "Metrics/LagrangeMultiplier": 2.8276374340057373,
    "Metrics/LagrangeMultiplier/Max": 2.8276374340057373,
    "Metrics/LagrangeMultiplier/Min": 2.8276374340057373,
    "Metrics/LagrangeMultiplier/Std": 0,
    "Safety/EpCostShield": 48.75,
    "Safety/ShieldLagrangeMultiplier": 2.8974075317382812,
    "Safety/ShieldLagrangeMultiplier/Max": 2.8974075317382812,
    "Safety/ShieldLagrangeMultiplier/Min": 2.8974075317382812,
    "Safety/ShieldLagrangeMultiplier/Std": 0,
    "Safety/shield_adv_c": "NaN",
    "Safety/shield_violation": 6.276761531829834,
    "Time/Epoch": 180.05784606933594,
    "Time/FPS": 111.07540893554688,
    "Time/Rollout": 87.0145034790039,
    "Time/Total": 20989.830078125,
    "Time/Update": 93.04328918457033,
    "TotalEnvSteps": 2000000,
    "Train/Entropy": 0.014694449491798878,
    "Train/Epoch": 99,
    "Train/KL": 0.00402867654338479,
    "Train/LR": 0,
    "Train/PolicyRatio": 1.0010403394699097,
    "Train/PolicyRatio/Max": 1.0010403394699097,
    "Train/PolicyRatio/Min": 1.0010403394699097,
    "Train/PolicyRatio/Std": 0.006902733817696571,
    "Train/PolicyStd": 0.24567009508609772,
    "Train/StopIter": 40,
    "Value/Adv": -0.13571888208389282,
    "Value/cost": 2.4466817378997803,
    "Value/reward": 0.7964800000190735,
    "_runtime": 20991.456513104,
    "_step": 100,
    "_timestamp": 1746570316.1512923,
    "_wandb": {
        "runtime": 20991
    }
}