{
    "Loss/Loss_cost_critic": 1.1748430728912354,
    "Loss/Loss_cost_critic/Delta": 0.2518500089645386,
    "Loss/Loss_pi": 0.006611205637454987,
    "Loss/Loss_pi/Delta": 0.15335456281900406,
    "Loss/Loss_reward_critic": 0.004268495831638575,
    "Loss/Loss_reward_critic/Delta": -0.005221898201853037,
    "Metrics/EpCost": 2.8499999046325684,
    "Metrics/EpLen": 1000,
    "Metrics/EpRet": 0.0382700189948082,
    "Metrics/LagrangeMultiplier": 2.852630138397217,
    "Metrics/LagrangeMultiplier/Max": 2.852630138397217,
    "Metrics/LagrangeMultiplier/Min": 2.852630138397217,
    "Metrics/LagrangeMultiplier/Std": 0,
    "Safety/EpCostShield": 31,
    "Safety/ShieldLagrangeMultiplier": 2.703110456466675,
    "Safety/ShieldLagrangeMultiplier/Max": 2.703110456466675,
    "Safety/ShieldLagrangeMultiplier/Min": 2.703110456466675,
    "Safety/ShieldLagrangeMultiplier/Std": 0,
    "Safety/shield_adv_c": "NaN",
    "Safety/shield_violation": 2.483135461807251,
    "Time/Epoch": 196.4110412597656,
    "Time/FPS": 101.8272705078125,
    "Time/Rollout": 97.55409240722656,
    "Time/Total": 17646.357421875,
    "Time/Update": 98.85682678222656,
    "TotalEnvSteps": 2000000,
    "Train/Entropy": 0.6709527373313904,
    "Train/Epoch": 99,
    "Train/KL": 0.004316752310842276,
    "Train/LR": 0,
    "Train/PolicyRatio": 1.000631332397461,
    "Train/PolicyRatio/Max": 1.000631332397461,
    "Train/PolicyRatio/Min": 1.000631332397461,
    "Train/PolicyRatio/Std": 0.007215473800897598,
    "Train/PolicyStd": 0.4735223352909088,
    "Train/StopIter": 40,
    "Value/Adv": -0.08525342494249344,
    "Value/cost": 0.5274516344070435,
    "Value/reward": 0.04215254634618759,
    "_runtime": 17648.200004589,
    "_step": 100,
    "_timestamp": 1746576703.564392,
    "_wandb": {
        "runtime": 17648
    }
}