{
    "Loss/Loss_cost_critic": 2.653782367706299,
    "Loss/Loss_cost_critic/Delta": -0.6821630001068115,
    "Loss/Loss_pi": -0.1367926448583603,
    "Loss/Loss_pi/Delta": -0.2994915843009949,
    "Loss/Loss_reward_critic": 0.054920222610235214,
    "Loss/Loss_reward_critic/Delta": 0.005046699196100235,
    "Metrics/EpCost": 7.190000057220459,
    "Metrics/EpLen": 1000,
    "Metrics/EpRet": 4.836201190948486,
    "Metrics/LagrangeMultiplier": 2.151097536087036,
    "Metrics/LagrangeMultiplier/Max": 2.151097536087036,
    "Metrics/LagrangeMultiplier/Min": 2.151097536087036,
    "Metrics/LagrangeMultiplier/Std": 0,
    "Misc/AcceptanceStep": 1,
    "Misc/Alpha": 0.9682685136795044,
    "Misc/FinalStepNorm": 0.29318779706954956,
    "Misc/H_inv_g": 0.302795946598053,
    "Misc/gradient_norm": 0.2599027752876282,
    "Misc/xHx": 0.021332325413823128,
    "Safety/EpCostShield": 18.700000762939453,
    "Safety/ShieldLagrangeMultiplier": 2.3550143241882324,
    "Safety/ShieldLagrangeMultiplier/Max": 2.3550143241882324,
    "Safety/ShieldLagrangeMultiplier/Min": 2.3550143241882324,
    "Safety/ShieldLagrangeMultiplier/Std": 0,
    "Safety/shield_adv_c": 0.20405274629592896,
    "Safety/shield_violation": 2.7700352668762207,
    "Time/Epoch": 102.82958984375,
    "Time/FPS": 194.49655151367188,
    "Time/Rollout": 86.39896392822266,
    "Time/Total": 10815.654296875,
    "Time/Update": 16.430593490600586,
    "TotalEnvSteps": 2000000,
    "Train/Entropy": 1.3080601692199707,
    "Train/Epoch": 99,
    "Train/KL": 0.0003174449666403234,
    "Train/LR": 0,
    "Train/PolicyRatio": 1.000788331031799,
    "Train/PolicyRatio/Max": 1.0007884502410889,
    "Train/PolicyRatio/Min": 1.0007884502410889,
    "Train/PolicyRatio/Std": 0.0005574622773565352,
    "Train/PolicyStd": 0.8998947739601135,
    "Train/StopIter": 10,
    "Value/Adv": -1.449584896562328e-08,
    "Value/cost": 0.7873538732528687,
    "Value/reward": 0.5431029200553894,
    "_runtime": 10817.613289016,
    "_step": 100,
    "_timestamp": 1746626491.583174,
    "_wandb": {
        "runtime": 10817
    }
}