{
    "Loss/Loss_cost_critic": 2.9172418117523193,
    "Loss/Loss_cost_critic/Delta": -0.9889254570007324,
    "Loss/Loss_pi": -0.1350686103105545,
    "Loss/Loss_pi/Delta": 0.0062167346477508545,
    "Loss/Loss_reward_critic": 0.0580911710858345,
    "Loss/Loss_reward_critic/Delta": 0.003871284425258637,
    "Metrics/EpCost": 10.510000228881836,
    "Metrics/EpLen": 1000,
    "Metrics/EpRet": 10.667099952697754,
    "Metrics/LagrangeMultiplier": 2.3974812030792236,
    "Metrics/LagrangeMultiplier/Max": 2.3974812030792236,
    "Metrics/LagrangeMultiplier/Min": 2.3974812030792236,
    "Metrics/LagrangeMultiplier/Std": 0,
    "Misc/AcceptanceStep": 1,
    "Misc/Alpha": 0.8093180656433105,
    "Misc/FinalStepNorm": 0.27292129397392273,
    "Misc/H_inv_g": 0.33722376823425293,
    "Misc/gradient_norm": 0.29780784249305725,
    "Misc/xHx": 0.030534539371728897,
    "Safety/EpCostShield": 18.850000381469727,
    "Safety/ShieldLagrangeMultiplier": 2.53383207321167,
    "Safety/ShieldLagrangeMultiplier/Max": 2.53383207321167,
    "Safety/ShieldLagrangeMultiplier/Min": 2.53383207321167,
    "Safety/ShieldLagrangeMultiplier/Std": 0,
    "Safety/shield_adv_c": 0.3190546929836273,
    "Safety/shield_violation": 2.6702961921691895,
    "Time/Epoch": 136.11846923828125,
    "Time/FPS": 146.9308319091797,
    "Time/Rollout": 102.8443832397461,
    "Time/Total": 13973.4423828125,
    "Time/Update": 33.2740364074707,
    "TotalEnvSteps": 2000000,
    "Train/Entropy": 1.09994637966156,
    "Train/Epoch": 99,
    "Train/KL": 0.00034146622056141496,
    "Train/LR": 0,
    "Train/PolicyRatio": 1.0018168687820437,
    "Train/PolicyRatio/Max": 1.001816987991333,
    "Train/PolicyRatio/Min": 1.001816987991333,
    "Train/PolicyRatio/Std": 0.0012847483158111572,
    "Train/PolicyStd": 0.7302330136299133,
    "Train/StopIter": 10,
    "Value/Adv": -6.103515470812226e-09,
    "Value/cost": 1.1612015962600708,
    "Value/reward": 1.2279919385910034,
    "_runtime": 13975.033873606,
    "_step": 100,
    "_timestamp": 1746635438.8134828,
    "_wandb": {
        "runtime": 13975
    }
}