{
    "Loss/Loss_cost_critic": 4.1669793128967285,
    "Loss/Loss_cost_critic/Delta": 0.14095544815063477,
    "Loss/Loss_pi": -0.06139799952507019,
    "Loss/Loss_pi/Delta": 0.08298833668231964,
    "Loss/Loss_reward_critic": 0.03970303013920784,
    "Loss/Loss_reward_critic/Delta": 0.0030991286039352417,
    "Metrics/EpCost": 15.850000381469728,
    "Metrics/EpLen": 1000,
    "Metrics/EpRet": 9.832196235656738,
    "Metrics/LagrangeMultiplier": 2.674870491027832,
    "Metrics/LagrangeMultiplier/Max": 2.674870491027832,
    "Metrics/LagrangeMultiplier/Min": 2.674870491027832,
    "Metrics/LagrangeMultiplier/Std": 0,
    "Safety/EpCostShield": 37.04999923706055,
    "Safety/ShieldLagrangeMultiplier": 2.5957441329956055,
    "Safety/ShieldLagrangeMultiplier/Max": 2.5957441329956055,
    "Safety/ShieldLagrangeMultiplier/Min": 2.5957441329956055,
    "Safety/ShieldLagrangeMultiplier/Std": 0,
    "Safety/shield_adv_c": "NaN",
    "Safety/shield_violation": 3.074375867843628,
    "Time/Epoch": 209.1965484619141,
    "Time/FPS": 95.60387420654295,
    "Time/Rollout": 81.9808578491211,
    "Time/Total": 20882.56640625,
    "Time/Update": 127.21562957763672,
    "TotalEnvSteps": 2000000,
    "Train/Entropy": 0.6097257137298584,
    "Train/Epoch": 99,
    "Train/KL": 0.0030757903587073088,
    "Train/LR": 0,
    "Train/PolicyRatio": 1.0001050233840942,
    "Train/PolicyRatio/Max": 1.0001050233840942,
    "Train/PolicyRatio/Min": 1.0001050233840942,
    "Train/PolicyRatio/Std": 0.00591830350458622,
    "Train/PolicyStd": 0.44543036818504333,
    "Train/StopIter": 40,
    "Value/Adv": -0.13035620748996735,
    "Value/cost": 1.5768026113510132,
    "Value/reward": 0.7801837921142578,
    "_runtime": 20884.32759398,
    "_step": 100,
    "_timestamp": 1746566111.538105,
    "_wandb": {
        "runtime": 20884
    }
}