{
    "Loss/Loss_cost_critic": 4.389068603515625,
    "Loss/Loss_cost_critic/Delta": -0.6440296173095703,
    "Loss/Loss_pi": -0.34175828099250793,
    "Loss/Loss_pi/Delta": -0.02638581395149231,
    "Loss/Loss_reward_critic": 0.043035704642534256,
    "Loss/Loss_reward_critic/Delta": 0.0017591603100299835,
    "Metrics/EpCost": 15.630000114440918,
    "Metrics/EpLen": 1000,
    "Metrics/EpRet": 9.51391887664795,
    "Metrics/LagrangeMultiplier": 2.4385287761688232,
    "Metrics/LagrangeMultiplier/Max": 2.4385287761688232,
    "Metrics/LagrangeMultiplier/Min": 2.4385287761688232,
    "Metrics/LagrangeMultiplier/Std": 0,
    "Misc/AcceptanceStep": 1,
    "Misc/Alpha": 1.414887547492981,
    "Misc/FinalStepNorm": 0.315380722284317,
    "Misc/H_inv_g": 0.2229016274213791,
    "Misc/gradient_norm": 0.16622541844844818,
    "Misc/xHx": 0.009990464895963669,
    "Safety/EpCostShield": 26,
    "Safety/ShieldLagrangeMultiplier": 2.5844924449920654,
    "Safety/ShieldLagrangeMultiplier/Max": 2.5844924449920654,
    "Safety/ShieldLagrangeMultiplier/Min": 2.5844924449920654,
    "Safety/ShieldLagrangeMultiplier/Std": 0,
    "Safety/shield_adv_c": 0.5484150648117065,
    "Safety/shield_violation": 3.584122657775879,
    "Time/Epoch": 69.05167388916016,
    "Time/FPS": 289.6381530761719,
    "Time/Rollout": 53.94974899291992,
    "Time/Total": 7031.2333984375,
    "Time/Update": 15.101906776428224,
    "TotalEnvSteps": 2000000,
    "Train/Entropy": 2.161874532699585,
    "Train/Epoch": 99,
    "Train/KL": 0.0002612686075735837,
    "Train/LR": 0,
    "Train/PolicyRatio": 1.0007768869400024,
    "Train/PolicyRatio/Max": 1.000777006149292,
    "Train/PolicyRatio/Min": 1.000777006149292,
    "Train/PolicyRatio/Std": 0.0005494263023138046,
    "Train/PolicyStd": 2.105119466781616,
    "Train/StopIter": 10,
    "Value/Adv": 8.773803905626211e-09,
    "Value/cost": 1.7824480533599854,
    "Value/reward": 1.0656611919403076,
    "_runtime": 7032.659609064,
    "_step": 100,
    "_timestamp": 1746503399.6449316,
    "_wandb": {
        "runtime": 7032
    }
}