{
    "Loss/Loss_cost_critic": 2.6463689550837444e-07,
    "Loss/Loss_cost_critic/Delta": -5.586174808058786e-06,
    "Loss/Loss_pi": 0.05859631672501564,
    "Loss/Loss_pi/Delta": 0.04762377310544253,
    "Loss/Loss_reward_critic": 0.010268003679811954,
    "Loss/Loss_reward_critic/Delta": 0.001616278663277626,
    "Metrics/EpCost": 0,
    "Metrics/EpLen": 1000,
    "Metrics/EpRet": -2.8214893341064453,
    "Misc/A": 0.01789472997188568,
    "Misc/AcceptanceStep": 0,
    "Misc/Alpha": 1.0571882724761963,
    "Misc/B": 0.019999999552965164,
    "Misc/FinalStepNorm": 0,
    "Misc/H_inv_g": 0.27056917548179626,
    "Misc/Lambda_star": -0.05725642293691635,
    "Misc/Nu_star": 0.05725615099072456,
    "Misc/OptimCase": 1,
    "Misc/cost_gradient_norm": 7.534792530350387e-06,
    "Misc/gradient_norm": 0.2906118333339691,
    "Misc/q": 0.01789472997188568,
    "Misc/r": -5.725642182596856e-10,
    "Misc/s": 4.7488729393091115e-14,
    "Misc/xHx": 0.01789472997188568,
    "Time/Epoch": 121.36956787109376,
    "Time/FPS": 164.7859649658203,
    "Time/Rollout": 100.79088592529295,
    "Time/Total": 12187.05078125,
    "Time/Update": 20.578651428222656,
    "TotalEnvSteps": 2000000,
    "Train/Entropy": 1.362386703491211,
    "Train/Epoch": 99,
    "Train/KL": 9.797802704269998e-06,
    "Train/LR": 0,
    "Train/PolicyRatio": 1.016710638999939,
    "Train/PolicyRatio/Max": 1.016710638999939,
    "Train/PolicyRatio/Min": 1.016710638999939,
    "Train/PolicyRatio/Std": 0.03879375010728836,
    "Train/PolicyStd": 0.9579029083251952,
    "Train/StopIter": 10,
    "Value/Adv": -1.5258788677030564e-09,
    "Value/cost": 0.0043920110911130905,
    "Value/reward": -0.31808897852897644,
    "_runtime": 12188.745919327,
    "_step": 100,
    "_timestamp": 1743335978.5100827,
    "_wandb": {
        "runtime": 12188
    }
}