{
    "Loss/Loss_cost_critic": 0.18542888760566711,
    "Loss/Loss_cost_critic/Delta": 0.1452719196677208,
    "Loss/Loss_pi": -0.0032779125031083822,
    "Loss/Loss_pi/Delta": -0.0036624443309847265,
    "Loss/Loss_reward_critic": 0.012787898071110249,
    "Loss/Loss_reward_critic/Delta": 0.0050063710659742355,
    "Metrics/EpCost": 2.0899999141693115,
    "Metrics/EpLen": 1000,
    "Metrics/EpRet": -4.15421724319458,
    "Misc/A": 0.008930525742471218,
    "Misc/AcceptanceStep": 1,
    "Misc/Alpha": 1.49620258808136,
    "Misc/B": -460.5835266113281,
    "Misc/FinalStepNorm": 0.3335725963115692,
    "Misc/H_inv_g": 0.15863396227359772,
    "Misc/Lambda_star": 0,
    "Misc/Nu_star": 1.4522197246551514,
    "Misc/OptimCase": 0,
    "Misc/cost_gradient_norm": 0.13019511103630066,
    "Misc/gradient_norm": 0.44897034764289856,
    "Misc/q": 0.008934056386351585,
    "Misc/r": -0.00018297741189599037,
    "Misc/s": 0.009483416564762592,
    "Misc/xHx": 0.008934056386351585,
    "Time/Epoch": 76.07246398925781,
    "Time/FPS": 262.9072265625,
    "Time/Rollout": 67.5343017578125,
    "Time/Total": 8150.3251953125,
    "Time/Update": 8.538148880004883,
    "TotalEnvSteps": 2000000,
    "Train/Entropy": 1.4176105260849,
    "Train/Epoch": 99,
    "Train/KL": 0.0001573486952111125,
    "Train/LR": 0,
    "Train/PolicyRatio": 0.9996941685676576,
    "Train/PolicyRatio/Max": 0.9996942281723022,
    "Train/PolicyRatio/Min": 0.9996942281723022,
    "Train/PolicyRatio/Std": 0.00021624141663778573,
    "Train/PolicyStd": 1.0044559240341189,
    "Train/StopIter": 10,
    "Value/Adv": -3.051757735406113e-09,
    "Value/cost": 0.22350820899009705,
    "Value/reward": -0.4348442256450653,
    "_runtime": 8151.751916672,
    "_step": 100,
    "_timestamp": 1743314082.5807962,
    "_wandb": {
        "runtime": 8151
    }
}