{
    "Loss/Loss_cost_critic": 5.493044853210449,
    "Loss/Loss_cost_critic/Delta": 1.6833257675170898,
    "Loss/Loss_pi": -0.27238717675209045,
    "Loss/Loss_pi/Delta": -0.4010486453771591,
    "Loss/Loss_reward_critic": 0.005294892005622387,
    "Loss/Loss_reward_critic/Delta": -0.0018178806640207767,
    "Metrics/EpCost": 25.309999465942383,
    "Metrics/EpLen": 1000,
    "Metrics/EpRet": 0.40651077032089233,
    "Metrics/LagrangeMultiplier": 3.012153387069702,
    "Metrics/LagrangeMultiplier/Max": 3.012153387069702,
    "Metrics/LagrangeMultiplier/Min": 3.012153387069702,
    "Metrics/LagrangeMultiplier/Std": 0,
    "Safety/EpCostShield": 53.04999923706055,
    "Safety/ShieldLagrangeMultiplier": 3.0406434535980225,
    "Safety/ShieldLagrangeMultiplier/Max": 3.0406434535980225,
    "Safety/ShieldLagrangeMultiplier/Min": 3.0406434535980225,
    "Safety/ShieldLagrangeMultiplier/Std": 0,
    "Safety/shield_adv_c": "NaN",
    "Safety/shield_violation": 6.683587551116943,
    "Time/Epoch": 221.20346069335935,
    "Time/FPS": 90.4145050048828,
    "Time/Rollout": 93.92504119873048,
    "Time/Total": 21815.091796875,
    "Time/Update": 127.27835083007812,
    "TotalEnvSteps": 2000000,
    "Train/Entropy": 0.04994969442486763,
    "Train/Epoch": 99,
    "Train/KL": 0.00406023720279336,
    "Train/LR": 0,
    "Train/PolicyRatio": 1.000290036201477,
    "Train/PolicyRatio/Max": 1.0002901554107666,
    "Train/PolicyRatio/Min": 1.0002901554107666,
    "Train/PolicyRatio/Std": 0.007085849996656179,
    "Train/PolicyStd": 0.2544523775577545,
    "Train/StopIter": 40,
    "Value/Adv": -0.02981649339199066,
    "Value/cost": 2.0808522701263428,
    "Value/reward": 0.06411128491163254,
    "_runtime": 21816.274207665,
    "_step": 100,
    "_timestamp": 1746562581.9271233,
    "_wandb": {
        "runtime": 21816
    }
}