{
    "Loss/Loss_cost_critic": 2.990931749343872,
    "Loss/Loss_cost_critic/Delta": -0.980466365814209,
    "Loss/Loss_pi": -0.23281793296337128,
    "Loss/Loss_pi/Delta": -0.010689795017242432,
    "Loss/Loss_reward_critic": 0.04105352982878685,
    "Loss/Loss_reward_critic/Delta": -0.00141945481300354,
    "Metrics/EpCost": 10.06999969482422,
    "Metrics/EpLen": 1000,
    "Metrics/EpRet": 5.916369438171387,
    "Metrics/LagrangeMultiplier": 2.44323992729187,
    "Metrics/LagrangeMultiplier/Max": 2.44323992729187,
    "Metrics/LagrangeMultiplier/Min": 2.44323992729187,
    "Metrics/LagrangeMultiplier/Std": 0,
    "Misc/AcceptanceStep": 1,
    "Misc/Alpha": 1.8083055019378664,
    "Misc/FinalStepNorm": 0.30836600065231323,
    "Misc/H_inv_g": 0.1705276072025299,
    "Misc/gradient_norm": 0.09553734213113783,
    "Misc/xHx": 0.006116256583482027,
    "Safety/EpCostShield": 16.700000762939453,
    "Safety/ShieldLagrangeMultiplier": 2.37813401222229,
    "Safety/ShieldLagrangeMultiplier/Max": 2.37813401222229,
    "Safety/ShieldLagrangeMultiplier/Min": 2.37813401222229,
    "Safety/ShieldLagrangeMultiplier/Std": 0,
    "Safety/shield_adv_c": -0.31202882528305054,
    "Safety/shield_violation": 2.5170366764068604,
    "Time/Epoch": 65.26331329345703,
    "Time/FPS": 306.4508972167969,
    "Time/Rollout": 51.89241790771485,
    "Time/Total": 6949.5322265625,
    "Time/Update": 13.370878219604492,
    "TotalEnvSteps": 2000000,
    "Train/Entropy": 2.1080312728881836,
    "Train/Epoch": 99,
    "Train/KL": 0.0002679663593880832,
    "Train/LR": 0,
    "Train/PolicyRatio": 1.0016778707504272,
    "Train/PolicyRatio/Max": 1.0016778707504272,
    "Train/PolicyRatio/Min": 1.0016778707504272,
    "Train/PolicyRatio/Std": 0.0011863495456054809,
    "Train/PolicyStd": 2.052360773086548,
    "Train/StopIter": 10,
    "Value/Adv": 0,
    "Value/cost": 1.2870665788650513,
    "Value/reward": 0.597489058971405,
    "_runtime": 6950.76175185,
    "_step": 100,
    "_timestamp": 1746550155.2974768,
    "_wandb": {
        "runtime": 6950
    }
}