{
    "Loss/Loss_cost_critic": 4.586762614167129e-08,
    "Loss/Loss_cost_critic/Delta": -1.9226053638021767e-08,
    "Loss/Loss_pi": 0.02754994109272957,
    "Loss/Loss_pi/Delta": -0.030090373009443283,
    "Loss/Loss_reward_critic": 0.007268971763551235,
    "Loss/Loss_reward_critic/Delta": 0.004684776999056339,
    "Metrics/EpCost": 0,
    "Metrics/EpLen": 1000,
    "Metrics/EpRet": -0.7446783185005188,
    "Misc/A": 0.009687481448054314,
    "Misc/AcceptanceStep": 0,
    "Misc/Alpha": 1.4368430376052856,
    "Misc/B": 0.019999999552965164,
    "Misc/FinalStepNorm": 0,
    "Misc/H_inv_g": 0.21044811606407168,
    "Misc/Lambda_star": -0.03157288208603859,
    "Misc/Nu_star": 0.0315726213157177,
    "Misc/OptimCase": 1,
    "Misc/cost_gradient_norm": 8.636976417619735e-06,
    "Misc/gradient_norm": 0.09326137602329254,
    "Misc/q": 0.009687481448054314,
    "Misc/r": -3.1572883196773205e-10,
    "Misc/s": 8.297495448974375e-14,
    "Misc/xHx": 0.009687481448054314,
    "Time/Epoch": 102.14258575439452,
    "Time/FPS": 195.80471801757812,
    "Time/Rollout": 90.74347686767578,
    "Time/Total": 10263.9033203125,
    "Time/Update": 11.39908218383789,
    "TotalEnvSteps": 2000000,
    "Train/Entropy": 1.516812086105347,
    "Train/Epoch": 99,
    "Train/KL": 1.609154060133733e-05,
    "Train/LR": 0,
    "Train/PolicyRatio": 1.0061054229736328,
    "Train/PolicyRatio/Max": 1.0061054229736328,
    "Train/PolicyRatio/Min": 1.0061054229736328,
    "Train/PolicyRatio/Std": 0.01620492711663246,
    "Train/PolicyStd": 1.104929804801941,
    "Train/StopIter": 10,
    "Value/Adv": 5.340575981449547e-09,
    "Value/cost": 0.006656305864453316,
    "Value/reward": -0.08460818976163864,
    "_runtime": 10265.235685958,
    "_step": 100,
    "_timestamp": 1743325740.7210777,
    "_wandb": {
        "runtime": 10265
    }
}