{
    "Loss/Loss_cost_critic": 0.5576562881469727,
    "Loss/Loss_cost_critic/Delta": -1.1611181497573853,
    "Loss/Loss_pi": -0.30896928906440735,
    "Loss/Loss_pi/Delta": -0.1632714420557022,
    "Loss/Loss_reward_critic": 0.006504622753709555,
    "Loss/Loss_reward_critic/Delta": -0.0030352440662682056,
    "Metrics/EpCost": 3.4100000858306885,
    "Metrics/EpLen": 1000,
    "Metrics/EpRet": 0.35043594241142273,
    "Metrics/LagrangeMultiplier": 2.082549810409546,
    "Metrics/LagrangeMultiplier/Max": 2.082549810409546,
    "Metrics/LagrangeMultiplier/Min": 2.082549810409546,
    "Metrics/LagrangeMultiplier/Std": 0,
    "Misc/AcceptanceStep": 1,
    "Misc/Alpha": 4.073783874511719,
    "Misc/FinalStepNorm": 0.32020118832588196,
    "Misc/H_inv_g": 0.0786004364490509,
    "Misc/gradient_norm": 0.042123544961214066,
    "Misc/xHx": 0.0012051203520968556,
    "Safety/EpCostShield": 0,
    "Safety/ShieldLagrangeMultiplier": 2.414376735687256,
    "Safety/ShieldLagrangeMultiplier/Max": 2.414376735687256,
    "Safety/ShieldLagrangeMultiplier/Min": 2.414376735687256,
    "Safety/ShieldLagrangeMultiplier/Std": 0,
    "Safety/shield_adv_c": -0.13051331043243408,
    "Safety/shield_violation": 0.9583460688591005,
    "Time/Epoch": 82.77978515625,
    "Time/FPS": 241.6048889160156,
    "Time/Rollout": 68.45773315429688,
    "Time/Total": 8641.3017578125,
    "Time/Update": 14.322023391723633,
    "TotalEnvSteps": 2000000,
    "Train/Entropy": 2.339463949203491,
    "Train/Epoch": 99,
    "Train/KL": 0.0002759441267699003,
    "Train/LR": 0,
    "Train/PolicyRatio": 1.0050681829452517,
    "Train/PolicyRatio/Max": 1.0050681829452517,
    "Train/PolicyRatio/Min": 1.0050681829452517,
    "Train/PolicyRatio/Std": 0.003583662211894989,
    "Train/PolicyStd": 2.547346830368042,
    "Train/StopIter": 10,
    "Value/Adv": -1.907348501362094e-09,
    "Value/cost": 0.5152297616004944,
    "Value/reward": 0.048921849578619,
    "_runtime": 8642.862701764,
    "_step": 100,
    "_timestamp": 1746519904.8279266,
    "_wandb": {
        "runtime": 8642
    }
}