{
    "Loss/Loss_cost_critic": 0.08504093438386917,
    "Loss/Loss_cost_critic/Delta": 0.08470780428615399,
    "Loss/Loss_pi": -0.0006944931228645146,
    "Loss/Loss_pi/Delta": 0.0033333564060740173,
    "Loss/Loss_reward_critic": 0.008297128602862358,
    "Loss/Loss_reward_critic/Delta": -0.0028374632820487022,
    "Metrics/EpCost": 0.17000000178813934,
    "Metrics/EpLen": 1000,
    "Metrics/EpRet": -1.9734312295913696,
    "Misc/A": 0.02160342037677765,
    "Misc/AcceptanceStep": 1,
    "Misc/Alpha": 0.9619459509849548,
    "Misc/B": -22.107301712036133,
    "Misc/FinalStepNorm": 0.32269904017448425,
    "Misc/H_inv_g": 0.2935861051082611,
    "Misc/Lambda_star": 0,
    "Misc/Nu_star": 3.91318416595459,
    "Misc/OptimCase": 0,
    "Misc/cost_gradient_norm": 0.03128964826464653,
    "Misc/gradient_norm": 0.26110365986824036,
    "Misc/q": 0.02161366678774357,
    "Misc/r": 0.00011567924229893832,
    "Misc/s": 0.0013060688506811855,
    "Misc/xHx": 0.02161366678774357,
    "Time/Epoch": 80.61544036865234,
    "Time/FPS": 248.0914306640625,
    "Time/Rollout": 71.93014526367188,
    "Time/Total": 8086.87939453125,
    "Time/Update": 8.68526840209961,
    "TotalEnvSteps": 2000000,
    "Train/Entropy": 1.5085805654525757,
    "Train/Epoch": 99,
    "Train/KL": 0.0001341646129731089,
    "Train/LR": 0,
    "Train/PolicyRatio": 0.99917870759964,
    "Train/PolicyRatio/Max": 0.9991787672042848,
    "Train/PolicyRatio/Min": 0.9991787672042848,
    "Train/PolicyRatio/Std": 0.0005807554698549211,
    "Train/PolicyStd": 1.0990484952926636,
    "Train/StopIter": 10,
    "Value/Adv": 6.103515470812226e-09,
    "Value/cost": 0.012931561097502708,
    "Value/reward": -0.19849705696105957,
    "_runtime": 8089.1906953,
    "_step": 100,
    "_timestamp": 1743325445.7701983,
    "_wandb": {
        "runtime": 8089
    }
}