{
    "Loss/Loss_cost_critic": 4.023329257965088,
    "Loss/Loss_cost_critic/Delta": 2.4861632585525513,
    "Loss/Loss_pi": -0.12173360586166382,
    "Loss/Loss_pi/Delta": 0.2964847683906555,
    "Loss/Loss_reward_critic": 0.03756728395819664,
    "Loss/Loss_reward_critic/Delta": 0.015646565705537796,
    "Metrics/EpCost": 7.119999885559082,
    "Metrics/EpLen": 1000,
    "Metrics/EpRet": 2.341573715209961,
    "Metrics/LagrangeMultiplier": 2.1636834144592285,
    "Metrics/LagrangeMultiplier/Max": 2.1636834144592285,
    "Metrics/LagrangeMultiplier/Min": 2.1636834144592285,
    "Metrics/LagrangeMultiplier/Std": 0,
    "Misc/AcceptanceStep": 1,
    "Misc/Alpha": 1.1715571880340576,
    "Misc/FinalStepNorm": 0.3310433030128479,
    "Misc/H_inv_g": 0.2825669050216675,
    "Misc/gradient_norm": 0.112234927713871,
    "Misc/xHx": 0.014571446925401688,
    "Safety/EpCostShield": 50.29999923706055,
    "Safety/ShieldLagrangeMultiplier": 2.3770201206207275,
    "Safety/ShieldLagrangeMultiplier/Max": 2.3770201206207275,
    "Safety/ShieldLagrangeMultiplier/Min": 2.3770201206207275,
    "Safety/ShieldLagrangeMultiplier/Std": 0,
    "Safety/shield_adv_c": 1.2390867471694946,
    "Safety/shield_violation": 3.1836097240448,
    "Time/Epoch": 122.96768188476562,
    "Time/FPS": 162.6443634033203,
    "Time/Rollout": 90.90325164794922,
    "Time/Total": 12438.3388671875,
    "Time/Update": 32.06440734863281,
    "TotalEnvSteps": 2000000,
    "Train/Entropy": 2.1861536502838135,
    "Train/Epoch": 99,
    "Train/KL": 0.0002501117705833167,
    "Train/LR": 0,
    "Train/PolicyRatio": 1.0006023645401,
    "Train/PolicyRatio/Max": 1.0006024837493896,
    "Train/PolicyRatio/Min": 1.0006024837493896,
    "Train/PolicyRatio/Std": 0.0004259079578332603,
    "Train/PolicyStd": 2.1544907093048096,
    "Train/StopIter": 10,
    "Value/Adv": 3.8146971692576415e-10,
    "Value/cost": 0.6829038262367249,
    "Value/reward": 0.4269111752510071,
    "_runtime": 12440.203976475,
    "_step": 100,
    "_timestamp": 1746605900.1132052,
    "_wandb": {
        "runtime": 12440
    }
}