{
    "Loss/Loss_cost_critic": 0.2390182614326477,
    "Loss/Loss_cost_critic/Delta": -0.095636248588562,
    "Loss/Loss_pi": -0.004172332584857941,
    "Loss/Loss_pi/Delta": 0.006104183383285999,
    "Loss/Loss_reward_critic": 0.016381140798330307,
    "Loss/Loss_reward_critic/Delta": 0.001728832721710205,
    "Metrics/EpCost": 6.730000019073486,
    "Metrics/EpLen": 1000,
    "Metrics/EpRet": -0.6838452219963074,
    "Metrics/LagrangeMultiplier": 19.523561477661133,
    "Metrics/LagrangeMultiplier/Max": 19.523561477661133,
    "Metrics/LagrangeMultiplier/Min": 19.523561477661133,
    "Metrics/LagrangeMultiplier/Std": 0,
    "Time/Epoch": 222.17576599121097,
    "Time/FPS": 90.0188217163086,
    "Time/Rollout": 95.69719696044922,
    "Time/Total": 22204.46484375,
    "Time/Update": 126.47846221923828,
    "TotalEnvSteps": 2000000,
    "Train/Entropy": 0.6490651965141296,
    "Train/Epoch": 99,
    "Train/KL": 0.0035334154963493347,
    "Train/LR": 0,
    "Train/PolicyRatio": 1.0002143383026123,
    "Train/PolicyRatio/Max": 1.0002143383026123,
    "Train/PolicyRatio/Min": 1.0002143383026123,
    "Train/PolicyRatio/Std": 0.006533956620842218,
    "Train/PolicyStd": 0.4652485251426697,
    "Train/StopIter": 40,
    "Value/Adv": 0.050569385290145874,
    "Value/cost": 0.7230478525161743,
    "Value/reward": -0.05251821130514145,
    "_runtime": 22205.982791138,
    "_step": 100,
    "_timestamp": 1745044780.2594748,
    "_wandb": {
        "runtime": 22205
    }
}