{
    "Loss/Loss_cost_critic": 1.289717674255371,
    "Loss/Loss_cost_critic/Delta": -0.38847482204437256,
    "Loss/Loss_pi": -0.20504343509674072,
    "Loss/Loss_pi/Delta": -0.048160940408706665,
    "Loss/Loss_reward_critic": 0.008076854050159454,
    "Loss/Loss_reward_critic/Delta": -0.0226835235953331,
    "Metrics/EpCost": 7.789999961853027,
    "Metrics/EpLen": 1000,
    "Metrics/EpRet": -0.1932789087295532,
    "Metrics/LagrangeMultiplier": 2.973921775817871,
    "Metrics/LagrangeMultiplier/Max": 2.973921775817871,
    "Metrics/LagrangeMultiplier/Min": 2.973921775817871,
    "Metrics/LagrangeMultiplier/Std": 0,
    "Safety/EpCostShield": 14.449999809265137,
    "Safety/ShieldLagrangeMultiplier": 2.981079578399658,
    "Safety/ShieldLagrangeMultiplier/Max": 2.981079578399658,
    "Safety/ShieldLagrangeMultiplier/Min": 2.981079578399658,
    "Safety/ShieldLagrangeMultiplier/Std": 0,
    "Safety/shield_adv_c": "NaN",
    "Safety/shield_violation": 1.8480304479599,
    "Time/Epoch": 157.98544311523438,
    "Time/FPS": 126.59394073486328,
    "Time/Rollout": 75.78913879394531,
    "Time/Total": 14349.6943359375,
    "Time/Update": 82.1962661743164,
    "TotalEnvSteps": 2000000,
    "Train/Entropy": 0.7491844892501831,
    "Train/Epoch": 99,
    "Train/KL": 0.0031593062449246645,
    "Train/LR": 0,
    "Train/PolicyRatio": 1.0014631748199463,
    "Train/PolicyRatio/Max": 1.0014631748199463,
    "Train/PolicyRatio/Min": 1.0014631748199463,
    "Train/PolicyRatio/Std": 0.006502620410174131,
    "Train/PolicyStd": 0.5533249378204346,
    "Train/StopIter": 40,
    "Value/Adv": -0.3465820550918579,
    "Value/cost": 0.3583657145500183,
    "Value/reward": 0.0108683742582798,
    "_runtime": 14351.196609045,
    "_step": 100,
    "_timestamp": 1746532923.4433002,
    "_wandb": {
        "runtime": 14351
    }
}