{
    "Loss/Loss_cost_critic": 4.336286544799805,
    "Loss/Loss_cost_critic/Delta": -3.5667638778686523,
    "Loss/Loss_pi": -0.4236856698989868,
    "Loss/Loss_pi/Delta": -0.29394713044166565,
    "Loss/Loss_reward_critic": 0.024104250594973564,
    "Loss/Loss_reward_critic/Delta": -0.008294181898236275,
    "Metrics/EpCost": 21.040000915527344,
    "Metrics/EpLen": 1000,
    "Metrics/EpRet": 3.6499593257904057,
    "Metrics/LagrangeMultiplier": 2.693880081176758,
    "Metrics/LagrangeMultiplier/Max": 2.693880081176758,
    "Metrics/LagrangeMultiplier/Min": 2.693880081176758,
    "Metrics/LagrangeMultiplier/Std": 0,
    "Safety/EpCostShield": 33.54999923706055,
    "Safety/ShieldLagrangeMultiplier": 2.6533031463623047,
    "Safety/ShieldLagrangeMultiplier/Max": 2.6533031463623047,
    "Safety/ShieldLagrangeMultiplier/Min": 2.6533031463623047,
    "Safety/ShieldLagrangeMultiplier/Std": 0,
    "Safety/shield_adv_c": "NaN",
    "Safety/shield_violation": 6.001801490783691,
    "Time/Epoch": 142.19989013671875,
    "Time/FPS": 140.64707946777344,
    "Time/Rollout": 63.00831985473633,
    "Time/Total": 15085.048828125,
    "Time/Update": 79.19153594970703,
    "TotalEnvSteps": 2000000,
    "Train/Entropy": 0.6449755430221558,
    "Train/Epoch": 99,
    "Train/KL": 0.002726785372942686,
    "Train/LR": 0,
    "Train/PolicyRatio": 1.001689076423645,
    "Train/PolicyRatio/Max": 1.001689076423645,
    "Train/PolicyRatio/Min": 1.001689076423645,
    "Train/PolicyRatio/Std": 0.005870942026376724,
    "Train/PolicyStd": 0.4690391719341278,
    "Train/StopIter": 40,
    "Value/Adv": -0.005672968924045563,
    "Value/cost": 2.8247740268707275,
    "Value/reward": 0.4834936559200287,
    "_runtime": 15085.824560171,
    "_step": 100,
    "_timestamp": 1746519424.8340597,
    "_wandb": {
        "runtime": 15085
    }
}