{
    "Loss/Loss_cost_critic": 7.121777534484863,
    "Loss/Loss_cost_critic/Delta": 2.810247898101806,
    "Loss/Loss_pi": 0.02818391285836697,
    "Loss/Loss_pi/Delta": 0.012982184067368507,
    "Loss/Loss_reward_critic": 0.31570279598236084,
    "Loss/Loss_reward_critic/Delta": 0.049464911222457886,
    "Metrics/EpCost": 4.46999979019165,
    "Metrics/EpLen": 500,
    "Metrics/EpRet": 25.118886947631836,
    "Metrics/LagrangeMultiplier": 1.0184047222137451,
    "Metrics/LagrangeMultiplier/Max": 1.0184047222137451,
    "Metrics/LagrangeMultiplier/Min": 1.0184047222137451,
    "Metrics/LagrangeMultiplier/Std": 0,
    "Misc/AcceptanceStep": 1,
    "Misc/Alpha": 1.2328485250473022,
    "Misc/FinalStepNorm": 0.1311996579170227,
    "Misc/H_inv_g": 0.10641994327306747,
    "Misc/gradient_norm": 0.5308513045310974,
    "Misc/xHx": 0.013158616609871387,
    "Safety/EpCostShield": 13.625,
    "Safety/ShieldLagrangeMultiplier": 1.2048548460006714,
    "Safety/ShieldLagrangeMultiplier/Max": 1.2048548460006714,
    "Safety/ShieldLagrangeMultiplier/Min": 1.2048548460006714,
    "Safety/ShieldLagrangeMultiplier/Std": 0,
    "Safety/shield_adv_c": 0.031998902559280396,
    "Safety/shield_violation": 1.9077904224395752,
    "Time/Epoch": 101.5561294555664,
    "Time/FPS": 196.9354248046875,
    "Time/Rollout": 85.1288070678711,
    "Time/Total": 10500.462890625,
    "Time/Update": 16.427284240722656,
    "TotalEnvSteps": 2000000,
    "Train/Entropy": 0.4092727899551392,
    "Train/Epoch": 99,
    "Train/KL": 0.0005294832517392933,
    "Train/LR": 0,
    "Train/PolicyRatio": 0.9994342923164368,
    "Train/PolicyRatio/Max": 0.9994343519210817,
    "Train/PolicyRatio/Min": 0.9994343519210817,
    "Train/PolicyRatio/Std": 0.0003999735927209258,
    "Train/PolicyStd": 0.37500348687171936,
    "Train/StopIter": 10,
    "Value/Adv": -2.2888182460434332e-09,
    "Value/cost": 0.7316155433654785,
    "Value/reward": 5.2430806159973145,
    "_runtime": 10502.439427172,
    "_step": 100,
    "_timestamp": 1746627281.853946,
    "_wandb": {
        "runtime": 10502
    }
}