{
    "Loss/Loss_cost_critic": 5.933829307556152,
    "Loss/Loss_cost_critic/Delta": 0.8075089454650879,
    "Loss/Loss_pi": -0.35713618993759155,
    "Loss/Loss_pi/Delta": -0.18191221356391907,
    "Loss/Loss_reward_critic": 0.06085250899195671,
    "Loss/Loss_reward_critic/Delta": 0.011428210884332657,
    "Metrics/EpCost": 22.739999771118164,
    "Metrics/EpLen": 1000,
    "Metrics/EpRet": 7.761293411254883,
    "Metrics/LagrangeMultiplier": 2.5955021381378174,
    "Metrics/LagrangeMultiplier/Max": 2.5955021381378174,
    "Metrics/LagrangeMultiplier/Min": 2.5955021381378174,
    "Metrics/LagrangeMultiplier/Std": 0,
    "Safety/EpCostShield": 74.0999984741211,
    "Safety/ShieldLagrangeMultiplier": 2.6634435653686523,
    "Safety/ShieldLagrangeMultiplier/Max": 2.6634435653686523,
    "Safety/ShieldLagrangeMultiplier/Min": 2.6634435653686523,
    "Safety/ShieldLagrangeMultiplier/Std": 0,
    "Safety/shield_adv_c": "NaN",
    "Safety/shield_violation": 9.304482460021973,
    "Time/Epoch": 209.33396911621097,
    "Time/FPS": 95.5411148071289,
    "Time/Rollout": 100.50404357910156,
    "Time/Total": 20756.275390625,
    "Time/Update": 108.8298568725586,
    "TotalEnvSteps": 2000000,
    "Train/Entropy": -0.1531924605369568,
    "Train/Epoch": 99,
    "Train/KL": 0.0047098370268940926,
    "Train/LR": 0,
    "Train/PolicyRatio": 0.9998072385787964,
    "Train/PolicyRatio/Max": 0.9998072385787964,
    "Train/PolicyRatio/Min": 0.9998072385787964,
    "Train/PolicyRatio/Std": 0.007574583403766155,
    "Train/PolicyStd": 0.20851416885852816,
    "Train/StopIter": 40,
    "Value/Adv": 0.26208746433258057,
    "Value/cost": 3.5674924850463867,
    "Value/reward": 1.1037074327468872,
    "_runtime": 20757.743371965,
    "_step": 100,
    "_timestamp": 1746569597.7041202,
    "_wandb": {
        "runtime": 20757
    }
}