{
    "Loss/Loss_cost_critic": 3.0129895210266113,
    "Loss/Loss_cost_critic/Delta": 1.397218942642212,
    "Loss/Loss_pi": -0.16828300058841705,
    "Loss/Loss_pi/Delta": 0.1174956113100052,
    "Loss/Loss_reward_critic": 0.2369213104248047,
    "Loss/Loss_reward_critic/Delta": 0.015837162733078003,
    "Metrics/EpCost": 2.640000104904175,
    "Metrics/EpLen": 500,
    "Metrics/EpRet": 26.161649703979492,
    "Metrics/LagrangeMultiplier": 1.1608052253723145,
    "Metrics/LagrangeMultiplier/Max": 1.1608052253723145,
    "Metrics/LagrangeMultiplier/Min": 1.1608052253723145,
    "Metrics/LagrangeMultiplier/Std": 0,
    "Misc/AcceptanceStep": 1,
    "Misc/Alpha": 3.209113121032715,
    "Misc/FinalStepNorm": 0.2242218852043152,
    "Misc/H_inv_g": 0.06987036019563675,
    "Misc/gradient_norm": 0.10424278676509856,
    "Misc/xHx": 0.0019420377211645248,
    "Safety/EpCostShield": 6.650000095367432,
    "Safety/ShieldLagrangeMultiplier": 1.360235333442688,
    "Safety/ShieldLagrangeMultiplier/Max": 1.360235333442688,
    "Safety/ShieldLagrangeMultiplier/Min": 1.360235333442688,
    "Safety/ShieldLagrangeMultiplier/Std": 0,
    "Safety/shield_adv_c": -0.061819519847631454,
    "Safety/shield_violation": 0.5303110480308533,
    "Time/Epoch": 112.02186584472656,
    "Time/FPS": 178.5365753173828,
    "Time/Rollout": 87.85479736328125,
    "Time/Total": 11381.9169921875,
    "Time/Update": 24.16703414916992,
    "TotalEnvSteps": 2000000,
    "Train/Entropy": 1.9974006414413452,
    "Train/Epoch": 99,
    "Train/KL": 0.0003796789678744972,
    "Train/LR": 0,
    "Train/PolicyRatio": 1.003109097480774,
    "Train/PolicyRatio/Max": 1.0031092166900637,
    "Train/PolicyRatio/Min": 1.0031092166900637,
    "Train/PolicyRatio/Std": 0.002198491944000125,
    "Train/PolicyStd": 1.9528528451919556,
    "Train/StopIter": 10,
    "Value/Adv": -7.629394005448376e-09,
    "Value/cost": 0.29273107647895813,
    "Value/reward": 5.143640041351318,
    "_runtime": 11383.516674918,
    "_step": 100,
    "_timestamp": 1746918407.8350642,
    "_wandb": {
        "runtime": 11383
    }
}