{
    "Loss/Loss_cost_critic": 4.683822154998779,
    "Loss/Loss_cost_critic/Delta": 0.30147504806518555,
    "Loss/Loss_pi": -0.27699291706085205,
    "Loss/Loss_pi/Delta": -0.039540842175483704,
    "Loss/Loss_reward_critic": 0.04921368509531021,
    "Loss/Loss_reward_critic/Delta": 0.0034363269805908203,
    "Metrics/EpCost": 14.520000457763672,
    "Metrics/EpLen": 1000,
    "Metrics/EpRet": 11.064697265625,
    "Metrics/LagrangeMultiplier": 2.6182358264923096,
    "Metrics/LagrangeMultiplier/Max": 2.6182358264923096,
    "Metrics/LagrangeMultiplier/Min": 2.6182358264923096,
    "Metrics/LagrangeMultiplier/Std": 0,
    "Misc/AcceptanceStep": 1,
    "Misc/Alpha": 1.1731843948364258,
    "Misc/FinalStepNorm": 0.32672563195228577,
    "Misc/H_inv_g": 0.2784947156906128,
    "Misc/gradient_norm": 0.1328551471233368,
    "Misc/xHx": 0.014531053602695463,
    "Safety/EpCostShield": 33.25,
    "Safety/ShieldLagrangeMultiplier": 2.5615296363830566,
    "Safety/ShieldLagrangeMultiplier/Max": 2.5615296363830566,
    "Safety/ShieldLagrangeMultiplier/Min": 2.5615296363830566,
    "Safety/ShieldLagrangeMultiplier/Std": 0,
    "Safety/shield_adv_c": -0.07132688164710999,
    "Safety/shield_violation": 3.4513180255889893,
    "Time/Epoch": 110.79340362548828,
    "Time/FPS": 180.5161590576172,
    "Time/Rollout": 86.94606018066406,
    "Time/Total": 11202.31640625,
    "Time/Update": 23.847318649291992,
    "TotalEnvSteps": 2000000,
    "Train/Entropy": 2.131451368331909,
    "Train/Epoch": 99,
    "Train/KL": 0.0002496345550753176,
    "Train/LR": 0,
    "Train/PolicyRatio": 1.0000929832458496,
    "Train/PolicyRatio/Max": 1.0000929832458496,
    "Train/PolicyRatio/Min": 1.0000929832458496,
    "Train/PolicyRatio/Std": 6.574908184120432e-05,
    "Train/PolicyStd": 2.0490236282348633,
    "Train/StopIter": 10,
    "Value/Adv": 0,
    "Value/cost": 1.81046724319458,
    "Value/reward": 1.0038334131240845,
    "_runtime": 11204.659319366,
    "_step": 100,
    "_timestamp": 1746910015.2330558,
    "_wandb": {
        "runtime": 11204
    }
}