{
    "Loss/Loss_cost_critic": 2.9178388118743896,
    "Loss/Loss_cost_critic/Delta": -0.9770345687866212,
    "Loss/Loss_pi": -0.16136616468429563,
    "Loss/Loss_pi/Delta": -0.0062200576066970825,
    "Loss/Loss_reward_critic": 0.05008483678102493,
    "Loss/Loss_reward_critic/Delta": -0.002444040030241013,
    "Metrics/EpCost": 9.869999885559082,
    "Metrics/EpLen": 1000,
    "Metrics/EpRet": 10.898534774780272,
    "Metrics/LagrangeMultiplier": 2.577994585037231,
    "Metrics/LagrangeMultiplier/Max": 2.577994585037231,
    "Metrics/LagrangeMultiplier/Min": 2.577994585037231,
    "Metrics/LagrangeMultiplier/Std": 0,
    "Misc/AcceptanceStep": 1,
    "Misc/Alpha": 1.2831178903579712,
    "Misc/FinalStepNorm": 0.2872455418109894,
    "Misc/H_inv_g": 0.223865270614624,
    "Misc/gradient_norm": 0.16574855148792267,
    "Misc/xHx": 0.012147768400609492,
    "Safety/EpCostShield": 16.799999237060547,
    "Safety/ShieldLagrangeMultiplier": 2.5997796058654785,
    "Safety/ShieldLagrangeMultiplier/Max": 2.5997796058654785,
    "Safety/ShieldLagrangeMultiplier/Min": 2.5997796058654785,
    "Safety/ShieldLagrangeMultiplier/Std": 0,
    "Safety/shield_adv_c": -0.18161071836948395,
    "Safety/shield_violation": 1.9884660243988037,
    "Time/Epoch": 69.47513580322266,
    "Time/FPS": 287.8727722167969,
    "Time/Rollout": 57.25179290771485,
    "Time/Total": 7308.53076171875,
    "Time/Update": 12.223328590393066,
    "TotalEnvSteps": 2000000,
    "Train/Entropy": 1.7888307571411133,
    "Train/Epoch": 99,
    "Train/KL": 0.00034036365104839206,
    "Train/LR": 0,
    "Train/PolicyRatio": 0.9993082880973816,
    "Train/PolicyRatio/Max": 0.9993082880973816,
    "Train/PolicyRatio/Min": 0.9993082880973816,
    "Train/PolicyRatio/Std": 0.0004891001153737307,
    "Train/PolicyStd": 1.4652389287948608,
    "Train/StopIter": 10,
    "Value/Adv": -4.577636492086867e-09,
    "Value/cost": 0.6590529084205627,
    "Value/reward": 1.0927332639694214,
    "_runtime": 7309.668230645,
    "_step": 100,
    "_timestamp": 1746550546.8590028,
    "_wandb": {
        "runtime": 7309
    }
}