{
    "Loss/Loss_cost_critic": 6.465488910675049,
    "Loss/Loss_cost_critic/Delta": 1.0477895736694336,
    "Loss/Loss_pi": -0.28659722208976746,
    "Loss/Loss_pi/Delta": -0.05044129490852356,
    "Loss/Loss_reward_critic": 0.23963941633701324,
    "Loss/Loss_reward_critic/Delta": 0.0005892068147659302,
    "Metrics/EpCost": 7.590000152587891,
    "Metrics/EpLen": 500,
    "Metrics/EpRet": 27.4688720703125,
    "Metrics/LagrangeMultiplier": 1.0076340436935425,
    "Metrics/LagrangeMultiplier/Max": 1.0076340436935425,
    "Metrics/LagrangeMultiplier/Min": 1.0076340436935425,
    "Metrics/LagrangeMultiplier/Std": 0,
    "Misc/AcceptanceStep": 1,
    "Misc/Alpha": 2.1924872398376465,
    "Misc/FinalStepNorm": 0.25333482027053833,
    "Misc/H_inv_g": 0.11554677039384842,
    "Misc/gradient_norm": 0.12801599502563477,
    "Misc/xHx": 0.004160589072853327,
    "Safety/EpCostShield": 18.125,
    "Safety/ShieldLagrangeMultiplier": 1.1307348012924194,
    "Safety/ShieldLagrangeMultiplier/Max": 1.1307348012924194,
    "Safety/ShieldLagrangeMultiplier/Min": 1.1307348012924194,
    "Safety/ShieldLagrangeMultiplier/Std": 0,
    "Safety/shield_adv_c": -0.18956030905246735,
    "Safety/shield_violation": 2.53926682472229,
    "Time/Epoch": 116.77550506591795,
    "Time/FPS": 171.268798828125,
    "Time/Rollout": 93.19619750976562,
    "Time/Total": 11968.5537109375,
    "Time/Update": 23.579286575317383,
    "TotalEnvSteps": 2000000,
    "Train/Entropy": 1.865229606628418,
    "Train/Epoch": 99,
    "Train/KL": 0.00037814173265360296,
    "Train/LR": 0,
    "Train/PolicyRatio": 1.003278732299805,
    "Train/PolicyRatio/Max": 1.003278732299805,
    "Train/PolicyRatio/Min": 1.003278732299805,
    "Train/PolicyRatio/Std": 0.0023184700403362513,
    "Train/PolicyStd": 1.8316326141357424,
    "Train/StopIter": 10,
    "Value/Adv": 9.918212917625624e-09,
    "Value/cost": 0.590346097946167,
    "Value/reward": 5.370401382446289,
    "_runtime": 11970.433440394,
    "_step": 100,
    "_timestamp": 1746520457.3536036,
    "_wandb": {
        "runtime": 11970
    }
}