{
    "Loss/Loss_cost_critic": 4.800777912139893,
    "Loss/Loss_cost_critic/Delta": -2.5834875106811523,
    "Loss/Loss_pi": -0.23413388431072235,
    "Loss/Loss_pi/Delta": -0.2023734599351883,
    "Loss/Loss_reward_critic": 0.0791400820016861,
    "Loss/Loss_reward_critic/Delta": 0.0028235018253326416,
    "Metrics/EpCost": 23.06999969482422,
    "Metrics/EpLen": 1000,
    "Metrics/EpRet": 7.194931507110596,
    "Metrics/LagrangeMultiplier": 2.811718702316284,
    "Metrics/LagrangeMultiplier/Max": 2.811718702316284,
    "Metrics/LagrangeMultiplier/Min": 2.811718702316284,
    "Metrics/LagrangeMultiplier/Std": 0,
    "Safety/EpCostShield": 62.54999923706055,
    "Safety/ShieldLagrangeMultiplier": 2.7405190467834473,
    "Safety/ShieldLagrangeMultiplier/Max": 2.7405190467834473,
    "Safety/ShieldLagrangeMultiplier/Min": 2.7405190467834473,
    "Safety/ShieldLagrangeMultiplier/Std": 0,
    "Safety/shield_adv_c": "NaN",
    "Safety/shield_violation": 6.834892272949219,
    "Time/Epoch": 176.94436645507812,
    "Time/FPS": 113.0298843383789,
    "Time/Rollout": 86.3466796875,
    "Time/Total": 18127.205078125,
    "Time/Update": 90.59762573242188,
    "TotalEnvSteps": 2000000,
    "Train/Entropy": 0.5192268490791321,
    "Train/Epoch": 99,
    "Train/KL": 0.0034226232673972845,
    "Train/LR": 0,
    "Train/PolicyRatio": 1.000655174255371,
    "Train/PolicyRatio/Max": 1.000655174255371,
    "Train/PolicyRatio/Min": 1.000655174255371,
    "Train/PolicyRatio/Std": 0.006648091599345207,
    "Train/PolicyStd": 0.4115523099899292,
    "Train/StopIter": 40,
    "Value/Adv": -0.3001594543457031,
    "Value/cost": 2.338350296020508,
    "Value/reward": 0.7812245488166809,
    "_runtime": 18128.502789761,
    "_step": 100,
    "_timestamp": 1746924953.589892,
    "_wandb": {
        "runtime": 18128
    }
}