{
    "Loss/Loss_cost_critic": 2.5181121826171875,
    "Loss/Loss_cost_critic/Delta": -0.620072603225708,
    "Loss/Loss_pi": -0.16638030111789703,
    "Loss/Loss_pi/Delta": 0.015225380659103394,
    "Loss/Loss_reward_critic": 0.08789312094449997,
    "Loss/Loss_reward_critic/Delta": 0.0005147233605384827,
    "Metrics/EpCost": 1.9600000381469729,
    "Metrics/EpLen": 500,
    "Metrics/EpRet": 9.734540939331056,
    "Metrics/LagrangeMultiplier": 1.243586182594299,
    "Metrics/LagrangeMultiplier/Max": 1.243586182594299,
    "Metrics/LagrangeMultiplier/Min": 1.243586182594299,
    "Metrics/LagrangeMultiplier/Std": 0,
    "Safety/EpCostShield": 5.025000095367432,
    "Safety/ShieldLagrangeMultiplier": 1.4635467529296875,
    "Safety/ShieldLagrangeMultiplier/Max": 1.4635467529296875,
    "Safety/ShieldLagrangeMultiplier/Min": 1.4635467529296875,
    "Safety/ShieldLagrangeMultiplier/Std": 0,
    "Safety/shield_adv_c": "NaN",
    "Safety/shield_violation": 1.1085164546966553,
    "Time/Epoch": 243.3702392578125,
    "Time/FPS": 82.1793212890625,
    "Time/Rollout": 98.84660339355467,
    "Time/Total": 25050.419921875,
    "Time/Update": 144.52354431152344,
    "TotalEnvSteps": 2000000,
    "Train/Entropy": 0.5768837928771973,
    "Train/Epoch": 99,
    "Train/KL": 0.0029363890644162893,
    "Train/LR": 0,
    "Train/PolicyRatio": 1.0017826557159424,
    "Train/PolicyRatio/Max": 1.0017826557159424,
    "Train/PolicyRatio/Min": 1.0017826557159424,
    "Train/PolicyRatio/Std": 0.0060730683617293835,
    "Train/PolicyStd": 0.431565374135971,
    "Train/StopIter": 40,
    "Value/Adv": 0.1818605959415436,
    "Value/cost": 0.29194164276123047,
    "Value/reward": 1.922962546348572,
    "_runtime": 25051.921814012,
    "_step": 100,
    "_timestamp": 1746560907.2654886,
    "_wandb": {
        "runtime": 25051
    }
}