{
    "Loss/Loss_cost_critic": 0.7996335029602051,
    "Loss/Loss_cost_critic/Delta": -1.516636610031128,
    "Loss/Loss_pi": -0.12332431972026824,
    "Loss/Loss_pi/Delta": -0.05257675796747208,
    "Loss/Loss_reward_critic": 0.08206380903720856,
    "Loss/Loss_reward_critic/Delta": 0.01732674241065979,
    "Metrics/EpCost": 0.25,
    "Metrics/EpLen": 500,
    "Metrics/EpRet": 10.84033203125,
    "Metrics/LagrangeMultiplier": 0.994117558002472,
    "Metrics/LagrangeMultiplier/Max": 0.994117558002472,
    "Metrics/LagrangeMultiplier/Min": 0.994117558002472,
    "Metrics/LagrangeMultiplier/Std": 0,
    "Safety/EpCostShield": 1.975000023841858,
    "Safety/ShieldLagrangeMultiplier": 1.1554168462753296,
    "Safety/ShieldLagrangeMultiplier/Max": 1.1554168462753296,
    "Safety/ShieldLagrangeMultiplier/Min": 1.1554168462753296,
    "Safety/ShieldLagrangeMultiplier/Std": 0,
    "Safety/shield_adv_c": "NaN",
    "Safety/shield_violation": 0.592073917388916,
    "Time/Epoch": 244.72311401367188,
    "Time/FPS": 81.72501373291016,
    "Time/Rollout": 98.69351959228516,
    "Time/Total": 24052.1640625,
    "Time/Update": 146.02952575683594,
    "TotalEnvSteps": 2000000,
    "Train/Entropy": 0.676836371421814,
    "Train/Epoch": 99,
    "Train/KL": 0.002984733320772648,
    "Train/LR": 0,
    "Train/PolicyRatio": 1.0015242099761963,
    "Train/PolicyRatio/Max": 1.0015242099761963,
    "Train/PolicyRatio/Min": 1.0015242099761963,
    "Train/PolicyRatio/Std": 0.006633555982261896,
    "Train/PolicyStd": 0.4950660169124603,
    "Train/StopIter": 40,
    "Value/Adv": -0.2607400417327881,
    "Value/cost": 0.12155024707317352,
    "Value/reward": 2.187413454055786,
    "_runtime": 24054.53150995,
    "_step": 100,
    "_timestamp": 1746598542.2316625,
    "_wandb": {
        "runtime": 24054
    }
}