{
    "Loss/Loss_cost_critic": 6.584414958953857,
    "Loss/Loss_cost_critic/Delta": -0.9476585388183594,
    "Loss/Loss_pi": -0.4435200095176697,
    "Loss/Loss_pi/Delta": -0.20822060108184817,
    "Loss/Loss_reward_critic": 0.03698728233575821,
    "Loss/Loss_reward_critic/Delta": -0.00354573130607605,
    "Metrics/EpCost": 31.31999969482422,
    "Metrics/EpLen": 1000,
    "Metrics/EpRet": 4.9591593742370605,
    "Metrics/LagrangeMultiplier": 3.075216293334961,
    "Metrics/LagrangeMultiplier/Max": 3.075216293334961,
    "Metrics/LagrangeMultiplier/Min": 3.075216293334961,
    "Metrics/LagrangeMultiplier/Std": 0,
    "Safety/EpCostShield": 61.5,
    "Safety/ShieldLagrangeMultiplier": 2.978038787841797,
    "Safety/ShieldLagrangeMultiplier/Max": 2.978038787841797,
    "Safety/ShieldLagrangeMultiplier/Min": 2.978038787841797,
    "Safety/ShieldLagrangeMultiplier/Std": 0,
    "Safety/shield_adv_c": "NaN",
    "Safety/shield_violation": 8.704143524169922,
    "Time/Epoch": 146.7678985595703,
    "Time/FPS": 136.26959228515625,
    "Time/Rollout": 66.32452392578125,
    "Time/Total": 15234.7373046875,
    "Time/Update": 80.44332885742188,
    "TotalEnvSteps": 2000000,
    "Train/Entropy": 0.5118275880813599,
    "Train/Epoch": 99,
    "Train/KL": 0.003509133355692029,
    "Train/LR": 0,
    "Train/PolicyRatio": 1.001447319984436,
    "Train/PolicyRatio/Max": 1.001447319984436,
    "Train/PolicyRatio/Min": 1.001447319984436,
    "Train/PolicyRatio/Std": 0.0064081428572535515,
    "Train/PolicyStd": 0.40603893995285034,
    "Train/StopIter": 40,
    "Value/Adv": -0.07413388043642044,
    "Value/cost": 3.0160512924194336,
    "Value/reward": 0.5053214430809021,
    "_runtime": 15236.076172204,
    "_step": 100,
    "_timestamp": 1746519698.3156595,
    "_wandb": {
        "runtime": 15236
    }
}