{
    "Loss/Loss_cost_critic": 2.692952871322632,
    "Loss/Loss_cost_critic/Delta": 0.6051299571990967,
    "Loss/Loss_pi": -0.2969015836715698,
    "Loss/Loss_pi/Delta": 0.026852458715438843,
    "Loss/Loss_reward_critic": 0.11660102009773254,
    "Loss/Loss_reward_critic/Delta": 0.0272512286901474,
    "Metrics/EpCost": 2.369999885559082,
    "Metrics/EpLen": 500,
    "Metrics/EpRet": 11.83987808227539,
    "Metrics/LagrangeMultiplier": 0.77558434009552,
    "Metrics/LagrangeMultiplier/Max": 0.77558434009552,
    "Metrics/LagrangeMultiplier/Min": 0.77558434009552,
    "Metrics/LagrangeMultiplier/Std": 0,
    "Misc/AcceptanceStep": 1,
    "Misc/Alpha": 2.406317234039306,
    "Misc/FinalStepNorm": 0.2928459346294403,
    "Misc/H_inv_g": 0.1216988041996956,
    "Misc/gradient_norm": 0.08515126258134842,
    "Misc/xHx": 0.003454004880040884,
    "Safety/EpCostShield": 7.175000190734863,
    "Safety/ShieldLagrangeMultiplier": 1.0374724864959717,
    "Safety/ShieldLagrangeMultiplier/Max": 1.0374724864959717,
    "Safety/ShieldLagrangeMultiplier/Min": 1.0374724864959717,
    "Safety/ShieldLagrangeMultiplier/Std": 0,
    "Safety/shield_adv_c": -0.07498190551996231,
    "Safety/shield_violation": 0.7302297949790955,
    "Time/Epoch": 84.70115661621094,
    "Time/FPS": 236.12429809570312,
    "Time/Rollout": 69.398193359375,
    "Time/Total": 8637.294921875,
    "Time/Update": 15.302940368652344,
    "TotalEnvSteps": 2000000,
    "Train/Entropy": 1.9579163789749143,
    "Train/Epoch": 99,
    "Train/KL": 0.00034297199454158545,
    "Train/LR": 0,
    "Train/PolicyRatio": 1.0033206939697266,
    "Train/PolicyRatio/Max": 1.0033206939697266,
    "Train/PolicyRatio/Min": 1.0033206939697266,
    "Train/PolicyRatio/Std": 0.002348085166886449,
    "Train/PolicyStd": 1.906622290611267,
    "Train/StopIter": 10,
    "Value/Adv": 8.392333938900265e-09,
    "Value/cost": 0.20600461959838867,
    "Value/reward": 2.3241140842437744,
    "_runtime": 8638.134011895,
    "_step": 100,
    "_timestamp": 1746541653.9918342,
    "_wandb": {
        "runtime": 8638
    }
}