{
    "Loss/Loss_cost_critic": 1.0186772346496582,
    "Loss/Loss_cost_critic/Delta": -0.9225075244903564,
    "Loss/Loss_pi": -0.25213027000427246,
    "Loss/Loss_pi/Delta": -0.021412566304206848,
    "Loss/Loss_reward_critic": 0.005411295220255852,
    "Loss/Loss_reward_critic/Delta": -9.798537939786912e-05,
    "Metrics/EpCost": 2.990000009536743,
    "Metrics/EpLen": 1000,
    "Metrics/EpRet": 0.35333526134490967,
    "Metrics/LagrangeMultiplier": 2.2046332359313965,
    "Metrics/LagrangeMultiplier/Max": 2.2046332359313965,
    "Metrics/LagrangeMultiplier/Min": 2.2046332359313965,
    "Metrics/LagrangeMultiplier/Std": 0,
    "Misc/AcceptanceStep": 1,
    "Misc/Alpha": 2.6654887199401855,
    "Misc/FinalStepNorm": 0.3478292226791382,
    "Misc/H_inv_g": 0.13049359619617462,
    "Misc/gradient_norm": 0.05744710192084312,
    "Misc/xHx": 0.0028149764984846115,
    "Safety/EpCostShield": 8.649999618530273,
    "Safety/ShieldLagrangeMultiplier": 2.1590495109558105,
    "Safety/ShieldLagrangeMultiplier/Max": 2.1590495109558105,
    "Safety/ShieldLagrangeMultiplier/Min": 2.1590495109558105,
    "Safety/ShieldLagrangeMultiplier/Std": 0,
    "Safety/shield_adv_c": 0.4830852746963501,
    "Safety/shield_violation": 0.861589252948761,
    "Time/Epoch": 76.73445129394531,
    "Time/FPS": 260.6391296386719,
    "Time/Rollout": 63.062255859375,
    "Time/Total": 7999.76171875,
    "Time/Update": 13.672163963317873,
    "TotalEnvSteps": 2000000,
    "Train/Entropy": 2.5976054668426514,
    "Train/Epoch": 99,
    "Train/KL": 0.0002080019185086712,
    "Train/LR": 0,
    "Train/PolicyRatio": 1.0003141164779663,
    "Train/PolicyRatio/Max": 1.0003141164779663,
    "Train/PolicyRatio/Min": 1.0003141164779663,
    "Train/PolicyRatio/Std": 0.0002220858004875481,
    "Train/PolicyStd": 3.2675254344940186,
    "Train/StopIter": 10,
    "Value/Adv": 0,
    "Value/cost": 0.08645691722631454,
    "Value/reward": 0.015972262248396873,
    "_runtime": 8001.193303001,
    "_step": 100,
    "_timestamp": 1746504368.5285077,
    "_wandb": {
        "runtime": 8001
    }
}