{
    "Loss/Loss_cost_critic": 3.342564105987549,
    "Loss/Loss_cost_critic/Delta": 0.7738902568817139,
    "Loss/Loss_pi": -0.21348944306373596,
    "Loss/Loss_pi/Delta": 0.11086434125900269,
    "Loss/Loss_reward_critic": 0.040286917239427567,
    "Loss/Loss_reward_critic/Delta": 0.00921381264925003,
    "Metrics/EpCost": 12.399999618530272,
    "Metrics/EpLen": 1000,
    "Metrics/EpRet": 7.804055213928223,
    "Metrics/LagrangeMultiplier": 2.781005382537842,
    "Metrics/LagrangeMultiplier/Max": 2.781005382537842,
    "Metrics/LagrangeMultiplier/Min": 2.781005382537842,
    "Metrics/LagrangeMultiplier/Std": 0,
    "Safety/EpCostShield": 27.549999237060547,
    "Safety/ShieldLagrangeMultiplier": 2.7729015350341797,
    "Safety/ShieldLagrangeMultiplier/Max": 2.7729015350341797,
    "Safety/ShieldLagrangeMultiplier/Min": 2.7729015350341797,
    "Safety/ShieldLagrangeMultiplier/Std": 0,
    "Safety/shield_adv_c": "NaN",
    "Safety/shield_violation": 3.115392684936523,
    "Time/Epoch": 232.81053161621097,
    "Time/FPS": 85.9067611694336,
    "Time/Rollout": 94.46195220947266,
    "Time/Total": 22410.32421875,
    "Time/Update": 138.3485107421875,
    "TotalEnvSteps": 2000000,
    "Train/Entropy": 0.622748076915741,
    "Train/Epoch": 99,
    "Train/KL": 0.00341180176474154,
    "Train/LR": 0,
    "Train/PolicyRatio": 1.0015896558761597,
    "Train/PolicyRatio/Max": 1.0015897750854492,
    "Train/PolicyRatio/Min": 1.0015897750854492,
    "Train/PolicyRatio/Std": 0.006529333535581827,
    "Train/PolicyStd": 0.5043610334396362,
    "Train/StopIter": 40,
    "Value/Adv": 0.21935929358005524,
    "Value/cost": 1.2375032901763916,
    "Value/reward": 0.7732686400413513,
    "_runtime": 22411.688504537,
    "_step": 100,
    "_timestamp": 1746543297.0821197,
    "_wandb": {
        "runtime": 22411
    }
}