{
    "Loss/Loss_cost_critic": 1.7522655725479126,
    "Loss/Loss_cost_critic/Delta": -0.2232637405395508,
    "Loss/Loss_pi": -0.009778444655239582,
    "Loss/Loss_pi/Delta": -0.0014309193938970566,
    "Loss/Loss_reward_critic": 0.032104507088661194,
    "Loss/Loss_reward_critic/Delta": -0.0033049210906028748,
    "Metrics/EpCost": 41.349998474121094,
    "Metrics/EpLen": 1000,
    "Metrics/EpRet": 22.80862045288086,
    "Metrics/LagrangeMultiplier": 0.3119407892227173,
    "Metrics/LagrangeMultiplier/Max": 0.3119407892227173,
    "Metrics/LagrangeMultiplier/Min": 0.3119407892227173,
    "Metrics/LagrangeMultiplier/Std": 0,
    "Misc/AcceptanceStep": 1,
    "Misc/Alpha": 1.3300516605377195,
    "Misc/FinalStepNorm": 0.14619629085063934,
    "Misc/H_inv_g": 0.10991774499416351,
    "Misc/gradient_norm": 0.4204438030719757,
    "Misc/xHx": 0.01130557246506214,
    "Time/Epoch": 103.9091796875,
    "Time/FPS": 192.47576904296875,
    "Time/Rollout": 83.75601959228516,
    "Time/Total": 10366.564453125,
    "Time/Update": 20.15313720703125,
    "TotalEnvSteps": 2000000,
    "Train/Entropy": 0.7253300547599792,
    "Train/Epoch": 99,
    "Train/KL": 0.0004878602339886129,
    "Train/LR": 0,
    "Train/PolicyRatio": 0.9999054074287416,
    "Train/PolicyRatio/Max": 0.9999054670333862,
    "Train/PolicyRatio/Min": 0.9999054670333862,
    "Train/PolicyRatio/Std": 6.684492836939171e-05,
    "Train/PolicyStd": 0.5094445943832397,
    "Train/StopIter": 10,
    "Value/Adv": 7.629394338515282e-10,
    "Value/cost": 5.476782321929932,
    "Value/reward": 2.32906436920166,
    "_runtime": 10368.209061612,
    "_step": 100,
    "_timestamp": 1745005620.0680263,
    "_wandb": {
        "runtime": 10368
    }
}