{
    "Loss/Loss_cost_critic": 1.6769729852676392,
    "Loss/Loss_cost_critic/Delta": -0.0348200798034668,
    "Loss/Loss_pi": -0.01520662009716034,
    "Loss/Loss_pi/Delta": 0.0005412008613348007,
    "Loss/Loss_reward_critic": 0.039786048233509064,
    "Loss/Loss_reward_critic/Delta": -0.005823105573654175,
    "Metrics/EpCost": 26.90999984741211,
    "Metrics/EpLen": 1000,
    "Metrics/EpRet": 15.17490005493164,
    "Metrics/LagrangeMultiplier": 3.028247594833374,
    "Metrics/LagrangeMultiplier/Max": 3.028247594833374,
    "Metrics/LagrangeMultiplier/Min": 3.028247594833374,
    "Metrics/LagrangeMultiplier/Std": 0,
    "Misc/AcceptanceStep": 1,
    "Misc/Alpha": 0.8380099534988403,
    "Misc/FinalStepNorm": 0.2501598596572876,
    "Misc/H_inv_g": 0.29851657152175903,
    "Misc/gradient_norm": 0.2856147289276123,
    "Misc/xHx": 0.02847944386303425,
    "Time/Epoch": 74.13375091552734,
    "Time/FPS": 269.78265380859375,
    "Time/Rollout": 65.65159606933594,
    "Time/Total": 9236.984375,
    "Time/Update": 8.482138633728027,
    "TotalEnvSteps": 2000000,
    "Train/Entropy": 1.1459041833877563,
    "Train/Epoch": 99,
    "Train/KL": 0.0003969248500652611,
    "Train/LR": 0,
    "Train/PolicyRatio": 1.002010464668274,
    "Train/PolicyRatio/Max": 1.0020105838775637,
    "Train/PolicyRatio/Min": 1.0020105838775637,
    "Train/PolicyRatio/Std": 0.0014216412091627717,
    "Train/PolicyStd": 0.7614853978157043,
    "Train/StopIter": 10,
    "Value/Adv": -7.629394338515282e-10,
    "Value/cost": 3.040259838104248,
    "Value/reward": 1.7091606855392456,
    "_runtime": 9238.365540129,
    "_step": 100,
    "_timestamp": 1743315169.1737251,
    "_wandb": {
        "runtime": 9238
    }
}