{
    "Loss/Loss_cost_critic": 2.9403772354125977,
    "Loss/Loss_cost_critic/Delta": -1.3306093215942385,
    "Loss/Loss_pi": -0.2484353184700012,
    "Loss/Loss_pi/Delta": -0.017934724688529968,
    "Loss/Loss_reward_critic": 0.025455867871642113,
    "Loss/Loss_reward_critic/Delta": -0.0018641091883182528,
    "Metrics/EpCost": 12,
    "Metrics/EpLen": 1000,
    "Metrics/EpRet": 4.054440975189209,
    "Metrics/LagrangeMultiplier": 2.7111544609069824,
    "Metrics/LagrangeMultiplier/Max": 2.7111544609069824,
    "Metrics/LagrangeMultiplier/Min": 2.7111544609069824,
    "Metrics/LagrangeMultiplier/Std": 0,
    "Safety/EpCostShield": 21.450000762939453,
    "Safety/ShieldLagrangeMultiplier": 2.684797525405884,
    "Safety/ShieldLagrangeMultiplier/Max": 2.684797525405884,
    "Safety/ShieldLagrangeMultiplier/Min": 2.684797525405884,
    "Safety/ShieldLagrangeMultiplier/Std": 0,
    "Safety/shield_adv_c": "NaN",
    "Safety/shield_violation": 3.1316096782684326,
    "Time/Epoch": 231.1143341064453,
    "Time/FPS": 86.5372543334961,
    "Time/Rollout": 90.79679107666016,
    "Time/Total": 22238.509765625,
    "Time/Update": 140.3174285888672,
    "TotalEnvSteps": 2000000,
    "Train/Entropy": 0.6446061730384827,
    "Train/Epoch": 99,
    "Train/KL": 0.004027624614536762,
    "Train/LR": 0,
    "Train/PolicyRatio": 1.001858472824097,
    "Train/PolicyRatio/Max": 1.001858472824097,
    "Train/PolicyRatio/Min": 1.001858472824097,
    "Train/PolicyRatio/Std": 0.0069980137050151825,
    "Train/PolicyStd": 0.4611220955848694,
    "Train/StopIter": 40,
    "Value/Adv": 0.04386747255921364,
    "Value/cost": 1.1642431020736694,
    "Value/reward": 0.4916013777256012,
    "_runtime": 22240.253318611,
    "_step": 100,
    "_timestamp": 1746542842.9598591,
    "_wandb": {
        "runtime": 22240
    }
}