{
    "Loss/Loss_cost_critic": 2.5362279415130615,
    "Loss/Loss_cost_critic/Delta": -0.4348032474517822,
    "Loss/Loss_pi": -0.34156695008277893,
    "Loss/Loss_pi/Delta": -0.08468538522720337,
    "Loss/Loss_reward_critic": 0.02980421669781208,
    "Loss/Loss_reward_critic/Delta": 0.004447730258107185,
    "Metrics/EpCost": 4.760000228881836,
    "Metrics/EpLen": 1000,
    "Metrics/EpRet": 2.3274412155151367,
    "Metrics/LagrangeMultiplier": 2.1683690547943115,
    "Metrics/LagrangeMultiplier/Max": 2.1683690547943115,
    "Metrics/LagrangeMultiplier/Min": 2.1683690547943115,
    "Metrics/LagrangeMultiplier/Std": 0,
    "Misc/AcceptanceStep": 1,
    "Misc/Alpha": 1.7995222806930542,
    "Misc/FinalStepNorm": 0.3524506092071533,
    "Misc/H_inv_g": 0.19585786759853363,
    "Misc/gradient_norm": 0.0793466567993164,
    "Misc/xHx": 0.0061761075630784035,
    "Safety/EpCostShield": 19,
    "Safety/ShieldLagrangeMultiplier": 2.285226821899414,
    "Safety/ShieldLagrangeMultiplier/Max": 2.285226821899414,
    "Safety/ShieldLagrangeMultiplier/Min": 2.285226821899414,
    "Safety/ShieldLagrangeMultiplier/Std": 0,
    "Safety/shield_adv_c": -0.940875768661499,
    "Safety/shield_violation": 3.265235185623169,
    "Time/Epoch": 122.4950942993164,
    "Time/FPS": 163.2718505859375,
    "Time/Rollout": 93.7428741455078,
    "Time/Total": 13309.865234375,
    "Time/Update": 28.752178192138672,
    "TotalEnvSteps": 2000000,
    "Train/Entropy": 2.2578301429748535,
    "Train/Epoch": 99,
    "Train/KL": 0.0002170667430618778,
    "Train/LR": 0,
    "Train/PolicyRatio": 1.001389503479004,
    "Train/PolicyRatio/Max": 1.001389503479004,
    "Train/PolicyRatio/Min": 1.001389503479004,
    "Train/PolicyRatio/Std": 0.0009824710432440042,
    "Train/PolicyStd": 2.3358335494995117,
    "Train/StopIter": 10,
    "Value/Adv": 7.629394338515282e-10,
    "Value/cost": 0.6031398177146912,
    "Value/reward": 0.3318677842617035,
    "_runtime": 13311.904947821,
    "_step": 100,
    "_timestamp": 1746509718.7248912,
    "_wandb": {
        "runtime": 13311
    }
}