{
    "Loss/Loss_cost_critic": 4.816913604736328,
    "Loss/Loss_cost_critic/Delta": -3.246776580810547,
    "Loss/Loss_pi": -0.1015690267086029,
    "Loss/Loss_pi/Delta": -0.04032718017697334,
    "Loss/Loss_reward_critic": 0.16100704669952393,
    "Loss/Loss_reward_critic/Delta": -0.009626060724258425,
    "Metrics/EpCost": 2.630000114440918,
    "Metrics/EpLen": 500,
    "Metrics/EpRet": 21.5660400390625,
    "Metrics/LagrangeMultiplier": 1.108881950378418,
    "Metrics/LagrangeMultiplier/Max": 1.108881950378418,
    "Metrics/LagrangeMultiplier/Min": 1.108881950378418,
    "Metrics/LagrangeMultiplier/Std": 0,
    "Misc/AcceptanceStep": 1,
    "Misc/Alpha": 1.4271446466445925,
    "Misc/FinalStepNorm": 0.1741432249546051,
    "Misc/H_inv_g": 0.1220221221446991,
    "Misc/gradient_norm": 0.22260193526744845,
    "Misc/xHx": 0.009819593280553818,
    "Safety/EpCostShield": 6.900000095367432,
    "Safety/ShieldLagrangeMultiplier": 1.3082445859909058,
    "Safety/ShieldLagrangeMultiplier/Max": 1.3082445859909058,
    "Safety/ShieldLagrangeMultiplier/Min": 1.3082445859909058,
    "Safety/ShieldLagrangeMultiplier/Std": 0,
    "Safety/shield_adv_c": -0.23389407992362976,
    "Safety/shield_violation": 2.0004050731658936,
    "Time/Epoch": 101.13351440429688,
    "Time/FPS": 197.7583923339844,
    "Time/Rollout": 84.01741027832031,
    "Time/Total": 10411.1337890625,
    "Time/Update": 17.116064071655273,
    "TotalEnvSteps": 2000000,
    "Train/Entropy": 0.7752367854118347,
    "Train/Epoch": 99,
    "Train/KL": 0.0004769765946548432,
    "Train/LR": 0,
    "Train/PolicyRatio": 1.0018997192382812,
    "Train/PolicyRatio/Max": 1.0018997192382812,
    "Train/PolicyRatio/Min": 1.0018997192382812,
    "Train/PolicyRatio/Std": 0.0013432481791824102,
    "Train/PolicyStd": 0.5311340689659119,
    "Train/StopIter": 10,
    "Value/Adv": -9.155272984173736e-09,
    "Value/cost": 0.867368757724762,
    "Value/reward": 4.487771034240723,
    "_runtime": 10412.82452475,
    "_step": 100,
    "_timestamp": 1746561954.6397293,
    "_wandb": {
        "runtime": 10412
    }
}