{
    "Loss/Loss_cost_critic": 5.462002277374268,
    "Loss/Loss_cost_critic/Delta": -0.021318435668945312,
    "Loss/Loss_pi": -0.30108341574668884,
    "Loss/Loss_pi/Delta": -0.2606089524924755,
    "Loss/Loss_reward_critic": 0.05250582471489906,
    "Loss/Loss_reward_critic/Delta": 0.00603286549448967,
    "Metrics/EpCost": 20.200000762939453,
    "Metrics/EpLen": 1000,
    "Metrics/EpRet": 12.397937774658203,
    "Metrics/LagrangeMultiplier": 3.03737473487854,
    "Metrics/LagrangeMultiplier/Max": 3.03737473487854,
    "Metrics/LagrangeMultiplier/Min": 3.03737473487854,
    "Metrics/LagrangeMultiplier/Std": 0,
    "Safety/EpCostShield": 38.900001525878906,
    "Safety/ShieldLagrangeMultiplier": 3.008404493331909,
    "Safety/ShieldLagrangeMultiplier/Max": 3.008404493331909,
    "Safety/ShieldLagrangeMultiplier/Min": 3.008404493331909,
    "Safety/ShieldLagrangeMultiplier/Std": 0,
    "Safety/shield_adv_c": "NaN",
    "Safety/shield_violation": 5.705976963043213,
    "Time/Epoch": 215.6079559326172,
    "Time/FPS": 92.76095581054688,
    "Time/Rollout": 88.07331085205078,
    "Time/Total": 19291.3203125,
    "Time/Update": 127.53459930419922,
    "TotalEnvSteps": 2000000,
    "Train/Entropy": 0.21532833576202393,
    "Train/Epoch": 99,
    "Train/KL": 0.004086104687303305,
    "Train/LR": 0,
    "Train/PolicyRatio": 1.0016820430755615,
    "Train/PolicyRatio/Max": 1.0016820430755615,
    "Train/PolicyRatio/Min": 1.0016820430755615,
    "Train/PolicyRatio/Std": 0.0071672420017421246,
    "Train/PolicyStd": 0.300919771194458,
    "Train/StopIter": 40,
    "Value/Adv": 0.14094653725624084,
    "Value/cost": 2.4279098510742188,
    "Value/reward": 1.2833151817321775,
    "_runtime": 19293.204573808,
    "_step": 100,
    "_timestamp": 1746583107.758243,
    "_wandb": {
        "runtime": 19293
    }
}