{
    "Loss/Loss_cost_critic": 3.483349323272705,
    "Loss/Loss_cost_critic/Delta": 0.6115221977233887,
    "Loss/Loss_pi": -0.25546184182167053,
    "Loss/Loss_pi/Delta": -0.04949679970741272,
    "Loss/Loss_reward_critic": 0.051939692348241806,
    "Loss/Loss_reward_critic/Delta": 0.00011034682393074036,
    "Metrics/EpCost": 8.710000038146973,
    "Metrics/EpLen": 1000,
    "Metrics/EpRet": 8.808562278747559,
    "Metrics/LagrangeMultiplier": 2.2416772842407227,
    "Metrics/LagrangeMultiplier/Max": 2.2416772842407227,
    "Metrics/LagrangeMultiplier/Min": 2.2416772842407227,
    "Metrics/LagrangeMultiplier/Std": 0,
    "Misc/AcceptanceStep": 1,
    "Misc/Alpha": 1.3106637001037598,
    "Misc/FinalStepNorm": 0.3226567208766937,
    "Misc/H_inv_g": 0.24617812037467957,
    "Misc/gradient_norm": 0.12754321098327637,
    "Misc/xHx": 0.011642521247267725,
    "Safety/EpCostShield": 23.25,
    "Safety/ShieldLagrangeMultiplier": 2.341754913330078,
    "Safety/ShieldLagrangeMultiplier/Max": 2.341754913330078,
    "Safety/ShieldLagrangeMultiplier/Min": 2.341754913330078,
    "Safety/ShieldLagrangeMultiplier/Std": 0,
    "Safety/shield_adv_c": -0.32650914788246155,
    "Safety/shield_violation": 2.303086042404175,
    "Time/Epoch": 77.61247253417969,
    "Time/FPS": 257.6905517578125,
    "Time/Rollout": 63.270416259765625,
    "Time/Total": 7860.8037109375,
    "Time/Update": 14.342041015625,
    "TotalEnvSteps": 2000000,
    "Train/Entropy": 1.9161564111709597,
    "Train/Epoch": 99,
    "Train/KL": 0.000250985031016171,
    "Train/LR": 0,
    "Train/PolicyRatio": 1.0020341873168943,
    "Train/PolicyRatio/Max": 1.0020341873168943,
    "Train/PolicyRatio/Min": 1.0020341873168943,
    "Train/PolicyRatio/Std": 0.0014383875532075765,
    "Train/PolicyStd": 1.6491228342056274,
    "Train/StopIter": 10,
    "Value/Adv": 0,
    "Value/cost": 0.8285228610038757,
    "Value/reward": 0.9908947348594666,
    "_runtime": 7861.893725054,
    "_step": 100,
    "_timestamp": 1746527797.9515488,
    "_wandb": {
        "runtime": 7861
    }
}