{
    "Loss/Loss_cost_critic": 1.9588624238967896,
    "Loss/Loss_cost_critic/Delta": -0.7872539758682251,
    "Loss/Loss_pi": -0.424661248922348,
    "Loss/Loss_pi/Delta": -0.07314956188201904,
    "Loss/Loss_reward_critic": 0.0284530371427536,
    "Loss/Loss_reward_critic/Delta": -0.00103088840842247,
    "Metrics/EpCost": 8.789999961853027,
    "Metrics/EpLen": 1000,
    "Metrics/EpRet": 2.8611133098602295,
    "Metrics/LagrangeMultiplier": 2.495412588119507,
    "Metrics/LagrangeMultiplier/Max": 2.495412588119507,
    "Metrics/LagrangeMultiplier/Min": 2.495412588119507,
    "Metrics/LagrangeMultiplier/Std": 0,
    "Misc/AcceptanceStep": 1,
    "Misc/Alpha": 1.225441336631775,
    "Misc/FinalStepNorm": 0.3112598955631256,
    "Misc/H_inv_g": 0.2539982199668884,
    "Misc/gradient_norm": 0.11298501491546632,
    "Misc/xHx": 0.013318171724677086,
    "Safety/EpCostShield": 11.699999809265137,
    "Safety/ShieldLagrangeMultiplier": 2.499340534210205,
    "Safety/ShieldLagrangeMultiplier/Max": 2.499340534210205,
    "Safety/ShieldLagrangeMultiplier/Min": 2.499340534210205,
    "Safety/ShieldLagrangeMultiplier/Std": 0,
    "Safety/shield_adv_c": -0.3859322667121887,
    "Safety/shield_violation": 3.2937750816345215,
    "Time/Epoch": 143.94830322265625,
    "Time/FPS": 138.93878173828125,
    "Time/Rollout": 112.55670928955078,
    "Time/Total": 15678.4677734375,
    "Time/Update": 31.391557693481445,
    "TotalEnvSteps": 2000000,
    "Train/Entropy": 1.9669618606567385,
    "Train/Epoch": 99,
    "Train/KL": 0.00027249212143942714,
    "Train/LR": 0,
    "Train/PolicyRatio": 1.0033960342407229,
    "Train/PolicyRatio/Max": 1.0033960342407229,
    "Train/PolicyRatio/Min": 1.0033960342407229,
    "Train/PolicyRatio/Std": 0.0024014150258153677,
    "Train/PolicyStd": 1.771396517753601,
    "Train/StopIter": 10,
    "Value/Adv": 8.392333938900265e-09,
    "Value/cost": 1.1425989866256714,
    "Value/reward": 0.5897660255432129,
    "_runtime": 15680.759791506,
    "_step": 100,
    "_timestamp": 1746623426.2902691,
    "_wandb": {
        "runtime": 15680
    }
}