{
    "Loss/Loss_cost_critic": 4.921444416046143,
    "Loss/Loss_cost_critic/Delta": 0.18153667449951172,
    "Loss/Loss_pi": -0.3659241199493408,
    "Loss/Loss_pi/Delta": 0.01208209991455078,
    "Loss/Loss_reward_critic": 0.04044515639543533,
    "Loss/Loss_reward_critic/Delta": 0.005825463682413101,
    "Metrics/EpCost": 22.540000915527344,
    "Metrics/EpLen": 1000,
    "Metrics/EpRet": 3.256587505340576,
    "Metrics/LagrangeMultiplier": 2.710477590560913,
    "Metrics/LagrangeMultiplier/Max": 2.710477590560913,
    "Metrics/LagrangeMultiplier/Min": 2.710477590560913,
    "Metrics/LagrangeMultiplier/Std": 0,
    "Safety/EpCostShield": 55.099998474121094,
    "Safety/ShieldLagrangeMultiplier": 2.8015756607055664,
    "Safety/ShieldLagrangeMultiplier/Max": 2.8015756607055664,
    "Safety/ShieldLagrangeMultiplier/Min": 2.8015756607055664,
    "Safety/ShieldLagrangeMultiplier/Std": 0,
    "Safety/shield_adv_c": "NaN",
    "Safety/shield_violation": 7.247140407562256,
    "Time/Epoch": 316.6372985839844,
    "Time/FPS": 63.16375350952149,
    "Time/Rollout": 116.7416000366211,
    "Time/Total": 32130.4140625,
    "Time/Update": 199.89553833007812,
    "TotalEnvSteps": 2000000,
    "Train/Entropy": 0.6688303351402283,
    "Train/Epoch": 99,
    "Train/KL": 0.0027732939925044775,
    "Train/LR": 0,
    "Train/PolicyRatio": 1.000906467437744,
    "Train/PolicyRatio/Max": 1.000906467437744,
    "Train/PolicyRatio/Min": 1.000906467437744,
    "Train/PolicyRatio/Std": 0.005688776727765799,
    "Train/PolicyStd": 0.4894256889820099,
    "Train/StopIter": 40,
    "Value/Adv": 0.24720312654972076,
    "Value/cost": 2.427611827850342,
    "Value/reward": 0.5989283323287964,
    "_runtime": 32132.925135392,
    "_step": 100,
    "_timestamp": 1746634934.0442522,
    "_wandb": {
        "runtime": 32132
    }
}