{
    "Loss/Loss_cost_critic": 4.615189075469971,
    "Loss/Loss_cost_critic/Delta": 1.8085732460021973,
    "Loss/Loss_pi": 0.1501632183790207,
    "Loss/Loss_pi/Delta": 0.2802087664604187,
    "Loss/Loss_reward_critic": 0.005934306886047125,
    "Loss/Loss_reward_critic/Delta": 0.0009993561543524263,
    "Metrics/EpCost": 11.90999984741211,
    "Metrics/EpLen": 1000,
    "Metrics/EpRet": 0.46490204334259033,
    "Metrics/LagrangeMultiplier": 2.5903170108795166,
    "Metrics/LagrangeMultiplier/Max": 2.5903170108795166,
    "Metrics/LagrangeMultiplier/Min": 2.5903170108795166,
    "Metrics/LagrangeMultiplier/Std": 0,
    "Misc/AcceptanceStep": 1,
    "Misc/Alpha": 0.8731954097747803,
    "Misc/FinalStepNorm": 0.3286936283111572,
    "Misc/H_inv_g": 0.37642621994018555,
    "Misc/gradient_norm": 0.20923511683940887,
    "Misc/xHx": 0.026230521500110623,
    "Safety/EpCostShield": 31.549999237060547,
    "Safety/ShieldLagrangeMultiplier": 2.496633768081665,
    "Safety/ShieldLagrangeMultiplier/Max": 2.496633768081665,
    "Safety/ShieldLagrangeMultiplier/Min": 2.496633768081665,
    "Safety/ShieldLagrangeMultiplier/Std": 0,
    "Safety/shield_adv_c": -0.1055218055844307,
    "Safety/shield_violation": 1.3865402936935425,
    "Time/Epoch": 80.68123626708984,
    "Time/FPS": 247.8891143798828,
    "Time/Rollout": 66.48890686035156,
    "Time/Total": 7955.314453125,
    "Time/Update": 14.192306518554688,
    "TotalEnvSteps": 2000000,
    "Train/Entropy": 1.313623547554016,
    "Train/Epoch": 99,
    "Train/KL": 0.00022705577430315316,
    "Train/LR": 0,
    "Train/PolicyRatio": 0.9991288185119628,
    "Train/PolicyRatio/Max": 0.9991288185119628,
    "Train/PolicyRatio/Min": 0.9991288185119628,
    "Train/PolicyRatio/Std": 0.0006160464254207909,
    "Train/PolicyStd": 0.900048017501831,
    "Train/StopIter": 10,
    "Value/Adv": -9.155272984173736e-09,
    "Value/cost": 0.3559395372867584,
    "Value/reward": 0.09341208636760712,
    "_runtime": 7971.250416903,
    "_step": 100,
    "_timestamp": 1747258237.8754385,
    "_wandb": {
        "runtime": 7971
    }
}