{
    "Loss/Loss_cost_critic": 12.517416000366213,
    "Loss/Loss_cost_critic/Delta": 2.8546619415283203,
    "Loss/Loss_pi": -0.012208115309476852,
    "Loss/Loss_pi/Delta": -1.712050288915634e-05,
    "Loss/Loss_reward_critic": 0.1570393294095993,
    "Loss/Loss_reward_critic/Delta": 0.005595728754997253,
    "Metrics/EpCost": 130,
    "Metrics/EpLen": 500,
    "Metrics/EpRet": 16.713726043701172,
    "Metrics/LagrangeMultiplier": 0.2730949819087982,
    "Metrics/LagrangeMultiplier/Max": 0.2730949819087982,
    "Metrics/LagrangeMultiplier/Min": 0.2730949819087982,
    "Metrics/LagrangeMultiplier/Std": 0,
    "Time/Epoch": 133.56446838378906,
    "Time/FPS": 149.74041748046875,
    "Time/Rollout": 72.57440948486328,
    "Time/Total": 11826.640625,
    "Time/Update": 60.98999786376953,
    "TotalEnvSteps": 2000000,
    "Train/Entropy": -0.39238035678863525,
    "Train/Epoch": 99,
    "Train/KL": 0.005090213846415281,
    "Train/LR": 0,
    "Train/PolicyRatio": 0.9997118711471558,
    "Train/PolicyRatio/Max": 0.9997118711471558,
    "Train/PolicyRatio/Min": 0.9997118711471558,
    "Train/PolicyRatio/Std": 0.007962904870510101,
    "Train/PolicyStd": 0.1677795052528381,
    "Train/StopIter": 40,
    "Value/Adv": 0.18815861642360687,
    "Value/cost": 18.633758544921875,
    "Value/reward": 3.4803597927093506,
    "_runtime": 11827.821755621,
    "_step": 100,
    "_timestamp": 1745052047.6074097,
    "_wandb": {
        "runtime": 11827
    }
}