{
    "Loss/Loss_cost_critic": 12.714765548706056,
    "Loss/Loss_cost_critic/Delta": -0.2751026153564453,
    "Loss/Loss_pi": -0.0036481425631791353,
    "Loss/Loss_pi/Delta": 0.0014628733042627573,
    "Loss/Loss_reward_critic": 0.26015734672546387,
    "Loss/Loss_reward_critic/Delta": 0.002432405948638916,
    "Metrics/EpCost": 170.61000061035156,
    "Metrics/EpLen": 500,
    "Metrics/EpRet": 37.22638702392578,
    "Metrics/LagrangeMultiplier": 0.2839294970035553,
    "Metrics/LagrangeMultiplier/Max": 0.2839294970035553,
    "Metrics/LagrangeMultiplier/Min": 0.2839294970035553,
    "Metrics/LagrangeMultiplier/Std": 0,
    "Time/Epoch": 148.6533203125,
    "Time/FPS": 134.5412139892578,
    "Time/Rollout": 90.57268524169922,
    "Time/Total": 14852.6201171875,
    "Time/Update": 58.080589294433594,
    "TotalEnvSteps": 2000000,
    "Train/Entropy": 0.10263129323720932,
    "Train/Epoch": 99,
    "Train/KL": 0.003467356786131859,
    "Train/LR": 0,
    "Train/PolicyRatio": 0.9997118711471558,
    "Train/PolicyRatio/Max": 0.9997118711471558,
    "Train/PolicyRatio/Min": 0.9997118711471558,
    "Train/PolicyRatio/Std": 0.006701931357383728,
    "Train/PolicyStd": 0.26934128999710083,
    "Train/StopIter": 40,
    "Value/Adv": 0.11460456252098083,
    "Value/cost": 34.03141403198242,
    "Value/reward": 7.377285957336426,
    "_runtime": 14854.738424546,
    "_step": 100,
    "_timestamp": 1745039445.1290512,
    "_wandb": {
        "runtime": 14854
    }
}