{
    "Loss/Loss_cost_critic": 6.544323444366455,
    "Loss/Loss_cost_critic/Delta": 2.893235445022583,
    "Loss/Loss_pi": -0.138363316655159,
    "Loss/Loss_pi/Delta": -0.0006942600011825562,
    "Loss/Loss_reward_critic": 0.16658684611320496,
    "Loss/Loss_reward_critic/Delta": 0.0168696790933609,
    "Metrics/EpCost": 6.179999828338623,
    "Metrics/EpLen": 500,
    "Metrics/EpRet": 20.68994140625,
    "Metrics/LagrangeMultiplier": 1.3597888946533203,
    "Metrics/LagrangeMultiplier/Max": 1.3597888946533203,
    "Metrics/LagrangeMultiplier/Min": 1.3597888946533203,
    "Metrics/LagrangeMultiplier/Std": 0,
    "Safety/EpCostShield": 21.375,
    "Safety/ShieldLagrangeMultiplier": 1.4295697212219238,
    "Safety/ShieldLagrangeMultiplier/Max": 1.4295697212219238,
    "Safety/ShieldLagrangeMultiplier/Min": 1.4295697212219238,
    "Safety/ShieldLagrangeMultiplier/Std": 0,
    "Safety/shield_adv_c": "NaN",
    "Safety/shield_violation": 2.173860788345337,
    "Time/Epoch": 306.07537841796875,
    "Time/FPS": 65.34337615966797,
    "Time/Rollout": 113.5139617919922,
    "Time/Total": 30461.375,
    "Time/Update": 192.56134033203125,
    "TotalEnvSteps": 2000000,
    "Train/Entropy": 0.7471347451210022,
    "Train/Epoch": 99,
    "Train/KL": 0.0034894682466983795,
    "Train/LR": 0,
    "Train/PolicyRatio": 1.0015053749084473,
    "Train/PolicyRatio/Max": 1.0015054941177368,
    "Train/PolicyRatio/Min": 1.0015054941177368,
    "Train/PolicyRatio/Std": 0.006761382799595594,
    "Train/PolicyStd": 0.5136688351631165,
    "Train/StopIter": 40,
    "Value/Adv": 0.11415350437164308,
    "Value/cost": 0.5684929490089417,
    "Value/reward": 4.075706481933594,
    "_runtime": 30463.157186325,
    "_step": 100,
    "_timestamp": 1746623999.5287714,
    "_wandb": {
        "runtime": 30463
    }
}