{
    "Loss/Loss_cost_critic": 0.3107645809650421,
    "Loss/Loss_cost_critic/Delta": -0.3964644968509674,
    "Loss/Loss_pi": -0.00469542620703578,
    "Loss/Loss_pi/Delta": 0.012294808868318796,
    "Loss/Loss_reward_critic": 0.010367018170654774,
    "Loss/Loss_reward_critic/Delta": 0.003700879868119955,
    "Metrics/EpCost": 12,
    "Metrics/EpLen": 1000,
    "Metrics/EpRet": -0.3376721143722534,
    "Metrics/LagrangeMultiplier": 3.0135750770568848,
    "Metrics/LagrangeMultiplier/Max": 3.0135750770568848,
    "Metrics/LagrangeMultiplier/Min": 3.0135750770568848,
    "Metrics/LagrangeMultiplier/Std": 0,
    "Time/Epoch": 146.87167358398438,
    "Time/FPS": 136.1732940673828,
    "Time/Rollout": 85.6898422241211,
    "Time/Total": 13275.3798828125,
    "Time/Update": 61.18177795410156,
    "TotalEnvSteps": 2000000,
    "Train/Entropy": 0.32927024364471436,
    "Train/Epoch": 99,
    "Train/KL": 0.003835368202999234,
    "Train/LR": 0,
    "Train/PolicyRatio": 1.0000909566879272,
    "Train/PolicyRatio/Max": 1.0000909566879272,
    "Train/PolicyRatio/Min": 1.0000909566879272,
    "Train/PolicyRatio/Std": 0.006188301369547844,
    "Train/PolicyStd": 0.33663952350616455,
    "Train/StopIter": 40,
    "Value/Adv": -0.11496827006340028,
    "Value/cost": 0.8118748664855957,
    "Value/reward": -0.0404069684445858,
    "_runtime": 13277.302216842,
    "_step": 100,
    "_timestamp": 1746911855.3302288,
    "_wandb": {
        "runtime": 13277
    }
}