{
    "Loss/Loss_cost_critic": 2.600486516952514,
    "Loss/Loss_cost_critic/Delta": -0.14200329780578613,
    "Loss/Loss_pi": -0.021944431588053703,
    "Loss/Loss_pi/Delta": -0.00687715969979763,
    "Loss/Loss_reward_critic": 0.1713775396347046,
    "Loss/Loss_reward_critic/Delta": 0.013757839798927309,
    "Metrics/EpCost": 1.4299999475479126,
    "Metrics/EpLen": 500,
    "Metrics/EpRet": 25.44708251953125,
    "Metrics/LagrangeMultiplier": 1.051574468612671,
    "Metrics/LagrangeMultiplier/Max": 1.051574468612671,
    "Metrics/LagrangeMultiplier/Min": 1.051574468612671,
    "Metrics/LagrangeMultiplier/Std": 0,
    "Misc/AcceptanceStep": 1,
    "Misc/Alpha": 1.8352758884429932,
    "Misc/FinalStepNorm": 0.14617900550365448,
    "Misc/H_inv_g": 0.07964960485696793,
    "Misc/gradient_norm": 0.17404302954673767,
    "Misc/xHx": 0.005937812849879265,
    "Safety/EpCostShield": 4.199999809265137,
    "Safety/ShieldLagrangeMultiplier": 1.2279465198516846,
    "Safety/ShieldLagrangeMultiplier/Max": 1.2279465198516846,
    "Safety/ShieldLagrangeMultiplier/Min": 1.2279465198516846,
    "Safety/ShieldLagrangeMultiplier/Std": 0,
    "Safety/shield_adv_c": 0.23412469029426575,
    "Safety/shield_violation": 1.0367026329040527,
    "Time/Epoch": 101.51837921142578,
    "Time/FPS": 197.0086669921875,
    "Time/Rollout": 84.58910369873047,
    "Time/Total": 10416.2978515625,
    "Time/Update": 16.92925262451172,
    "TotalEnvSteps": 2000000,
    "Train/Entropy": 0.5733783841133118,
    "Train/Epoch": 99,
    "Train/KL": 0.0005106583703309298,
    "Train/LR": 0,
    "Train/PolicyRatio": 0.9999217987060548,
    "Train/PolicyRatio/Max": 0.9999217987060548,
    "Train/PolicyRatio/Min": 0.9999217987060548,
    "Train/PolicyRatio/Std": 5.52685814909637e-05,
    "Train/PolicyStd": 0.4708265960216522,
    "Train/StopIter": 10,
    "Value/Adv": 1.5258788677030564e-09,
    "Value/cost": 0.3787968158721924,
    "Value/reward": 5.415822505950928,
    "_runtime": 10432.590392246,
    "_step": 100,
    "_timestamp": 1747260698.8807642,
    "_wandb": {
        "runtime": 10432
    }
}