{
    "Loss/Loss_cost_critic": 1.4006969928741455,
    "Loss/Loss_cost_critic/Delta": 0.4786649346351623,
    "Loss/Loss_pi": -0.19557367265224457,
    "Loss/Loss_pi/Delta": 0.02863200008869171,
    "Loss/Loss_reward_critic": 0.098240964114666,
    "Loss/Loss_reward_critic/Delta": 0.01767231523990631,
    "Metrics/EpCost": 0.05000000074505806,
    "Metrics/EpLen": 500,
    "Metrics/EpRet": 10.128958702087402,
    "Metrics/LagrangeMultiplier": 0.8544089198112488,
    "Metrics/LagrangeMultiplier/Max": 0.8544089198112488,
    "Metrics/LagrangeMultiplier/Min": 0.8544089198112488,
    "Metrics/LagrangeMultiplier/Std": 0,
    "Safety/EpCostShield": 8.125,
    "Safety/ShieldLagrangeMultiplier": 1.0671298503875732,
    "Safety/ShieldLagrangeMultiplier/Max": 1.0671298503875732,
    "Safety/ShieldLagrangeMultiplier/Min": 1.0671298503875732,
    "Safety/ShieldLagrangeMultiplier/Std": 0,
    "Safety/shield_adv_c": "NaN",
    "Safety/shield_violation": 0.8942921757698059,
    "Time/Epoch": 189.09315490722656,
    "Time/FPS": 105.76797485351562,
    "Time/Rollout": 92.21903228759766,
    "Time/Total": 18868.03125,
    "Time/Update": 96.87405395507812,
    "TotalEnvSteps": 2000000,
    "Train/Entropy": 0.7481094002723694,
    "Train/Epoch": 99,
    "Train/KL": 0.003279773984104395,
    "Train/LR": 0,
    "Train/PolicyRatio": 1.0019010305404663,
    "Train/PolicyRatio/Max": 1.0019010305404663,
    "Train/PolicyRatio/Min": 1.0019010305404663,
    "Train/PolicyRatio/Std": 0.007340445183217525,
    "Train/PolicyStd": 0.5205581784248352,
    "Train/StopIter": 40,
    "Value/Adv": -0.09618651121854782,
    "Value/cost": 0.2264740914106369,
    "Value/reward": 2.069937944412231,
    "_runtime": 18869.506709592,
    "_step": 100,
    "_timestamp": 1746612392.1271615,
    "_wandb": {
        "runtime": 18869
    }
}