{
    "Loss/Loss_cost_critic": 2.2188303470611572,
    "Loss/Loss_cost_critic/Delta": -1.769289255142212,
    "Loss/Loss_pi": -0.3704736232757568,
    "Loss/Loss_pi/Delta": -0.07019266486167908,
    "Loss/Loss_reward_critic": 0.033939000219106674,
    "Loss/Loss_reward_critic/Delta": -0.0038383901119232178,
    "Metrics/EpCost": 8.850000381469727,
    "Metrics/EpLen": 1000,
    "Metrics/EpRet": 8.245867729187012,
    "Metrics/LagrangeMultiplier": 2.738114595413208,
    "Metrics/LagrangeMultiplier/Max": 2.738114595413208,
    "Metrics/LagrangeMultiplier/Min": 2.738114595413208,
    "Metrics/LagrangeMultiplier/Std": 0,
    "Misc/AcceptanceStep": 1,
    "Misc/Alpha": 1.621967315673828,
    "Misc/FinalStepNorm": 0.2636029124259949,
    "Misc/H_inv_g": 0.16252048313617706,
    "Misc/gradient_norm": 0.15493954718112946,
    "Misc/xHx": 0.007602304220199585,
    "Safety/EpCostShield": 7.050000190734863,
    "Safety/ShieldLagrangeMultiplier": 2.585700511932373,
    "Safety/ShieldLagrangeMultiplier/Max": 2.585700511932373,
    "Safety/ShieldLagrangeMultiplier/Min": 2.585700511932373,
    "Safety/ShieldLagrangeMultiplier/Std": 0,
    "Safety/shield_adv_c": -0.9031578302383424,
    "Safety/shield_violation": 2.3457987308502197,
    "Time/Epoch": 114.89501953125,
    "Time/FPS": 174.07196044921875,
    "Time/Rollout": 89.47859954833984,
    "Time/Total": 12845.404296875,
    "Time/Update": 25.416391372680664,
    "TotalEnvSteps": 2000000,
    "Train/Entropy": 2.191089868545532,
    "Train/Epoch": 99,
    "Train/KL": 0.0003704979608301074,
    "Train/LR": 0,
    "Train/PolicyRatio": 1.00210440158844,
    "Train/PolicyRatio/Max": 1.0021045207977295,
    "Train/PolicyRatio/Min": 1.0021045207977295,
    "Train/PolicyRatio/Std": 0.0014880085363984108,
    "Train/PolicyStd": 2.16667103767395,
    "Train/StopIter": 10,
    "Value/Adv": -9.918212917625624e-09,
    "Value/cost": 0.7278485894203186,
    "Value/reward": 0.7095068097114563,
    "_runtime": 12847.780832233,
    "_step": 100,
    "_timestamp": 1746611521.2906463,
    "_wandb": {
        "runtime": 12847
    }
}