{
    "Loss/Loss_cost_critic": 3.1079001426696777,
    "Loss/Loss_cost_critic/Delta": 0.3944923877716065,
    "Loss/Loss_pi": -0.17588986456394196,
    "Loss/Loss_pi/Delta": 0.14249621331691742,
    "Loss/Loss_reward_critic": 0.004806183278560638,
    "Loss/Loss_reward_critic/Delta": 0.00047636404633522034,
    "Metrics/EpCost": 9.40999984741211,
    "Metrics/EpLen": 1000,
    "Metrics/EpRet": 0.25397345423698425,
    "Metrics/LagrangeMultiplier": 2.195716619491577,
    "Metrics/LagrangeMultiplier/Max": 2.195716619491577,
    "Metrics/LagrangeMultiplier/Min": 2.195716619491577,
    "Metrics/LagrangeMultiplier/Std": 0,
    "Misc/AcceptanceStep": 1,
    "Misc/Alpha": 1.6112793684005735,
    "Misc/FinalStepNorm": 0.3126300871372223,
    "Misc/H_inv_g": 0.19402600824832916,
    "Misc/gradient_norm": 0.11342186480760574,
    "Misc/xHx": 0.007703493349254131,
    "Safety/EpCostShield": 23.75,
    "Safety/ShieldLagrangeMultiplier": 2.133352518081665,
    "Safety/ShieldLagrangeMultiplier/Max": 2.133352518081665,
    "Safety/ShieldLagrangeMultiplier/Min": 2.133352518081665,
    "Safety/ShieldLagrangeMultiplier/Std": 0,
    "Safety/shield_adv_c": 0.12152063846588136,
    "Safety/shield_violation": 1.6147550344467163,
    "Time/Epoch": 119.64310455322266,
    "Time/FPS": 167.16383361816406,
    "Time/Rollout": 91.55574798583984,
    "Time/Total": 12214.9765625,
    "Time/Update": 28.087331771850582,
    "TotalEnvSteps": 2000000,
    "Train/Entropy": 2.4873931407928467,
    "Train/Epoch": 99,
    "Train/KL": 0.00027877933462150395,
    "Train/LR": 0,
    "Train/PolicyRatio": 0.9996907114982604,
    "Train/PolicyRatio/Max": 0.9996907114982604,
    "Train/PolicyRatio/Min": 0.9996907114982604,
    "Train/PolicyRatio/Std": 0.0002186859492212534,
    "Train/PolicyStd": 2.911442518234253,
    "Train/StopIter": 10,
    "Value/Adv": 6.103515470812226e-09,
    "Value/cost": 0.42480137944221497,
    "Value/reward": 0.018229736015200615,
    "_runtime": 12217.080606365,
    "_step": 100,
    "_timestamp": 1746911025.9878943,
    "_wandb": {
        "runtime": 12217
    }
}