{
    "Loss/Loss_cost_critic": 1.876885175704956,
    "Loss/Loss_cost_critic/Delta": 0.3913383483886719,
    "Loss/Loss_pi": -0.01883106306195259,
    "Loss/Loss_pi/Delta": -0.0003188233822584152,
    "Loss/Loss_reward_critic": 0.036505326628685,
    "Loss/Loss_reward_critic/Delta": 0.0018405839800834656,
    "Metrics/EpCost": 38.560001373291016,
    "Metrics/EpLen": 1000,
    "Metrics/EpRet": 4.5567097663879395,
    "Metrics/LagrangeMultiplier": 2.6663050651550293,
    "Metrics/LagrangeMultiplier/Max": 2.6663050651550293,
    "Metrics/LagrangeMultiplier/Min": 2.6663050651550293,
    "Metrics/LagrangeMultiplier/Std": 0,
    "Misc/AcceptanceStep": 1,
    "Misc/Alpha": 0.6517444252967834,
    "Misc/FinalStepNorm": 0.27076825499534607,
    "Misc/H_inv_g": 0.4154515862464905,
    "Misc/gradient_norm": 0.39887964725494385,
    "Misc/xHx": 0.04708419740200043,
    "Time/Epoch": 488.5044250488281,
    "Time/FPS": 40.941287994384766,
    "Time/Rollout": 477.5430603027344,
    "Time/Total": 38853.69921875,
    "Time/Update": 10.961342811584473,
    "TotalEnvSteps": 2000000,
    "Train/Entropy": 1.184179186820984,
    "Train/Epoch": 99,
    "Train/KL": 0.00035817764000967145,
    "Train/LR": 0,
    "Train/PolicyRatio": 0.999262511730194,
    "Train/PolicyRatio/Max": 0.999262511730194,
    "Train/PolicyRatio/Min": 0.999262511730194,
    "Train/PolicyRatio/Std": 0.0005214970442466438,
    "Train/PolicyStd": 0.7963438034057617,
    "Train/StopIter": 10,
    "Value/Adv": 1.907348501362094e-09,
    "Value/cost": 2.5349035263061523,
    "Value/reward": 0.3670450747013092,
    "_runtime": 38855.222765975,
    "_step": 100,
    "_timestamp": 1743365125.1044395,
    "_wandb": {
        "runtime": 38855
    }
}