{
    "Loss/Loss_cost_critic": 2.181116819381714,
    "Loss/Loss_cost_critic/Delta": 0.29765045642852783,
    "Loss/Loss_pi": -0.24780476093292236,
    "Loss/Loss_pi/Delta": -0.04807955026626587,
    "Loss/Loss_reward_critic": 0.1489468514919281,
    "Loss/Loss_reward_critic/Delta": 0.015735819935798645,
    "Metrics/EpCost": 1.4500000476837158,
    "Metrics/EpLen": 500,
    "Metrics/EpRet": 22.388734817504883,
    "Metrics/LagrangeMultiplier": 1.212933897972107,
    "Metrics/LagrangeMultiplier/Max": 1.212933897972107,
    "Metrics/LagrangeMultiplier/Min": 1.212933897972107,
    "Metrics/LagrangeMultiplier/Std": 0,
    "Safety/EpCostShield": 5.25,
    "Safety/ShieldLagrangeMultiplier": 1.337233066558838,
    "Safety/ShieldLagrangeMultiplier/Max": 1.337233066558838,
    "Safety/ShieldLagrangeMultiplier/Min": 1.337233066558838,
    "Safety/ShieldLagrangeMultiplier/Std": 0,
    "Safety/shield_adv_c": "NaN",
    "Safety/shield_violation": 1.0832058191299438,
    "Time/Epoch": 248.81668090820312,
    "Time/FPS": 80.38046264648438,
    "Time/Rollout": 92.74928283691406,
    "Time/Total": 25050.658203125,
    "Time/Update": 156.06732177734375,
    "TotalEnvSteps": 2000000,
    "Train/Entropy": 0.8708010911941528,
    "Train/Epoch": 99,
    "Train/KL": 0.0029705760534852743,
    "Train/LR": 0,
    "Train/PolicyRatio": 1.0017529726028442,
    "Train/PolicyRatio/Max": 1.0017529726028442,
    "Train/PolicyRatio/Min": 1.0017529726028442,
    "Train/PolicyRatio/Std": 0.006281261797994375,
    "Train/PolicyStd": 0.6079019904136658,
    "Train/StopIter": 40,
    "Value/Adv": -0.2175348550081253,
    "Value/cost": 0.29656919836997986,
    "Value/reward": 4.427440643310547,
    "_runtime": 25052.110492501,
    "_step": 100,
    "_timestamp": 1746534560.1839404,
    "_wandb": {
        "runtime": 25052
    }
}