{
    "Loss/Loss_cost_critic": 2.589500665664673,
    "Loss/Loss_cost_critic/Delta": -0.14278936386108398,
    "Loss/Loss_pi": -0.31664562225341797,
    "Loss/Loss_pi/Delta": -0.009961217641830444,
    "Loss/Loss_reward_critic": 0.046835850924253464,
    "Loss/Loss_reward_critic/Delta": 0.004139546304941177,
    "Metrics/EpCost": 7.699999809265137,
    "Metrics/EpLen": 1000,
    "Metrics/EpRet": 7.159802436828613,
    "Metrics/LagrangeMultiplier": 2.7124319076538086,
    "Metrics/LagrangeMultiplier/Max": 2.7124319076538086,
    "Metrics/LagrangeMultiplier/Min": 2.7124319076538086,
    "Metrics/LagrangeMultiplier/Std": 0,
    "Misc/AcceptanceStep": 1,
    "Misc/Alpha": 2.4278101921081543,
    "Misc/FinalStepNorm": 0.3111516833305359,
    "Misc/H_inv_g": 0.1281614452600479,
    "Misc/gradient_norm": 0.08808861672878265,
    "Misc/xHx": 0.0033931198995560408,
    "Safety/EpCostShield": 9.550000190734863,
    "Safety/ShieldLagrangeMultiplier": 2.747222423553467,
    "Safety/ShieldLagrangeMultiplier/Max": 2.747222423553467,
    "Safety/ShieldLagrangeMultiplier/Min": 2.747222423553467,
    "Safety/ShieldLagrangeMultiplier/Std": 0,
    "Safety/shield_adv_c": 0.0665530413389206,
    "Safety/shield_violation": 2.1063241958618164,
    "Time/Epoch": 107.80956268310548,
    "Time/FPS": 185.5122985839844,
    "Time/Rollout": 81.68328094482422,
    "Time/Total": 11407.080078125,
    "Time/Update": 26.126251220703125,
    "TotalEnvSteps": 2000000,
    "Train/Entropy": 2.237637758255005,
    "Train/Epoch": 99,
    "Train/KL": 0.0002658277517184615,
    "Train/LR": 0,
    "Train/PolicyRatio": 1.0006742477416992,
    "Train/PolicyRatio/Max": 1.0006742477416992,
    "Train/PolicyRatio/Min": 1.0006742477416992,
    "Train/PolicyRatio/Std": 0.0004767089558299631,
    "Train/PolicyStd": 2.2717692852020264,
    "Train/StopIter": 10,
    "Value/Adv": 0,
    "Value/cost": 0.9962573051452636,
    "Value/reward": 0.686648964881897,
    "_runtime": 11409.559074569,
    "_step": 100,
    "_timestamp": 1746910218.5769444,
    "_wandb": {
        "runtime": 11409
    }
}