{
    "Loss/Loss_cost_critic": 4.364243507385254,
    "Loss/Loss_cost_critic/Delta": -0.7008795738220215,
    "Loss/Loss_pi": -0.18511778116226196,
    "Loss/Loss_pi/Delta": -0.11978648602962494,
    "Loss/Loss_reward_critic": 0.06583322584629059,
    "Loss/Loss_reward_critic/Delta": 0.008853793144226074,
    "Metrics/EpCost": 12.15999984741211,
    "Metrics/EpLen": 1000,
    "Metrics/EpRet": 8.400211334228516,
    "Metrics/LagrangeMultiplier": 2.5416319370269775,
    "Metrics/LagrangeMultiplier/Max": 2.5416319370269775,
    "Metrics/LagrangeMultiplier/Min": 2.5416319370269775,
    "Metrics/LagrangeMultiplier/Std": 0,
    "Misc/AcceptanceStep": 1,
    "Misc/Alpha": 1.0400851964950562,
    "Misc/FinalStepNorm": 0.26972728967666626,
    "Misc/H_inv_g": 0.2593318819999695,
    "Misc/gradient_norm": 0.1700301170349121,
    "Misc/xHx": 0.0184880830347538,
    "Safety/EpCostShield": 15.800000190734863,
    "Safety/ShieldLagrangeMultiplier": 2.548940420150757,
    "Safety/ShieldLagrangeMultiplier/Max": 2.548940420150757,
    "Safety/ShieldLagrangeMultiplier/Min": 2.548940420150757,
    "Safety/ShieldLagrangeMultiplier/Std": 0,
    "Safety/shield_adv_c": -0.820804238319397,
    "Safety/shield_violation": 2.666349411010742,
    "Time/Epoch": 108.16667938232422,
    "Time/FPS": 184.8998260498047,
    "Time/Rollout": 85.29934692382812,
    "Time/Total": 11460.2490234375,
    "Time/Update": 22.867298126220703,
    "TotalEnvSteps": 2000000,
    "Train/Entropy": 1.3211616277694702,
    "Train/Epoch": 99,
    "Train/KL": 0.0003499029844533652,
    "Train/LR": 0,
    "Train/PolicyRatio": 1.0015016794204712,
    "Train/PolicyRatio/Max": 1.0015017986297607,
    "Train/PolicyRatio/Min": 1.0015017986297607,
    "Train/PolicyRatio/Std": 0.001061932067386806,
    "Train/PolicyStd": 0.9220242500305176,
    "Train/StopIter": 10,
    "Value/Adv": 1.907348501362094e-09,
    "Value/cost": 1.2509946823120115,
    "Value/reward": 0.9085400104522704,
    "_runtime": 11461.942836561,
    "_step": 100,
    "_timestamp": 1746554245.159598,
    "_wandb": {
        "runtime": 11461
    }
}