{
    "Loss/Loss_cost_critic": 2.353484869003296,
    "Loss/Loss_cost_critic/Delta": -0.2289297580718994,
    "Loss/Loss_pi": -0.03008605539798737,
    "Loss/Loss_pi/Delta": 0.037817880511283875,
    "Loss/Loss_reward_critic": 0.06947833299636841,
    "Loss/Loss_reward_critic/Delta": -0.002218000590801239,
    "Metrics/EpCost": 0.9399999976158142,
    "Metrics/EpLen": 500,
    "Metrics/EpRet": 9.951794624328612,
    "Metrics/LagrangeMultiplier": 1.0983405113220217,
    "Metrics/LagrangeMultiplier/Max": 1.0983405113220217,
    "Metrics/LagrangeMultiplier/Min": 1.0983405113220217,
    "Metrics/LagrangeMultiplier/Std": 0,
    "Safety/EpCostShield": 7.324999809265137,
    "Safety/ShieldLagrangeMultiplier": 1.3170946836471558,
    "Safety/ShieldLagrangeMultiplier/Max": 1.3170946836471558,
    "Safety/ShieldLagrangeMultiplier/Min": 1.3170946836471558,
    "Safety/ShieldLagrangeMultiplier/Std": 0,
    "Safety/shield_adv_c": "NaN",
    "Safety/shield_violation": 0.5990993976593018,
    "Time/Epoch": 161.7015380859375,
    "Time/FPS": 123.6846694946289,
    "Time/Rollout": 84.60537719726562,
    "Time/Total": 15652.0615234375,
    "Time/Update": 77.09610748291016,
    "TotalEnvSteps": 2000000,
    "Train/Entropy": 0.6875565052032471,
    "Train/Epoch": 99,
    "Train/KL": 0.003924469463527203,
    "Train/LR": 0,
    "Train/PolicyRatio": 1.001361608505249,
    "Train/PolicyRatio/Max": 1.001361608505249,
    "Train/PolicyRatio/Min": 1.001361608505249,
    "Train/PolicyRatio/Std": 0.007101546041667461,
    "Train/PolicyStd": 0.4830918312072754,
    "Train/StopIter": 40,
    "Value/Adv": 0.026441827416419983,
    "Value/cost": 0.24909311532974243,
    "Value/reward": 1.9774411916732788,
    "_runtime": 15654.379334366,
    "_step": 100,
    "_timestamp": 1746590562.269846,
    "_wandb": {
        "runtime": 15654
    }
}