{
    "Loss/Loss_cost_critic": 8.061125755310059,
    "Loss/Loss_cost_critic/Delta": 3.586700916290283,
    "Loss/Loss_pi": 0.015089379623532295,
    "Loss/Loss_pi/Delta": 0.1927857119590044,
    "Loss/Loss_reward_critic": 0.038263168185949326,
    "Loss/Loss_reward_critic/Delta": 0.0025810860097408295,
    "Metrics/EpCost": 25.809999465942383,
    "Metrics/EpLen": 1000,
    "Metrics/EpRet": 7.773056507110596,
    "Metrics/LagrangeMultiplier": 3.014740467071533,
    "Metrics/LagrangeMultiplier/Max": 3.014740467071533,
    "Metrics/LagrangeMultiplier/Min": 3.014740467071533,
    "Metrics/LagrangeMultiplier/Std": 0,
    "Safety/EpCostShield": 71.80000305175781,
    "Safety/ShieldLagrangeMultiplier": 3.0561861991882324,
    "Safety/ShieldLagrangeMultiplier/Max": 3.0561861991882324,
    "Safety/ShieldLagrangeMultiplier/Min": 3.0561861991882324,
    "Safety/ShieldLagrangeMultiplier/Std": 0,
    "Safety/shield_adv_c": "NaN",
    "Safety/shield_violation": 4.8687357902526855,
    "Time/Epoch": 253.79049682617188,
    "Time/FPS": 78.80516052246094,
    "Time/Rollout": 112.36305236816406,
    "Time/Total": 23426.5859375,
    "Time/Update": 141.42735290527344,
    "TotalEnvSteps": 2000000,
    "Train/Entropy": 0.5064968466758728,
    "Train/Epoch": 99,
    "Train/KL": 0.003964497707784176,
    "Train/LR": 0,
    "Train/PolicyRatio": 0.9996174573898317,
    "Train/PolicyRatio/Max": 0.9996174573898317,
    "Train/PolicyRatio/Min": 0.9996174573898317,
    "Train/PolicyRatio/Std": 0.006918719038367271,
    "Train/PolicyStd": 0.41987869143486023,
    "Train/StopIter": 40,
    "Value/Adv": -0.14238804578781128,
    "Value/cost": 2.3540661334991455,
    "Value/reward": 0.9218286275863647,
    "_runtime": 23428.228453621,
    "_step": 100,
    "_timestamp": 1746544945.7719803,
    "_wandb": {
        "runtime": 23428
    }
}