{
    "Loss/Loss_cost_critic": 0.03557569533586502,
    "Loss/Loss_cost_critic/Delta": -0.12369426339864732,
    "Loss/Loss_pi": -0.0022757824044674635,
    "Loss/Loss_pi/Delta": 0.001286685699597001,
    "Loss/Loss_reward_critic": 0.004284920170903206,
    "Loss/Loss_reward_critic/Delta": -0.0012089693918824196,
    "Metrics/EpCost": 0.3799999952316284,
    "Metrics/EpLen": 1000,
    "Metrics/EpRet": -1.0579273700714111,
    "Metrics/LagrangeMultiplier": 211.4392242431641,
    "Metrics/LagrangeMultiplier/Max": 211.4392242431641,
    "Metrics/LagrangeMultiplier/Min": 211.4392242431641,
    "Metrics/LagrangeMultiplier/Std": 0,
    "Misc/AcceptanceStep": 1,
    "Misc/Alpha": 5.75820255279541,
    "Misc/FinalStepNorm": 0.32246923446655273,
    "Misc/H_inv_g": 0.05600171908736229,
    "Misc/gradient_norm": 0.016707226634025574,
    "Misc/xHx": 0.0006031827069818974,
    "Time/Epoch": 104.48172760009766,
    "Time/FPS": 191.42103576660156,
    "Time/Rollout": 91.95227813720705,
    "Time/Total": 10677.0166015625,
    "Time/Update": 12.52940559387207,
    "TotalEnvSteps": 2000000,
    "Train/Entropy": 1.3801054954528809,
    "Train/Epoch": 99,
    "Train/KL": 0.00027900715940631926,
    "Train/LR": 0,
    "Train/PolicyRatio": 0.998882532119751,
    "Train/PolicyRatio/Max": 0.998882532119751,
    "Train/PolicyRatio/Min": 0.998882532119751,
    "Train/PolicyRatio/Std": 0.0007901691133156419,
    "Train/PolicyStd": 0.9619261622428894,
    "Train/StopIter": 10,
    "Value/Adv": 1.1444091230217166e-09,
    "Value/cost": 0.10282065719366074,
    "Value/reward": -0.09508287161588667,
    "_runtime": 10678.88346083,
    "_step": 100,
    "_timestamp": 1745034194.8567762,
    "_wandb": {
        "runtime": 10678
    }
}