{
    "Loss/Loss_cost_critic": 0.32841891050338745,
    "Loss/Loss_cost_critic/Delta": 0.07747989892959595,
    "Loss/Loss_pi": -0.00475528696551919,
    "Loss/Loss_pi/Delta": 0.00025733141228556633,
    "Loss/Loss_reward_critic": 0.010436085984110832,
    "Loss/Loss_reward_critic/Delta": -0.003224962390959263,
    "Metrics/EpCost": 8.720000267028809,
    "Metrics/EpLen": 1000,
    "Metrics/EpRet": 0.14191435277462006,
    "Metrics/LagrangeMultiplier": 2.951039552688598,
    "Metrics/LagrangeMultiplier/Max": 2.951039552688598,
    "Metrics/LagrangeMultiplier/Min": 2.951039552688598,
    "Metrics/LagrangeMultiplier/Std": 0,
    "Time/Epoch": 182.93356323242188,
    "Time/FPS": 109.32930755615234,
    "Time/Rollout": 82.0843734741211,
    "Time/Total": 18338.146484375,
    "Time/Update": 100.84904479980467,
    "TotalEnvSteps": 2000000,
    "Train/Entropy": 0.3488629460334778,
    "Train/Epoch": 99,
    "Train/KL": 0.003453314770013094,
    "Train/LR": 0,
    "Train/PolicyRatio": 0.9998539686203004,
    "Train/PolicyRatio/Max": 0.9998539686203004,
    "Train/PolicyRatio/Min": 0.9998539686203004,
    "Train/PolicyRatio/Std": 0.0066582742147147655,
    "Train/PolicyStd": 0.34394755959510803,
    "Train/StopIter": 40,
    "Value/Adv": -0.29671937227249146,
    "Value/cost": 1.0170928239822388,
    "Value/reward": 0.05039393901824951,
    "_runtime": 18339.663437517,
    "_step": 100,
    "_timestamp": 1743324267.3048892,
    "_wandb": {
        "runtime": 18339
    }
}