{
    "Loss/Loss_cost_critic": 4.473881244659424,
    "Loss/Loss_cost_critic/Delta": 0.8704719543457031,
    "Loss/Loss_pi": -0.2707649767398834,
    "Loss/Loss_pi/Delta": -0.04682044684886933,
    "Loss/Loss_reward_critic": 0.06989020854234695,
    "Loss/Loss_reward_critic/Delta": 0.014866411685943604,
    "Metrics/EpCost": 9.460000038146973,
    "Metrics/EpLen": 1000,
    "Metrics/EpRet": 7.963592052459717,
    "Metrics/LagrangeMultiplier": 2.029383659362793,
    "Metrics/LagrangeMultiplier/Max": 2.029383659362793,
    "Metrics/LagrangeMultiplier/Min": 2.029383659362793,
    "Metrics/LagrangeMultiplier/Std": 0,
    "Misc/AcceptanceStep": 1,
    "Misc/Alpha": 1.0535320043563845,
    "Misc/FinalStepNorm": 0.30896350741386414,
    "Misc/H_inv_g": 0.2932644784450531,
    "Misc/gradient_norm": 0.14066952466964722,
    "Misc/xHx": 0.01801915094256401,
    "Safety/EpCostShield": 16.799999237060547,
    "Safety/ShieldLagrangeMultiplier": 2.1566479206085205,
    "Safety/ShieldLagrangeMultiplier/Max": 2.1566479206085205,
    "Safety/ShieldLagrangeMultiplier/Min": 2.1566479206085205,
    "Safety/ShieldLagrangeMultiplier/Std": 0,
    "Safety/shield_adv_c": 0.17964491248130798,
    "Safety/shield_violation": 1.798183560371399,
    "Time/Epoch": 94.6152572631836,
    "Time/FPS": 211.3824005126953,
    "Time/Rollout": 77.5110855102539,
    "Time/Total": 9725.9541015625,
    "Time/Update": 17.104150772094727,
    "TotalEnvSteps": 2000000,
    "Train/Entropy": 2.041269540786743,
    "Train/Epoch": 99,
    "Train/KL": 0.00028266498702578247,
    "Train/LR": 0,
    "Train/PolicyRatio": 1.0017547607421875,
    "Train/PolicyRatio/Max": 1.0017547607421875,
    "Train/PolicyRatio/Min": 1.0017547607421875,
    "Train/PolicyRatio/Std": 0.001240859390236437,
    "Train/PolicyStd": 1.8643118143081665,
    "Train/StopIter": 10,
    "Value/Adv": -7.629394005448376e-09,
    "Value/cost": 0.5855528116226196,
    "Value/reward": 0.8951374888420105,
    "_runtime": 9727.405990183,
    "_step": 100,
    "_timestamp": 1746528736.546312,
    "_wandb": {
        "runtime": 9727
    }
}