{
    "Loss/Loss_cost_critic": 3.524118185043335,
    "Loss/Loss_cost_critic/Delta": 0.581204891204834,
    "Loss/Loss_pi": -0.3669762015342712,
    "Loss/Loss_pi/Delta": 0.1262165009975433,
    "Loss/Loss_reward_critic": 0.029987281188368797,
    "Loss/Loss_reward_critic/Delta": 0.007088653743267059,
    "Metrics/EpCost": 12.43000030517578,
    "Metrics/EpLen": 1000,
    "Metrics/EpRet": 1.908769488334656,
    "Metrics/LagrangeMultiplier": 2.637017726898194,
    "Metrics/LagrangeMultiplier/Max": 2.637017726898194,
    "Metrics/LagrangeMultiplier/Min": 2.637017726898194,
    "Metrics/LagrangeMultiplier/Std": 0,
    "Safety/EpCostShield": 33,
    "Safety/ShieldLagrangeMultiplier": 2.549088478088379,
    "Safety/ShieldLagrangeMultiplier/Max": 2.549088478088379,
    "Safety/ShieldLagrangeMultiplier/Min": 2.549088478088379,
    "Safety/ShieldLagrangeMultiplier/Std": 0,
    "Safety/shield_adv_c": "NaN",
    "Safety/shield_violation": 5.6242995262146,
    "Time/Epoch": 143.64404296875,
    "Time/FPS": 139.23306274414062,
    "Time/Rollout": 63.12456130981445,
    "Time/Total": 14969.7041015625,
    "Time/Update": 80.51942443847656,
    "TotalEnvSteps": 2000000,
    "Train/Entropy": 0.6118621826171875,
    "Train/Epoch": 99,
    "Train/KL": 0.0028783464804291725,
    "Train/LR": 0,
    "Train/PolicyRatio": 1.001574158668518,
    "Train/PolicyRatio/Max": 1.001574158668518,
    "Train/PolicyRatio/Min": 1.001574158668518,
    "Train/PolicyRatio/Std": 0.005927128717303276,
    "Train/PolicyStd": 0.4464762806892395,
    "Train/StopIter": 40,
    "Value/Adv": 0.3084128499031067,
    "Value/cost": 2.4386796951293945,
    "Value/reward": 0.3004213571548462,
    "_runtime": 14971.140433666,
    "_step": 100,
    "_timestamp": 1746519348.6162803,
    "_wandb": {
        "runtime": 14971
    }
}