{
    "Loss/Loss_cost_critic": 4.873478412628174,
    "Loss/Loss_cost_critic/Delta": 2.146158218383789,
    "Loss/Loss_pi": -0.10454469919204712,
    "Loss/Loss_pi/Delta": -0.015038080513477324,
    "Loss/Loss_reward_critic": 0.1844942718744278,
    "Loss/Loss_reward_critic/Delta": 0.03493930399417877,
    "Metrics/EpCost": 3.5899999141693115,
    "Metrics/EpLen": 500,
    "Metrics/EpRet": 21.902732849121097,
    "Metrics/LagrangeMultiplier": 1.259670615196228,
    "Metrics/LagrangeMultiplier/Max": 1.259670615196228,
    "Metrics/LagrangeMultiplier/Min": 1.259670615196228,
    "Metrics/LagrangeMultiplier/Std": 0,
    "Safety/EpCostShield": 12.800000190734863,
    "Safety/ShieldLagrangeMultiplier": 1.3316806554794312,
    "Safety/ShieldLagrangeMultiplier/Max": 1.3316806554794312,
    "Safety/ShieldLagrangeMultiplier/Min": 1.3316806554794312,
    "Safety/ShieldLagrangeMultiplier/Std": 0,
    "Safety/shield_adv_c": "NaN",
    "Safety/shield_violation": 1.68912672996521,
    "Time/Epoch": 195.2955322265625,
    "Time/FPS": 102.40889739990234,
    "Time/Rollout": 100.57266998291016,
    "Time/Total": 19838.052734375,
    "Time/Update": 94.7227783203125,
    "TotalEnvSteps": 2000000,
    "Train/Entropy": 0.6493765115737915,
    "Train/Epoch": 99,
    "Train/KL": 0.003172514960169792,
    "Train/LR": 0,
    "Train/PolicyRatio": 1.0014632940292358,
    "Train/PolicyRatio/Max": 1.0014632940292358,
    "Train/PolicyRatio/Min": 1.0014632940292358,
    "Train/PolicyRatio/Std": 0.006323521491140127,
    "Train/PolicyStd": 0.4633834958076477,
    "Train/StopIter": 40,
    "Value/Adv": -0.3411828279495239,
    "Value/cost": 0.4101974666118622,
    "Value/reward": 4.49760103225708,
    "_runtime": 19839.043563855,
    "_step": 100,
    "_timestamp": 1746575542.8853502,
    "_wandb": {
        "runtime": 19839
    }
}