{
    "Loss/Loss_cost_critic": 1.4962384700775146,
    "Loss/Loss_cost_critic/Delta": 0.17337822914123535,
    "Loss/Loss_pi": -0.02031375467777252,
    "Loss/Loss_pi/Delta": -0.0045534055680036545,
    "Loss/Loss_reward_critic": 0.08006515353918076,
    "Loss/Loss_reward_critic/Delta": 0.014226287603378296,
    "Metrics/EpCost": 20.790000915527344,
    "Metrics/EpLen": 1000,
    "Metrics/EpRet": 18.849016189575195,
    "Metrics/LagrangeMultiplier": 3.086869955062866,
    "Metrics/LagrangeMultiplier/Max": 3.086869955062866,
    "Metrics/LagrangeMultiplier/Min": 3.086869955062866,
    "Metrics/LagrangeMultiplier/Std": 0,
    "Misc/AcceptanceStep": 1,
    "Misc/Alpha": 0.6327826976776123,
    "Misc/FinalStepNorm": 0.22228789329528809,
    "Misc/H_inv_g": 0.35128629207611084,
    "Misc/gradient_norm": 0.3807317316532135,
    "Misc/xHx": 0.04994829744100571,
    "Time/Epoch": 75.07205963134766,
    "Time/FPS": 266.41070556640625,
    "Time/Rollout": 66.33465576171875,
    "Time/Total": 7541.10400390625,
    "Time/Update": 8.737380981445312,
    "TotalEnvSteps": 2000000,
    "Train/Entropy": 0.9234398007392884,
    "Train/Epoch": 99,
    "Train/KL": 0.0004155801434535533,
    "Train/LR": 0,
    "Train/PolicyRatio": 1.0013660192489624,
    "Train/PolicyRatio/Max": 1.0013660192489624,
    "Train/PolicyRatio/Min": 1.0013660192489624,
    "Train/PolicyRatio/Std": 0.0009658371564000844,
    "Train/PolicyStd": 0.609391450881958,
    "Train/StopIter": 10,
    "Value/Adv": 1.4877318932349226e-08,
    "Value/cost": 1.9173067808151243,
    "Value/reward": 1.843739867210388,
    "_runtime": 7542.905128173,
    "_step": 100,
    "_timestamp": 1746906132.3648305,
    "_wandb": {
        "runtime": 7542
    }
}