{
    "Loss/Loss_cost_critic": 2.689383029937744,
    "Loss/Loss_cost_critic/Delta": -0.9254934787750244,
    "Loss/Loss_pi": -0.4457943141460418,
    "Loss/Loss_pi/Delta": -0.35423722863197327,
    "Loss/Loss_reward_critic": 0.03005441091954708,
    "Loss/Loss_reward_critic/Delta": 0.004599105566740036,
    "Metrics/EpCost": 8.369999885559082,
    "Metrics/EpLen": 1000,
    "Metrics/EpRet": 2.7191314697265625,
    "Metrics/LagrangeMultiplier": 2.444603443145752,
    "Metrics/LagrangeMultiplier/Max": 2.444603443145752,
    "Metrics/LagrangeMultiplier/Min": 2.444603443145752,
    "Metrics/LagrangeMultiplier/Std": 0,
    "Misc/AcceptanceStep": 1,
    "Misc/Alpha": 0.8057806491851807,
    "Misc/FinalStepNorm": 0.2936989963054657,
    "Misc/H_inv_g": 0.36449000239372253,
    "Misc/gradient_norm": 0.16047608852386477,
    "Misc/xHx": 0.030803224071860313,
    "Safety/EpCostShield": 13.25,
    "Safety/ShieldLagrangeMultiplier": 2.4901955127716064,
    "Safety/ShieldLagrangeMultiplier/Max": 2.4901955127716064,
    "Safety/ShieldLagrangeMultiplier/Min": 2.4901955127716064,
    "Safety/ShieldLagrangeMultiplier/Std": 0,
    "Safety/shield_adv_c": -0.009009607136249542,
    "Safety/shield_violation": 4.73861026763916,
    "Time/Epoch": 97.00050354003906,
    "Time/FPS": 206.1844940185547,
    "Time/Rollout": 79.01348876953125,
    "Time/Total": 10155.876953125,
    "Time/Update": 17.986995697021484,
    "TotalEnvSteps": 2000000,
    "Train/Entropy": 1.4303983449935913,
    "Train/Epoch": 99,
    "Train/KL": 0.00031899556051939726,
    "Train/LR": 0,
    "Train/PolicyRatio": 1.0028311014175415,
    "Train/PolicyRatio/Max": 1.002831220626831,
    "Train/PolicyRatio/Min": 1.002831220626831,
    "Train/PolicyRatio/Std": 0.002001919085159898,
    "Train/PolicyStd": 1.0219281911849976,
    "Train/StopIter": 10,
    "Value/Adv": 4.577636492086867e-09,
    "Value/cost": 1.0072863101959229,
    "Value/reward": 0.49220702052116394,
    "_runtime": 10157.234176997,
    "_step": 100,
    "_timestamp": 1746577164.875471,
    "_wandb": {
        "runtime": 10157
    }
}