{
    "Loss/Loss_cost_critic": 6.445635795593262,
    "Loss/Loss_cost_critic/Delta": -0.0453643798828125,
    "Loss/Loss_pi": -0.25799188017845154,
    "Loss/Loss_pi/Delta": 0.03092363476753235,
    "Loss/Loss_reward_critic": 0.048433106392621994,
    "Loss/Loss_reward_critic/Delta": -0.0025380216538906097,
    "Metrics/EpCost": 32.650001525878906,
    "Metrics/EpLen": 1000,
    "Metrics/EpRet": 7.778224945068359,
    "Metrics/LagrangeMultiplier": 3.416658639907837,
    "Metrics/LagrangeMultiplier/Max": 3.416658639907837,
    "Metrics/LagrangeMultiplier/Min": 3.416658639907837,
    "Metrics/LagrangeMultiplier/Std": 0,
    "Safety/EpCostShield": 64.94999694824219,
    "Safety/ShieldLagrangeMultiplier": 3.361617088317871,
    "Safety/ShieldLagrangeMultiplier/Max": 3.361617088317871,
    "Safety/ShieldLagrangeMultiplier/Min": 3.361617088317871,
    "Safety/ShieldLagrangeMultiplier/Std": 0,
    "Safety/shield_adv_c": "NaN",
    "Safety/shield_violation": 7.341527938842773,
    "Time/Epoch": 223.1022796630859,
    "Time/FPS": 89.64498138427734,
    "Time/Rollout": 111.47135925292967,
    "Time/Total": 20126.994140625,
    "Time/Update": 111.63086700439452,
    "TotalEnvSteps": 2000000,
    "Train/Entropy": 0.2756875455379486,
    "Train/Epoch": 99,
    "Train/KL": 0.004370673093944788,
    "Train/LR": 0,
    "Train/PolicyRatio": 1.001975178718567,
    "Train/PolicyRatio/Max": 1.001975178718567,
    "Train/PolicyRatio/Min": 1.001975178718567,
    "Train/PolicyRatio/Std": 0.007078644819557667,
    "Train/PolicyStd": 0.3190472424030304,
    "Train/StopIter": 40,
    "Value/Adv": -0.15448062121868134,
    "Value/cost": 3.398113250732422,
    "Value/reward": 0.7239464521408081,
    "_runtime": 20128.957959568,
    "_step": 100,
    "_timestamp": 1746549473.657168,
    "_wandb": {
        "runtime": 20128
    }
}