{
    "Loss/Loss_cost_critic": 0.01493110042065382,
    "Loss/Loss_cost_critic/Delta": -0.01642181072384119,
    "Loss/Loss_pi": -0.0009101748000830412,
    "Loss/Loss_pi/Delta": 0.0006785953883081675,
    "Loss/Loss_reward_critic": 0.003914668224751949,
    "Loss/Loss_reward_critic/Delta": -0.001486621331423521,
    "Metrics/EpCost": 0.1899999976158142,
    "Metrics/EpLen": 1000,
    "Metrics/EpRet": -0.7398754954338074,
    "Metrics/LagrangeMultiplier": 201.7235107421875,
    "Metrics/LagrangeMultiplier/Max": 201.7235107421875,
    "Metrics/LagrangeMultiplier/Min": 201.7235107421875,
    "Metrics/LagrangeMultiplier/Std": 0,
    "Misc/AcceptanceStep": 1,
    "Misc/Alpha": 22.15095329284668,
    "Misc/FinalStepNorm": 0.26177510619163513,
    "Misc/H_inv_g": 0.011817780323326588,
    "Misc/gradient_norm": 0.007011291570961475,
    "Misc/xHx": 4.075102697242983e-05,
    "Time/Epoch": 88.55349731445312,
    "Time/FPS": 225.8521728515625,
    "Time/Rollout": 78.85491180419922,
    "Time/Total": 8818.2724609375,
    "Time/Update": 9.698572158813477,
    "TotalEnvSteps": 2000000,
    "Train/Entropy": 1.286084532737732,
    "Train/Epoch": 99,
    "Train/KL": 0.00036330267903395,
    "Train/LR": 0,
    "Train/PolicyRatio": 1.0024771690368652,
    "Train/PolicyRatio/Max": 1.0024771690368652,
    "Train/PolicyRatio/Min": 1.0024771690368652,
    "Train/PolicyRatio/Std": 0.0017516230000182986,
    "Train/PolicyStd": 0.8764923214912415,
    "Train/StopIter": 10,
    "Value/Adv": -3.814697002724188e-09,
    "Value/cost": 0.1670636236667633,
    "Value/reward": -0.06522033363580704,
    "_runtime": 8820.016182989,
    "_step": 100,
    "_timestamp": 1745029417.3457358,
    "_wandb": {
        "runtime": 8820
    }
}