{
    "Loss/Loss_cost_critic": 1.9374728202819824,
    "Loss/Loss_cost_critic/Delta": 1.0123803615570068,
    "Loss/Loss_pi": 0.04833349213004112,
    "Loss/Loss_pi/Delta": 0.06504079326987267,
    "Loss/Loss_reward_critic": 0.006660886108875275,
    "Loss/Loss_reward_critic/Delta": 0.0008705295622348785,
    "Metrics/EpCost": 3.4000000953674316,
    "Metrics/EpLen": 1000,
    "Metrics/EpRet": -0.13558849692344666,
    "Metrics/LagrangeMultiplier": 2.359287738800049,
    "Metrics/LagrangeMultiplier/Max": 2.359287738800049,
    "Metrics/LagrangeMultiplier/Min": 2.359287738800049,
    "Metrics/LagrangeMultiplier/Std": 0,
    "Misc/AcceptanceStep": 1,
    "Misc/Alpha": 0.6764198541641235,
    "Misc/FinalStepNorm": 0.28411030769348145,
    "Misc/H_inv_g": 0.4200206100940704,
    "Misc/gradient_norm": 0.19933447241783145,
    "Misc/xHx": 0.043711643666028976,
    "Safety/EpCostShield": 18,
    "Safety/ShieldLagrangeMultiplier": 2.3563082218170166,
    "Safety/ShieldLagrangeMultiplier/Max": 2.3563082218170166,
    "Safety/ShieldLagrangeMultiplier/Min": 2.3563082218170166,
    "Safety/ShieldLagrangeMultiplier/Std": 0,
    "Safety/shield_adv_c": 0.18367940187454224,
    "Safety/shield_violation": 0.9359033107757568,
    "Time/Epoch": 120.88829040527344,
    "Time/FPS": 165.44200134277344,
    "Time/Rollout": 103.50471496582033,
    "Time/Total": 11997.84375,
    "Time/Update": 17.38355255126953,
    "TotalEnvSteps": 2000000,
    "Train/Entropy": 1.2361246347427368,
    "Train/Epoch": 99,
    "Train/KL": 0.0003344604920130223,
    "Train/LR": 0,
    "Train/PolicyRatio": 0.9998084902763368,
    "Train/PolicyRatio/Max": 0.9998084902763368,
    "Train/PolicyRatio/Min": 0.9998084902763368,
    "Train/PolicyRatio/Std": 0.00013540378131438047,
    "Train/PolicyStd": 0.8335991501808167,
    "Train/StopIter": 10,
    "Value/Adv": -6.103515470812226e-09,
    "Value/cost": 0.4171509742736816,
    "Value/reward": 0.00809682346880436,
    "_runtime": 11999.448426921,
    "_step": 100,
    "_timestamp": 1746568066.693297,
    "_wandb": {
        "runtime": 11999
    }
}