{
    "Loss/Loss_cost_critic": 1.3015416860580444,
    "Loss/Loss_cost_critic/Delta": -0.07336902618408203,
    "Loss/Loss_pi": -0.26658785343170166,
    "Loss/Loss_pi/Delta": -0.07449610531330109,
    "Loss/Loss_reward_critic": 0.02070685662329197,
    "Loss/Loss_reward_critic/Delta": 0.011716185137629507,
    "Metrics/EpCost": 3.7699999809265137,
    "Metrics/EpLen": 1000,
    "Metrics/EpRet": 0.2050604373216629,
    "Metrics/LagrangeMultiplier": 2.656538963317871,
    "Metrics/LagrangeMultiplier/Max": 2.656538963317871,
    "Metrics/LagrangeMultiplier/Min": 2.656538963317871,
    "Metrics/LagrangeMultiplier/Std": 0,
    "Misc/AcceptanceStep": 1,
    "Misc/Alpha": 1.9261966943740845,
    "Misc/FinalStepNorm": 0.3550930619239807,
    "Misc/H_inv_g": 0.18434932827949524,
    "Misc/gradient_norm": 0.0451870821416378,
    "Misc/xHx": 0.0053904857486486435,
    "Safety/EpCostShield": 6.199999809265137,
    "Safety/ShieldLagrangeMultiplier": 2.435784101486206,
    "Safety/ShieldLagrangeMultiplier/Max": 2.435784101486206,
    "Safety/ShieldLagrangeMultiplier/Min": 2.435784101486206,
    "Safety/ShieldLagrangeMultiplier/Std": 0,
    "Safety/shield_adv_c": 0.243900328874588,
    "Safety/shield_violation": 1.0288008451461792,
    "Time/Epoch": 130.1385955810547,
    "Time/FPS": 153.68231201171875,
    "Time/Rollout": 110.95416259765624,
    "Time/Total": 13914.8837890625,
    "Time/Update": 19.18440055847168,
    "TotalEnvSteps": 2000000,
    "Train/Entropy": 2.2664053440093994,
    "Train/Epoch": 99,
    "Train/KL": 0.0001959007058758289,
    "Train/LR": 0,
    "Train/PolicyRatio": 1.0024820566177368,
    "Train/PolicyRatio/Max": 1.0024821758270264,
    "Train/PolicyRatio/Min": 1.0024821758270264,
    "Train/PolicyRatio/Std": 0.0017551633063703775,
    "Train/PolicyStd": 2.343009233474731,
    "Train/StopIter": 10,
    "Value/Adv": 3.051757735406113e-09,
    "Value/cost": 0.3691621720790863,
    "Value/reward": 0.03744129464030266,
    "_runtime": 13915.884964481,
    "_step": 100,
    "_timestamp": 1746530018.8391967,
    "_wandb": {
        "runtime": 13915
    }
}