{
    "Loss/Loss_cost_critic": 5.6936354637146,
    "Loss/Loss_cost_critic/Delta": -1.8422884941101072,
    "Loss/Loss_pi": -0.40489786863327026,
    "Loss/Loss_pi/Delta": -0.1589655727148056,
    "Loss/Loss_reward_critic": 0.04456915333867073,
    "Loss/Loss_reward_critic/Delta": -0.014970846474170685,
    "Metrics/EpCost": 28.11000061035156,
    "Metrics/EpLen": 1000,
    "Metrics/EpRet": 7.271079063415527,
    "Metrics/LagrangeMultiplier": 2.9070515632629395,
    "Metrics/LagrangeMultiplier/Max": 2.9070515632629395,
    "Metrics/LagrangeMultiplier/Min": 2.9070515632629395,
    "Metrics/LagrangeMultiplier/Std": 0,
    "Safety/EpCostShield": 73.25,
    "Safety/ShieldLagrangeMultiplier": 3.0008299350738525,
    "Safety/ShieldLagrangeMultiplier/Max": 3.0008299350738525,
    "Safety/ShieldLagrangeMultiplier/Min": 3.0008299350738525,
    "Safety/ShieldLagrangeMultiplier/Std": 0,
    "Safety/shield_adv_c": "NaN",
    "Safety/shield_violation": 9.458333969116213,
    "Time/Epoch": 194.35093688964844,
    "Time/FPS": 102.90663146972656,
    "Time/Rollout": 99.31745147705078,
    "Time/Total": 17554.29296875,
    "Time/Update": 95.03341674804688,
    "TotalEnvSteps": 2000000,
    "Train/Entropy": 0.18180903792381287,
    "Train/Epoch": 99,
    "Train/KL": 0.003550868481397629,
    "Train/LR": 0,
    "Train/PolicyRatio": 1.0014724731445312,
    "Train/PolicyRatio/Max": 1.0014724731445312,
    "Train/PolicyRatio/Min": 1.0014724731445312,
    "Train/PolicyRatio/Std": 0.006473154295235872,
    "Train/PolicyStd": 0.2924129366874695,
    "Train/StopIter": 40,
    "Value/Adv": 0.0053762346506118774,
    "Value/cost": 2.944077730178833,
    "Value/reward": 0.971591591835022,
    "_runtime": 17556.492450503,
    "_step": 100,
    "_timestamp": 1746587685.9613657,
    "_wandb": {
        "runtime": 17556
    }
}