{
    "Loss/Loss_cost_critic": 1.3204381465911863,
    "Loss/Loss_cost_critic/Delta": -0.06566858291625977,
    "Loss/Loss_pi": -0.009771901182830334,
    "Loss/Loss_pi/Delta": 0.0012062638998031616,
    "Loss/Loss_reward_critic": 0.05739610642194748,
    "Loss/Loss_reward_critic/Delta": -0.0012744516134262085,
    "Metrics/EpCost": 19.11000061035156,
    "Metrics/EpLen": 1000,
    "Metrics/EpRet": 16.7094783782959,
    "Metrics/LagrangeMultiplier": 2.8677051067352295,
    "Metrics/LagrangeMultiplier/Max": 2.8677051067352295,
    "Metrics/LagrangeMultiplier/Min": 2.8677051067352295,
    "Metrics/LagrangeMultiplier/Std": 0,
    "Misc/AcceptanceStep": 1,
    "Misc/Alpha": 1.2606761455535889,
    "Misc/FinalStepNorm": 0.2551818788051605,
    "Misc/H_inv_g": 0.20241667330265045,
    "Misc/gradient_norm": 0.2796478569507599,
    "Misc/xHx": 0.012584112584590912,
    "Time/Epoch": 83.2892837524414,
    "Time/FPS": 240.12692260742188,
    "Time/Rollout": 68.58164978027344,
    "Time/Total": 8308.4677734375,
    "Time/Update": 14.707609176635742,
    "TotalEnvSteps": 2000000,
    "Train/Entropy": 1.184725046157837,
    "Train/Epoch": 99,
    "Train/KL": 0.0003658571804407984,
    "Train/LR": 0,
    "Train/PolicyRatio": 0.9989011883735656,
    "Train/PolicyRatio/Max": 0.9989012479782104,
    "Train/PolicyRatio/Min": 0.9989012479782104,
    "Train/PolicyRatio/Std": 0.0007769911899231374,
    "Train/PolicyStd": 0.7984510064125061,
    "Train/StopIter": 10,
    "Value/Adv": 6.103515470812226e-09,
    "Value/cost": 2.4903347492218018,
    "Value/reward": 1.753266215324402,
    "_runtime": 8310.726537338,
    "_step": 100,
    "_timestamp": 1746906898.6828363,
    "_wandb": {
        "runtime": 8310
    }
}