{
    "Loss/Loss_cost_critic": 3.051446437835694,
    "Loss/Loss_cost_critic/Delta": 0.09354400634765624,
    "Loss/Loss_pi": -0.17557278275489807,
    "Loss/Loss_pi/Delta": 0.21779444813728333,
    "Loss/Loss_reward_critic": 0.002728572813794017,
    "Loss/Loss_reward_critic/Delta": 0.0008802567608654499,
    "Metrics/EpCost": 14.149999618530272,
    "Metrics/EpLen": 1000,
    "Metrics/EpRet": 0.5280085802078247,
    "Metrics/LagrangeMultiplier": 2.7426764965057373,
    "Metrics/LagrangeMultiplier/Max": 2.7426764965057373,
    "Metrics/LagrangeMultiplier/Min": 2.7426764965057373,
    "Metrics/LagrangeMultiplier/Std": 0,
    "Safety/EpCostShield": 27.149999618530273,
    "Safety/ShieldLagrangeMultiplier": 2.743380546569824,
    "Safety/ShieldLagrangeMultiplier/Max": 2.743380546569824,
    "Safety/ShieldLagrangeMultiplier/Min": 2.743380546569824,
    "Safety/ShieldLagrangeMultiplier/Std": 0,
    "Safety/shield_adv_c": "NaN",
    "Safety/shield_violation": 3.0681536197662354,
    "Time/Epoch": 207.35511779785156,
    "Time/FPS": 96.45288848876952,
    "Time/Rollout": 97.60749053955078,
    "Time/Total": 20632.455078125,
    "Time/Update": 109.7475814819336,
    "TotalEnvSteps": 2000000,
    "Train/Entropy": 0.664563000202179,
    "Train/Epoch": 99,
    "Train/KL": 0.002873095218092203,
    "Train/LR": 0,
    "Train/PolicyRatio": 1.0011998414993286,
    "Train/PolicyRatio/Max": 1.0011998414993286,
    "Train/PolicyRatio/Min": 1.0011998414993286,
    "Train/PolicyRatio/Std": 0.005830301903188229,
    "Train/PolicyStd": 0.4880788922309875,
    "Train/StopIter": 40,
    "Value/Adv": 0.17637941241264343,
    "Value/cost": 1.9744398593902588,
    "Value/reward": 0.05279822275042534,
    "_runtime": 20634.393090009,
    "_step": 100,
    "_timestamp": 1746517021.5414362,
    "_wandb": {
        "runtime": 20634
    }
}