{
    "Loss/Loss_cost_critic": 3.624837875366211,
    "Loss/Loss_cost_critic/Delta": 0.9677729606628418,
    "Loss/Loss_pi": -0.03157086297869682,
    "Loss/Loss_pi/Delta": -0.01676659658551216,
    "Loss/Loss_reward_critic": 0.21965089440345764,
    "Loss/Loss_reward_critic/Delta": 0.002819657325744629,
    "Metrics/EpCost": 2.890000104904175,
    "Metrics/EpLen": 500,
    "Metrics/EpRet": 31.679882049560547,
    "Metrics/LagrangeMultiplier": 0.885097324848175,
    "Metrics/LagrangeMultiplier/Max": 0.885097324848175,
    "Metrics/LagrangeMultiplier/Min": 0.885097324848175,
    "Metrics/LagrangeMultiplier/Std": 0,
    "Misc/AcceptanceStep": 1,
    "Misc/Alpha": 2.60064435005188,
    "Misc/FinalStepNorm": 0.17598725855350494,
    "Misc/H_inv_g": 0.06767063587903976,
    "Misc/gradient_norm": 0.19620391726493835,
    "Misc/xHx": 0.0029571037739515305,
    "Safety/EpCostShield": 8.550000190734863,
    "Safety/ShieldLagrangeMultiplier": 0.9999477863311768,
    "Safety/ShieldLagrangeMultiplier/Max": 0.9999477863311768,
    "Safety/ShieldLagrangeMultiplier/Min": 0.9999477863311768,
    "Safety/ShieldLagrangeMultiplier/Std": 0,
    "Safety/shield_adv_c": 0.5302331447601318,
    "Safety/shield_violation": 1.4597324132919312,
    "Time/Epoch": 113.17868041992188,
    "Time/FPS": 176.71173095703125,
    "Time/Rollout": 89.68568420410156,
    "Time/Total": 11484.9833984375,
    "Time/Update": 23.49297523498535,
    "TotalEnvSteps": 2000000,
    "Train/Entropy": 0.940451443195343,
    "Train/Epoch": 99,
    "Train/KL": 0.0004772745305672288,
    "Train/LR": 0,
    "Train/PolicyRatio": 0.9984785914421082,
    "Train/PolicyRatio/Max": 0.9984785914421082,
    "Train/PolicyRatio/Min": 0.9984785914421082,
    "Train/PolicyRatio/Std": 0.0010757842101156712,
    "Train/PolicyStd": 0.6560903191566467,
    "Train/StopIter": 10,
    "Value/Adv": 6.103515470812226e-09,
    "Value/cost": 0.07596440613269806,
    "Value/reward": 6.304956912994385,
    "_runtime": 11486.28198925,
    "_step": 100,
    "_timestamp": 1746561884.408744,
    "_wandb": {
        "runtime": 11486
    }
}