{
    "Loss/Loss_cost_critic": 1.518986701965332,
    "Loss/Loss_cost_critic/Delta": 0.9272319078445436,
    "Loss/Loss_pi": 0.11905895918607712,
    "Loss/Loss_pi/Delta": 0.20790588855743408,
    "Loss/Loss_reward_critic": 0.013189448975026608,
    "Loss/Loss_reward_critic/Delta": -0.006617062725126743,
    "Metrics/EpCost": 1.3300000429153442,
    "Metrics/EpLen": 1000,
    "Metrics/EpRet": 0.003772544907405973,
    "Metrics/LagrangeMultiplier": 2.29834508895874,
    "Metrics/LagrangeMultiplier/Max": 2.29834508895874,
    "Metrics/LagrangeMultiplier/Min": 2.29834508895874,
    "Metrics/LagrangeMultiplier/Std": 0,
    "Misc/AcceptanceStep": 1,
    "Misc/Alpha": 0.9917063117027284,
    "Misc/FinalStepNorm": 0.32394933700561523,
    "Misc/H_inv_g": 0.32665854692459106,
    "Misc/gradient_norm": 0.12892132997512817,
    "Misc/xHx": 0.020335910841822624,
    "Safety/EpCostShield": 21.850000381469727,
    "Safety/ShieldLagrangeMultiplier": 2.46869158744812,
    "Safety/ShieldLagrangeMultiplier/Max": 2.46869158744812,
    "Safety/ShieldLagrangeMultiplier/Min": 2.46869158744812,
    "Safety/ShieldLagrangeMultiplier/Std": 0,
    "Safety/shield_adv_c": -0.04409530758857727,
    "Safety/shield_violation": 0.7295320630073547,
    "Time/Epoch": 126.35155487060548,
    "Time/FPS": 158.2885284423828,
    "Time/Rollout": 100.75055694580078,
    "Time/Total": 13134.0068359375,
    "Time/Update": 25.600963592529297,
    "TotalEnvSteps": 2000000,
    "Train/Entropy": 1.4109224081039429,
    "Train/Epoch": 99,
    "Train/KL": 0.0002540434943512082,
    "Train/LR": 0,
    "Train/PolicyRatio": 0.998963177204132,
    "Train/PolicyRatio/Max": 0.9989632368087769,
    "Train/PolicyRatio/Min": 0.9989632368087769,
    "Train/PolicyRatio/Std": 0.0007331303786486387,
    "Train/PolicyStd": 1.0045194625854492,
    "Train/StopIter": 10,
    "Value/Adv": 7.629394338515282e-10,
    "Value/cost": 0.20623059570789337,
    "Value/reward": -0.013170492835342884,
    "_runtime": 13136.396832206,
    "_step": 100,
    "_timestamp": 1746568982.2160902,
    "_wandb": {
        "runtime": 13136
    }
}