{
    "Loss/Loss_cost_critic": 2.734847068786621,
    "Loss/Loss_cost_critic/Delta": 1.3009361028671265,
    "Loss/Loss_pi": -0.011272957548499107,
    "Loss/Loss_pi/Delta": -0.0032243048772215843,
    "Loss/Loss_reward_critic": 0.10093145817518234,
    "Loss/Loss_reward_critic/Delta": 0.023319236934185028,
    "Metrics/EpCost": 20.549999237060547,
    "Metrics/EpLen": 500,
    "Metrics/EpRet": 12.513736724853516,
    "Metrics/LagrangeMultiplier": 1.318153977394104,
    "Metrics/LagrangeMultiplier/Max": 1.318153977394104,
    "Metrics/LagrangeMultiplier/Min": 1.318153977394104,
    "Metrics/LagrangeMultiplier/Std": 0,
    "Time/Epoch": 166.13323974609375,
    "Time/FPS": 120.38530731201172,
    "Time/Rollout": 89.57032775878906,
    "Time/Total": 15412.2646484375,
    "Time/Update": 76.56285858154297,
    "TotalEnvSteps": 2000000,
    "Train/Entropy": 0.15730224549770355,
    "Train/Epoch": 99,
    "Train/KL": 0.003820787649601698,
    "Train/LR": 0,
    "Train/PolicyRatio": 1.0006543397903442,
    "Train/PolicyRatio/Max": 1.0006543397903442,
    "Train/PolicyRatio/Min": 1.0006543397903442,
    "Train/PolicyRatio/Std": 0.007179075386375189,
    "Train/PolicyStd": 0.28406310081481934,
    "Train/StopIter": 40,
    "Value/Adv": -0.25210028886795044,
    "Value/cost": 1.730088472366333,
    "Value/reward": 2.4936609268188477,
    "_runtime": 15413.790414053,
    "_step": 100,
    "_timestamp": 1746913996.1852782,
    "_wandb": {
        "runtime": 15413
    }
}