{
    "Loss/Loss_cost_critic": 0.09796573966741562,
    "Loss/Loss_cost_critic/Delta": -0.0874834731221199,
    "Loss/Loss_pi": -0.001967058749869466,
    "Loss/Loss_pi/Delta": 0.0016686692833900452,
    "Loss/Loss_reward_critic": 0.01532859355211258,
    "Loss/Loss_reward_critic/Delta": 0.00046179164201021194,
    "Metrics/EpCost": 3.650000095367432,
    "Metrics/EpLen": 1000,
    "Metrics/EpRet": 0.3279498219490051,
    "Metrics/LagrangeMultiplier": 18.725147247314453,
    "Metrics/LagrangeMultiplier/Max": 18.725147247314453,
    "Metrics/LagrangeMultiplier/Min": 18.725147247314453,
    "Metrics/LagrangeMultiplier/Std": 0,
    "Misc/AcceptanceStep": 1,
    "Misc/Alpha": 6.562619686126709,
    "Misc/FinalStepNorm": 0.281306654214859,
    "Misc/H_inv_g": 0.04286499321460724,
    "Misc/gradient_norm": 0.03849801421165466,
    "Misc/xHx": 0.0004643721040338278,
    "Time/Epoch": 88.9941635131836,
    "Time/FPS": 224.7338409423828,
    "Time/Rollout": 76.21863555908203,
    "Time/Total": 9050.98828125,
    "Time/Update": 12.775507926940918,
    "TotalEnvSteps": 2000000,
    "Train/Entropy": 1.5847691297531128,
    "Train/Epoch": 99,
    "Train/KL": 0.0003301057731732726,
    "Train/LR": 0,
    "Train/PolicyRatio": 1.000040888786316,
    "Train/PolicyRatio/Max": 1.000040888786316,
    "Train/PolicyRatio/Min": 1.000040888786316,
    "Train/PolicyRatio/Std": 2.888466769945808e-05,
    "Train/PolicyStd": 1.193861722946167,
    "Train/StopIter": 10,
    "Value/Adv": -5.722045948175491e-09,
    "Value/cost": 0.3874605596065521,
    "Value/reward": 0.02562546916306019,
    "_runtime": 9053.413640807,
    "_step": 100,
    "_timestamp": 1745004302.1208334,
    "_wandb": {
        "runtime": 9053
    }
}