{
    "Loss/Loss_cost_critic": 2.292809247970581,
    "Loss/Loss_cost_critic/Delta": -0.8411362171173096,
    "Loss/Loss_pi": -0.23470675945281985,
    "Loss/Loss_pi/Delta": 0.03586238622665405,
    "Loss/Loss_reward_critic": 0.03392982855439186,
    "Loss/Loss_reward_critic/Delta": 0.003149844706058502,
    "Metrics/EpCost": 11.630000114440918,
    "Metrics/EpLen": 1000,
    "Metrics/EpRet": 3.711381196975708,
    "Metrics/LagrangeMultiplier": 2.535046339035034,
    "Metrics/LagrangeMultiplier/Max": 2.535046339035034,
    "Metrics/LagrangeMultiplier/Min": 2.535046339035034,
    "Metrics/LagrangeMultiplier/Std": 0,
    "Safety/EpCostShield": 23.600000381469727,
    "Safety/ShieldLagrangeMultiplier": 2.5178136825561523,
    "Safety/ShieldLagrangeMultiplier/Max": 2.5178136825561523,
    "Safety/ShieldLagrangeMultiplier/Min": 2.5178136825561523,
    "Safety/ShieldLagrangeMultiplier/Std": 0,
    "Safety/shield_adv_c": "NaN",
    "Safety/shield_violation": 3.719111680984497,
    "Time/Epoch": 147.30587768554688,
    "Time/FPS": 135.77191162109375,
    "Time/Rollout": 57.04693984985352,
    "Time/Total": 14304.0634765625,
    "Time/Update": 90.25887298583984,
    "TotalEnvSteps": 2000000,
    "Train/Entropy": 0.5082545876502991,
    "Train/Epoch": 99,
    "Train/KL": 0.0033185752108693123,
    "Train/LR": 0,
    "Train/PolicyRatio": 1.001727819442749,
    "Train/PolicyRatio/Max": 1.0017279386520386,
    "Train/PolicyRatio/Min": 1.0017279386520386,
    "Train/PolicyRatio/Std": 0.0062951273284852505,
    "Train/PolicyStd": 0.4053121507167816,
    "Train/StopIter": 40,
    "Value/Adv": -0.02099045366048813,
    "Value/cost": 1.3845587968826294,
    "Value/reward": 0.5210506319999695,
    "_runtime": 14305.299351844,
    "_step": 100,
    "_timestamp": 1746564441.1993835,
    "_wandb": {
        "runtime": 14305
    }
}