{
    "Loss/Loss_cost_critic": 4.250524997711182,
    "Loss/Loss_cost_critic/Delta": -0.3669013977050781,
    "Loss/Loss_pi": -0.005462057888507843,
    "Loss/Loss_pi/Delta": -0.16048430651426315,
    "Loss/Loss_reward_critic": 0.05997239053249359,
    "Loss/Loss_reward_critic/Delta": -0.016216762363910675,
    "Metrics/EpCost": 10.380000114440918,
    "Metrics/EpLen": 1000,
    "Metrics/EpRet": 9.343079566955566,
    "Metrics/LagrangeMultiplier": 2.353299617767334,
    "Metrics/LagrangeMultiplier/Max": 2.353299617767334,
    "Metrics/LagrangeMultiplier/Min": 2.353299617767334,
    "Metrics/LagrangeMultiplier/Std": 0,
    "Misc/AcceptanceStep": 1,
    "Misc/Alpha": 0.8169787526130676,
    "Misc/FinalStepNorm": 0.274597704410553,
    "Misc/H_inv_g": 0.3361136317253113,
    "Misc/gradient_norm": 0.21722353994846344,
    "Misc/xHx": 0.029964588582515717,
    "Safety/EpCostShield": 25.549999237060547,
    "Safety/ShieldLagrangeMultiplier": 2.382744550704956,
    "Safety/ShieldLagrangeMultiplier/Max": 2.382744550704956,
    "Safety/ShieldLagrangeMultiplier/Min": 2.382744550704956,
    "Safety/ShieldLagrangeMultiplier/Std": 0,
    "Safety/shield_adv_c": -0.11485284566879272,
    "Safety/shield_violation": 1.925214886665344,
    "Time/Epoch": 125.32888793945312,
    "Time/FPS": 159.5801239013672,
    "Time/Rollout": 97.37410736083984,
    "Time/Total": 13103.8330078125,
    "Time/Update": 27.954721450805664,
    "TotalEnvSteps": 2000000,
    "Train/Entropy": 1.2752341032028198,
    "Train/Epoch": 99,
    "Train/KL": 0.0003528881352394819,
    "Train/LR": 0,
    "Train/PolicyRatio": 0.99977046251297,
    "Train/PolicyRatio/Max": 0.9997705221176147,
    "Train/PolicyRatio/Min": 0.9997705221176147,
    "Train/PolicyRatio/Std": 0.000162321564857848,
    "Train/PolicyStd": 0.8688187599182129,
    "Train/StopIter": 10,
    "Value/Adv": 2.00271599304358e-09,
    "Value/cost": 0.7712392210960388,
    "Value/reward": 0.9737371206283568,
    "_runtime": 13105.724790461,
    "_step": 100,
    "_timestamp": 1746575186.586933,
    "_wandb": {
        "runtime": 13105
    }
}