{
    "Loss/Loss_cost_critic": 7.75599479675293,
    "Loss/Loss_cost_critic/Delta": 2.726433277130127,
    "Loss/Loss_pi": -0.283884733915329,
    "Loss/Loss_pi/Delta": -0.09057644009590148,
    "Loss/Loss_reward_critic": 0.16592496633529663,
    "Loss/Loss_reward_critic/Delta": 0.001176699995994568,
    "Metrics/EpCost": 4.349999904632568,
    "Metrics/EpLen": 500,
    "Metrics/EpRet": 20.139873504638672,
    "Metrics/LagrangeMultiplier": 1.04869544506073,
    "Metrics/LagrangeMultiplier/Max": 1.04869544506073,
    "Metrics/LagrangeMultiplier/Min": 1.04869544506073,
    "Metrics/LagrangeMultiplier/Std": 0,
    "Misc/AcceptanceStep": 1,
    "Misc/Alpha": 1.9571532011032104,
    "Misc/FinalStepNorm": 0.2695935070514679,
    "Misc/H_inv_g": 0.13774776458740234,
    "Misc/gradient_norm": 0.11867716163396835,
    "Misc/xHx": 0.0052213105373084545,
    "Safety/EpCostShield": 12.899999618530272,
    "Safety/ShieldLagrangeMultiplier": 1.2688406705856323,
    "Safety/ShieldLagrangeMultiplier/Max": 1.2688406705856323,
    "Safety/ShieldLagrangeMultiplier/Min": 1.2688406705856323,
    "Safety/ShieldLagrangeMultiplier/Std": 0,
    "Safety/shield_adv_c": -0.05052770674228668,
    "Safety/shield_violation": 2.3681421279907227,
    "Time/Epoch": 135.28868103027344,
    "Time/FPS": 147.83203125,
    "Time/Rollout": 110.4018783569336,
    "Time/Total": 13849.134765625,
    "Time/Update": 24.886777877807617,
    "TotalEnvSteps": 2000000,
    "Train/Entropy": 1.7281359434127808,
    "Train/Epoch": 99,
    "Train/KL": 0.0003658799105323851,
    "Train/LR": 0,
    "Train/PolicyRatio": 1.0025087594985962,
    "Train/PolicyRatio/Max": 1.0025088787078855,
    "Train/PolicyRatio/Min": 1.0025088787078855,
    "Train/PolicyRatio/Std": 0.0017739327158778906,
    "Train/PolicyStd": 1.426550269126892,
    "Train/StopIter": 10,
    "Value/Adv": 5.340575981449547e-09,
    "Value/cost": 0.996337890625,
    "Value/reward": 4.298967361450195,
    "_runtime": 13851.00584258,
    "_step": 100,
    "_timestamp": 1746522589.6526632,
    "_wandb": {
        "runtime": 13851
    }
}