{
    "Loss/Loss_cost_critic": 4.5695624351501465,
    "Loss/Loss_cost_critic/Delta": -2.462527275085449,
    "Loss/Loss_pi": -0.26560094952583313,
    "Loss/Loss_pi/Delta": 0.12469306588172913,
    "Loss/Loss_reward_critic": 0.03971649706363678,
    "Loss/Loss_reward_critic/Delta": 4.7829002141952515e-05,
    "Metrics/EpCost": 33.040000915527344,
    "Metrics/EpLen": 1000,
    "Metrics/EpRet": 5.052803993225098,
    "Metrics/LagrangeMultiplier": 2.9988999366760254,
    "Metrics/LagrangeMultiplier/Max": 2.9988999366760254,
    "Metrics/LagrangeMultiplier/Min": 2.9988999366760254,
    "Metrics/LagrangeMultiplier/Std": 0,
    "Safety/EpCostShield": 54.29999923706055,
    "Safety/ShieldLagrangeMultiplier": 2.979944944381714,
    "Safety/ShieldLagrangeMultiplier/Max": 2.979944944381714,
    "Safety/ShieldLagrangeMultiplier/Min": 2.979944944381714,
    "Safety/ShieldLagrangeMultiplier/Std": 0,
    "Safety/shield_adv_c": "NaN",
    "Safety/shield_violation": 6.425320148468018,
    "Time/Epoch": 250.69015502929688,
    "Time/FPS": 79.7797622680664,
    "Time/Rollout": 107.37693786621094,
    "Time/Total": 23832.37109375,
    "Time/Update": 143.31314086914062,
    "TotalEnvSteps": 2000000,
    "Train/Entropy": 0.4211266338825226,
    "Train/Epoch": 99,
    "Train/KL": 0.003216751851141453,
    "Train/LR": 0,
    "Train/PolicyRatio": 1.0003955364227295,
    "Train/PolicyRatio/Max": 1.0003955364227295,
    "Train/PolicyRatio/Min": 1.0003955364227295,
    "Train/PolicyRatio/Std": 0.006065983325242996,
    "Train/PolicyStd": 0.3710540235042572,
    "Train/StopIter": 40,
    "Value/Adv": -0.12611672282218933,
    "Value/cost": 2.522099256515503,
    "Value/reward": 0.5288532972335815,
    "_runtime": 23834.664243131,
    "_step": 100,
    "_timestamp": 1746555696.963568,
    "_wandb": {
        "runtime": 23834
    }
}