{
    "Loss/Loss_cost_critic": 0.7057344913482666,
    "Loss/Loss_cost_critic/Delta": 0.5190699994564056,
    "Loss/Loss_pi": -0.005993647035211325,
    "Loss/Loss_pi/Delta": -0.0030166900251060724,
    "Loss/Loss_reward_critic": 0.15640482306480408,
    "Loss/Loss_reward_critic/Delta": -0.028903529047966003,
    "Metrics/EpCost": 0.6399999856948853,
    "Metrics/EpLen": 500,
    "Metrics/EpRet": 13.447406768798828,
    "Metrics/LagrangeMultiplier": 59.1430549621582,
    "Metrics/LagrangeMultiplier/Max": 59.1430549621582,
    "Metrics/LagrangeMultiplier/Min": 59.1430549621582,
    "Metrics/LagrangeMultiplier/Std": 0,
    "Misc/AcceptanceStep": 1,
    "Misc/Alpha": 1.9530531167984009,
    "Misc/FinalStepNorm": 0.24047639966011047,
    "Misc/H_inv_g": 0.12312844395637512,
    "Misc/gradient_norm": 0.16008645296096802,
    "Misc/xHx": 0.005243256222456694,
    "Time/Epoch": 125.18669128417967,
    "Time/FPS": 159.7613983154297,
    "Time/Rollout": 104.99459838867188,
    "Time/Total": 12501.744140625,
    "Time/Update": 20.192068099975582,
    "TotalEnvSteps": 2000000,
    "Train/Entropy": 1.2833691835403442,
    "Train/Epoch": 99,
    "Train/KL": 0.0003967202501371503,
    "Train/LR": 0,
    "Train/PolicyRatio": 0.9992105960845948,
    "Train/PolicyRatio/Max": 0.9992105960845948,
    "Train/PolicyRatio/Min": 0.9992105960845948,
    "Train/PolicyRatio/Std": 0.0005581928417086601,
    "Train/PolicyStd": 0.8965897560119629,
    "Train/StopIter": 10,
    "Value/Adv": -1.907348501362094e-09,
    "Value/cost": 0.34749117493629456,
    "Value/reward": 2.7377467155456543,
    "_runtime": 12503.265776777,
    "_step": 100,
    "_timestamp": 1745017975.6711133,
    "_wandb": {
        "runtime": 12503
    }
}