{
    "Loss/Loss_cost_critic": 2.2033133506774902,
    "Loss/Loss_cost_critic/Delta": 0.987496256828308,
    "Loss/Loss_pi": 0.10069719702005386,
    "Loss/Loss_pi/Delta": 0.11737928912043571,
    "Loss/Loss_reward_critic": 0.1196119785308838,
    "Loss/Loss_reward_critic/Delta": 0.02977173775434494,
    "Metrics/EpCost": 1.2599999904632568,
    "Metrics/EpLen": 500,
    "Metrics/EpRet": 12.21976089477539,
    "Metrics/LagrangeMultiplier": 0.941349446773529,
    "Metrics/LagrangeMultiplier/Max": 0.941349446773529,
    "Metrics/LagrangeMultiplier/Min": 0.941349446773529,
    "Metrics/LagrangeMultiplier/Std": 0,
    "Safety/EpCostShield": 10.925000190734863,
    "Safety/ShieldLagrangeMultiplier": 1.165254831314087,
    "Safety/ShieldLagrangeMultiplier/Max": 1.165254831314087,
    "Safety/ShieldLagrangeMultiplier/Min": 1.165254831314087,
    "Safety/ShieldLagrangeMultiplier/Std": 0,
    "Safety/shield_adv_c": "NaN",
    "Safety/shield_violation": 0.5288146138191223,
    "Time/Epoch": 195.82908630371097,
    "Time/FPS": 102.12987518310548,
    "Time/Rollout": 87.99571990966797,
    "Time/Total": 17997.287109375,
    "Time/Update": 107.83330535888672,
    "TotalEnvSteps": 2000000,
    "Train/Entropy": 0.5404524803161621,
    "Train/Epoch": 99,
    "Train/KL": 0.00377477565780282,
    "Train/LR": 0,
    "Train/PolicyRatio": 0.9993218779563904,
    "Train/PolicyRatio/Max": 0.9993218779563904,
    "Train/PolicyRatio/Min": 0.9993218779563904,
    "Train/PolicyRatio/Std": 0.006811048835515976,
    "Train/PolicyStd": 0.42261338233947754,
    "Train/StopIter": 40,
    "Value/Adv": -0.1320645809173584,
    "Value/cost": 0.21085788309574127,
    "Value/reward": 2.4857921600341797,
    "_runtime": 17999.145923636,
    "_step": 100,
    "_timestamp": 1746591409.021197,
    "_wandb": {
        "runtime": 17999
    }
}