{
    "Loss/Loss_cost_critic": 1.4432388544082642,
    "Loss/Loss_cost_critic/Delta": -0.029210209846496586,
    "Loss/Loss_pi": 0.00040672539034858346,
    "Loss/Loss_pi/Delta": 0.228046519740019,
    "Loss/Loss_reward_critic": 0.0043467311188578606,
    "Loss/Loss_reward_critic/Delta": -0.003432640340179205,
    "Metrics/EpCost": 6.369999885559082,
    "Metrics/EpLen": 1000,
    "Metrics/EpRet": 0.05746513232588768,
    "Metrics/LagrangeMultiplier": 3.012028694152832,
    "Metrics/LagrangeMultiplier/Max": 3.012028694152832,
    "Metrics/LagrangeMultiplier/Min": 3.012028694152832,
    "Metrics/LagrangeMultiplier/Std": 0,
    "Safety/EpCostShield": 45,
    "Safety/ShieldLagrangeMultiplier": 2.85958194732666,
    "Safety/ShieldLagrangeMultiplier/Max": 2.85958194732666,
    "Safety/ShieldLagrangeMultiplier/Min": 2.85958194732666,
    "Safety/ShieldLagrangeMultiplier/Std": 0,
    "Safety/shield_adv_c": "NaN",
    "Safety/shield_violation": 2.659911632537842,
    "Time/Epoch": 150.41873168945312,
    "Time/FPS": 132.962158203125,
    "Time/Rollout": 70.1626968383789,
    "Time/Total": 13752.5390625,
    "Time/Update": 80.25599670410156,
    "TotalEnvSteps": 2000000,
    "Train/Entropy": 0.6180153489112854,
    "Train/Epoch": 99,
    "Train/KL": 0.0040490757673978806,
    "Train/LR": 0,
    "Train/PolicyRatio": 1.0007065534591677,
    "Train/PolicyRatio/Max": 1.0007065534591677,
    "Train/PolicyRatio/Min": 1.0007065534591677,
    "Train/PolicyRatio/Std": 0.006797063630074263,
    "Train/PolicyStd": 0.5092529058456421,
    "Train/StopIter": 40,
    "Value/Adv": 0.2625768184661865,
    "Value/cost": 0.7397168278694153,
    "Value/reward": 0.03259768709540367,
    "_runtime": 13753.889174226,
    "_step": 100,
    "_timestamp": 1746532466.186679,
    "_wandb": {
        "runtime": 13753
    }
}