{
    "Loss/Loss_cost_critic": 1.4493836164474487,
    "Loss/Loss_cost_critic/Delta": -3.595989346504211,
    "Loss/Loss_pi": -0.06343966722488403,
    "Loss/Loss_pi/Delta": -0.18079963326454165,
    "Loss/Loss_reward_critic": 0.11466223746538162,
    "Loss/Loss_reward_critic/Delta": 0.017538003623485565,
    "Metrics/EpCost": 2.049999952316284,
    "Metrics/EpLen": 500,
    "Metrics/EpRet": 12.609841346740724,
    "Metrics/LagrangeMultiplier": 0.8371658325195312,
    "Metrics/LagrangeMultiplier/Max": 0.8371658325195312,
    "Metrics/LagrangeMultiplier/Min": 0.8371658325195312,
    "Metrics/LagrangeMultiplier/Std": 0,
    "Safety/EpCostShield": 2.0999999046325684,
    "Safety/ShieldLagrangeMultiplier": 1.1028339862823486,
    "Safety/ShieldLagrangeMultiplier/Max": 1.1028339862823486,
    "Safety/ShieldLagrangeMultiplier/Min": 1.1028339862823486,
    "Safety/ShieldLagrangeMultiplier/Std": 0,
    "Safety/shield_adv_c": "NaN",
    "Safety/shield_violation": 1.0306445360183716,
    "Time/Epoch": 240.12318420410156,
    "Time/FPS": 83.29058837890625,
    "Time/Rollout": 98.53857421875,
    "Time/Total": 23060.65234375,
    "Time/Update": 141.58448791503906,
    "TotalEnvSteps": 2000000,
    "Train/Entropy": 0.7315173745155334,
    "Train/Epoch": 99,
    "Train/KL": 0.002762105781584978,
    "Train/LR": 0,
    "Train/PolicyRatio": 1.0007572174072266,
    "Train/PolicyRatio/Max": 1.0007572174072266,
    "Train/PolicyRatio/Min": 1.0007572174072266,
    "Train/PolicyRatio/Std": 0.005333849228918552,
    "Train/PolicyStd": 0.5102726221084595,
    "Train/StopIter": 40,
    "Value/Adv": -0.05679316073656082,
    "Value/cost": 0.4334309697151184,
    "Value/reward": 2.4570274353027344,
    "_runtime": 23070.17505082,
    "_step": 100,
    "_timestamp": 1747273343.2261417,
    "_wandb": {
        "runtime": 23070
    }
}