{
    "Loss/Loss_cost_critic": 0.02882289327681065,
    "Loss/Loss_cost_critic/Delta": -0.026053598150610924,
    "Loss/Loss_pi": -0.0008075835066847503,
    "Loss/Loss_pi/Delta": 0.0010682842112146318,
    "Loss/Loss_reward_critic": 0.006738950498402119,
    "Loss/Loss_reward_critic/Delta": 0.0021460349671542645,
    "Metrics/EpCost": 3.680000066757202,
    "Metrics/EpLen": 1000,
    "Metrics/EpRet": -0.4246195256710053,
    "Metrics/LagrangeMultiplier": 21.88442611694336,
    "Metrics/LagrangeMultiplier/Max": 21.88442611694336,
    "Metrics/LagrangeMultiplier/Min": 21.88442611694336,
    "Metrics/LagrangeMultiplier/Std": 0,
    "Misc/AcceptanceStep": 1,
    "Misc/Alpha": 17.519609451293945,
    "Misc/FinalStepNorm": 0.29370346665382385,
    "Misc/H_inv_g": 0.01676427200436592,
    "Misc/gradient_norm": 0.008224112913012505,
    "Misc/xHx": 6.515001587104052e-05,
    "Time/Epoch": 91.2327880859375,
    "Time/FPS": 219.2194366455078,
    "Time/Rollout": 81.36168670654297,
    "Time/Total": 9146.7607421875,
    "Time/Update": 9.871074676513672,
    "TotalEnvSteps": 2000000,
    "Train/Entropy": 1.4343582391738892,
    "Train/Epoch": 99,
    "Train/KL": 0.00033401668770238757,
    "Train/LR": 0,
    "Train/PolicyRatio": 1.000757336616516,
    "Train/PolicyRatio/Max": 1.0007574558258057,
    "Train/PolicyRatio/Min": 1.0007574558258057,
    "Train/PolicyRatio/Std": 0.0005355459288693964,
    "Train/PolicyStd": 1.0237005949020386,
    "Train/StopIter": 10,
    "Value/Adv": -2.2888182460434332e-09,
    "Value/cost": 0.1330767571926117,
    "Value/reward": -0.07153013348579407,
    "_runtime": 9148.106441297,
    "_step": 100,
    "_timestamp": 1745020654.052417,
    "_wandb": {
        "runtime": 9148
    }
}