{
    "Loss/Loss_cost_critic": 5.662206172943115,
    "Loss/Loss_cost_critic/Delta": 2.007248640060425,
    "Loss/Loss_pi": -0.10231786221265791,
    "Loss/Loss_pi/Delta": -0.04047265276312828,
    "Loss/Loss_reward_critic": 3.8153817653656006,
    "Loss/Loss_reward_critic/Delta": -0.1930968761444092,
    "Metrics/EpCost": 22.350000381469727,
    "Metrics/EpLen": 500,
    "Metrics/EpRet": 1.7164356708526611,
    "Metrics/LagrangeMultiplier": 3.4701180458068848,
    "Metrics/LagrangeMultiplier/Max": 3.4701180458068848,
    "Metrics/LagrangeMultiplier/Min": 3.4701180458068848,
    "Metrics/LagrangeMultiplier/Std": 0,
    "Misc/AcceptanceStep": 1,
    "Misc/Alpha": 0.1170063242316246,
    "Misc/FinalStepNorm": 0.35194510221481323,
    "Misc/H_inv_g": 3.0079150199890137,
    "Misc/gradient_norm": 0.5655578374862671,
    "Misc/xHx": 1.4608691930770874,
    "Time/Epoch": 117.97593688964844,
    "Time/FPS": 169.52609252929688,
    "Time/Rollout": 109.50330352783205,
    "Time/Total": 11795.3798828125,
    "Time/Update": 8.472618103027344,
    "TotalEnvSteps": 2000000,
    "Train/Entropy": 1.412685751914978,
    "Train/Epoch": 99,
    "Train/KL": 0.00021170075342524797,
    "Train/LR": 0,
    "Train/PolicyRatio": 1.0016851425170898,
    "Train/PolicyRatio/Max": 1.0016851425170898,
    "Train/PolicyRatio/Min": 1.0016851425170898,
    "Train/PolicyRatio/Std": 0.0011915195500478148,
    "Train/PolicyStd": 1.003847599029541,
    "Train/StopIter": 10,
    "Value/Adv": 1.525878801089675e-08,
    "Value/cost": 5.765183448791504,
    "Value/reward": 0.5243526697158813,
    "_runtime": 11796.918845266,
    "_step": 100,
    "_timestamp": 1743339909.1420555,
    "_wandb": {
        "runtime": 11796
    }
}