{
    "Loss/Loss_cost_critic": 1.7280046939849854,
    "Loss/Loss_cost_critic/Delta": -0.1621861457824707,
    "Loss/Loss_pi": -0.03679993376135826,
    "Loss/Loss_pi/Delta": 0.0016997940838336945,
    "Loss/Loss_reward_critic": 0.007199279963970184,
    "Loss/Loss_reward_critic/Delta": -0.00012543192133307457,
    "Metrics/EpCost": 8.119999885559082,
    "Metrics/EpLen": 1000,
    "Metrics/EpRet": 0.380318820476532,
    "Metrics/LagrangeMultiplier": 2.942232370376587,
    "Metrics/LagrangeMultiplier/Max": 2.942232370376587,
    "Metrics/LagrangeMultiplier/Min": 2.942232370376587,
    "Metrics/LagrangeMultiplier/Std": 0,
    "Misc/AcceptanceStep": 1,
    "Misc/Alpha": 1.595038890838623,
    "Misc/FinalStepNorm": 0.31913498044013977,
    "Misc/H_inv_g": 0.2000797539949417,
    "Misc/gradient_norm": 0.1414688527584076,
    "Misc/xHx": 0.007861164398491383,
    "Safety/EpCostShield": 11.25,
    "Safety/ShieldLagrangeMultiplier": 2.6794352531433105,
    "Safety/ShieldLagrangeMultiplier/Max": 2.6794352531433105,
    "Safety/ShieldLagrangeMultiplier/Min": 2.6794352531433105,
    "Safety/ShieldLagrangeMultiplier/Std": 0,
    "Safety/shield_adv_c": 0.27933961153030396,
    "Safety/shield_violation": 1.075541853904724,
    "Time/Epoch": 114.31404876708984,
    "Time/FPS": 174.9566192626953,
    "Time/Rollout": 85.38043975830078,
    "Time/Total": 11536.27734375,
    "Time/Update": 28.93358039855957,
    "TotalEnvSteps": 2000000,
    "Train/Entropy": 1.545201301574707,
    "Train/Epoch": 99,
    "Train/KL": 0.00029900032677687705,
    "Train/LR": 0,
    "Train/PolicyRatio": 1.0005253553390503,
    "Train/PolicyRatio/Max": 1.0005253553390503,
    "Train/PolicyRatio/Min": 1.0005253553390503,
    "Train/PolicyRatio/Std": 0.00037145422538742423,
    "Train/PolicyStd": 1.141598343849182,
    "Train/StopIter": 10,
    "Value/Adv": -6.103515470812226e-09,
    "Value/cost": 0.5300771594047546,
    "Value/reward": 0.04862929508090019,
    "_runtime": 11537.80560404,
    "_step": 100,
    "_timestamp": 1746550273.346096,
    "_wandb": {
        "runtime": 11537
    }
}