{
    "Loss/Loss_cost_critic": 1.3222882747650146,
    "Loss/Loss_cost_critic/Delta": -1.2299888134002686,
    "Loss/Loss_pi": -0.30225855112075806,
    "Loss/Loss_pi/Delta": -0.3619055561721325,
    "Loss/Loss_reward_critic": 0.005340627394616604,
    "Loss/Loss_reward_critic/Delta": -0.006338268518447876,
    "Metrics/EpCost": 5.599999904632568,
    "Metrics/EpLen": 1000,
    "Metrics/EpRet": 0.2145288437604904,
    "Metrics/LagrangeMultiplier": 2.642587900161743,
    "Metrics/LagrangeMultiplier/Max": 2.642587900161743,
    "Metrics/LagrangeMultiplier/Min": 2.642587900161743,
    "Metrics/LagrangeMultiplier/Std": 0,
    "Safety/EpCostShield": 8.449999809265137,
    "Safety/ShieldLagrangeMultiplier": 2.8195996284484863,
    "Safety/ShieldLagrangeMultiplier/Max": 2.8195996284484863,
    "Safety/ShieldLagrangeMultiplier/Min": 2.8195996284484863,
    "Safety/ShieldLagrangeMultiplier/Std": 0,
    "Safety/shield_adv_c": "NaN",
    "Safety/shield_violation": 2.6355340480804443,
    "Time/Epoch": 174.79013061523438,
    "Time/FPS": 114.42294311523438,
    "Time/Rollout": 74.50326538085938,
    "Time/Total": 16583.23828125,
    "Time/Update": 100.28678894042967,
    "TotalEnvSteps": 2000000,
    "Train/Entropy": 0.5813567042350769,
    "Train/Epoch": 99,
    "Train/KL": 0.0030426145531237125,
    "Train/LR": 0,
    "Train/PolicyRatio": 1.002353549003601,
    "Train/PolicyRatio/Max": 1.002353549003601,
    "Train/PolicyRatio/Min": 1.002353549003601,
    "Train/PolicyRatio/Std": 0.005870190914720297,
    "Train/PolicyStd": 0.4353058338165283,
    "Train/StopIter": 40,
    "Value/Adv": -0.052881237119436264,
    "Value/cost": 0.6787455081939697,
    "Value/reward": 0.011511686258018017,
    "_runtime": 16584.857576986,
    "_step": 100,
    "_timestamp": 1746535093.2773678,
    "_wandb": {
        "runtime": 16584
    }
}