{
    "Loss/Loss_cost_critic": 5.550776481628418,
    "Loss/Loss_cost_critic/Delta": 0.04191112518310547,
    "Loss/Loss_pi": 0.0010287952609360218,
    "Loss/Loss_pi/Delta": -0.05011575995013118,
    "Loss/Loss_reward_critic": 0.04603417217731476,
    "Loss/Loss_reward_critic/Delta": -0.002091091126203537,
    "Metrics/EpCost": 22,
    "Metrics/EpLen": 1000,
    "Metrics/EpRet": 9.287221908569336,
    "Metrics/LagrangeMultiplier": 2.984649896621704,
    "Metrics/LagrangeMultiplier/Max": 2.984649896621704,
    "Metrics/LagrangeMultiplier/Min": 2.984649896621704,
    "Metrics/LagrangeMultiplier/Std": 0,
    "Safety/EpCostShield": 55.400001525878906,
    "Safety/ShieldLagrangeMultiplier": 2.900569200515747,
    "Safety/ShieldLagrangeMultiplier/Max": 2.900569200515747,
    "Safety/ShieldLagrangeMultiplier/Min": 2.900569200515747,
    "Safety/ShieldLagrangeMultiplier/Std": 0,
    "Safety/shield_adv_c": "NaN",
    "Safety/shield_violation": 4.752736568450928,
    "Time/Epoch": 262.48492431640625,
    "Time/FPS": 76.19485473632812,
    "Time/Rollout": 110.27645874023438,
    "Time/Total": 22581.072265625,
    "Time/Update": 152.20838928222656,
    "TotalEnvSteps": 2000000,
    "Train/Entropy": 0.2072792649269104,
    "Train/Epoch": 99,
    "Train/KL": 0.00522626843303442,
    "Train/LR": 0,
    "Train/PolicyRatio": 1.001487135887146,
    "Train/PolicyRatio/Max": 1.001487135887146,
    "Train/PolicyRatio/Min": 1.001487135887146,
    "Train/PolicyRatio/Std": 0.008284708485007286,
    "Train/PolicyStd": 0.2980966866016388,
    "Train/StopIter": 40,
    "Value/Adv": -0.19693130254745483,
    "Value/cost": 2.1267473697662354,
    "Value/reward": 0.988329291343689,
    "_runtime": 22583.317395053,
    "_step": 100,
    "_timestamp": 1746641131.143872,
    "_wandb": {
        "runtime": 22583
    }
}