{
    "Loss/Loss_cost_critic": 2.5765326023101807,
    "Loss/Loss_cost_critic/Delta": 0.46234846115112305,
    "Loss/Loss_pi": -0.19299867749214172,
    "Loss/Loss_pi/Delta": -0.039644286036491394,
    "Loss/Loss_reward_critic": 0.11225403100252151,
    "Loss/Loss_reward_critic/Delta": 0.011301830410957336,
    "Metrics/EpCost": 0.5,
    "Metrics/EpLen": 500,
    "Metrics/EpRet": 11.27343463897705,
    "Metrics/LagrangeMultiplier": 0.8540051579475403,
    "Metrics/LagrangeMultiplier/Max": 0.8540051579475403,
    "Metrics/LagrangeMultiplier/Min": 0.8540051579475403,
    "Metrics/LagrangeMultiplier/Std": 0,
    "Safety/EpCostShield": 8.574999809265137,
    "Safety/ShieldLagrangeMultiplier": 1.0316965579986572,
    "Safety/ShieldLagrangeMultiplier/Max": 1.0316965579986572,
    "Safety/ShieldLagrangeMultiplier/Min": 1.0316965579986572,
    "Safety/ShieldLagrangeMultiplier/Std": 0,
    "Safety/shield_adv_c": "NaN",
    "Safety/shield_violation": 1.0907814502716064,
    "Time/Epoch": 197.58511352539065,
    "Time/FPS": 101.22219848632812,
    "Time/Rollout": 103.54488372802734,
    "Time/Total": 19648.94921875,
    "Time/Update": 94.04016876220705,
    "TotalEnvSteps": 2000000,
    "Train/Entropy": 0.7842438220977783,
    "Train/Epoch": 99,
    "Train/KL": 0.0027005376759916544,
    "Train/LR": 0,
    "Train/PolicyRatio": 1.0016343593597412,
    "Train/PolicyRatio/Max": 1.0016343593597412,
    "Train/PolicyRatio/Min": 1.0016343593597412,
    "Train/PolicyRatio/Std": 0.005638400558382273,
    "Train/PolicyStd": 0.5314139127731323,
    "Train/StopIter": 40,
    "Value/Adv": -0.19256117939949036,
    "Value/cost": 0.32525160908699036,
    "Value/reward": 2.321624517440796,
    "_runtime": 19650.898709647,
    "_step": 100,
    "_timestamp": 1746613171.6723764,
    "_wandb": {
        "runtime": 19650
    }
}