{
    "Loss/Loss_cost_critic": 0.002177239628508687,
    "Loss/Loss_cost_critic/Delta": -0.0033146890345960855,
    "Loss/Loss_pi": -0.0001727509225020185,
    "Loss/Loss_pi/Delta": 0.00019986309052910656,
    "Loss/Loss_reward_critic": 0.003539804834872484,
    "Loss/Loss_reward_critic/Delta": 0.0009163967333734035,
    "Metrics/EpCost": 0.3100000023841858,
    "Metrics/EpLen": 1000,
    "Metrics/EpRet": -0.6314678192138672,
    "Metrics/LagrangeMultiplier": 132.34962463378906,
    "Metrics/LagrangeMultiplier/Max": 132.34962463378906,
    "Metrics/LagrangeMultiplier/Min": 132.34962463378906,
    "Metrics/LagrangeMultiplier/Std": 0,
    "Misc/AcceptanceStep": 1,
    "Misc/Alpha": 127.26927185058594,
    "Misc/FinalStepNorm": 0.223407119512558,
    "Misc/H_inv_g": 0.0017553893849253654,
    "Misc/gradient_norm": 0.0020811527501791716,
    "Misc/xHx": 1.2247609220139566e-06,
    "Time/Epoch": 85.01348114013672,
    "Time/FPS": 235.25682067871097,
    "Time/Rollout": 76.04003143310547,
    "Time/Total": 8448.1875,
    "Time/Update": 8.973419189453125,
    "TotalEnvSteps": 2000000,
    "Train/Entropy": 1.3451954126358032,
    "Train/Epoch": 99,
    "Train/KL": 0.0004363499174360186,
    "Train/LR": 0,
    "Train/PolicyRatio": 0.9997754096984864,
    "Train/PolicyRatio/Max": 0.9997754096984864,
    "Train/PolicyRatio/Min": 0.9997754096984864,
    "Train/PolicyRatio/Std": 0.00015883741434663534,
    "Train/PolicyStd": 0.9322959780693054,
    "Train/StopIter": 10,
    "Value/Adv": -2.6702879907247734e-09,
    "Value/cost": -0.016033321619033813,
    "Value/reward": -0.0740390345454216,
    "_runtime": 8449.928851044,
    "_step": 100,
    "_timestamp": 1745003695.1184857,
    "_wandb": {
        "runtime": 8449
    }
}