{
    "Loss/Loss_cost_critic": 5.106111526489258,
    "Loss/Loss_cost_critic/Delta": -1.4087796211242676,
    "Loss/Loss_pi": -0.5200300216674805,
    "Loss/Loss_pi/Delta": -0.22504785656929016,
    "Loss/Loss_reward_critic": 0.027680736035108566,
    "Loss/Loss_reward_critic/Delta": -0.007405988872051239,
    "Metrics/EpCost": 27.350000381469727,
    "Metrics/EpLen": 1000,
    "Metrics/EpRet": 4.984449863433838,
    "Metrics/LagrangeMultiplier": 2.5931742191314697,
    "Metrics/LagrangeMultiplier/Max": 2.5931742191314697,
    "Metrics/LagrangeMultiplier/Min": 2.5931742191314697,
    "Metrics/LagrangeMultiplier/Std": 0,
    "Safety/EpCostShield": 37.70000076293945,
    "Safety/ShieldLagrangeMultiplier": 2.7125244140625,
    "Safety/ShieldLagrangeMultiplier/Max": 2.7125244140625,
    "Safety/ShieldLagrangeMultiplier/Min": 2.7125244140625,
    "Safety/ShieldLagrangeMultiplier/Std": 0,
    "Safety/shield_adv_c": "NaN",
    "Safety/shield_violation": 7.630590438842773,
    "Time/Epoch": 184.6048889160156,
    "Time/FPS": 108.33949279785156,
    "Time/Rollout": 90.5078582763672,
    "Time/Total": 18867.072265625,
    "Time/Update": 94.09697723388672,
    "TotalEnvSteps": 2000000,
    "Train/Entropy": 0.5278531908988953,
    "Train/Epoch": 99,
    "Train/KL": 0.0027290647849440575,
    "Train/LR": 0,
    "Train/PolicyRatio": 1.0017026662826538,
    "Train/PolicyRatio/Max": 1.0017026662826538,
    "Train/PolicyRatio/Min": 1.0017026662826538,
    "Train/PolicyRatio/Std": 0.0052981204353272915,
    "Train/PolicyStd": 0.429646372795105,
    "Train/StopIter": 40,
    "Value/Adv": 0.05023065209388733,
    "Value/cost": 3.5276875495910645,
    "Value/reward": 0.7053230404853821,
    "_runtime": 18868.387887587,
    "_step": 100,
    "_timestamp": 1746525056.724914,
    "_wandb": {
        "runtime": 18868
    }
}