{
    "Loss/Loss_cost_critic": 5.700565338134766,
    "Loss/Loss_cost_critic/Delta": -1.3992094993591309,
    "Loss/Loss_pi": -0.5140578150749207,
    "Loss/Loss_pi/Delta": -0.35203394293785095,
    "Loss/Loss_reward_critic": 0.0487404391169548,
    "Loss/Loss_reward_critic/Delta": 0.005407694727182388,
    "Metrics/EpCost": 30.59000015258789,
    "Metrics/EpLen": 1000,
    "Metrics/EpRet": 8.098822593688965,
    "Metrics/LagrangeMultiplier": 2.969778060913086,
    "Metrics/LagrangeMultiplier/Max": 2.969778060913086,
    "Metrics/LagrangeMultiplier/Min": 2.969778060913086,
    "Metrics/LagrangeMultiplier/Std": 0,
    "Safety/EpCostShield": 67.0999984741211,
    "Safety/ShieldLagrangeMultiplier": 3.055804967880249,
    "Safety/ShieldLagrangeMultiplier/Max": 3.055804967880249,
    "Safety/ShieldLagrangeMultiplier/Min": 3.055804967880249,
    "Safety/ShieldLagrangeMultiplier/Std": 0,
    "Safety/shield_adv_c": "NaN",
    "Safety/shield_violation": 10.033708572387695,
    "Time/Epoch": 309.0688171386719,
    "Time/FPS": 64.71051025390625,
    "Time/Rollout": 127.30583953857422,
    "Time/Total": 27567.29296875,
    "Time/Update": 181.7628936767578,
    "TotalEnvSteps": 2000000,
    "Train/Entropy": 0.3261665105819702,
    "Train/Epoch": 99,
    "Train/KL": 0.0035244235768914223,
    "Train/LR": 0,
    "Train/PolicyRatio": 1.0020956993103027,
    "Train/PolicyRatio/Max": 1.0020956993103027,
    "Train/PolicyRatio/Min": 1.0020956993103027,
    "Train/PolicyRatio/Std": 0.006724344100803137,
    "Train/PolicyStd": 0.35992658138275146,
    "Train/StopIter": 40,
    "Value/Adv": 0.5703915357589722,
    "Value/cost": 3.5998382568359375,
    "Value/reward": 0.9879150390625,
    "_runtime": 27569.554862243,
    "_step": 100,
    "_timestamp": 1746633613.3692782,
    "_wandb": {
        "runtime": 27569
    }
}