{
    "Loss/Loss_cost_critic": 1.3242526054382324,
    "Loss/Loss_cost_critic/Delta": 0.03613638877868652,
    "Loss/Loss_pi": -0.25543883442878723,
    "Loss/Loss_pi/Delta": -0.009671300649642944,
    "Loss/Loss_reward_critic": 0.03018199652433395,
    "Loss/Loss_reward_critic/Delta": -0.01106949895620346,
    "Metrics/EpCost": 2.549999952316284,
    "Metrics/EpLen": 1000,
    "Metrics/EpRet": 0.800900399684906,
    "Metrics/LagrangeMultiplier": 2.296400785446167,
    "Metrics/LagrangeMultiplier/Max": 2.296400785446167,
    "Metrics/LagrangeMultiplier/Min": 2.296400785446167,
    "Metrics/LagrangeMultiplier/Std": 0,
    "Misc/AcceptanceStep": 1,
    "Misc/Alpha": 1.448569416999817,
    "Misc/FinalStepNorm": 0.2714134156703949,
    "Misc/H_inv_g": 0.1873665302991867,
    "Misc/gradient_norm": 0.1433657854795456,
    "Misc/xHx": 0.009531272575259209,
    "Safety/EpCostShield": 7.900000095367432,
    "Safety/ShieldLagrangeMultiplier": 2.399461269378662,
    "Safety/ShieldLagrangeMultiplier/Max": 2.399461269378662,
    "Safety/ShieldLagrangeMultiplier/Min": 2.399461269378662,
    "Safety/ShieldLagrangeMultiplier/Std": 0,
    "Safety/shield_adv_c": 0.7204817533493042,
    "Safety/shield_violation": 1.9543156623840332,
    "Time/Epoch": 118.25334930419922,
    "Time/FPS": 169.12840270996094,
    "Time/Rollout": 94.3989028930664,
    "Time/Total": 12595.6142578125,
    "Time/Update": 23.85442543029785,
    "TotalEnvSteps": 2000000,
    "Train/Entropy": 1.6754599809646606,
    "Train/Epoch": 99,
    "Train/KL": 0.00031856136047281325,
    "Train/LR": 0,
    "Train/PolicyRatio": 1.002171516418457,
    "Train/PolicyRatio/Max": 1.002171516418457,
    "Train/PolicyRatio/Min": 1.002171516418457,
    "Train/PolicyRatio/Std": 0.0015354377683252096,
    "Train/PolicyStd": 1.2931638956069946,
    "Train/StopIter": 10,
    "Value/Adv": 1.0681151962899094e-08,
    "Value/cost": 0.31384581327438354,
    "Value/reward": 0.13998359441757202,
    "_runtime": 12596.857064773,
    "_step": 100,
    "_timestamp": 1746561040.5936978,
    "_wandb": {
        "runtime": 12596
    }
}