{
    "Loss/Loss_cost_critic": 1.5973480939865112,
    "Loss/Loss_cost_critic/Delta": -1.0942336320877075,
    "Loss/Loss_pi": -0.28570809960365295,
    "Loss/Loss_pi/Delta": -0.0403856486082077,
    "Loss/Loss_reward_critic": 0.032756272703409195,
    "Loss/Loss_reward_critic/Delta": -0.0002083517611026764,
    "Metrics/EpCost": 3.380000114440918,
    "Metrics/EpLen": 1000,
    "Metrics/EpRet": 2.282630443572998,
    "Metrics/LagrangeMultiplier": 2.190213441848755,
    "Metrics/LagrangeMultiplier/Max": 2.190213441848755,
    "Metrics/LagrangeMultiplier/Min": 2.190213441848755,
    "Metrics/LagrangeMultiplier/Std": 0,
    "Misc/AcceptanceStep": 1,
    "Misc/Alpha": 2.1140575408935547,
    "Misc/FinalStepNorm": 0.34071084856987,
    "Misc/H_inv_g": 0.16116441786289215,
    "Misc/gradient_norm": 0.07184169441461563,
    "Misc/xHx": 0.004475024528801441,
    "Safety/EpCostShield": 15,
    "Safety/ShieldLagrangeMultiplier": 2.3536994457244873,
    "Safety/ShieldLagrangeMultiplier/Max": 2.3536994457244873,
    "Safety/ShieldLagrangeMultiplier/Min": 2.3536994457244873,
    "Safety/ShieldLagrangeMultiplier/Std": 0,
    "Safety/shield_adv_c": -0.07678704708814621,
    "Safety/shield_violation": 1.919891595840454,
    "Time/Epoch": 119.84867095947266,
    "Time/FPS": 166.8771209716797,
    "Time/Rollout": 95.65853881835938,
    "Time/Total": 12422.845703125,
    "Time/Update": 24.19009017944336,
    "TotalEnvSteps": 2000000,
    "Train/Entropy": 2.2040960788726807,
    "Train/Epoch": 99,
    "Train/KL": 0.00022162916138768196,
    "Train/LR": 0,
    "Train/PolicyRatio": 1.002192497253418,
    "Train/PolicyRatio/Max": 1.002192497253418,
    "Train/PolicyRatio/Min": 1.002192497253418,
    "Train/PolicyRatio/Std": 0.0015503296162933111,
    "Train/PolicyStd": 2.1937849521636963,
    "Train/StopIter": 10,
    "Value/Adv": 9.155272984173736e-09,
    "Value/cost": 0.4948719739913941,
    "Value/reward": 0.3131248652935028,
    "_runtime": 12424.358919093,
    "_step": 100,
    "_timestamp": 1746508821.5036736,
    "_wandb": {
        "runtime": 12424
    }
}