{
    "Loss/Loss_cost_critic": 1.3223365545272827,
    "Loss/Loss_cost_critic/Delta": -0.5946776866912842,
    "Loss/Loss_pi": -0.011387514881789684,
    "Loss/Loss_pi/Delta": 0.005191727541387081,
    "Loss/Loss_reward_critic": 0.10714657604694366,
    "Loss/Loss_reward_critic/Delta": 0.015662945806980133,
    "Metrics/EpCost": 56.16999816894531,
    "Metrics/EpLen": 1000,
    "Metrics/EpRet": 18.11387825012207,
    "Metrics/LagrangeMultiplier": 0.3333600163459778,
    "Metrics/LagrangeMultiplier/Max": 0.3333600163459778,
    "Metrics/LagrangeMultiplier/Min": 0.3333600163459778,
    "Metrics/LagrangeMultiplier/Std": 0,
    "Time/Epoch": 149.53253173828125,
    "Time/FPS": 133.7501678466797,
    "Time/Rollout": 85.74134063720703,
    "Time/Total": 13193.9609375,
    "Time/Update": 63.7911262512207,
    "TotalEnvSteps": 2000000,
    "Train/Entropy": -0.59224933385849,
    "Train/Epoch": 99,
    "Train/KL": 0.005025036167353392,
    "Train/LR": 0,
    "Train/PolicyRatio": 1.0015946626663208,
    "Train/PolicyRatio/Max": 1.0015946626663208,
    "Train/PolicyRatio/Min": 1.0015946626663208,
    "Train/PolicyRatio/Std": 0.008004352450370789,
    "Train/PolicyStd": 0.13383041322231293,
    "Train/StopIter": 40,
    "Value/Adv": 0.019900547340512276,
    "Value/cost": 8.110398292541504,
    "Value/reward": 2.3949573040008545,
    "_runtime": 13195.52467861,
    "_step": 100,
    "_timestamp": 1745047302.9008503,
    "_wandb": {
        "runtime": 13195
    }
}