{
    "Loss/Loss_cost_critic": 1.3742873668670654,
    "Loss/Loss_cost_critic/Delta": -1.9818084239959717,
    "Loss/Loss_pi": -0.22506491839885712,
    "Loss/Loss_pi/Delta": -0.042939066886901855,
    "Loss/Loss_reward_critic": 0.09817074239253998,
    "Loss/Loss_reward_critic/Delta": 0.014639563858509064,
    "Metrics/EpCost": 1.5700000524520874,
    "Metrics/EpLen": 500,
    "Metrics/EpRet": 10.5701265335083,
    "Metrics/LagrangeMultiplier": 0.913191556930542,
    "Metrics/LagrangeMultiplier/Max": 0.913191556930542,
    "Metrics/LagrangeMultiplier/Min": 0.913191556930542,
    "Metrics/LagrangeMultiplier/Std": 0,
    "Safety/EpCostShield": 3.700000047683716,
    "Safety/ShieldLagrangeMultiplier": 1.099026441574097,
    "Safety/ShieldLagrangeMultiplier/Max": 1.099026441574097,
    "Safety/ShieldLagrangeMultiplier/Min": 1.099026441574097,
    "Safety/ShieldLagrangeMultiplier/Std": 0,
    "Safety/shield_adv_c": "NaN",
    "Safety/shield_violation": 0.9044400453567504,
    "Time/Epoch": 187.4079742431641,
    "Time/FPS": 106.71904754638672,
    "Time/Rollout": 81.69779205322266,
    "Time/Total": 18880.67578125,
    "Time/Update": 105.71012878417967,
    "TotalEnvSteps": 2000000,
    "Train/Entropy": 0.7837753891944885,
    "Train/Epoch": 99,
    "Train/KL": 0.0024501646403223276,
    "Train/LR": 0,
    "Train/PolicyRatio": 1.0018651485443115,
    "Train/PolicyRatio/Max": 1.0018651485443115,
    "Train/PolicyRatio/Min": 1.0018651485443115,
    "Train/PolicyRatio/Std": 0.005420803092420101,
    "Train/PolicyStd": 0.5335730910301208,
    "Train/StopIter": 40,
    "Value/Adv": -0.17701303958892822,
    "Value/cost": 0.29826897382736206,
    "Value/reward": 2.068068742752075,
    "_runtime": 18882.552362169,
    "_step": 100,
    "_timestamp": 1746629422.9120111,
    "_wandb": {
        "runtime": 18882
    }
}