{
    "Loss/Loss_cost_critic": 6.266342639923096,
    "Loss/Loss_cost_critic/Delta": 0.20379972457885745,
    "Loss/Loss_pi": -0.15772424638271332,
    "Loss/Loss_pi/Delta": 0.0128745436668396,
    "Loss/Loss_reward_critic": 0.1063411459326744,
    "Loss/Loss_reward_critic/Delta": 0.01209971308708191,
    "Metrics/EpCost": 5.119999885559082,
    "Metrics/EpLen": 500,
    "Metrics/EpRet": 12.13811492919922,
    "Metrics/LagrangeMultiplier": 0.934763729572296,
    "Metrics/LagrangeMultiplier/Max": 0.934763729572296,
    "Metrics/LagrangeMultiplier/Min": 0.934763729572296,
    "Metrics/LagrangeMultiplier/Std": 0,
    "Misc/AcceptanceStep": 1,
    "Misc/Alpha": 1.7614433765411377,
    "Misc/FinalStepNorm": 0.29680687189102173,
    "Misc/H_inv_g": 0.168502077460289,
    "Misc/gradient_norm": 0.0931711569428444,
    "Misc/xHx": 0.006446024402976036,
    "Safety/EpCostShield": 19.149999618530273,
    "Safety/ShieldLagrangeMultiplier": 1.1742781400680542,
    "Safety/ShieldLagrangeMultiplier/Max": 1.1742781400680542,
    "Safety/ShieldLagrangeMultiplier/Min": 1.1742781400680542,
    "Safety/ShieldLagrangeMultiplier/Std": 0,
    "Safety/shield_adv_c": 0.1673872470855713,
    "Safety/shield_violation": 0.8076283931732178,
    "Time/Epoch": 105.79573059082033,
    "Time/FPS": 189.0435485839844,
    "Time/Rollout": 89.015380859375,
    "Time/Total": 10572.2802734375,
    "Time/Update": 16.780332565307617,
    "TotalEnvSteps": 2000000,
    "Train/Entropy": 1.97015917301178,
    "Train/Epoch": 99,
    "Train/KL": 0.0002976079995278269,
    "Train/LR": 0,
    "Train/PolicyRatio": 1.000618577003479,
    "Train/PolicyRatio/Max": 1.0006186962127686,
    "Train/PolicyRatio/Min": 1.0006186962127686,
    "Train/PolicyRatio/Std": 0.0004374842974357307,
    "Train/PolicyStd": 1.9526573419570925,
    "Train/StopIter": 10,
    "Value/Adv": -1.0681151962899094e-08,
    "Value/cost": 0.3834659159183502,
    "Value/reward": 2.250983953475952,
    "_runtime": 10573.417094318,
    "_step": 100,
    "_timestamp": 1746921603.131968,
    "_wandb": {
        "runtime": 10573
    }
}