{
    "Loss/Loss_cost_critic": 0.5555709600448608,
    "Loss/Loss_cost_critic/Delta": -0.14511823654174805,
    "Loss/Loss_pi": -0.31261321902275085,
    "Loss/Loss_pi/Delta": -0.00985690951347351,
    "Loss/Loss_reward_critic": 0.013327226042747498,
    "Loss/Loss_reward_critic/Delta": 0.008445687592029572,
    "Metrics/EpCost": 4.139999866485596,
    "Metrics/EpLen": 1000,
    "Metrics/EpRet": 0.1988798975944519,
    "Metrics/LagrangeMultiplier": 2.555112838745117,
    "Metrics/LagrangeMultiplier/Max": 2.555112838745117,
    "Metrics/LagrangeMultiplier/Min": 2.555112838745117,
    "Metrics/LagrangeMultiplier/Std": 0,
    "Misc/AcceptanceStep": 1,
    "Misc/Alpha": 2.498095989227295,
    "Misc/FinalStepNorm": 0.33343225717544556,
    "Misc/H_inv_g": 0.13347455859184265,
    "Misc/gradient_norm": 0.06738073378801346,
    "Misc/xHx": 0.0032048700377345085,
    "Safety/EpCostShield": 2.0999999046325684,
    "Safety/ShieldLagrangeMultiplier": 2.340888261795044,
    "Safety/ShieldLagrangeMultiplier/Max": 2.340888261795044,
    "Safety/ShieldLagrangeMultiplier/Min": 2.340888261795044,
    "Safety/ShieldLagrangeMultiplier/Std": 0,
    "Safety/shield_adv_c": -0.13921283185482025,
    "Safety/shield_violation": 1.212295651435852,
    "Time/Epoch": 107.2775650024414,
    "Time/FPS": 186.43226623535156,
    "Time/Rollout": 88.45760345458984,
    "Time/Total": 10561.708984375,
    "Time/Update": 18.819948196411133,
    "TotalEnvSteps": 2000000,
    "Train/Entropy": 2.16572642326355,
    "Train/Epoch": 99,
    "Train/KL": 0.00024360611860174688,
    "Train/LR": 0,
    "Train/PolicyRatio": 1.0032504796981812,
    "Train/PolicyRatio/Max": 1.0032504796981812,
    "Train/PolicyRatio/Min": 1.0032504796981812,
    "Train/PolicyRatio/Std": 0.002298464300110936,
    "Train/PolicyStd": 2.1410672664642334,
    "Train/StopIter": 10,
    "Value/Adv": -3.051757735406113e-09,
    "Value/cost": 0.21576787531375885,
    "Value/reward": -0.0016926073003560305,
    "_runtime": 10563.477930042,
    "_step": 100,
    "_timestamp": 1746525277.2305548,
    "_wandb": {
        "runtime": 10563
    }
}