{
    "Loss/Loss_cost_critic": 3.5985589027404785,
    "Loss/Loss_cost_critic/Delta": -0.6120419502258301,
    "Loss/Loss_pi": -0.5427160859107971,
    "Loss/Loss_pi/Delta": -0.38001084327697754,
    "Loss/Loss_reward_critic": 0.03275344893336296,
    "Loss/Loss_reward_critic/Delta": 0.011360634118318558,
    "Metrics/EpCost": 26.920000076293945,
    "Metrics/EpLen": 1000,
    "Metrics/EpRet": 4.3872833251953125,
    "Metrics/LagrangeMultiplier": 3.0549845695495605,
    "Metrics/LagrangeMultiplier/Max": 3.0549845695495605,
    "Metrics/LagrangeMultiplier/Min": 3.0549845695495605,
    "Metrics/LagrangeMultiplier/Std": 0,
    "Safety/EpCostShield": 34.099998474121094,
    "Safety/ShieldLagrangeMultiplier": 3.034992933273315,
    "Safety/ShieldLagrangeMultiplier/Max": 3.034992933273315,
    "Safety/ShieldLagrangeMultiplier/Min": 3.034992933273315,
    "Safety/ShieldLagrangeMultiplier/Std": 0,
    "Safety/shield_adv_c": "NaN",
    "Safety/shield_violation": 7.30849552154541,
    "Time/Epoch": 195.3082275390625,
    "Time/FPS": 102.40223693847656,
    "Time/Rollout": 96.0521469116211,
    "Time/Total": 18054.88671875,
    "Time/Update": 99.25601959228516,
    "TotalEnvSteps": 2000000,
    "Train/Entropy": 0.46080559492111206,
    "Train/Epoch": 99,
    "Train/KL": 0.0033666561357676983,
    "Train/LR": 0,
    "Train/PolicyRatio": 1.002462387084961,
    "Train/PolicyRatio/Max": 1.002462387084961,
    "Train/PolicyRatio/Min": 1.002462387084961,
    "Train/PolicyRatio/Std": 0.006353637203574181,
    "Train/PolicyStd": 0.39262157678604126,
    "Train/StopIter": 40,
    "Value/Adv": 0.6478332877159119,
    "Value/cost": 2.5941238403320312,
    "Value/reward": 0.6504901647567749,
    "_runtime": 18056.838750464,
    "_step": 100,
    "_timestamp": 1746548087.6335752,
    "_wandb": {
        "runtime": 18056
    }
}