{
    "Loss/Loss_cost_critic": 4.640086650848389,
    "Loss/Loss_cost_critic/Delta": -2.0656819343566895,
    "Loss/Loss_pi": -0.005429539363831282,
    "Loss/Loss_pi/Delta": -0.11342168925330044,
    "Loss/Loss_reward_critic": 0.04572197422385216,
    "Loss/Loss_reward_critic/Delta": -0.010069485753774645,
    "Metrics/EpCost": 13.140000343322754,
    "Metrics/EpLen": 1000,
    "Metrics/EpRet": 3.483128070831299,
    "Metrics/LagrangeMultiplier": 2.45112943649292,
    "Metrics/LagrangeMultiplier/Max": 2.45112943649292,
    "Metrics/LagrangeMultiplier/Min": 2.45112943649292,
    "Metrics/LagrangeMultiplier/Std": 0,
    "Misc/AcceptanceStep": 1,
    "Misc/Alpha": 0.5435134768486023,
    "Misc/FinalStepNorm": 0.28157663345336914,
    "Misc/H_inv_g": 0.5180674195289612,
    "Misc/gradient_norm": 0.324777215719223,
    "Misc/xHx": 0.06770321726799011,
    "Safety/EpCostShield": 38.79999923706055,
    "Safety/ShieldLagrangeMultiplier": 2.5070974826812744,
    "Safety/ShieldLagrangeMultiplier/Max": 2.5070974826812744,
    "Safety/ShieldLagrangeMultiplier/Min": 2.5070974826812744,
    "Safety/ShieldLagrangeMultiplier/Std": 0,
    "Safety/shield_adv_c": 0.16814152896404266,
    "Safety/shield_violation": 3.286914825439453,
    "Time/Epoch": 139.60906982421875,
    "Time/FPS": 143.25717163085938,
    "Time/Rollout": 114.46537017822266,
    "Time/Total": 13589.3828125,
    "Time/Update": 25.14367294311523,
    "TotalEnvSteps": 2000000,
    "Train/Entropy": 1.1179310083389282,
    "Train/Epoch": 99,
    "Train/KL": 0.00031173648312687874,
    "Train/LR": 0,
    "Train/PolicyRatio": 1.0000886917114258,
    "Train/PolicyRatio/Max": 1.0000886917114258,
    "Train/PolicyRatio/Min": 1.0000886917114258,
    "Train/PolicyRatio/Std": 6.265836418606341e-05,
    "Train/PolicyStd": 0.7427504658699036,
    "Train/StopIter": 10,
    "Value/Adv": 9.155272984173736e-09,
    "Value/cost": 0.9055609107017516,
    "Value/reward": 0.5104475021362305,
    "_runtime": 13597.679400185,
    "_step": 100,
    "_timestamp": 1747263871.971701,
    "_wandb": {
        "runtime": 13597
    }
}