{
    "Loss/Loss_cost_critic": 1.6027812957763672,
    "Loss/Loss_cost_critic/Delta": 0.3176182508468628,
    "Loss/Loss_pi": -0.21906280517578125,
    "Loss/Loss_pi/Delta": 0.013795927166938782,
    "Loss/Loss_reward_critic": 0.025708718225359917,
    "Loss/Loss_reward_critic/Delta": -0.009636478498578072,
    "Metrics/EpCost": 4.480000019073486,
    "Metrics/EpLen": 1000,
    "Metrics/EpRet": 2.5519888401031494,
    "Metrics/LagrangeMultiplier": 2.1601033210754395,
    "Metrics/LagrangeMultiplier/Max": 2.1601033210754395,
    "Metrics/LagrangeMultiplier/Min": 2.1601033210754395,
    "Metrics/LagrangeMultiplier/Std": 0,
    "Misc/AcceptanceStep": 1,
    "Misc/Alpha": 1.4368411302566528,
    "Misc/FinalStepNorm": 0.3115084767341614,
    "Misc/H_inv_g": 0.21680092811584473,
    "Misc/gradient_norm": 0.08804591000080109,
    "Misc/xHx": 0.009687506593763828,
    "Safety/EpCostShield": 13.399999618530272,
    "Safety/ShieldLagrangeMultiplier": 2.3519890308380127,
    "Safety/ShieldLagrangeMultiplier/Max": 2.3519890308380127,
    "Safety/ShieldLagrangeMultiplier/Min": 2.3519890308380127,
    "Safety/ShieldLagrangeMultiplier/Std": 0,
    "Safety/shield_adv_c": 0.16488422453403473,
    "Safety/shield_violation": 1.433690071105957,
    "Time/Epoch": 106.57707977294922,
    "Time/FPS": 187.65760803222656,
    "Time/Rollout": 87.20541381835938,
    "Time/Total": 10960.716796875,
    "Time/Update": 19.37164306640625,
    "TotalEnvSteps": 2000000,
    "Train/Entropy": 2.120845079421997,
    "Train/Epoch": 99,
    "Train/KL": 0.0002820895751938224,
    "Train/LR": 0,
    "Train/PolicyRatio": 1.0018030405044556,
    "Train/PolicyRatio/Max": 1.0018031597137451,
    "Train/PolicyRatio/Min": 1.0018031597137451,
    "Train/PolicyRatio/Std": 0.001275026355870068,
    "Train/PolicyStd": 2.0229475498199463,
    "Train/StopIter": 10,
    "Value/Adv": 3.051757735406113e-09,
    "Value/cost": 0.1666877716779709,
    "Value/reward": 0.4045795500278473,
    "_runtime": 10962.207084964,
    "_step": 100,
    "_timestamp": 1746536132.1325192,
    "_wandb": {
        "runtime": 10962
    }
}