{
    "Loss/Loss_cost_critic": 4.165463447570801,
    "Loss/Loss_cost_critic/Delta": -0.802187442779541,
    "Loss/Loss_pi": -0.22623881697654724,
    "Loss/Loss_pi/Delta": -0.10770650207996368,
    "Loss/Loss_reward_critic": 0.028522657230496407,
    "Loss/Loss_reward_critic/Delta": -0.00235908105969429,
    "Metrics/EpCost": 18.850000381469727,
    "Metrics/EpLen": 1000,
    "Metrics/EpRet": 8.339668273925781,
    "Metrics/LagrangeMultiplier": 2.9778757095336914,
    "Metrics/LagrangeMultiplier/Max": 2.9778757095336914,
    "Metrics/LagrangeMultiplier/Min": 2.9778757095336914,
    "Metrics/LagrangeMultiplier/Std": 0,
    "Safety/EpCostShield": 43.150001525878906,
    "Safety/ShieldLagrangeMultiplier": 2.843066453933716,
    "Safety/ShieldLagrangeMultiplier/Max": 2.843066453933716,
    "Safety/ShieldLagrangeMultiplier/Min": 2.843066453933716,
    "Safety/ShieldLagrangeMultiplier/Std": 0,
    "Safety/shield_adv_c": "NaN",
    "Safety/shield_violation": 4.771657466888428,
    "Time/Epoch": 224.5538787841797,
    "Time/FPS": 89.06549072265625,
    "Time/Rollout": 96.18155670166016,
    "Time/Total": 21173.43359375,
    "Time/Update": 128.37225341796875,
    "TotalEnvSteps": 2000000,
    "Train/Entropy": 0.6321285367012024,
    "Train/Epoch": 99,
    "Train/KL": 0.0029831239953637123,
    "Train/LR": 0,
    "Train/PolicyRatio": 1.001007080078125,
    "Train/PolicyRatio/Max": 1.001007080078125,
    "Train/PolicyRatio/Min": 1.001007080078125,
    "Train/PolicyRatio/Std": 0.0056434208527207375,
    "Train/PolicyStd": 0.4738274514675141,
    "Train/StopIter": 40,
    "Value/Adv": -0.3222981095314026,
    "Value/cost": 1.599411129951477,
    "Value/reward": 0.948083221912384,
    "_runtime": 21175.707109835,
    "_step": 100,
    "_timestamp": 1746542632.3316336,
    "_wandb": {
        "runtime": 21175
    }
}