{
    "Loss/Loss_cost_critic": 4.837703704833984,
    "Loss/Loss_cost_critic/Delta": -2.277642726898194,
    "Loss/Loss_pi": -0.27528688311576843,
    "Loss/Loss_pi/Delta": -0.1293521225452423,
    "Loss/Loss_reward_critic": 0.03850383311510086,
    "Loss/Loss_reward_critic/Delta": -0.00514356791973114,
    "Metrics/EpCost": 18.11000061035156,
    "Metrics/EpLen": 1000,
    "Metrics/EpRet": 3.5147407054901123,
    "Metrics/LagrangeMultiplier": 2.479189395904541,
    "Metrics/LagrangeMultiplier/Max": 2.479189395904541,
    "Metrics/LagrangeMultiplier/Min": 2.479189395904541,
    "Metrics/LagrangeMultiplier/Std": 0,
    "Misc/AcceptanceStep": 1,
    "Misc/Alpha": 0.9734539985656738,
    "Misc/FinalStepNorm": 0.32939672470092773,
    "Misc/H_inv_g": 0.3383793532848358,
    "Misc/gradient_norm": 0.12090277671813963,
    "Misc/xHx": 0.021105660125613213,
    "Safety/EpCostShield": 37.5,
    "Safety/ShieldLagrangeMultiplier": 2.4925947189331055,
    "Safety/ShieldLagrangeMultiplier/Max": 2.4925947189331055,
    "Safety/ShieldLagrangeMultiplier/Min": 2.4925947189331055,
    "Safety/ShieldLagrangeMultiplier/Std": 0,
    "Safety/shield_adv_c": -0.27688711881637573,
    "Safety/shield_violation": 4.260470390319824,
    "Time/Epoch": 118.4035873413086,
    "Time/FPS": 168.91380310058594,
    "Time/Rollout": 95.37248229980467,
    "Time/Total": 12887.9658203125,
    "Time/Update": 23.031063079833984,
    "TotalEnvSteps": 2000000,
    "Train/Entropy": 2.2065954208374023,
    "Train/Epoch": 99,
    "Train/KL": 0.00023912990582175553,
    "Train/LR": 0,
    "Train/PolicyRatio": 0.9994999766349792,
    "Train/PolicyRatio/Max": 0.9994999766349792,
    "Train/PolicyRatio/Min": 0.9994999766349792,
    "Train/PolicyRatio/Std": 0.00035355586442165077,
    "Train/PolicyStd": 2.2988245487213135,
    "Train/StopIter": 10,
    "Value/Adv": 3.051757735406113e-09,
    "Value/cost": 1.4419149160385132,
    "Value/reward": 0.30318960547447205,
    "_runtime": 12890.151541571,
    "_step": 100,
    "_timestamp": 1746509303.6447215,
    "_wandb": {
        "runtime": 12890
    }
}