{
    "Loss/Loss_cost_critic": 2.2193727493286133,
    "Loss/Loss_cost_critic/Delta": -0.25152015686035156,
    "Loss/Loss_pi": -0.0154321426525712,
    "Loss/Loss_pi/Delta": 0.0025214022025465965,
    "Loss/Loss_reward_critic": 0.11296547204256058,
    "Loss/Loss_reward_critic/Delta": -0.019573219120502472,
    "Metrics/EpCost": 69.76000213623047,
    "Metrics/EpLen": 1000,
    "Metrics/EpRet": 20.704599380493164,
    "Metrics/LagrangeMultiplier": 0.35865938663482666,
    "Metrics/LagrangeMultiplier/Max": 0.35865938663482666,
    "Metrics/LagrangeMultiplier/Min": 0.35865938663482666,
    "Metrics/LagrangeMultiplier/Std": 0,
    "Misc/AcceptanceStep": 1,
    "Misc/Alpha": 0.8034550547599792,
    "Misc/FinalStepNorm": 0.2075534462928772,
    "Misc/H_inv_g": 0.25832614302635193,
    "Misc/gradient_norm": 0.42219778895378113,
    "Misc/xHx": 0.030981799587607384,
    "Time/Epoch": 108.8367156982422,
    "Time/FPS": 183.7615203857422,
    "Time/Rollout": 97.2088851928711,
    "Time/Total": 10928.1923828125,
    "Time/Update": 11.627813339233398,
    "TotalEnvSteps": 2000000,
    "Train/Entropy": 0.68427973985672,
    "Train/Epoch": 99,
    "Train/KL": 0.0004508461570367217,
    "Train/LR": 0,
    "Train/PolicyRatio": 1.0007394552230835,
    "Train/PolicyRatio/Max": 1.0007394552230835,
    "Train/PolicyRatio/Min": 1.0007394552230835,
    "Train/PolicyRatio/Std": 0.0005227894871495664,
    "Train/PolicyStd": 0.48119938373565674,
    "Train/StopIter": 10,
    "Value/Adv": -1.3351439953623869e-08,
    "Value/cost": 7.87968111038208,
    "Value/reward": 2.4769067764282227,
    "_runtime": 10929.963259961,
    "_step": 100,
    "_timestamp": 1745028864.6605637,
    "_wandb": {
        "runtime": 10929
    }
}