{
    "Loss/Loss_cost_critic": 1.2757729291915894,
    "Loss/Loss_cost_critic/Delta": -0.9581438302993774,
    "Loss/Loss_pi": -0.29694071412086487,
    "Loss/Loss_pi/Delta": 0.022836118936538696,
    "Loss/Loss_reward_critic": 0.0500253289937973,
    "Loss/Loss_reward_critic/Delta": -0.020983673632144928,
    "Metrics/EpCost": 5.400000095367432,
    "Metrics/EpLen": 1000,
    "Metrics/EpRet": 6.246280670166016,
    "Metrics/LagrangeMultiplier": 2.5248773097991943,
    "Metrics/LagrangeMultiplier/Max": 2.5248773097991943,
    "Metrics/LagrangeMultiplier/Min": 2.5248773097991943,
    "Metrics/LagrangeMultiplier/Std": 0,
    "Misc/AcceptanceStep": 1,
    "Misc/Alpha": 2.30859375,
    "Misc/FinalStepNorm": 0.2963409721851349,
    "Misc/H_inv_g": 0.12836427986621857,
    "Misc/gradient_norm": 0.07759105414152145,
    "Misc/xHx": 0.003752613440155983,
    "Safety/EpCostShield": 3.700000047683716,
    "Safety/ShieldLagrangeMultiplier": 2.450035810470581,
    "Safety/ShieldLagrangeMultiplier/Max": 2.450035810470581,
    "Safety/ShieldLagrangeMultiplier/Min": 2.450035810470581,
    "Safety/ShieldLagrangeMultiplier/Std": 0,
    "Safety/shield_adv_c": 0.0026697739958763123,
    "Safety/shield_violation": 1.398663878440857,
    "Time/Epoch": 107.87989044189452,
    "Time/FPS": 185.3913726806641,
    "Time/Rollout": 85.7403335571289,
    "Time/Total": 11628.478515625,
    "Time/Update": 22.139524459838867,
    "TotalEnvSteps": 2000000,
    "Train/Entropy": 1.8644113540649416,
    "Train/Epoch": 99,
    "Train/KL": 0.00031354103703051805,
    "Train/LR": 0,
    "Train/PolicyRatio": 1.004475235939026,
    "Train/PolicyRatio/Max": 1.0044753551483154,
    "Train/PolicyRatio/Min": 1.0044753551483154,
    "Train/PolicyRatio/Std": 0.0031644979026168585,
    "Train/PolicyStd": 1.562364935874939,
    "Train/StopIter": 10,
    "Value/Adv": 7.629394338515282e-10,
    "Value/cost": 0.3903481364250183,
    "Value/reward": 0.6249814033508301,
    "_runtime": 11630.463825383,
    "_step": 100,
    "_timestamp": 1746920529.701048,
    "_wandb": {
        "runtime": 11630
    }
}