{
    "Loss/Loss_cost_critic": 0.4547234177589417,
    "Loss/Loss_cost_critic/Delta": -0.41302794218063354,
    "Loss/Loss_pi": -0.006527923978865147,
    "Loss/Loss_pi/Delta": 0.023931135423481464,
    "Loss/Loss_reward_critic": 0.022367363795638084,
    "Loss/Loss_reward_critic/Delta": 0.005944279953837395,
    "Metrics/EpCost": 12.130000114440918,
    "Metrics/EpLen": 1000,
    "Metrics/EpRet": 1.5959558486938477,
    "Metrics/LagrangeMultiplier": 19.04673767089844,
    "Metrics/LagrangeMultiplier/Max": 19.04673767089844,
    "Metrics/LagrangeMultiplier/Min": 19.04673767089844,
    "Metrics/LagrangeMultiplier/Std": 0,
    "Time/Epoch": 182.8446502685547,
    "Time/FPS": 109.3824691772461,
    "Time/Rollout": 83.95816040039062,
    "Time/Total": 15818.484375,
    "Time/Update": 98.8863754272461,
    "TotalEnvSteps": 2000000,
    "Train/Entropy": 0.35651618242263794,
    "Train/Epoch": 99,
    "Train/KL": 0.0040886555798351765,
    "Train/LR": 0,
    "Train/PolicyRatio": 0.999556839466095,
    "Train/PolicyRatio/Max": 0.999556839466095,
    "Train/PolicyRatio/Min": 0.999556839466095,
    "Train/PolicyRatio/Std": 0.006818392314016819,
    "Train/PolicyStd": 0.3480205833911896,
    "Train/StopIter": 40,
    "Value/Adv": -0.044938407838344574,
    "Value/cost": 0.9612470865249634,
    "Value/reward": 0.20235563814640045,
    "_runtime": 15820.468106871,
    "_step": 100,
    "_timestamp": 1745048767.2726357,
    "_wandb": {
        "runtime": 15820
    }
}