{
    "Loss/Loss_cost_critic": 4.0060811042785645,
    "Loss/Loss_cost_critic/Delta": 0.5210230350494385,
    "Loss/Loss_pi": 0.04805801436305046,
    "Loss/Loss_pi/Delta": 0.29163795337080956,
    "Loss/Loss_reward_critic": 0.004919503349810839,
    "Loss/Loss_reward_critic/Delta": -0.0021697119809687138,
    "Metrics/EpCost": 13.460000038146973,
    "Metrics/EpLen": 1000,
    "Metrics/EpRet": 0.5139911770820618,
    "Metrics/LagrangeMultiplier": 2.8650689125061035,
    "Metrics/LagrangeMultiplier/Max": 2.8650689125061035,
    "Metrics/LagrangeMultiplier/Min": 2.8650689125061035,
    "Metrics/LagrangeMultiplier/Std": 0,
    "Safety/EpCostShield": 55.20000076293945,
    "Safety/ShieldLagrangeMultiplier": 2.787013292312622,
    "Safety/ShieldLagrangeMultiplier/Max": 2.787013292312622,
    "Safety/ShieldLagrangeMultiplier/Min": 2.787013292312622,
    "Safety/ShieldLagrangeMultiplier/Std": 0,
    "Safety/shield_adv_c": "NaN",
    "Safety/shield_violation": 4.371279239654541,
    "Time/Epoch": 224.82357788085935,
    "Time/FPS": 88.9586410522461,
    "Time/Rollout": 91.84445190429688,
    "Time/Total": 22566.431640625,
    "Time/Update": 132.97906494140625,
    "TotalEnvSteps": 2000000,
    "Train/Entropy": 0.34669217467308044,
    "Train/Epoch": 99,
    "Train/KL": 0.003577727125957608,
    "Train/LR": 0,
    "Train/PolicyRatio": 1.000234842300415,
    "Train/PolicyRatio/Max": 1.0002349615097046,
    "Train/PolicyRatio/Min": 1.0002349615097046,
    "Train/PolicyRatio/Std": 0.006217446178197861,
    "Train/PolicyStd": 0.34754839539527893,
    "Train/StopIter": 40,
    "Value/Adv": 0.15836957097053528,
    "Value/cost": 1.5644917488098145,
    "Value/reward": 0.050876159220933914,
    "_runtime": 22568.072671727,
    "_step": 100,
    "_timestamp": 1746563683.5130885,
    "_wandb": {
        "runtime": 22568
    }
}