{
    "Loss/Loss_cost_critic": 4.9738335609436035,
    "Loss/Loss_cost_critic/Delta": 0.4048595428466797,
    "Loss/Loss_pi": 0.04658159241080284,
    "Loss/Loss_pi/Delta": -0.003985308110713959,
    "Loss/Loss_reward_critic": 0.2404063493013382,
    "Loss/Loss_reward_critic/Delta": -0.008650481700897217,
    "Metrics/EpCost": 6.809999942779541,
    "Metrics/EpLen": 500,
    "Metrics/EpRet": 29.19979476928711,
    "Metrics/LagrangeMultiplier": 1.1044650077819824,
    "Metrics/LagrangeMultiplier/Max": 1.1044650077819824,
    "Metrics/LagrangeMultiplier/Min": 1.1044650077819824,
    "Metrics/LagrangeMultiplier/Std": 0,
    "Misc/AcceptanceStep": 1,
    "Misc/Alpha": 1.4047472476959229,
    "Misc/FinalStepNorm": 0.1858648657798767,
    "Misc/H_inv_g": 0.13231196999549866,
    "Misc/gradient_norm": 0.23392297327518463,
    "Misc/xHx": 0.010135220363736153,
    "Safety/EpCostShield": 13.074999809265137,
    "Safety/ShieldLagrangeMultiplier": 1.1879184246063232,
    "Safety/ShieldLagrangeMultiplier/Max": 1.1879184246063232,
    "Safety/ShieldLagrangeMultiplier/Min": 1.1879184246063232,
    "Safety/ShieldLagrangeMultiplier/Std": 0,
    "Safety/shield_adv_c": -0.08248210698366165,
    "Safety/shield_violation": 1.6360830068588257,
    "Time/Epoch": 118.32347106933594,
    "Time/FPS": 169.02816772460938,
    "Time/Rollout": 101.307861328125,
    "Time/Total": 12218.1865234375,
    "Time/Update": 17.015592575073242,
    "TotalEnvSteps": 2000000,
    "Train/Entropy": 0.66286700963974,
    "Train/Epoch": 99,
    "Train/KL": 0.0004598797531798482,
    "Train/LR": 0,
    "Train/PolicyRatio": 0.9981053471565248,
    "Train/PolicyRatio/Max": 0.9981054067611694,
    "Train/PolicyRatio/Min": 0.9981054067611694,
    "Train/PolicyRatio/Std": 0.0013397078728303311,
    "Train/PolicyStd": 0.4831894934177398,
    "Train/StopIter": 10,
    "Value/Adv": -4.577636492086867e-09,
    "Value/cost": 0.6808147430419922,
    "Value/reward": 5.844196796417236,
    "_runtime": 12234.181025137,
    "_step": 100,
    "_timestamp": 1747262500.7507496,
    "_wandb": {
        "runtime": 12234
    }
}