{
    "Loss/Loss_cost_critic": 0.624262273311615,
    "Loss/Loss_cost_critic/Delta": -0.48474282026290894,
    "Loss/Loss_pi": -0.00806167908012867,
    "Loss/Loss_pi/Delta": 0.0050804754719138145,
    "Loss/Loss_reward_critic": 0.007116875145584345,
    "Loss/Loss_reward_critic/Delta": -0.0013509667478501797,
    "Metrics/EpCost": 22.079999923706055,
    "Metrics/EpLen": 1000,
    "Metrics/EpRet": 0.3546147048473358,
    "Metrics/LagrangeMultiplier": 0.3588564097881317,
    "Metrics/LagrangeMultiplier/Max": 0.3588564097881317,
    "Metrics/LagrangeMultiplier/Min": 0.3588564097881317,
    "Metrics/LagrangeMultiplier/Std": 0,
    "Misc/AcceptanceStep": 1,
    "Misc/Alpha": 1.611725687980652,
    "Misc/FinalStepNorm": 0.21728551387786865,
    "Misc/H_inv_g": 0.13481543958187103,
    "Misc/gradient_norm": 0.3821747601032257,
    "Misc/xHx": 0.00769922835752368,
    "Time/Epoch": 80.10070037841797,
    "Time/FPS": 249.68569946289065,
    "Time/Rollout": 70.4808120727539,
    "Time/Total": 8005.740234375,
    "Time/Update": 9.619867324829102,
    "TotalEnvSteps": 2000000,
    "Train/Entropy": 1.2151432037353516,
    "Train/Epoch": 99,
    "Train/KL": 0.0004129658918827772,
    "Train/LR": 0,
    "Train/PolicyRatio": 1.0010417699813845,
    "Train/PolicyRatio/Max": 1.0010417699813845,
    "Train/PolicyRatio/Min": 1.0010417699813845,
    "Train/PolicyRatio/Std": 0.0007366706850007176,
    "Train/PolicyStd": 0.820370614528656,
    "Train/StopIter": 10,
    "Value/Adv": -3.051757735406113e-09,
    "Value/cost": 2.044933557510376,
    "Value/reward": 0.026635846123099327,
    "_runtime": 8007.248076661,
    "_step": 100,
    "_timestamp": 1745003248.9503632,
    "_wandb": {
        "runtime": 8007
    }
}