{
    "Loss/Loss_cost_critic": 19.37274742126465,
    "Loss/Loss_cost_critic/Delta": 2.960979461669922,
    "Loss/Loss_pi": -0.0048360079526901245,
    "Loss/Loss_pi/Delta": 0.0020451629534363747,
    "Loss/Loss_reward_critic": 0.30450472235679626,
    "Loss/Loss_reward_critic/Delta": 0.09405678510665894,
    "Metrics/EpCost": 227.42999267578125,
    "Metrics/EpLen": 500,
    "Metrics/EpRet": 36.58179473876953,
    "Metrics/LagrangeMultiplier": 0.3150073289871216,
    "Metrics/LagrangeMultiplier/Max": 0.3150073289871216,
    "Metrics/LagrangeMultiplier/Min": 0.3150073289871216,
    "Metrics/LagrangeMultiplier/Std": 0,
    "Time/Epoch": 198.51919555664065,
    "Time/FPS": 100.74593353271484,
    "Time/Rollout": 101.72688293457033,
    "Time/Total": 20060.603515625,
    "Time/Update": 96.79217529296876,
    "TotalEnvSteps": 2000000,
    "Train/Entropy": 0.11037600785493852,
    "Train/Epoch": 99,
    "Train/KL": 0.003425384871661663,
    "Train/LR": 0,
    "Train/PolicyRatio": 0.9998945593833924,
    "Train/PolicyRatio/Max": 0.9998945593833924,
    "Train/PolicyRatio/Min": 0.9998945593833924,
    "Train/PolicyRatio/Std": 0.006594882346689701,
    "Train/PolicyStd": 0.27086111903190613,
    "Train/StopIter": 40,
    "Value/Adv": -0.06471684575080872,
    "Value/cost": 44.49662399291992,
    "Value/reward": 7.062204837799072,
    "_runtime": 20062.009260232,
    "_step": 100,
    "_timestamp": 1745045255.7605228,
    "_wandb": {
        "runtime": 20062
    }
}