{
    "Loss/Loss_cost_critic": 3.2719664573669434,
    "Loss/Loss_cost_critic/Delta": -0.9969677925109864,
    "Loss/Loss_pi": -0.21781791746616364,
    "Loss/Loss_pi/Delta": -0.028710320591926575,
    "Loss/Loss_reward_critic": 0.03335554897785187,
    "Loss/Loss_reward_critic/Delta": 0.00038877129554748535,
    "Metrics/EpCost": 10.510000228881836,
    "Metrics/EpLen": 1000,
    "Metrics/EpRet": 4.711327075958252,
    "Metrics/LagrangeMultiplier": 2.8482346534729004,
    "Metrics/LagrangeMultiplier/Max": 2.8482346534729004,
    "Metrics/LagrangeMultiplier/Min": 2.8482346534729004,
    "Metrics/LagrangeMultiplier/Std": 0,
    "Misc/AcceptanceStep": 1,
    "Misc/Alpha": 1.3711923360824585,
    "Misc/FinalStepNorm": 0.3419773578643799,
    "Misc/H_inv_g": 0.24940145015716553,
    "Misc/gradient_norm": 0.08163982629776001,
    "Misc/xHx": 0.010637333616614342,
    "Safety/EpCostShield": 19.049999237060547,
    "Safety/ShieldLagrangeMultiplier": 2.684304714202881,
    "Safety/ShieldLagrangeMultiplier/Max": 2.684304714202881,
    "Safety/ShieldLagrangeMultiplier/Min": 2.684304714202881,
    "Safety/ShieldLagrangeMultiplier/Std": 0,
    "Safety/shield_adv_c": 0.23956623673439023,
    "Safety/shield_violation": 1.7949166297912598,
    "Time/Epoch": 105.69261932373048,
    "Time/FPS": 189.2279815673828,
    "Time/Rollout": 82.02810668945312,
    "Time/Total": 11925.056640625,
    "Time/Update": 23.66448211669922,
    "TotalEnvSteps": 2000000,
    "Train/Entropy": 2.168536901473999,
    "Train/Epoch": 99,
    "Train/KL": 0.0002491987543180585,
    "Train/LR": 0,
    "Train/PolicyRatio": 0.9982007145881652,
    "Train/PolicyRatio/Max": 0.99820077419281,
    "Train/PolicyRatio/Min": 0.99820077419281,
    "Train/PolicyRatio/Std": 0.0012723009567707777,
    "Train/PolicyStd": 2.2332875728607178,
    "Train/StopIter": 10,
    "Value/Adv": 6.484984993448961e-09,
    "Value/cost": 0.9653724431991576,
    "Value/reward": 0.3986058533191681,
    "_runtime": 11927.088211153,
    "_step": 100,
    "_timestamp": 1746508345.9648368,
    "_wandb": {
        "runtime": 11927
    }
}