{
    "Loss/Loss_cost_critic": 0.3700220286846161,
    "Loss/Loss_cost_critic/Delta": 0.17381839454174042,
    "Loss/Loss_pi": -0.007740485016256571,
    "Loss/Loss_pi/Delta": -0.0024675652384757996,
    "Loss/Loss_reward_critic": 0.02019214816391468,
    "Loss/Loss_reward_critic/Delta": -0.0003633052110671997,
    "Metrics/EpCost": 4.059999942779541,
    "Metrics/EpLen": 1000,
    "Metrics/EpRet": -2.047494411468506,
    "Metrics/LagrangeMultiplier": 212.2994384765625,
    "Metrics/LagrangeMultiplier/Max": 212.2994384765625,
    "Metrics/LagrangeMultiplier/Min": 212.2994384765625,
    "Metrics/LagrangeMultiplier/Std": 0,
    "Time/Epoch": 102.68988800048828,
    "Time/FPS": 194.7611541748047,
    "Time/Rollout": 51.21348190307617,
    "Time/Total": 9158.15625,
    "Time/Update": 51.47636413574219,
    "TotalEnvSteps": 2000000,
    "Train/Entropy": 0.3640008568763733,
    "Train/Epoch": 99,
    "Train/KL": 0.004501619376242161,
    "Train/LR": 0,
    "Train/PolicyRatio": 1.000046968460083,
    "Train/PolicyRatio/Max": 1.000046968460083,
    "Train/PolicyRatio/Min": 1.000046968460083,
    "Train/PolicyRatio/Std": 0.007494902238249779,
    "Train/PolicyStd": 0.3483474552631378,
    "Train/StopIter": 40,
    "Value/Adv": -0.13479837775230408,
    "Value/cost": 0.8302898406982422,
    "Value/reward": -0.17156870663166046,
    "_runtime": 9159.685728177,
    "_step": 100,
    "_timestamp": 1745042785.1755855,
    "_wandb": {
        "runtime": 9159
    }
}