{
    "Loss/Loss_cost_critic": 9.407450675964355,
    "Loss/Loss_cost_critic/Delta": 6.015822172164917,
    "Loss/Loss_pi": -0.1731538027524948,
    "Loss/Loss_pi/Delta": 0.0827450305223465,
    "Loss/Loss_reward_critic": 0.16500893235206604,
    "Loss/Loss_reward_critic/Delta": 0.04218529164791107,
    "Metrics/EpCost": 6.650000095367432,
    "Metrics/EpLen": 500,
    "Metrics/EpRet": 21.353178024291992,
    "Metrics/LagrangeMultiplier": 1.0659347772598269,
    "Metrics/LagrangeMultiplier/Max": 1.0659347772598269,
    "Metrics/LagrangeMultiplier/Min": 1.0659347772598269,
    "Metrics/LagrangeMultiplier/Std": 0,
    "Misc/AcceptanceStep": 1,
    "Misc/Alpha": 2.095092296600342,
    "Misc/FinalStepNorm": 0.23977072536945343,
    "Misc/H_inv_g": 0.11444399505853652,
    "Misc/gradient_norm": 0.21383513510227203,
    "Misc/xHx": 0.004556410014629364,
    "Safety/EpCostShield": 22.75,
    "Safety/ShieldLagrangeMultiplier": 1.254741072654724,
    "Safety/ShieldLagrangeMultiplier/Max": 1.254741072654724,
    "Safety/ShieldLagrangeMultiplier/Min": 1.254741072654724,
    "Safety/ShieldLagrangeMultiplier/Std": 0,
    "Safety/shield_adv_c": 0.23065289855003357,
    "Safety/shield_violation": 2.2934563159942627,
    "Time/Epoch": 118.7763442993164,
    "Time/FPS": 168.3837127685547,
    "Time/Rollout": 94.85228729248048,
    "Time/Total": 11897.068359375,
    "Time/Update": 23.924022674560547,
    "TotalEnvSteps": 2000000,
    "Train/Entropy": 2.0003490447998047,
    "Train/Epoch": 99,
    "Train/KL": 0.0003856675757560879,
    "Train/LR": 0,
    "Train/PolicyRatio": 1.003364086151123,
    "Train/PolicyRatio/Max": 1.003364086151123,
    "Train/PolicyRatio/Min": 1.003364086151123,
    "Train/PolicyRatio/Std": 0.002378768054768443,
    "Train/PolicyStd": 1.877161979675293,
    "Train/StopIter": 10,
    "Value/Adv": -6.103515470812226e-09,
    "Value/cost": 1.044224739074707,
    "Value/reward": 4.268181324005127,
    "_runtime": 11898.609523373,
    "_step": 100,
    "_timestamp": 1746520735.3395948,
    "_wandb": {
        "runtime": 11898
    }
}