{
    "Loss/Loss_cost_critic": 0.115105502307415,
    "Loss/Loss_cost_critic/Delta": 0.06770830228924751,
    "Loss/Loss_pi": -0.002691066125407815,
    "Loss/Loss_pi/Delta": -0.001319139963015914,
    "Loss/Loss_reward_critic": 0.00802062638103962,
    "Loss/Loss_reward_critic/Delta": -0.0009148521348834038,
    "Metrics/EpCost": 3.2100000381469727,
    "Metrics/EpLen": 1000,
    "Metrics/EpRet": -2.6392171382904053,
    "Misc/A": 0.02231859229505062,
    "Misc/AcceptanceStep": 1,
    "Misc/Alpha": 0.9454555511474608,
    "Misc/B": -3585.438232421875,
    "Misc/FinalStepNorm": 0.3313036859035492,
    "Misc/H_inv_g": 0.25763460993766785,
    "Misc/Lambda_star": 0,
    "Misc/Nu_star": 2.6380455493927,
    "Misc/OptimCase": 0,
    "Misc/cost_gradient_norm": 0.043889377266168594,
    "Misc/gradient_norm": 0.381180077791214,
    "Misc/q": 0.02237420342862606,
    "Misc/r": -0.0003997710591647774,
    "Misc/s": 0.002873848658055067,
    "Misc/xHx": 0.02237420342862606,
    "Time/Epoch": 89.20835876464844,
    "Time/FPS": 224.1942443847656,
    "Time/Rollout": 77.67839813232422,
    "Time/Total": 8946.1279296875,
    "Time/Update": 11.529939651489258,
    "TotalEnvSteps": 2000000,
    "Train/Entropy": 1.4025567770004272,
    "Train/Epoch": 99,
    "Train/KL": 0.0001349577505607158,
    "Train/LR": 0,
    "Train/PolicyRatio": 1.0006986856460571,
    "Train/PolicyRatio/Max": 1.000698804855347,
    "Train/PolicyRatio/Min": 1.000698804855347,
    "Train/PolicyRatio/Std": 0.0004940172657370567,
    "Train/PolicyStd": 0.9838617444038392,
    "Train/StopIter": 10,
    "Value/Adv": -3.8146971692576415e-10,
    "Value/cost": 0.11515668779611588,
    "Value/reward": -0.27369409799575806,
    "_runtime": 8947.795548518,
    "_step": 100,
    "_timestamp": 1743326257.7696764,
    "_wandb": {
        "runtime": 8947
    }
}