{
    "Loss/Loss_cost_critic": 12.00560188293457,
    "Loss/Loss_cost_critic/Delta": 1.0978879928588867,
    "Loss/Loss_pi": -0.01064611878246069,
    "Loss/Loss_pi/Delta": -0.0005239304155111313,
    "Loss/Loss_reward_critic": 0.18727487325668335,
    "Loss/Loss_reward_critic/Delta": 0.03990033268928528,
    "Metrics/EpCost": 71.68000030517578,
    "Metrics/EpLen": 500,
    "Metrics/EpRet": 16.071054458618164,
    "Metrics/LagrangeMultiplier": 0.21302062273025513,
    "Metrics/LagrangeMultiplier/Max": 0.21302062273025513,
    "Metrics/LagrangeMultiplier/Min": 0.21302062273025513,
    "Metrics/LagrangeMultiplier/Std": 0,
    "Misc/AcceptanceStep": 1,
    "Misc/Alpha": 1.2626630067825315,
    "Misc/FinalStepNorm": 0.2015068382024765,
    "Misc/H_inv_g": 0.1595887690782547,
    "Misc/gradient_norm": 0.535969614982605,
    "Misc/xHx": 0.012544538825750353,
    "Time/Epoch": 122.92243194580078,
    "Time/FPS": 162.70423889160156,
    "Time/Rollout": 107.40042877197266,
    "Time/Total": 12329.798828125,
    "Time/Update": 15.52197265625,
    "TotalEnvSteps": 2000000,
    "Train/Entropy": 0.6679518818855286,
    "Train/Epoch": 99,
    "Train/KL": 0.0004603871493600309,
    "Train/LR": 0,
    "Train/PolicyRatio": 0.9999101758003236,
    "Train/PolicyRatio/Max": 0.9999102354049684,
    "Train/PolicyRatio/Min": 0.9999102354049684,
    "Train/PolicyRatio/Std": 6.352935452014208e-05,
    "Train/PolicyStd": 0.4890323877334595,
    "Train/StopIter": 10,
    "Value/Adv": -3.814697002724188e-09,
    "Value/cost": 12.202710151672363,
    "Value/reward": 3.383925437927246,
    "_runtime": 12331.367456004,
    "_step": 100,
    "_timestamp": 1745036686.3750155,
    "_wandb": {
        "runtime": 12331
    }
}