{
    "Loss/Loss_cost_critic": 2.9535140991210938,
    "Loss/Loss_cost_critic/Delta": 0.8316328525543213,
    "Loss/Loss_pi": 0.05174545571208,
    "Loss/Loss_pi/Delta": 0.02853154018521309,
    "Loss/Loss_reward_critic": 0.1357605755329132,
    "Loss/Loss_reward_critic/Delta": 0.011971473693847656,
    "Metrics/EpCost": 1.2899999618530271,
    "Metrics/EpLen": 500,
    "Metrics/EpRet": 20.681215286254883,
    "Metrics/LagrangeMultiplier": 1.3218433856964111,
    "Metrics/LagrangeMultiplier/Max": 1.3218433856964111,
    "Metrics/LagrangeMultiplier/Min": 1.3218433856964111,
    "Metrics/LagrangeMultiplier/Std": 0,
    "Safety/EpCostShield": 9.399999618530272,
    "Safety/ShieldLagrangeMultiplier": 1.3717401027679443,
    "Safety/ShieldLagrangeMultiplier/Max": 1.3717401027679443,
    "Safety/ShieldLagrangeMultiplier/Min": 1.3717401027679443,
    "Safety/ShieldLagrangeMultiplier/Std": 0,
    "Safety/shield_adv_c": "NaN",
    "Safety/shield_violation": 1.087477684020996,
    "Time/Epoch": 231.0105438232422,
    "Time/FPS": 86.57613372802734,
    "Time/Rollout": 92.2067413330078,
    "Time/Total": 23398.078125,
    "Time/Update": 138.8037567138672,
    "TotalEnvSteps": 2000000,
    "Train/Entropy": 0.36237072944641113,
    "Train/Epoch": 99,
    "Train/KL": 0.004614763427525759,
    "Train/LR": 0,
    "Train/PolicyRatio": 0.9998840093612672,
    "Train/PolicyRatio/Max": 0.9998840093612672,
    "Train/PolicyRatio/Min": 0.9998840093612672,
    "Train/PolicyRatio/Std": 0.007560912985354662,
    "Train/PolicyStd": 0.347647488117218,
    "Train/StopIter": 40,
    "Value/Adv": 0.358137309551239,
    "Value/cost": 0.217328742146492,
    "Value/reward": 4.108380317687988,
    "_runtime": 23400.041558125,
    "_step": 100,
    "_timestamp": 1746639277.9161255,
    "_wandb": {
        "runtime": 23400
    }
}