{
    "Loss/Loss_cost_critic": 5.0712385177612305,
    "Loss/Loss_cost_critic/Delta": 4.349890768527985,
    "Loss/Loss_pi": 0.6122159957885742,
    "Loss/Loss_pi/Delta": 0.8597516864538193,
    "Loss/Loss_reward_critic": 0.0052459146827459335,
    "Loss/Loss_reward_critic/Delta": -0.0051765479147434235,
    "Metrics/EpCost": 15.109999656677246,
    "Metrics/EpLen": 1000,
    "Metrics/EpRet": 0.08031018078327179,
    "Metrics/LagrangeMultiplier": 2.604408264160156,
    "Metrics/LagrangeMultiplier/Max": 2.604408264160156,
    "Metrics/LagrangeMultiplier/Min": 2.604408264160156,
    "Metrics/LagrangeMultiplier/Std": 0,
    "Safety/EpCostShield": 86.9000015258789,
    "Safety/ShieldLagrangeMultiplier": 2.7727854251861572,
    "Safety/ShieldLagrangeMultiplier/Max": 2.7727854251861572,
    "Safety/ShieldLagrangeMultiplier/Min": 2.7727854251861572,
    "Safety/ShieldLagrangeMultiplier/Std": 0,
    "Safety/shield_adv_c": "NaN",
    "Safety/shield_violation": 2.2104597091674805,
    "Time/Epoch": 237.41314697265625,
    "Time/FPS": 84.2413330078125,
    "Time/Rollout": 91.79784393310548,
    "Time/Total": 20462.90625,
    "Time/Update": 145.615234375,
    "TotalEnvSteps": 2000000,
    "Train/Entropy": 0.7878091335296631,
    "Train/Epoch": 99,
    "Train/KL": 0.005270032212138176,
    "Train/LR": 0,
    "Train/PolicyRatio": 0.9981712698936462,
    "Train/PolicyRatio/Max": 0.9981712698936462,
    "Train/PolicyRatio/Min": 0.9981712698936462,
    "Train/PolicyRatio/Std": 0.008078259415924549,
    "Train/PolicyStd": 0.5332961678504944,
    "Train/StopIter": 40,
    "Value/Adv": 0.1459253579378128,
    "Value/cost": 0.6152888536453247,
    "Value/reward": 0.0015291376039385796,
    "_runtime": 20464.385129854,
    "_step": 100,
    "_timestamp": 1746614003.6763878,
    "_wandb": {
        "runtime": 20464
    }
}