{
    "Loss/Loss_cost_critic": 3.959175348281861,
    "Loss/Loss_cost_critic/Delta": -0.24370503425598145,
    "Loss/Loss_pi": -0.11767476797103882,
    "Loss/Loss_pi/Delta": 0.018589645624160767,
    "Loss/Loss_reward_critic": 0.04426685348153114,
    "Loss/Loss_reward_critic/Delta": -0.011449038982391356,
    "Metrics/EpCost": 15.420000076293944,
    "Metrics/EpLen": 1000,
    "Metrics/EpRet": 8.508639335632324,
    "Metrics/LagrangeMultiplier": 2.7843306064605713,
    "Metrics/LagrangeMultiplier/Max": 2.7843306064605713,
    "Metrics/LagrangeMultiplier/Min": 2.7843306064605713,
    "Metrics/LagrangeMultiplier/Std": 0,
    "Safety/EpCostShield": 31.600000381469727,
    "Safety/ShieldLagrangeMultiplier": 2.657186508178711,
    "Safety/ShieldLagrangeMultiplier/Max": 2.657186508178711,
    "Safety/ShieldLagrangeMultiplier/Min": 2.657186508178711,
    "Safety/ShieldLagrangeMultiplier/Std": 0,
    "Safety/shield_adv_c": "NaN",
    "Safety/shield_violation": 3.6926839351654057,
    "Time/Epoch": 217.40269470214844,
    "Time/FPS": 91.99517822265624,
    "Time/Rollout": 89.58905792236328,
    "Time/Total": 18436.05078125,
    "Time/Update": 127.81359100341795,
    "TotalEnvSteps": 2000000,
    "Train/Entropy": 0.07178303599357605,
    "Train/Epoch": 99,
    "Train/KL": 0.0044291578233242035,
    "Train/LR": 0,
    "Train/PolicyRatio": 1.0002726316452026,
    "Train/PolicyRatio/Max": 1.0002726316452026,
    "Train/PolicyRatio/Min": 1.0002726316452026,
    "Train/PolicyRatio/Std": 0.007352074142545462,
    "Train/PolicyStd": 0.261121541261673,
    "Train/StopIter": 40,
    "Value/Adv": -0.031363096088171005,
    "Value/cost": 1.5629603862762451,
    "Value/reward": 0.9105642437934875,
    "_runtime": 18445.335431617,
    "_step": 100,
    "_timestamp": 1747268718.610384,
    "_wandb": {
        "runtime": 18445
    }
}