{
    "Loss/Loss_cost_critic": 4.731269836425781,
    "Loss/Loss_cost_critic/Delta": 2.8531532287597656,
    "Loss/Loss_pi": -0.15583330392837524,
    "Loss/Loss_pi/Delta": 0.1595662534236908,
    "Loss/Loss_reward_critic": 0.04736345261335373,
    "Loss/Loss_reward_critic/Delta": -0.00885770097374916,
    "Metrics/EpCost": 9.710000038146973,
    "Metrics/EpLen": 1000,
    "Metrics/EpRet": 7.387131214141846,
    "Metrics/LagrangeMultiplier": 2.265941619873047,
    "Metrics/LagrangeMultiplier/Max": 2.265941619873047,
    "Metrics/LagrangeMultiplier/Min": 2.265941619873047,
    "Metrics/LagrangeMultiplier/Std": 0,
    "Misc/AcceptanceStep": 1,
    "Misc/Alpha": 0.7978992462158203,
    "Misc/FinalStepNorm": 0.26745063066482544,
    "Misc/H_inv_g": 0.3351934850215912,
    "Misc/gradient_norm": 0.228775218129158,
    "Misc/xHx": 0.031414758414030075,
    "Safety/EpCostShield": 31.549999237060547,
    "Safety/ShieldLagrangeMultiplier": 2.3916585445404053,
    "Safety/ShieldLagrangeMultiplier/Max": 2.3916585445404053,
    "Safety/ShieldLagrangeMultiplier/Min": 2.3916585445404053,
    "Safety/ShieldLagrangeMultiplier/Std": 0,
    "Safety/shield_adv_c": 0.3069193959236145,
    "Safety/shield_violation": 1.994416356086731,
    "Time/Epoch": 131.17974853515625,
    "Time/FPS": 152.4625701904297,
    "Time/Rollout": 105.06548309326172,
    "Time/Total": 13335.423828125,
    "Time/Update": 26.11421585083008,
    "TotalEnvSteps": 2000000,
    "Train/Entropy": 1.8147751092910769,
    "Train/Epoch": 99,
    "Train/KL": 0.0003543467028066516,
    "Train/LR": 0,
    "Train/PolicyRatio": 1.0001400709152222,
    "Train/PolicyRatio/Max": 1.0001400709152222,
    "Train/PolicyRatio/Min": 1.0001400709152222,
    "Train/PolicyRatio/Std": 9.901700104819612e-05,
    "Train/PolicyStd": 1.485703945159912,
    "Train/StopIter": 10,
    "Value/Adv": -4.959106458812812e-09,
    "Value/cost": 0.5715454816818237,
    "Value/reward": 0.8598957061767578,
    "_runtime": 13337.459498337,
    "_step": 100,
    "_timestamp": 1746533271.4363046,
    "_wandb": {
        "runtime": 13337
    }
}