{
    "Loss/Loss_cost_critic": 4.778310775756836,
    "Loss/Loss_cost_critic/Delta": 0.7166500091552734,
    "Loss/Loss_pi": 0.1922917664051056,
    "Loss/Loss_pi/Delta": 0.5876894891262054,
    "Loss/Loss_reward_critic": 0.04008747637271881,
    "Loss/Loss_reward_critic/Delta": -0.0038092955946922302,
    "Metrics/EpCost": 22.63999938964844,
    "Metrics/EpLen": 1000,
    "Metrics/EpRet": 4.4954328536987305,
    "Metrics/LagrangeMultiplier": 2.6388702392578125,
    "Metrics/LagrangeMultiplier/Max": 2.6388702392578125,
    "Metrics/LagrangeMultiplier/Min": 2.6388702392578125,
    "Metrics/LagrangeMultiplier/Std": 0,
    "Safety/EpCostShield": 85,
    "Safety/ShieldLagrangeMultiplier": 2.730860948562622,
    "Safety/ShieldLagrangeMultiplier/Max": 2.730860948562622,
    "Safety/ShieldLagrangeMultiplier/Min": 2.730860948562622,
    "Safety/ShieldLagrangeMultiplier/Std": 0,
    "Safety/shield_adv_c": "NaN",
    "Safety/shield_violation": 5.68016242980957,
    "Time/Epoch": 265.445068359375,
    "Time/FPS": 75.34516143798828,
    "Time/Rollout": 113.5263671875,
    "Time/Total": 21565.041015625,
    "Time/Update": 151.9186248779297,
    "TotalEnvSteps": 2000000,
    "Train/Entropy": 0.14661051332950592,
    "Train/Epoch": 99,
    "Train/KL": 0.004373033531010151,
    "Train/LR": 0,
    "Train/PolicyRatio": 0.999999225139618,
    "Train/PolicyRatio/Max": 0.999999225139618,
    "Train/PolicyRatio/Min": 0.999999225139618,
    "Train/PolicyRatio/Std": 0.00730121647939086,
    "Train/PolicyStd": 0.28305599093437195,
    "Train/StopIter": 40,
    "Value/Adv": 0.12409094721078873,
    "Value/cost": 2.3175206184387207,
    "Value/reward": 0.6653976440429688,
    "_runtime": 21567.231754959,
    "_step": 100,
    "_timestamp": 1746590854.884771,
    "_wandb": {
        "runtime": 21567
    }
}