{
    "Loss/Loss_cost_critic": 0.8415259122848511,
    "Loss/Loss_cost_critic/Delta": -0.026011943817138672,
    "Loss/Loss_pi": -0.009031668305397034,
    "Loss/Loss_pi/Delta": 0.0038841934874653816,
    "Loss/Loss_reward_critic": 0.08197927474975586,
    "Loss/Loss_reward_critic/Delta": 0.017292097210884094,
    "Metrics/EpCost": 13.09000015258789,
    "Metrics/EpLen": 1000,
    "Metrics/EpRet": 7.932650089263916,
    "Metrics/LagrangeMultiplier": 2.6813931465148926,
    "Metrics/LagrangeMultiplier/Max": 2.6813931465148926,
    "Metrics/LagrangeMultiplier/Min": 2.6813931465148926,
    "Metrics/LagrangeMultiplier/Std": 0,
    "Misc/AcceptanceStep": 1,
    "Misc/Alpha": 1.505932092666626,
    "Misc/FinalStepNorm": 0.2868698239326477,
    "Misc/H_inv_g": 0.19049321115016937,
    "Misc/gradient_norm": 0.14923574030399325,
    "Misc/xHx": 0.008818987756967545,
    "Time/Epoch": 107.61166381835938,
    "Time/FPS": 185.8534698486328,
    "Time/Rollout": 87.45478057861328,
    "Time/Total": 10822.298828125,
    "Time/Update": 20.156848907470703,
    "TotalEnvSteps": 2000000,
    "Train/Entropy": 1.1515250205993652,
    "Train/Epoch": 99,
    "Train/KL": 0.0003204094828106463,
    "Train/LR": 0,
    "Train/PolicyRatio": 0.9995412230491638,
    "Train/PolicyRatio/Max": 0.9995412230491638,
    "Train/PolicyRatio/Min": 0.9995412230491638,
    "Train/PolicyRatio/Std": 0.00032441833172924817,
    "Train/PolicyStd": 0.7769220471382141,
    "Train/StopIter": 10,
    "Value/Adv": -4.577636492086867e-09,
    "Value/cost": 1.7074565887451172,
    "Value/reward": 1.0902458429336548,
    "_runtime": 10824.31444325,
    "_step": 100,
    "_timestamp": 1746909423.9284985,
    "_wandb": {
        "runtime": 10824
    }
}