{
    "Loss/Loss_cost_critic": 6.359310150146484,
    "Loss/Loss_cost_critic/Delta": 1.7920503616333008,
    "Loss/Loss_pi": -0.1803016662597656,
    "Loss/Loss_pi/Delta": 0.06231634318828583,
    "Loss/Loss_reward_critic": 0.16748900711536407,
    "Loss/Loss_reward_critic/Delta": 0.006940379738807678,
    "Metrics/EpCost": 3.2699999809265137,
    "Metrics/EpLen": 500,
    "Metrics/EpRet": 21.5042724609375,
    "Metrics/LagrangeMultiplier": 1.0870977640151978,
    "Metrics/LagrangeMultiplier/Max": 1.0870977640151978,
    "Metrics/LagrangeMultiplier/Min": 1.0870977640151978,
    "Metrics/LagrangeMultiplier/Std": 0,
    "Misc/AcceptanceStep": 1,
    "Misc/Alpha": 2.265174627304077,
    "Misc/FinalStepNorm": 0.24357567727565765,
    "Misc/H_inv_g": 0.10753064602613448,
    "Misc/gradient_norm": 0.18103821575641632,
    "Misc/xHx": 0.0038978534284979105,
    "Safety/EpCostShield": 14.25,
    "Safety/ShieldLagrangeMultiplier": 1.3555384874343872,
    "Safety/ShieldLagrangeMultiplier/Max": 1.3555384874343872,
    "Safety/ShieldLagrangeMultiplier/Min": 1.3555384874343872,
    "Safety/ShieldLagrangeMultiplier/Std": 0,
    "Safety/shield_adv_c": -0.07638095319271088,
    "Safety/shield_violation": 1.4984936714172363,
    "Time/Epoch": 119.9052734375,
    "Time/FPS": 166.79833984375,
    "Time/Rollout": 102.74226379394533,
    "Time/Total": 11680.0673828125,
    "Time/Update": 17.16299057006836,
    "TotalEnvSteps": 2000000,
    "Train/Entropy": 1.8714686632156372,
    "Train/Epoch": 99,
    "Train/KL": 0.0003961923357564956,
    "Train/LR": 0,
    "Train/PolicyRatio": 1.0014225244522097,
    "Train/PolicyRatio/Max": 1.001422643661499,
    "Train/PolicyRatio/Min": 1.001422643661499,
    "Train/PolicyRatio/Std": 0.0010059609776362777,
    "Train/PolicyStd": 1.8972984552383425,
    "Train/StopIter": 10,
    "Value/Adv": -1.5258788677030564e-09,
    "Value/cost": 0.2900484502315521,
    "Value/reward": 4.302056312561035,
    "_runtime": 11682.206324844,
    "_step": 100,
    "_timestamp": 1746615563.005248,
    "_wandb": {
        "runtime": 11682
    }
}