{
    "Loss/Loss_cost_critic": 6.890079021453857,
    "Loss/Loss_cost_critic/Delta": -0.8358078002929688,
    "Loss/Loss_pi": -0.27005481719970703,
    "Loss/Loss_pi/Delta": -0.08723309636116028,
    "Loss/Loss_reward_critic": 0.0422675758600235,
    "Loss/Loss_reward_critic/Delta": 0.0002869628369808197,
    "Metrics/EpCost": 20.93000030517578,
    "Metrics/EpLen": 1000,
    "Metrics/EpRet": 12.294012069702148,
    "Metrics/LagrangeMultiplier": 2.357614517211914,
    "Metrics/LagrangeMultiplier/Max": 2.357614517211914,
    "Metrics/LagrangeMultiplier/Min": 2.357614517211914,
    "Metrics/LagrangeMultiplier/Std": 0,
    "Safety/EpCostShield": 44.95000076293945,
    "Safety/ShieldLagrangeMultiplier": 2.4927496910095215,
    "Safety/ShieldLagrangeMultiplier/Max": 2.4927496910095215,
    "Safety/ShieldLagrangeMultiplier/Min": 2.4927496910095215,
    "Safety/ShieldLagrangeMultiplier/Std": 0,
    "Safety/shield_adv_c": "NaN",
    "Safety/shield_violation": 5.205460071563721,
    "Time/Epoch": 208.8455352783203,
    "Time/FPS": 95.76455688476562,
    "Time/Rollout": 82.02838134765625,
    "Time/Total": 21021.361328125,
    "Time/Update": 126.8171157836914,
    "TotalEnvSteps": 2000000,
    "Train/Entropy": 0.7158991694450378,
    "Train/Epoch": 99,
    "Train/KL": 0.002950275084003806,
    "Train/LR": 0,
    "Train/PolicyRatio": 0.9999048113822936,
    "Train/PolicyRatio/Max": 0.9999048709869384,
    "Train/PolicyRatio/Min": 0.9999048709869384,
    "Train/PolicyRatio/Std": 0.0056600188836455345,
    "Train/PolicyStd": 0.4969455897808075,
    "Train/StopIter": 40,
    "Value/Adv": -0.0217469185590744,
    "Value/cost": 2.5769641399383545,
    "Value/reward": 1.3663890361785889,
    "_runtime": 21023.016679102,
    "_step": 100,
    "_timestamp": 1746517411.0357862,
    "_wandb": {
        "runtime": 21023
    }
}