{
    "Loss/Loss_cost_critic": 0.10332907736301422,
    "Loss/Loss_cost_critic/Delta": -0.10590073466300964,
    "Loss/Loss_pi": -0.002545327180996537,
    "Loss/Loss_pi/Delta": 0.005417800275608897,
    "Loss/Loss_reward_critic": 0.007455381099134684,
    "Loss/Loss_reward_critic/Delta": -0.004139055963605642,
    "Metrics/EpCost": 3.819999933242798,
    "Metrics/EpLen": 1000,
    "Metrics/EpRet": 0.028158508241176605,
    "Metrics/LagrangeMultiplier": 23.6492919921875,
    "Metrics/LagrangeMultiplier/Max": 23.6492919921875,
    "Metrics/LagrangeMultiplier/Min": 23.6492919921875,
    "Metrics/LagrangeMultiplier/Std": 0,
    "Time/Epoch": 115.80313110351562,
    "Time/FPS": 172.7069091796875,
    "Time/Rollout": 62.51912689208984,
    "Time/Total": 9730.7548828125,
    "Time/Update": 53.283966064453125,
    "TotalEnvSteps": 2000000,
    "Train/Entropy": 0.15433894097805023,
    "Train/Epoch": 99,
    "Train/KL": 0.0047120023518800735,
    "Train/LR": 0,
    "Train/PolicyRatio": 1.0003070831298828,
    "Train/PolicyRatio/Max": 1.0003070831298828,
    "Train/PolicyRatio/Min": 1.0003070831298828,
    "Train/PolicyRatio/Std": 0.007526777684688568,
    "Train/PolicyStd": 0.2832559049129486,
    "Train/StopIter": 40,
    "Value/Adv": 0.294883668422699,
    "Value/cost": 0.23163364827632904,
    "Value/reward": -0.009481755085289478,
    "_runtime": 9732.273866109,
    "_step": 100,
    "_timestamp": 1745040192.2802005,
    "_wandb": {
        "runtime": 9732
    }
}