{
    "Loss/Loss_cost_critic": 3.887688159942627,
    "Loss/Loss_cost_critic/Delta": 0.6638624668121338,
    "Loss/Loss_pi": -0.2757417857646942,
    "Loss/Loss_pi/Delta": 0.017538130283355713,
    "Loss/Loss_reward_critic": 0.037761155515909195,
    "Loss/Loss_reward_critic/Delta": -0.0007604509592056274,
    "Metrics/EpCost": 13.920000076293944,
    "Metrics/EpLen": 1000,
    "Metrics/EpRet": 6.190464019775391,
    "Metrics/LagrangeMultiplier": 2.510615825653076,
    "Metrics/LagrangeMultiplier/Max": 2.510615825653076,
    "Metrics/LagrangeMultiplier/Min": 2.510615825653076,
    "Metrics/LagrangeMultiplier/Std": 0,
    "Safety/EpCostShield": 26.450000762939453,
    "Safety/ShieldLagrangeMultiplier": 2.5212817192077637,
    "Safety/ShieldLagrangeMultiplier/Max": 2.5212817192077637,
    "Safety/ShieldLagrangeMultiplier/Min": 2.5212817192077637,
    "Safety/ShieldLagrangeMultiplier/Std": 0,
    "Safety/shield_adv_c": "NaN",
    "Safety/shield_violation": 3.5596420764923096,
    "Time/Epoch": 290.2923278808594,
    "Time/FPS": 68.89606475830078,
    "Time/Rollout": 92.8872528076172,
    "Time/Total": 29987.3671875,
    "Time/Update": 197.4049530029297,
    "TotalEnvSteps": 2000000,
    "Train/Entropy": 0.7952962517738342,
    "Train/Epoch": 99,
    "Train/KL": 0.002374549861997366,
    "Train/LR": 0,
    "Train/PolicyRatio": 1.000392198562622,
    "Train/PolicyRatio/Max": 1.000392198562622,
    "Train/PolicyRatio/Min": 1.000392198562622,
    "Train/PolicyRatio/Std": 0.005770682357251644,
    "Train/PolicyStd": 0.5500106811523438,
    "Train/StopIter": 40,
    "Value/Adv": 0.3266447186470032,
    "Value/cost": 2.0589163303375244,
    "Value/reward": 0.6050013899803162,
    "_runtime": 29989.499471864,
    "_step": 100,
    "_timestamp": 1746526402.6782656,
    "_wandb": {
        "runtime": 29989
    }
}