{
    "Loss/Loss_cost_critic": 4.927423477172852,
    "Loss/Loss_cost_critic/Delta": -1.0414447784423828,
    "Loss/Loss_pi": 0.10828354209661484,
    "Loss/Loss_pi/Delta": 0.43105634301900864,
    "Loss/Loss_reward_critic": 0.03811202943325043,
    "Loss/Loss_reward_critic/Delta": 0.0065470486879348755,
    "Metrics/EpCost": 21.36000061035156,
    "Metrics/EpLen": 1000,
    "Metrics/EpRet": 3.6021554470062256,
    "Metrics/LagrangeMultiplier": 2.490314245223999,
    "Metrics/LagrangeMultiplier/Max": 2.490314245223999,
    "Metrics/LagrangeMultiplier/Min": 2.490314245223999,
    "Metrics/LagrangeMultiplier/Std": 0,
    "Safety/EpCostShield": 104.9499969482422,
    "Safety/ShieldLagrangeMultiplier": 2.621743679046631,
    "Safety/ShieldLagrangeMultiplier/Max": 2.621743679046631,
    "Safety/ShieldLagrangeMultiplier/Min": 2.621743679046631,
    "Safety/ShieldLagrangeMultiplier/Std": 0,
    "Safety/shield_adv_c": "NaN",
    "Safety/shield_violation": 7.161489009857178,
    "Time/Epoch": 199.58677673339844,
    "Time/FPS": 100.20703887939452,
    "Time/Rollout": 103.78447723388672,
    "Time/Total": 18229,
    "Time/Update": 95.80224609375,
    "TotalEnvSteps": 2000000,
    "Train/Entropy": 0.30264919996261597,
    "Train/Epoch": 99,
    "Train/KL": 0.0034479040186852217,
    "Train/LR": 0,
    "Train/PolicyRatio": 1.0016452074050903,
    "Train/PolicyRatio/Max": 1.0016452074050903,
    "Train/PolicyRatio/Min": 1.0016452074050903,
    "Train/PolicyRatio/Std": 0.006814091000705957,
    "Train/PolicyStd": 0.3275260329246521,
    "Train/StopIter": 40,
    "Value/Adv": -0.07805736362934113,
    "Value/cost": 2.350229263305664,
    "Value/reward": 0.4662931561470032,
    "_runtime": 18230.276529692,
    "_step": 100,
    "_timestamp": 1746550785.965804,
    "_wandb": {
        "runtime": 18230
    }
}