{
    "Loss/Loss_cost_critic": 2.236992359161377,
    "Loss/Loss_cost_critic/Delta": -0.4620771408081054,
    "Loss/Loss_pi": -0.31273406744003296,
    "Loss/Loss_pi/Delta": -0.00027763843536376953,
    "Loss/Loss_reward_critic": 0.04238813742995262,
    "Loss/Loss_reward_critic/Delta": -0.010750435292720796,
    "Metrics/EpCost": 4.329999923706055,
    "Metrics/EpLen": 1000,
    "Metrics/EpRet": 2.250520944595337,
    "Metrics/LagrangeMultiplier": 1.817892909049988,
    "Metrics/LagrangeMultiplier/Max": 1.817892909049988,
    "Metrics/LagrangeMultiplier/Min": 1.817892909049988,
    "Metrics/LagrangeMultiplier/Std": 0,
    "Misc/AcceptanceStep": 1,
    "Misc/Alpha": 1.9104139804840088,
    "Misc/FinalStepNorm": 0.3313939571380615,
    "Misc/H_inv_g": 0.17346709966659546,
    "Misc/gradient_norm": 0.10404156148433684,
    "Misc/xHx": 0.005479920189827681,
    "Safety/EpCostShield": 16.049999237060547,
    "Safety/ShieldLagrangeMultiplier": 2.266545057296753,
    "Safety/ShieldLagrangeMultiplier/Max": 2.266545057296753,
    "Safety/ShieldLagrangeMultiplier/Min": 2.266545057296753,
    "Safety/ShieldLagrangeMultiplier/Std": 0,
    "Safety/shield_adv_c": 0.04731586575508118,
    "Safety/shield_violation": 2.4635744094848633,
    "Time/Epoch": 133.53909301757812,
    "Time/FPS": 149.7688751220703,
    "Time/Rollout": 98.17839050292967,
    "Time/Total": 14024.0615234375,
    "Time/Update": 35.36064910888672,
    "TotalEnvSteps": 2000000,
    "Train/Entropy": 2.203822374343872,
    "Train/Epoch": 99,
    "Train/KL": 0.00024258813937194643,
    "Train/LR": 0,
    "Train/PolicyRatio": 1.0031808614730835,
    "Train/PolicyRatio/Max": 1.0031808614730835,
    "Train/PolicyRatio/Min": 1.0031808614730835,
    "Train/PolicyRatio/Std": 0.0022491244599223137,
    "Train/PolicyStd": 2.192499876022339,
    "Train/StopIter": 10,
    "Value/Adv": 1.602172794434864e-08,
    "Value/cost": 0.4369920790195465,
    "Value/reward": 0.2745170295238495,
    "_runtime": 14025.566901355,
    "_step": 100,
    "_timestamp": 1746510441.1835897,
    "_wandb": {
        "runtime": 14025
    }
}