{
    "Loss/Loss_cost_critic": 1.3152941465377808,
    "Loss/Loss_cost_critic/Delta": -0.06742596626281738,
    "Loss/Loss_pi": 0.030109085142612457,
    "Loss/Loss_pi/Delta": 0.2381068840622902,
    "Loss/Loss_reward_critic": 0.004471563268452883,
    "Loss/Loss_reward_critic/Delta": -0.00010078353807330132,
    "Metrics/EpCost": 4.420000076293945,
    "Metrics/EpLen": 1000,
    "Metrics/EpRet": 0.06152188405394554,
    "Metrics/LagrangeMultiplier": 2.395200729370117,
    "Metrics/LagrangeMultiplier/Max": 2.395200729370117,
    "Metrics/LagrangeMultiplier/Min": 2.395200729370117,
    "Metrics/LagrangeMultiplier/Std": 0,
    "Misc/AcceptanceStep": 1,
    "Misc/Alpha": 0.946129322052002,
    "Misc/FinalStepNorm": 0.3054870069026947,
    "Misc/H_inv_g": 0.3228808343410492,
    "Misc/gradient_norm": 0.19352200627326965,
    "Misc/xHx": 0.022342346608638763,
    "Safety/EpCostShield": 27.450000762939453,
    "Safety/ShieldLagrangeMultiplier": 2.354764938354492,
    "Safety/ShieldLagrangeMultiplier/Max": 2.354764938354492,
    "Safety/ShieldLagrangeMultiplier/Min": 2.354764938354492,
    "Safety/ShieldLagrangeMultiplier/Std": 0,
    "Safety/shield_adv_c": 0.14325255155563354,
    "Safety/shield_violation": 1.9923092126846311,
    "Time/Epoch": 101.32711029052734,
    "Time/FPS": 197.3805389404297,
    "Time/Rollout": 82.16201782226562,
    "Time/Total": 9878.2021484375,
    "Time/Update": 19.165069580078125,
    "TotalEnvSteps": 2000000,
    "Train/Entropy": 1.3677282333374023,
    "Train/Epoch": 99,
    "Train/KL": 0.00030692617292515934,
    "Train/LR": 0,
    "Train/PolicyRatio": 1.0014783143997192,
    "Train/PolicyRatio/Max": 1.0014784336090088,
    "Train/PolicyRatio/Min": 1.0014784336090088,
    "Train/PolicyRatio/Std": 0.0010453542927280068,
    "Train/PolicyStd": 0.9523634910583496,
    "Train/StopIter": 10,
    "Value/Adv": -7.629394338515282e-10,
    "Value/cost": 0.20910033583641052,
    "Value/reward": 0.01922242715954781,
    "_runtime": 9894.821468652,
    "_step": 100,
    "_timestamp": 1747260160.7673287,
    "_wandb": {
        "runtime": 9894
    }
}