{
    "Loss/Loss_cost_critic": 1.0377119779586792,
    "Loss/Loss_cost_critic/Delta": 0.05056732892990112,
    "Loss/Loss_pi": -0.0657159686088562,
    "Loss/Loss_pi/Delta": 0.0837249606847763,
    "Loss/Loss_reward_critic": 0.008370939642190933,
    "Loss/Loss_reward_critic/Delta": -0.002616206184029579,
    "Metrics/EpCost": 3.2300000190734863,
    "Metrics/EpLen": 1000,
    "Metrics/EpRet": -0.06027800589799881,
    "Metrics/LagrangeMultiplier": 2.0871999263763428,
    "Metrics/LagrangeMultiplier/Max": 2.0871999263763428,
    "Metrics/LagrangeMultiplier/Min": 2.0871999263763428,
    "Metrics/LagrangeMultiplier/Std": 0,
    "Misc/AcceptanceStep": 1,
    "Misc/Alpha": 1.367484450340271,
    "Misc/FinalStepNorm": 0.31444552540779114,
    "Misc/H_inv_g": 0.22994448244571689,
    "Misc/gradient_norm": 0.1142229586839676,
    "Misc/xHx": 0.010695097967982292,
    "Safety/EpCostShield": 8.25,
    "Safety/ShieldLagrangeMultiplier": 2.3985836505889893,
    "Safety/ShieldLagrangeMultiplier/Max": 2.3985836505889893,
    "Safety/ShieldLagrangeMultiplier/Min": 2.3985836505889893,
    "Safety/ShieldLagrangeMultiplier/Std": 0,
    "Safety/shield_adv_c": -0.07923078536987305,
    "Safety/shield_violation": 1.0029312372207642,
    "Time/Epoch": 100.72462463378906,
    "Time/FPS": 198.56117248535156,
    "Time/Rollout": 77.3453598022461,
    "Time/Total": 10122.806640625,
    "Time/Update": 23.37924575805664,
    "TotalEnvSteps": 2000000,
    "Train/Entropy": 1.6933263540267944,
    "Train/Epoch": 99,
    "Train/KL": 0.00029107334557920694,
    "Train/LR": 0,
    "Train/PolicyRatio": 1.0008710622787476,
    "Train/PolicyRatio/Max": 1.0008710622787476,
    "Train/PolicyRatio/Min": 1.0008710622787476,
    "Train/PolicyRatio/Std": 0.0006158497417345643,
    "Train/PolicyStd": 1.3294354677200315,
    "Train/StopIter": 10,
    "Value/Adv": -3.051757735406113e-09,
    "Value/cost": 0.3950775861740112,
    "Value/reward": -0.02747217938303947,
    "_runtime": 10124.44587582,
    "_step": 100,
    "_timestamp": 1746603653.741859,
    "_wandb": {
        "runtime": 10124
    }
}