{
    "Loss/Loss_cost_critic": 6.403977394104004,
    "Loss/Loss_cost_critic/Delta": 0.18907833099365232,
    "Loss/Loss_pi": 0.355288565158844,
    "Loss/Loss_pi/Delta": 0.10699968039989471,
    "Loss/Loss_reward_critic": 0.2048504650592804,
    "Loss/Loss_reward_critic/Delta": 0.03827226161956787,
    "Metrics/EpCost": 22.63999938964844,
    "Metrics/EpLen": 500,
    "Metrics/EpRet": 23.360057830810547,
    "Metrics/LagrangeMultiplier": 1.6935725212097168,
    "Metrics/LagrangeMultiplier/Max": 1.6935725212097168,
    "Metrics/LagrangeMultiplier/Min": 1.6935725212097168,
    "Metrics/LagrangeMultiplier/Std": 0,
    "Safety/EpCostShield": 39.900001525878906,
    "Safety/ShieldLagrangeMultiplier": 1.7213785648345947,
    "Safety/ShieldLagrangeMultiplier/Max": 1.7213785648345947,
    "Safety/ShieldLagrangeMultiplier/Min": 1.7213785648345947,
    "Safety/ShieldLagrangeMultiplier/Std": 0,
    "Safety/shield_adv_c": "NaN",
    "Safety/shield_violation": 3.637803077697754,
    "Time/Epoch": 186.8332061767578,
    "Time/FPS": 107.04734802246094,
    "Time/Rollout": 89.83365631103516,
    "Time/Total": 18822.146484375,
    "Time/Update": 96.99949645996094,
    "TotalEnvSteps": 2000000,
    "Train/Entropy": 0.5603210926055908,
    "Train/Epoch": 99,
    "Train/KL": 0.003942293580621481,
    "Train/LR": 0,
    "Train/PolicyRatio": 0.9990597367286682,
    "Train/PolicyRatio/Max": 0.9990597367286682,
    "Train/PolicyRatio/Min": 0.9990597367286682,
    "Train/PolicyRatio/Std": 0.006606325972825289,
    "Train/PolicyStd": 0.42565295100212097,
    "Train/StopIter": 40,
    "Value/Adv": 0.05844561755657196,
    "Value/cost": 2.236116647720337,
    "Value/reward": 4.605592250823975,
    "_runtime": 18838.698788473,
    "_step": 100,
    "_timestamp": 1747269104.700401,
    "_wandb": {
        "runtime": 18838
    }
}