{
    "Loss/Loss_cost_critic": 4.890072345733643,
    "Loss/Loss_cost_critic/Delta": 2.9737133979797363,
    "Loss/Loss_pi": 0.20837168395519257,
    "Loss/Loss_pi/Delta": 0.21118772099725905,
    "Loss/Loss_reward_critic": 0.0884198248386383,
    "Loss/Loss_reward_critic/Delta": 0.0005995631217956543,
    "Metrics/EpCost": 5.860000133514404,
    "Metrics/EpLen": 500,
    "Metrics/EpRet": 10.836552619934082,
    "Metrics/LagrangeMultiplier": 1.031264305114746,
    "Metrics/LagrangeMultiplier/Max": 1.031264305114746,
    "Metrics/LagrangeMultiplier/Min": 1.031264305114746,
    "Metrics/LagrangeMultiplier/Std": 0,
    "Misc/AcceptanceStep": 1,
    "Misc/Alpha": 0.5321683287620544,
    "Misc/FinalStepNorm": 0.20848912000656128,
    "Misc/H_inv_g": 0.39177289605140686,
    "Misc/gradient_norm": 0.5887399315834045,
    "Misc/xHx": 0.07062067091464996,
    "Safety/EpCostShield": 18.875,
    "Safety/ShieldLagrangeMultiplier": 1.413028359413147,
    "Safety/ShieldLagrangeMultiplier/Max": 1.413028359413147,
    "Safety/ShieldLagrangeMultiplier/Min": 1.413028359413147,
    "Safety/ShieldLagrangeMultiplier/Std": 0,
    "Safety/shield_adv_c": -0.1478559374809265,
    "Safety/shield_violation": 0.953262984752655,
    "Time/Epoch": 144.73834228515625,
    "Time/FPS": 138.18038940429688,
    "Time/Rollout": 109.98597717285156,
    "Time/Total": 14272.06640625,
    "Time/Update": 34.7523307800293,
    "TotalEnvSteps": 2000000,
    "Train/Entropy": 0.8056085109710693,
    "Train/Epoch": 99,
    "Train/KL": 0.0004280013963580131,
    "Train/LR": 0,
    "Train/PolicyRatio": 0.9990426898002625,
    "Train/PolicyRatio/Max": 0.9990426898002625,
    "Train/PolicyRatio/Min": 0.9990426898002625,
    "Train/PolicyRatio/Std": 0.0006769626634195447,
    "Train/PolicyStd": 0.5678794384002686,
    "Train/StopIter": 10,
    "Value/Adv": 6.103515470812226e-09,
    "Value/cost": 0.29709935188293457,
    "Value/reward": 2.194077253341675,
    "_runtime": 14274.950053849,
    "_step": 100,
    "_timestamp": 1747264554.643928,
    "_wandb": {
        "runtime": 14274
    }
}