{
    "Loss/Loss_cost_critic": 7.001305103302002,
    "Loss/Loss_cost_critic/Delta": 1.1301240921020508,
    "Loss/Loss_pi": -0.10230792313814165,
    "Loss/Loss_pi/Delta": 0.1969906911253929,
    "Loss/Loss_reward_critic": 0.05311175808310509,
    "Loss/Loss_reward_critic/Delta": 0.0012044906616210938,
    "Metrics/EpCost": 26.479999542236328,
    "Metrics/EpLen": 1000,
    "Metrics/EpRet": 13.523656845092772,
    "Metrics/LagrangeMultiplier": 2.973726511001587,
    "Metrics/LagrangeMultiplier/Max": 2.973726511001587,
    "Metrics/LagrangeMultiplier/Min": 2.973726511001587,
    "Metrics/LagrangeMultiplier/Std": 0,
    "Safety/EpCostShield": 57.54999923706055,
    "Safety/ShieldLagrangeMultiplier": 2.967071056365967,
    "Safety/ShieldLagrangeMultiplier/Max": 2.967071056365967,
    "Safety/ShieldLagrangeMultiplier/Min": 2.967071056365967,
    "Safety/ShieldLagrangeMultiplier/Std": 0,
    "Safety/shield_adv_c": "NaN",
    "Safety/shield_violation": 5.80586051940918,
    "Time/Epoch": 221.6353759765625,
    "Time/FPS": 90.23829650878906,
    "Time/Rollout": 92.1534194946289,
    "Time/Total": 19120.853515625,
    "Time/Update": 129.4818878173828,
    "TotalEnvSteps": 2000000,
    "Train/Entropy": 0.05933697894215584,
    "Train/Epoch": 99,
    "Train/KL": 0.0043375007808208466,
    "Train/LR": 0,
    "Train/PolicyRatio": 1.0011342763900757,
    "Train/PolicyRatio/Max": 1.0011342763900757,
    "Train/PolicyRatio/Min": 1.0011342763900757,
    "Train/PolicyRatio/Std": 0.007024983875453472,
    "Train/PolicyStd": 0.25682714581489563,
    "Train/StopIter": 40,
    "Value/Adv": -0.04627426341176033,
    "Value/cost": 2.605818271636963,
    "Value/reward": 1.601582646369934,
    "_runtime": 19121.998547466,
    "_step": 100,
    "_timestamp": 1746582603.8313394,
    "_wandb": {
        "runtime": 19121
    }
}