{
    "Loss/Loss_cost_critic": 0.19153092801570892,
    "Loss/Loss_cost_critic/Delta": -0.269088014960289,
    "Loss/Loss_pi": -0.0013087671250104904,
    "Loss/Loss_pi/Delta": 0.0022653918713331223,
    "Loss/Loss_reward_critic": 0.014757419005036354,
    "Loss/Loss_reward_critic/Delta": -5.714036524295807e-05,
    "Metrics/EpCost": 1.649999976158142,
    "Metrics/EpLen": 1000,
    "Metrics/EpRet": -1.8400726318359375,
    "Misc/A": 0.021516356617212296,
    "Misc/AcceptanceStep": 1,
    "Misc/Alpha": 0.9572206139564514,
    "Misc/B": -349.0277099609375,
    "Misc/FinalStepNorm": 0.30735892057418823,
    "Misc/H_inv_g": 0.28578534722328186,
    "Misc/Lambda_star": 0,
    "Misc/Nu_star": 1.6013027429580688,
    "Misc/OptimCase": 0,
    "Misc/cost_gradient_norm": 0.0833687111735344,
    "Misc/gradient_norm": 0.32914116978645325,
    "Misc/q": 0.021827587857842445,
    "Misc/r": 0.001558057265356183,
    "Misc/s": 0.0077997837215662,
    "Misc/xHx": 0.021827587857842445,
    "Time/Epoch": 111.72675323486328,
    "Time/FPS": 179.00816345214844,
    "Time/Rollout": 95.43517303466795,
    "Time/Total": 10967.3974609375,
    "Time/Update": 16.29155158996582,
    "TotalEnvSteps": 2000000,
    "Train/Entropy": 1.3508719205856323,
    "Train/Epoch": 99,
    "Train/KL": 0.0001534827461000532,
    "Train/LR": 0,
    "Train/PolicyRatio": 1.000043511390686,
    "Train/PolicyRatio/Max": 1.0000436305999756,
    "Train/PolicyRatio/Min": 1.0000436305999756,
    "Train/PolicyRatio/Std": 3.0795323255006224e-05,
    "Train/PolicyStd": 0.9457481503486632,
    "Train/StopIter": 10,
    "Value/Adv": 4.577636492086867e-09,
    "Value/cost": 0.6237638592720032,
    "Value/reward": -0.18737712502479553,
    "_runtime": 10968.906503123,
    "_step": 100,
    "_timestamp": 1743334898.283214,
    "_wandb": {
        "runtime": 10968
    }
}