{
    "Loss/Loss_cost_critic": 1.702099084854126,
    "Loss/Loss_cost_critic/Delta": 0.26936185359954834,
    "Loss/Loss_pi": -0.01259833388030529,
    "Loss/Loss_pi/Delta": 0.009033460170030594,
    "Loss/Loss_reward_critic": 0.05449546128511429,
    "Loss/Loss_reward_critic/Delta": -0.003616906702518463,
    "Metrics/EpCost": 31.920000076293945,
    "Metrics/EpLen": 1000,
    "Metrics/EpRet": 18.077892303466797,
    "Metrics/LagrangeMultiplier": 3.1391870975494385,
    "Metrics/LagrangeMultiplier/Max": 3.1391870975494385,
    "Metrics/LagrangeMultiplier/Min": 3.1391870975494385,
    "Metrics/LagrangeMultiplier/Std": 0,
    "Time/Epoch": 136.41758728027344,
    "Time/FPS": 146.60867309570312,
    "Time/Rollout": 75.07454681396484,
    "Time/Total": 12384.59765625,
    "Time/Update": 61.34297180175781,
    "TotalEnvSteps": 2000000,
    "Train/Entropy": 0.2810984253883362,
    "Train/Epoch": 99,
    "Train/KL": 0.003688087454065681,
    "Train/LR": 0,
    "Train/PolicyRatio": 1.0006896257400513,
    "Train/PolicyRatio/Max": 1.0006896257400513,
    "Train/PolicyRatio/Min": 1.0006896257400513,
    "Train/PolicyRatio/Std": 0.006420486140996218,
    "Train/PolicyStd": 0.3205108940601349,
    "Train/StopIter": 40,
    "Value/Adv": 0.14277499914169312,
    "Value/cost": 3.2515408992767334,
    "Value/reward": 2.009962797164917,
    "_runtime": 12385.929454723,
    "_step": 100,
    "_timestamp": 1746910977.4239874,
    "_wandb": {
        "runtime": 12385
    }
}