{
    "Loss/Loss_cost_critic": 2.7396295070648193,
    "Loss/Loss_cost_critic/Delta": 0.30566883087158203,
    "Loss/Loss_pi": -0.07494618743658066,
    "Loss/Loss_pi/Delta": -0.12104252353310584,
    "Loss/Loss_reward_critic": 0.03264312818646431,
    "Loss/Loss_reward_critic/Delta": 0.0016072522848844528,
    "Metrics/EpCost": 16.06999969482422,
    "Metrics/EpLen": 1000,
    "Metrics/EpRet": 2.93953013420105,
    "Metrics/LagrangeMultiplier": 2.375560760498047,
    "Metrics/LagrangeMultiplier/Max": 2.375560760498047,
    "Metrics/LagrangeMultiplier/Min": 2.375560760498047,
    "Metrics/LagrangeMultiplier/Std": 0,
    "Misc/AcceptanceStep": 1,
    "Misc/Alpha": 0.808533251285553,
    "Misc/FinalStepNorm": 0.31113743782043457,
    "Misc/H_inv_g": 0.38481712341308594,
    "Misc/gradient_norm": 0.21171292662620544,
    "Misc/xHx": 0.03059384971857071,
    "Safety/EpCostShield": 38.95000076293945,
    "Safety/ShieldLagrangeMultiplier": 2.4400393962860107,
    "Safety/ShieldLagrangeMultiplier/Max": 2.4400393962860107,
    "Safety/ShieldLagrangeMultiplier/Min": 2.4400393962860107,
    "Safety/ShieldLagrangeMultiplier/Std": 0,
    "Safety/shield_adv_c": -0.4882258176803589,
    "Safety/shield_violation": 2.786487102508545,
    "Time/Epoch": 104.36560821533205,
    "Time/FPS": 191.6340179443359,
    "Time/Rollout": 87.39580535888672,
    "Time/Total": 10998.341796875,
    "Time/Update": 16.96977996826172,
    "TotalEnvSteps": 2000000,
    "Train/Entropy": 1.764112114906311,
    "Train/Epoch": 99,
    "Train/KL": 0.00029056522180326283,
    "Train/LR": 0,
    "Train/PolicyRatio": 1.0010579824447632,
    "Train/PolicyRatio/Max": 1.0010579824447632,
    "Train/PolicyRatio/Min": 1.0010579824447632,
    "Train/PolicyRatio/Std": 0.000748134683817625,
    "Train/PolicyStd": 1.4232063293457031,
    "Train/StopIter": 10,
    "Value/Adv": -6.103515470812226e-09,
    "Value/cost": 0.4746379852294922,
    "Value/reward": 0.4465107321739197,
    "_runtime": 10999.448411573,
    "_step": 100,
    "_timestamp": 1746579197.2432077,
    "_wandb": {
        "runtime": 10999
    }
}