{
    "Loss/Loss_cost_critic": 4.418374538421631,
    "Loss/Loss_cost_critic/Delta": 3.0559152364730835,
    "Loss/Loss_pi": 0.05756213143467903,
    "Loss/Loss_pi/Delta": 0.3306695707142353,
    "Loss/Loss_reward_critic": 0.0422450453042984,
    "Loss/Loss_reward_critic/Delta": 0.008270278573036194,
    "Metrics/EpCost": 7.28000020980835,
    "Metrics/EpLen": 1000,
    "Metrics/EpRet": 2.6094305515289307,
    "Metrics/LagrangeMultiplier": 2.504282236099243,
    "Metrics/LagrangeMultiplier/Max": 2.504282236099243,
    "Metrics/LagrangeMultiplier/Min": 2.504282236099243,
    "Metrics/LagrangeMultiplier/Std": 0,
    "Misc/AcceptanceStep": 1,
    "Misc/Alpha": 0.9488974809646606,
    "Misc/FinalStepNorm": 0.34507790207862854,
    "Misc/H_inv_g": 0.3636619448661804,
    "Misc/gradient_norm": 0.1289225071668625,
    "Misc/xHx": 0.02221218124032021,
    "Safety/EpCostShield": 51.29999923706055,
    "Safety/ShieldLagrangeMultiplier": 2.4684653282165527,
    "Safety/ShieldLagrangeMultiplier/Max": 2.4684653282165527,
    "Safety/ShieldLagrangeMultiplier/Min": 2.4684653282165527,
    "Safety/ShieldLagrangeMultiplier/Std": 0,
    "Safety/shield_adv_c": 0.20837509632110596,
    "Safety/shield_violation": 1.374416470527649,
    "Time/Epoch": 112.22267150878906,
    "Time/FPS": 178.2171173095703,
    "Time/Rollout": 95.13053894042967,
    "Time/Total": 11447.62109375,
    "Time/Update": 17.09210205078125,
    "TotalEnvSteps": 2000000,
    "Train/Entropy": 2.1556918621063232,
    "Train/Epoch": 99,
    "Train/KL": 0.00022950576385483143,
    "Train/LR": 0,
    "Train/PolicyRatio": 0.9998623728752136,
    "Train/PolicyRatio/Max": 0.9998623728752136,
    "Train/PolicyRatio/Min": 0.9998623728752136,
    "Train/PolicyRatio/Std": 9.733112528920174e-05,
    "Train/PolicyStd": 2.089409828186035,
    "Train/StopIter": 10,
    "Value/Adv": -2.2888182460434332e-09,
    "Value/cost": 0.28638139367103577,
    "Value/reward": 0.4085596799850464,
    "_runtime": 11448.883329948,
    "_step": 100,
    "_timestamp": 1746536475.530829,
    "_wandb": {
        "runtime": 11448
    }
}