{
    "Loss/Loss_cost_critic": 1.4279779195785522,
    "Loss/Loss_cost_critic/Delta": -1.4896217584609983,
    "Loss/Loss_pi": -0.14608116447925568,
    "Loss/Loss_pi/Delta": -0.13990847300738096,
    "Loss/Loss_reward_critic": 0.007736115716397762,
    "Loss/Loss_reward_critic/Delta": -0.002360341139137745,
    "Metrics/EpCost": 5.440000057220459,
    "Metrics/EpLen": 1000,
    "Metrics/EpRet": 0.023574380204081535,
    "Metrics/LagrangeMultiplier": 3.2234649658203125,
    "Metrics/LagrangeMultiplier/Max": 3.2234649658203125,
    "Metrics/LagrangeMultiplier/Min": 3.2234649658203125,
    "Metrics/LagrangeMultiplier/Std": 0,
    "Safety/EpCostShield": 23.899999618530273,
    "Safety/ShieldLagrangeMultiplier": 3.214050054550171,
    "Safety/ShieldLagrangeMultiplier/Max": 3.214050054550171,
    "Safety/ShieldLagrangeMultiplier/Min": 3.214050054550171,
    "Safety/ShieldLagrangeMultiplier/Std": 0,
    "Safety/shield_adv_c": "NaN",
    "Safety/shield_violation": 2.3492231369018555,
    "Time/Epoch": 309.74383544921875,
    "Time/FPS": 64.56948852539062,
    "Time/Rollout": 109.02528381347656,
    "Time/Total": 28402.16796875,
    "Time/Update": 200.7184906005859,
    "TotalEnvSteps": 2000000,
    "Train/Entropy": 0.7018013000488281,
    "Train/Epoch": 99,
    "Train/KL": 0.003718549618497491,
    "Train/LR": 0,
    "Train/PolicyRatio": 1.001297950744629,
    "Train/PolicyRatio/Max": 1.001297950744629,
    "Train/PolicyRatio/Min": 1.001297950744629,
    "Train/PolicyRatio/Std": 0.00684362230822444,
    "Train/PolicyStd": 0.4948131740093231,
    "Train/StopIter": 40,
    "Value/Adv": -0.27875959873199463,
    "Value/cost": 0.7417731285095215,
    "Value/reward": 0.0037116538733243942,
    "_runtime": 28403.658492288,
    "_step": 100,
    "_timestamp": 1746936942.4130683,
    "_wandb": {
        "runtime": 28403
    }
}