{
    "Loss/Loss_cost_critic": 1.1066696643829346,
    "Loss/Loss_cost_critic/Delta": -0.3335222005844116,
    "Loss/Loss_pi": -0.02833668887615204,
    "Loss/Loss_pi/Delta": -0.04849174618721008,
    "Loss/Loss_reward_critic": 0.005932396277785301,
    "Loss/Loss_reward_critic/Delta": -0.00018121115863323212,
    "Metrics/EpCost": 2.2799999713897705,
    "Metrics/EpLen": 1000,
    "Metrics/EpRet": 0.08059141784906387,
    "Metrics/LagrangeMultiplier": 2.2236506938934326,
    "Metrics/LagrangeMultiplier/Max": 2.2236506938934326,
    "Metrics/LagrangeMultiplier/Min": 2.2236506938934326,
    "Metrics/LagrangeMultiplier/Std": 0,
    "Misc/AcceptanceStep": 1,
    "Misc/Alpha": 1.40234112739563,
    "Misc/FinalStepNorm": 0.3017989695072174,
    "Misc/H_inv_g": 0.21521082520484924,
    "Misc/gradient_norm": 0.11628931760787964,
    "Misc/xHx": 0.01017002947628498,
    "Safety/EpCostShield": 13.449999809265137,
    "Safety/ShieldLagrangeMultiplier": 2.263322591781616,
    "Safety/ShieldLagrangeMultiplier/Max": 2.263322591781616,
    "Safety/ShieldLagrangeMultiplier/Min": 2.263322591781616,
    "Safety/ShieldLagrangeMultiplier/Std": 0,
    "Safety/shield_adv_c": 0.1576075553894043,
    "Safety/shield_violation": 1.1100265979766846,
    "Time/Epoch": 109.59825897216795,
    "Time/FPS": 182.48464965820312,
    "Time/Rollout": 92.72013092041016,
    "Time/Total": 10892.8466796875,
    "Time/Update": 16.87810516357422,
    "TotalEnvSteps": 2000000,
    "Train/Entropy": 1.550881266593933,
    "Train/Epoch": 99,
    "Train/KL": 0.0003221618535462767,
    "Train/LR": 0,
    "Train/PolicyRatio": 1.0008172988891602,
    "Train/PolicyRatio/Max": 1.0008172988891602,
    "Train/PolicyRatio/Min": 1.0008172988891602,
    "Train/PolicyRatio/Std": 0.0005779176135547459,
    "Train/PolicyStd": 1.146035075187683,
    "Train/StopIter": 10,
    "Value/Adv": 6.103515470812226e-09,
    "Value/cost": 0.3359919488430023,
    "Value/reward": 0.009879358112812042,
    "_runtime": 10894.394019546,
    "_step": 100,
    "_timestamp": 1746567720.852983,
    "_wandb": {
        "runtime": 10894
    }
}