{
    "Loss/Loss_cost_critic": 0.24787664413452148,
    "Loss/Loss_cost_critic/Delta": 0.0768362283706665,
    "Loss/Loss_pi": -0.007976238615810871,
    "Loss/Loss_pi/Delta": -0.0027511296793818474,
    "Loss/Loss_reward_critic": 0.012708739377558231,
    "Loss/Loss_reward_critic/Delta": 0.005826355889439583,
    "Metrics/EpCost": 5.460000038146973,
    "Metrics/EpLen": 1000,
    "Metrics/EpRet": 0.5443946123123169,
    "Metrics/LagrangeMultiplier": 20.58793067932129,
    "Metrics/LagrangeMultiplier/Max": 20.58793067932129,
    "Metrics/LagrangeMultiplier/Min": 20.58793067932129,
    "Metrics/LagrangeMultiplier/Std": 0,
    "Misc/AcceptanceStep": 1,
    "Misc/Alpha": 1.1691662073135376,
    "Misc/FinalStepNorm": 0.31549006700515747,
    "Misc/H_inv_g": 0.2698419392108917,
    "Misc/gradient_norm": 0.10581396520137788,
    "Misc/xHx": 0.014631107449531555,
    "Time/Epoch": 121.01854705810548,
    "Time/FPS": 165.26393127441406,
    "Time/Rollout": 100.2487335205078,
    "Time/Total": 12000.39453125,
    "Time/Update": 20.769777297973633,
    "TotalEnvSteps": 2000000,
    "Train/Entropy": 1.3024137020111084,
    "Train/Epoch": 99,
    "Train/KL": 0.00028318376280367374,
    "Train/LR": 0,
    "Train/PolicyRatio": 1.0009180307388306,
    "Train/PolicyRatio/Max": 1.00091814994812,
    "Train/PolicyRatio/Min": 1.00091814994812,
    "Train/PolicyRatio/Std": 0.0006491176900453866,
    "Train/PolicyStd": 0.8964154124259949,
    "Train/StopIter": 10,
    "Value/Adv": -7.629394338515282e-10,
    "Value/cost": 0.5209478735923767,
    "Value/reward": 0.054898448288440704,
    "_runtime": 12001.894104298,
    "_step": 100,
    "_timestamp": 1745030029.6123333,
    "_wandb": {
        "runtime": 12001
    }
}