{
    "Loss/Loss_cost_critic": 2.090909004211426,
    "Loss/Loss_cost_critic/Delta": 0.2372581958770752,
    "Loss/Loss_pi": 0.04948916286230087,
    "Loss/Loss_pi/Delta": 0.057197339832782745,
    "Loss/Loss_reward_critic": 0.1170295476913452,
    "Loss/Loss_reward_critic/Delta": 0.016370326280593872,
    "Metrics/EpCost": 1.2200000286102295,
    "Metrics/EpLen": 500,
    "Metrics/EpRet": 11.89732265472412,
    "Metrics/LagrangeMultiplier": 0.8344996571540833,
    "Metrics/LagrangeMultiplier/Max": 0.8344996571540833,
    "Metrics/LagrangeMultiplier/Min": 0.8344996571540833,
    "Metrics/LagrangeMultiplier/Std": 0,
    "Safety/EpCostShield": 8.300000190734863,
    "Safety/ShieldLagrangeMultiplier": 1.0674062967300415,
    "Safety/ShieldLagrangeMultiplier/Max": 1.0674062967300415,
    "Safety/ShieldLagrangeMultiplier/Min": 1.0674062967300415,
    "Safety/ShieldLagrangeMultiplier/Std": 0,
    "Safety/shield_adv_c": "NaN",
    "Safety/shield_violation": 0.8748478293418884,
    "Time/Epoch": 229.98052978515625,
    "Time/FPS": 86.96388244628906,
    "Time/Rollout": 108.96446990966795,
    "Time/Total": 22198.271484375,
    "Time/Update": 121.01598358154295,
    "TotalEnvSteps": 2000000,
    "Train/Entropy": 0.5576184391975403,
    "Train/Epoch": 99,
    "Train/KL": 0.00332132400944829,
    "Train/LR": 0,
    "Train/PolicyRatio": 1.0001466274261477,
    "Train/PolicyRatio/Max": 1.0001466274261477,
    "Train/PolicyRatio/Min": 1.0001466274261477,
    "Train/PolicyRatio/Std": 0.006207198835909367,
    "Train/PolicyStd": 0.42836272716522217,
    "Train/StopIter": 40,
    "Value/Adv": 0.019637838006019592,
    "Value/cost": 0.26512977480888367,
    "Value/reward": 2.3887059688568115,
    "_runtime": 22199.33734447,
    "_step": 100,
    "_timestamp": 1746644235.5763547,
    "_wandb": {
        "runtime": 22199
    }
}