{
    "Loss/Loss_cost_critic": 5.483660697937012,
    "Loss/Loss_cost_critic/Delta": -1.4967079162597656,
    "Loss/Loss_pi": -0.11984466761350632,
    "Loss/Loss_pi/Delta": -0.2296872511506081,
    "Loss/Loss_reward_critic": 0.03056425414979458,
    "Loss/Loss_reward_critic/Delta": -0.005050184205174446,
    "Metrics/EpCost": 30.770000457763672,
    "Metrics/EpLen": 1000,
    "Metrics/EpRet": 8.184021949768066,
    "Metrics/LagrangeMultiplier": 2.7325727939605713,
    "Metrics/LagrangeMultiplier/Max": 2.7325727939605713,
    "Metrics/LagrangeMultiplier/Min": 2.7325727939605713,
    "Metrics/LagrangeMultiplier/Std": 0,
    "Safety/EpCostShield": 55.25,
    "Safety/ShieldLagrangeMultiplier": 2.8065309524536133,
    "Safety/ShieldLagrangeMultiplier/Max": 2.8065309524536133,
    "Safety/ShieldLagrangeMultiplier/Min": 2.8065309524536133,
    "Safety/ShieldLagrangeMultiplier/Std": 0,
    "Safety/shield_adv_c": "NaN",
    "Safety/shield_violation": 4.752806663513184,
    "Time/Epoch": 138.8491668701172,
    "Time/FPS": 144.04119873046875,
    "Time/Rollout": 65.04964447021484,
    "Time/Total": 14109.5869140625,
    "Time/Update": 73.79947662353516,
    "TotalEnvSteps": 2000000,
    "Train/Entropy": 0.4797978699207306,
    "Train/Epoch": 99,
    "Train/KL": 0.003525014733895659,
    "Train/LR": 0,
    "Train/PolicyRatio": 1.0011515617370603,
    "Train/PolicyRatio/Max": 1.0011515617370603,
    "Train/PolicyRatio/Min": 1.0011515617370603,
    "Train/PolicyRatio/Std": 0.006263659801334143,
    "Train/PolicyStd": 0.39771461486816406,
    "Train/StopIter": 40,
    "Value/Adv": -0.4131692051887512,
    "Value/cost": 2.110755443572998,
    "Value/reward": 0.9850786924362184,
    "_runtime": 14111.342372504,
    "_step": 100,
    "_timestamp": 1746536292.2573416,
    "_wandb": {
        "runtime": 14111
    }
}