{
    "Loss/Loss_cost_critic": 2.021665334701538,
    "Loss/Loss_cost_critic/Delta": -0.9476003646850586,
    "Loss/Loss_pi": -0.07864512503147125,
    "Loss/Loss_pi/Delta": -0.049574268981814384,
    "Loss/Loss_reward_critic": 0.005621201824396849,
    "Loss/Loss_reward_critic/Delta": -0.003887623082846403,
    "Metrics/EpCost": 8.270000457763672,
    "Metrics/EpLen": 1000,
    "Metrics/EpRet": 0.2950499355792999,
    "Metrics/LagrangeMultiplier": 3.364274024963379,
    "Metrics/LagrangeMultiplier/Max": 3.364274024963379,
    "Metrics/LagrangeMultiplier/Min": 3.364274024963379,
    "Metrics/LagrangeMultiplier/Std": 0,
    "Safety/EpCostShield": 24.950000762939453,
    "Safety/ShieldLagrangeMultiplier": 3.017416477203369,
    "Safety/ShieldLagrangeMultiplier/Max": 3.017416477203369,
    "Safety/ShieldLagrangeMultiplier/Min": 3.017416477203369,
    "Safety/ShieldLagrangeMultiplier/Std": 0,
    "Safety/shield_adv_c": "NaN",
    "Safety/shield_violation": 2.112334728240967,
    "Time/Epoch": 221.35202026367188,
    "Time/FPS": 90.35381317138672,
    "Time/Rollout": 112.05081176757812,
    "Time/Total": 20295.44140625,
    "Time/Update": 109.30113983154295,
    "TotalEnvSteps": 2000000,
    "Train/Entropy": 0.5280736088752747,
    "Train/Epoch": 99,
    "Train/KL": 0.0037555003073066473,
    "Train/LR": 0,
    "Train/PolicyRatio": 1.0010844469070437,
    "Train/PolicyRatio/Max": 1.0010844469070437,
    "Train/PolicyRatio/Min": 1.0010844469070437,
    "Train/PolicyRatio/Std": 0.006649595219641924,
    "Train/PolicyStd": 0.41383662819862366,
    "Train/StopIter": 40,
    "Value/Adv": 0.20003701746463776,
    "Value/cost": 0.7420035004615784,
    "Value/reward": 0.020937040448188785,
    "_runtime": 20297.059092218,
    "_step": 100,
    "_timestamp": 1746537402.3791788,
    "_wandb": {
        "runtime": 20297
    }
}