{
    "Loss/Loss_cost_critic": 2.0972795486450195,
    "Loss/Loss_cost_critic/Delta": -0.7112331390380859,
    "Loss/Loss_pi": 0.06235175579786301,
    "Loss/Loss_pi/Delta": -0.03638145327568054,
    "Loss/Loss_reward_critic": 0.06964479386806488,
    "Loss/Loss_reward_critic/Delta": 0.006202027201652527,
    "Metrics/EpCost": 4.429999828338623,
    "Metrics/EpLen": 500,
    "Metrics/EpRet": 9.327008247375488,
    "Metrics/LagrangeMultiplier": 1.1853183507919312,
    "Metrics/LagrangeMultiplier/Max": 1.1853183507919312,
    "Metrics/LagrangeMultiplier/Min": 1.1853183507919312,
    "Metrics/LagrangeMultiplier/Std": 0,
    "Safety/EpCostShield": 11.600000381469728,
    "Safety/ShieldLagrangeMultiplier": 1.3795998096466064,
    "Safety/ShieldLagrangeMultiplier/Max": 1.3795998096466064,
    "Safety/ShieldLagrangeMultiplier/Min": 1.3795998096466064,
    "Safety/ShieldLagrangeMultiplier/Std": 0,
    "Safety/shield_adv_c": "NaN",
    "Safety/shield_violation": 1.277898192405701,
    "Time/Epoch": 189.5661163330078,
    "Time/FPS": 105.50408935546876,
    "Time/Rollout": 97.12482452392578,
    "Time/Total": 17898.720703125,
    "Time/Update": 92.44123840332033,
    "TotalEnvSteps": 2000000,
    "Train/Entropy": 0.5478365421295166,
    "Train/Epoch": 99,
    "Train/KL": 0.003925003577023745,
    "Train/LR": 0,
    "Train/PolicyRatio": 0.9996533989906312,
    "Train/PolicyRatio/Max": 0.9996533989906312,
    "Train/PolicyRatio/Min": 0.9996533989906312,
    "Train/PolicyRatio/Std": 0.006669330410659313,
    "Train/PolicyStd": 0.4200036823749542,
    "Train/StopIter": 40,
    "Value/Adv": 0.027516765519976616,
    "Value/cost": 0.6427651047706604,
    "Value/reward": 1.9683867692947388,
    "_runtime": 17900.27807661,
    "_step": 100,
    "_timestamp": 1746639923.7337089,
    "_wandb": {
        "runtime": 17900
    }
}