{
    "Loss/Loss_cost_critic": 5.971417427062988,
    "Loss/Loss_cost_critic/Delta": 0.20574617385864255,
    "Loss/Loss_pi": -0.3359073996543884,
    "Loss/Loss_pi/Delta": -0.07375946640968323,
    "Loss/Loss_reward_critic": 0.038129761815071106,
    "Loss/Loss_reward_critic/Delta": -0.005851771682500839,
    "Metrics/EpCost": 19.8799991607666,
    "Metrics/EpLen": 1000,
    "Metrics/EpRet": 11.584773063659668,
    "Metrics/LagrangeMultiplier": 2.8391799926757812,
    "Metrics/LagrangeMultiplier/Max": 2.8391799926757812,
    "Metrics/LagrangeMultiplier/Min": 2.8391799926757812,
    "Metrics/LagrangeMultiplier/Std": 0,
    "Safety/EpCostShield": 42.54999923706055,
    "Safety/ShieldLagrangeMultiplier": 2.8533856868743896,
    "Safety/ShieldLagrangeMultiplier/Max": 2.8533856868743896,
    "Safety/ShieldLagrangeMultiplier/Min": 2.8533856868743896,
    "Safety/ShieldLagrangeMultiplier/Std": 0,
    "Safety/shield_adv_c": "NaN",
    "Safety/shield_violation": 5.745093822479248,
    "Time/Epoch": 238.72329711914065,
    "Time/FPS": 83.77900695800781,
    "Time/Rollout": 82.94245910644531,
    "Time/Total": 23780.623046875,
    "Time/Update": 155.78076171875,
    "TotalEnvSteps": 2000000,
    "Train/Entropy": 0.7049860954284668,
    "Train/Epoch": 99,
    "Train/KL": 0.002632125513628125,
    "Train/LR": 0,
    "Train/PolicyRatio": 1.0004117488861084,
    "Train/PolicyRatio/Max": 1.0004117488861084,
    "Train/PolicyRatio/Min": 1.0004117488861084,
    "Train/PolicyRatio/Std": 0.005936524830758572,
    "Train/PolicyStd": 0.49808239936828613,
    "Train/StopIter": 40,
    "Value/Adv": 0.2581997513771057,
    "Value/cost": 2.7065834999084473,
    "Value/reward": 1.199021339416504,
    "_runtime": 23782.814828401,
    "_step": 100,
    "_timestamp": 1746617225.6213744,
    "_wandb": {
        "runtime": 23782
    }
}