{
    "Loss/Loss_cost_critic": 6.042857646942139,
    "Loss/Loss_cost_critic/Delta": 2.257474899291992,
    "Loss/Loss_pi": -0.010326213203370571,
    "Loss/Loss_pi/Delta": 0.0006824592128396034,
    "Loss/Loss_reward_critic": 0.2609405219554901,
    "Loss/Loss_reward_critic/Delta": -0.03665536642074585,
    "Metrics/EpCost": 61.7400016784668,
    "Metrics/EpLen": 500,
    "Metrics/EpRet": 26.70225524902344,
    "Metrics/LagrangeMultiplier": 2.2337238788604736,
    "Metrics/LagrangeMultiplier/Max": 2.2337238788604736,
    "Metrics/LagrangeMultiplier/Min": 2.2337238788604736,
    "Metrics/LagrangeMultiplier/Std": 0,
    "Time/Epoch": 175.12977600097656,
    "Time/FPS": 114.2010269165039,
    "Time/Rollout": 96.44691467285156,
    "Time/Total": 17653.70703125,
    "Time/Update": 78.68280029296875,
    "TotalEnvSteps": 2000000,
    "Train/Entropy": 0.4832528829574585,
    "Train/Epoch": 99,
    "Train/KL": 0.003570382948964834,
    "Train/LR": 0,
    "Train/PolicyRatio": 1.0005120038986206,
    "Train/PolicyRatio/Max": 1.0005120038986206,
    "Train/PolicyRatio/Min": 1.0005120038986206,
    "Train/PolicyRatio/Std": 0.006986995227634907,
    "Train/PolicyStd": 0.3923495709896088,
    "Train/StopIter": 40,
    "Value/Adv": -0.32266899943351746,
    "Value/cost": 11.686646461486816,
    "Value/reward": 5.513251304626465,
    "_runtime": 17654.745237693,
    "_step": 100,
    "_timestamp": 1743323580.0927286,
    "_wandb": {
        "runtime": 17654
    }
}