{
    "Loss/Loss_cost_critic": 1.1621031761169434,
    "Loss/Loss_cost_critic/Delta": -0.5298100709915161,
    "Loss/Loss_pi": -0.012362100183963776,
    "Loss/Loss_pi/Delta": 0.016638826578855515,
    "Loss/Loss_reward_critic": 0.04650221765041351,
    "Loss/Loss_reward_critic/Delta": 0.003743138164281845,
    "Metrics/EpCost": 34.4900016784668,
    "Metrics/EpLen": 1000,
    "Metrics/EpRet": 18.11607551574707,
    "Metrics/LagrangeMultiplier": 3.389848232269287,
    "Metrics/LagrangeMultiplier/Max": 3.389848232269287,
    "Metrics/LagrangeMultiplier/Min": 3.389848232269287,
    "Metrics/LagrangeMultiplier/Std": 0,
    "Time/Epoch": 143.2408905029297,
    "Time/FPS": 139.6249237060547,
    "Time/Rollout": 77.06391906738281,
    "Time/Total": 12900.142578125,
    "Time/Update": 66.17691802978516,
    "TotalEnvSteps": 2000000,
    "Train/Entropy": 0.36849766969680786,
    "Train/Epoch": 99,
    "Train/KL": 0.003966667223721743,
    "Train/LR": 0,
    "Train/PolicyRatio": 1.0006932020187378,
    "Train/PolicyRatio/Max": 1.0006932020187378,
    "Train/PolicyRatio/Min": 1.0006932020187378,
    "Train/PolicyRatio/Std": 0.0066292136907577515,
    "Train/PolicyStd": 0.3510723412036896,
    "Train/StopIter": 40,
    "Value/Adv": 0.26257196068763733,
    "Value/cost": 3.8025403022766113,
    "Value/reward": 1.928225040435791,
    "_runtime": 12901.974375406,
    "_step": 100,
    "_timestamp": 1743329155.0232818,
    "_wandb": {
        "runtime": 12901
    }
}