{
    "Loss/Loss_cost_critic": 1.0256741046905518,
    "Loss/Loss_cost_critic/Delta": 0.22452133893966675,
    "Loss/Loss_pi": -0.008456166833639145,
    "Loss/Loss_pi/Delta": 0.0035890163853764534,
    "Loss/Loss_reward_critic": 0.008807981386780739,
    "Loss/Loss_reward_critic/Delta": -0.001585603691637516,
    "Metrics/EpCost": 10.899999618530272,
    "Metrics/EpLen": 1000,
    "Metrics/EpRet": 0.16546478867530823,
    "Metrics/LagrangeMultiplier": 2.8645999431610107,
    "Metrics/LagrangeMultiplier/Max": 2.8645999431610107,
    "Metrics/LagrangeMultiplier/Min": 2.8645999431610107,
    "Metrics/LagrangeMultiplier/Std": 0,
    "Time/Epoch": 182.71337890625,
    "Time/FPS": 109.46106719970705,
    "Time/Rollout": 77.69068908691406,
    "Time/Total": 18237.8203125,
    "Time/Update": 105.02256774902344,
    "TotalEnvSteps": 2000000,
    "Train/Entropy": 0.4262599349021912,
    "Train/Epoch": 99,
    "Train/KL": 0.0038047353737056255,
    "Train/LR": 0,
    "Train/PolicyRatio": 1.000207781791687,
    "Train/PolicyRatio/Max": 1.0002079010009766,
    "Train/PolicyRatio/Min": 1.0002079010009766,
    "Train/PolicyRatio/Std": 0.0065849171951413155,
    "Train/PolicyStd": 0.37070292234420776,
    "Train/StopIter": 40,
    "Value/Adv": -0.057052720338106155,
    "Value/cost": 0.8589544892311096,
    "Value/reward": 0.06184598430991173,
    "_runtime": 18240.125435607,
    "_step": 100,
    "_timestamp": 1746916835.5229456,
    "_wandb": {
        "runtime": 18240
    }
}