{
    "Loss/Loss_cost_critic": 1.04162335395813,
    "Loss/Loss_cost_critic/Delta": 0.11424416303634644,
    "Loss/Loss_pi": -0.009509218856692314,
    "Loss/Loss_pi/Delta": 0.0017367172986268995,
    "Loss/Loss_reward_critic": 0.09171780943870544,
    "Loss/Loss_reward_critic/Delta": 0.017275996506214142,
    "Metrics/EpCost": 37.18000030517578,
    "Metrics/EpLen": 1000,
    "Metrics/EpRet": 12.746912002563477,
    "Metrics/LagrangeMultiplier": 2.9263784885406494,
    "Metrics/LagrangeMultiplier/Max": 2.9263784885406494,
    "Metrics/LagrangeMultiplier/Min": 2.9263784885406494,
    "Metrics/LagrangeMultiplier/Std": 0,
    "Time/Epoch": 217.01336669921875,
    "Time/FPS": 92.16022491455078,
    "Time/Rollout": 93.7092514038086,
    "Time/Total": 21643.443359375,
    "Time/Update": 123.30397033691406,
    "TotalEnvSteps": 2000000,
    "Train/Entropy": 0.7291191220283508,
    "Train/Epoch": 99,
    "Train/KL": 0.003514000680297613,
    "Train/LR": 0,
    "Train/PolicyRatio": 1.0001838207244873,
    "Train/PolicyRatio/Max": 1.0001838207244873,
    "Train/PolicyRatio/Min": 1.0001838207244873,
    "Train/PolicyRatio/Std": 0.006643106695264578,
    "Train/PolicyStd": 0.5021753907203674,
    "Train/StopIter": 40,
    "Value/Adv": -0.06748461723327637,
    "Value/cost": 5.223222732543945,
    "Value/reward": 1.581681251525879,
    "_runtime": 21646.114097897,
    "_step": 100,
    "_timestamp": 1743327571.482429,
    "_wandb": {
        "runtime": 21646
    }
}