{
    "Loss/Loss_cost_critic": 3.675491333007813,
    "Loss/Loss_cost_critic/Delta": 1.2524988651275637,
    "Loss/Loss_pi": 0.340580552816391,
    "Loss/Loss_pi/Delta": 0.2697569355368614,
    "Loss/Loss_reward_critic": 0.0061337873339653015,
    "Loss/Loss_reward_critic/Delta": 0.0009042141027748584,
    "Metrics/EpCost": 5.630000114440918,
    "Metrics/EpLen": 1000,
    "Metrics/EpRet": 0.0868203416466713,
    "Metrics/LagrangeMultiplier": 3.0517807006835938,
    "Metrics/LagrangeMultiplier/Max": 3.0517807006835938,
    "Metrics/LagrangeMultiplier/Min": 3.0517807006835938,
    "Metrics/LagrangeMultiplier/Std": 0,
    "Misc/AcceptanceStep": 1,
    "Misc/Alpha": 0.802283525466919,
    "Misc/FinalStepNorm": 0.31536436080932617,
    "Misc/H_inv_g": 0.3930834233760834,
    "Misc/gradient_norm": 0.1657156199216843,
    "Misc/xHx": 0.031072352081537247,
    "Safety/EpCostShield": 58.349998474121094,
    "Safety/ShieldLagrangeMultiplier": 2.5877845287323,
    "Safety/ShieldLagrangeMultiplier/Max": 2.5877845287323,
    "Safety/ShieldLagrangeMultiplier/Min": 2.5877845287323,
    "Safety/ShieldLagrangeMultiplier/Std": 0,
    "Safety/shield_adv_c": 0.015199203044176102,
    "Safety/shield_violation": 2.135596513748169,
    "Time/Epoch": 110.1141357421875,
    "Time/FPS": 181.62973022460935,
    "Time/Rollout": 92.99785614013672,
    "Time/Total": 10695.197265625,
    "Time/Update": 17.11625099182129,
    "TotalEnvSteps": 2000000,
    "Train/Entropy": 1.4538723230361938,
    "Train/Epoch": 99,
    "Train/KL": 0.00023378457990475,
    "Train/LR": 0,
    "Train/PolicyRatio": 0.9999076724052428,
    "Train/PolicyRatio/Max": 0.9999076724052428,
    "Train/PolicyRatio/Min": 0.9999076724052428,
    "Train/PolicyRatio/Std": 6.532764382427558e-05,
    "Train/PolicyStd": 1.036795973777771,
    "Train/StopIter": 10,
    "Value/Adv": 0,
    "Value/cost": 0.9238390922546388,
    "Value/reward": 0.04659954085946083,
    "_runtime": 10696.939463857,
    "_step": 100,
    "_timestamp": 1746548442.630596,
    "_wandb": {
        "runtime": 10696
    }
}