{
    "Loss/Loss_cost_critic": 3.6831843852996826,
    "Loss/Loss_cost_critic/Delta": -1.0386769771575928,
    "Loss/Loss_pi": -0.291152685880661,
    "Loss/Loss_pi/Delta": 0.007350623607635498,
    "Loss/Loss_reward_critic": 0.2030758559703827,
    "Loss/Loss_reward_critic/Delta": -0.0486854612827301,
    "Metrics/EpCost": 4.059999942779541,
    "Metrics/EpLen": 500,
    "Metrics/EpRet": 25.070837020874023,
    "Metrics/LagrangeMultiplier": 1.0487933158874512,
    "Metrics/LagrangeMultiplier/Max": 1.0487933158874512,
    "Metrics/LagrangeMultiplier/Min": 1.0487933158874512,
    "Metrics/LagrangeMultiplier/Std": 0,
    "Misc/AcceptanceStep": 1,
    "Misc/Alpha": 2.3645107746124268,
    "Misc/FinalStepNorm": 0.2583880126476288,
    "Misc/H_inv_g": 0.10927757620811462,
    "Misc/gradient_norm": 0.09139182418584824,
    "Misc/xHx": 0.003577224211767316,
    "Safety/EpCostShield": 6.875,
    "Safety/ShieldLagrangeMultiplier": 1.2662392854690552,
    "Safety/ShieldLagrangeMultiplier/Max": 1.2662392854690552,
    "Safety/ShieldLagrangeMultiplier/Min": 1.2662392854690552,
    "Safety/ShieldLagrangeMultiplier/Std": 0,
    "Safety/shield_adv_c": -0.17661818861961365,
    "Safety/shield_violation": 1.2430680990219116,
    "Time/Epoch": 98.3979263305664,
    "Time/FPS": 203.25631713867188,
    "Time/Rollout": 81.73239135742188,
    "Time/Total": 10133.9033203125,
    "Time/Update": 16.6655216217041,
    "TotalEnvSteps": 2000000,
    "Train/Entropy": 1.8956393003463743,
    "Train/Epoch": 99,
    "Train/KL": 0.0003566075465641916,
    "Train/LR": 0,
    "Train/PolicyRatio": 1.0028432607650757,
    "Train/PolicyRatio/Max": 1.0028432607650757,
    "Train/PolicyRatio/Min": 1.0028432607650757,
    "Train/PolicyRatio/Std": 0.002010517055168748,
    "Train/PolicyStd": 1.679144024848938,
    "Train/StopIter": 10,
    "Value/Adv": 1.0681151962899094e-08,
    "Value/cost": 0.6100504994392395,
    "Value/reward": 5.234319686889648,
    "_runtime": 10135.365665672,
    "_step": 100,
    "_timestamp": 1746917313.2720916,
    "_wandb": {
        "runtime": 10135
    }
}