{
    "Loss/Loss_cost_critic": 2.8285510540008545,
    "Loss/Loss_cost_critic/Delta": -1.3541662693023682,
    "Loss/Loss_pi": -0.26677563786506653,
    "Loss/Loss_pi/Delta": -0.039219602942466736,
    "Loss/Loss_reward_critic": 0.04585867747664451,
    "Loss/Loss_reward_critic/Delta": 0.0019329823553562164,
    "Metrics/EpCost": 13.43000030517578,
    "Metrics/EpLen": 1000,
    "Metrics/EpRet": 4.577849388122559,
    "Metrics/LagrangeMultiplier": 2.3019216060638428,
    "Metrics/LagrangeMultiplier/Max": 2.3019216060638428,
    "Metrics/LagrangeMultiplier/Min": 2.3019216060638428,
    "Metrics/LagrangeMultiplier/Std": 0,
    "Misc/AcceptanceStep": 1,
    "Misc/Alpha": 0.6318789124488831,
    "Misc/FinalStepNorm": 0.29667916893959045,
    "Misc/H_inv_g": 0.4695189893245697,
    "Misc/gradient_norm": 0.29475510120391846,
    "Misc/xHx": 0.05009128153324127,
    "Safety/EpCostShield": 19.5,
    "Safety/ShieldLagrangeMultiplier": 2.4787709712982178,
    "Safety/ShieldLagrangeMultiplier/Max": 2.4787709712982178,
    "Safety/ShieldLagrangeMultiplier/Min": 2.4787709712982178,
    "Safety/ShieldLagrangeMultiplier/Std": 0,
    "Safety/shield_adv_c": 0.4042707681655884,
    "Safety/shield_violation": 3.818844556808472,
    "Time/Epoch": 137.92263793945312,
    "Time/FPS": 145.0088348388672,
    "Time/Rollout": 107.07511901855467,
    "Time/Total": 14848.375,
    "Time/Update": 30.84749412536621,
    "TotalEnvSteps": 2000000,
    "Train/Entropy": 1.1895250082015991,
    "Train/Epoch": 99,
    "Train/KL": 0.0003212980809621513,
    "Train/LR": 0,
    "Train/PolicyRatio": 1.0022424459457395,
    "Train/PolicyRatio/Max": 1.0022424459457395,
    "Train/PolicyRatio/Min": 1.0022424459457395,
    "Train/PolicyRatio/Std": 0.0015856206882745028,
    "Train/PolicyStd": 0.8027583956718445,
    "Train/StopIter": 10,
    "Value/Adv": 1.2207030941624453e-08,
    "Value/cost": 1.0664594173431396,
    "Value/reward": 0.5787318348884583,
    "_runtime": 14849.862229454,
    "_step": 100,
    "_timestamp": 1747265133.4079874,
    "_wandb": {
        "runtime": 14849
    }
}