{
    "Loss/Loss_cost_critic": 6.457653999328613,
    "Loss/Loss_cost_critic/Delta": -1.1112408638000488,
    "Loss/Loss_pi": -0.24912534654140472,
    "Loss/Loss_pi/Delta": 0.03855399787425995,
    "Loss/Loss_reward_critic": 0.02603626437485218,
    "Loss/Loss_reward_critic/Delta": 0.003747688606381416,
    "Metrics/EpCost": 28.06999969482422,
    "Metrics/EpLen": 1000,
    "Metrics/EpRet": 5.9650559425354,
    "Metrics/LagrangeMultiplier": 2.72507905960083,
    "Metrics/LagrangeMultiplier/Max": 2.72507905960083,
    "Metrics/LagrangeMultiplier/Min": 2.72507905960083,
    "Metrics/LagrangeMultiplier/Std": 0,
    "Safety/EpCostShield": 51.900001525878906,
    "Safety/ShieldLagrangeMultiplier": 2.6979262828826904,
    "Safety/ShieldLagrangeMultiplier/Max": 2.6979262828826904,
    "Safety/ShieldLagrangeMultiplier/Min": 2.6979262828826904,
    "Safety/ShieldLagrangeMultiplier/Std": 0,
    "Safety/shield_adv_c": "NaN",
    "Safety/shield_violation": 5.727250099182129,
    "Time/Epoch": 220.86395263671875,
    "Time/FPS": 90.55348205566406,
    "Time/Rollout": 91.80290985107422,
    "Time/Total": 22059.53125,
    "Time/Update": 129.06100463867188,
    "TotalEnvSteps": 2000000,
    "Train/Entropy": 0.7063661813735962,
    "Train/Epoch": 99,
    "Train/KL": 0.002852302510291338,
    "Train/LR": 0,
    "Train/PolicyRatio": 1.0009359121322632,
    "Train/PolicyRatio/Max": 1.0009359121322632,
    "Train/PolicyRatio/Min": 1.0009359121322632,
    "Train/PolicyRatio/Std": 0.0060249506495893,
    "Train/PolicyStd": 0.49984654784202576,
    "Train/StopIter": 40,
    "Value/Adv": 0.10011590272188188,
    "Value/cost": 4.053571701049805,
    "Value/reward": 0.7367255091667175,
    "_runtime": 22061.506062912,
    "_step": 100,
    "_timestamp": 1746518450.9743438,
    "_wandb": {
        "runtime": 22061
    }
}