{
    "Loss/Loss_cost_critic": 1.1812937259674072,
    "Loss/Loss_cost_critic/Delta": 0.4671124815940857,
    "Loss/Loss_pi": -0.0015072081005200744,
    "Loss/Loss_pi/Delta": 0.07347232813481241,
    "Loss/Loss_reward_critic": 0.07580000907182693,
    "Loss/Loss_reward_critic/Delta": 0.014574553817510605,
    "Metrics/EpCost": 0.5199999809265137,
    "Metrics/EpLen": 500,
    "Metrics/EpRet": 11.406577110290527,
    "Metrics/LagrangeMultiplier": 0.7974943518638611,
    "Metrics/LagrangeMultiplier/Max": 0.7974943518638611,
    "Metrics/LagrangeMultiplier/Min": 0.7974943518638611,
    "Metrics/LagrangeMultiplier/Std": 0,
    "Misc/AcceptanceStep": 1,
    "Misc/Alpha": 1.6693333387374878,
    "Misc/FinalStepNorm": 0.20631100237369537,
    "Misc/H_inv_g": 0.12358886003494264,
    "Misc/gradient_norm": 0.18843629956245425,
    "Misc/xHx": 0.007177005056291819,
    "Safety/EpCostShield": 5.625,
    "Safety/ShieldLagrangeMultiplier": 1.0816608667373655,
    "Safety/ShieldLagrangeMultiplier/Max": 1.0816608667373655,
    "Safety/ShieldLagrangeMultiplier/Min": 1.0816608667373655,
    "Safety/ShieldLagrangeMultiplier/Std": 0,
    "Safety/shield_adv_c": -0.009419139474630356,
    "Safety/shield_violation": 0.48792314529418945,
    "Time/Epoch": 112.10850524902344,
    "Time/FPS": 178.39859008789062,
    "Time/Rollout": 96.0814208984375,
    "Time/Total": 11342.3759765625,
    "Time/Update": 16.027067184448242,
    "TotalEnvSteps": 2000000,
    "Train/Entropy": 0.9267720580101012,
    "Train/Epoch": 99,
    "Train/KL": 0.0004371185787022114,
    "Train/LR": 0,
    "Train/PolicyRatio": 1.0016522407531738,
    "Train/PolicyRatio/Max": 1.0016522407531738,
    "Train/PolicyRatio/Min": 1.0016522407531738,
    "Train/PolicyRatio/Std": 0.0011683106422424316,
    "Train/PolicyStd": 0.6113693118095398,
    "Train/StopIter": 10,
    "Value/Adv": -3.8146971692576415e-10,
    "Value/cost": 0.06379725784063339,
    "Value/reward": 2.2189958095550537,
    "_runtime": 11343.617589523,
    "_step": 100,
    "_timestamp": 1746582233.159575,
    "_wandb": {
        "runtime": 11343
    }
}