{
    "Loss/Loss_cost_critic": 4.591434955596924,
    "Loss/Loss_cost_critic/Delta": 0.268373966217041,
    "Loss/Loss_pi": -0.5119283199310303,
    "Loss/Loss_pi/Delta": -0.0010175108909606934,
    "Loss/Loss_reward_critic": 0.04180989786982536,
    "Loss/Loss_reward_critic/Delta": 0.0011064857244491575,
    "Metrics/EpCost": 12.59000015258789,
    "Metrics/EpLen": 1000,
    "Metrics/EpRet": 11.180646896362305,
    "Metrics/LagrangeMultiplier": 2.518517017364502,
    "Metrics/LagrangeMultiplier/Max": 2.518517017364502,
    "Metrics/LagrangeMultiplier/Min": 2.518517017364502,
    "Metrics/LagrangeMultiplier/Std": 0,
    "Misc/AcceptanceStep": 1,
    "Misc/Alpha": 1.3424636125564575,
    "Misc/FinalStepNorm": 0.3018339276313782,
    "Misc/H_inv_g": 0.2248358428478241,
    "Misc/gradient_norm": 0.1538286954164505,
    "Misc/xHx": 0.011097485199570656,
    "Safety/EpCostShield": 18.25,
    "Safety/ShieldLagrangeMultiplier": 2.4423863887786865,
    "Safety/ShieldLagrangeMultiplier/Max": 2.4423863887786865,
    "Safety/ShieldLagrangeMultiplier/Min": 2.4423863887786865,
    "Safety/ShieldLagrangeMultiplier/Std": 0,
    "Safety/shield_adv_c": -0.41106951236724854,
    "Safety/shield_violation": 4.767366409301758,
    "Time/Epoch": 132.56668090820312,
    "Time/FPS": 150.86746215820312,
    "Time/Rollout": 101.2947998046875,
    "Time/Total": 13896.673828125,
    "Time/Update": 31.271860122680664,
    "TotalEnvSteps": 2000000,
    "Train/Entropy": 2.1532087326049805,
    "Train/Epoch": 99,
    "Train/KL": 0.00030504510505124927,
    "Train/LR": 0,
    "Train/PolicyRatio": 1.0026298761367798,
    "Train/PolicyRatio/Max": 1.0026299953460691,
    "Train/PolicyRatio/Min": 1.0026299953460691,
    "Train/PolicyRatio/Std": 0.001859575160779059,
    "Train/PolicyStd": 2.12774395942688,
    "Train/StopIter": 10,
    "Value/Adv": 1.907348501362094e-09,
    "Value/cost": 2.2759509086608887,
    "Value/reward": 1.1397138833999634,
    "_runtime": 13898.751275721,
    "_step": 100,
    "_timestamp": 1746510300.792364,
    "_wandb": {
        "runtime": 13898
    }
}