{
    "Loss/Loss_cost_critic": 1.7745444774627686,
    "Loss/Loss_cost_critic/Delta": -0.2792489528656006,
    "Loss/Loss_pi": -0.38639745116233826,
    "Loss/Loss_pi/Delta": -0.0480695366859436,
    "Loss/Loss_reward_critic": 0.027909982949495316,
    "Loss/Loss_reward_critic/Delta": -0.0012306645512580872,
    "Metrics/EpCost": 3.5999999046325684,
    "Metrics/EpLen": 1000,
    "Metrics/EpRet": 1.765325903892517,
    "Metrics/LagrangeMultiplier": 1.6649314165115356,
    "Metrics/LagrangeMultiplier/Max": 1.6649314165115356,
    "Metrics/LagrangeMultiplier/Min": 1.6649314165115356,
    "Metrics/LagrangeMultiplier/Std": 0,
    "Misc/AcceptanceStep": 1,
    "Misc/Alpha": 1.8577980995178225,
    "Misc/FinalStepNorm": 0.3392353057861328,
    "Misc/H_inv_g": 0.1826007515192032,
    "Misc/gradient_norm": 0.07710836082696915,
    "Misc/xHx": 0.005794716998934746,
    "Safety/EpCostShield": 15.050000190734863,
    "Safety/ShieldLagrangeMultiplier": 2.0307180881500244,
    "Safety/ShieldLagrangeMultiplier/Max": 2.0307180881500244,
    "Safety/ShieldLagrangeMultiplier/Min": 2.0307180881500244,
    "Safety/ShieldLagrangeMultiplier/Std": 0,
    "Safety/shield_adv_c": 0.025005027651786804,
    "Safety/shield_violation": 3.1649575233459473,
    "Time/Epoch": 122.84535217285156,
    "Time/FPS": 162.80633544921875,
    "Time/Rollout": 96.27584075927734,
    "Time/Total": 12958.2197265625,
    "Time/Update": 26.569448471069336,
    "TotalEnvSteps": 2000000,
    "Train/Entropy": 2.26302433013916,
    "Train/Epoch": 99,
    "Train/KL": 0.00023053836775943637,
    "Train/LR": 0,
    "Train/PolicyRatio": 1.0020815134048462,
    "Train/PolicyRatio/Max": 1.0020816326141355,
    "Train/PolicyRatio/Min": 1.0020816326141355,
    "Train/PolicyRatio/Std": 0.0014718803577125072,
    "Train/PolicyStd": 2.4490342140197754,
    "Train/StopIter": 10,
    "Value/Adv": -1.3732909920349812e-08,
    "Value/cost": 1.2551548480987549,
    "Value/reward": 0.3805407583713531,
    "_runtime": 12960.005983934,
    "_step": 100,
    "_timestamp": 1746509369.0358226,
    "_wandb": {
        "runtime": 12960
    }
}