{
    "Loss/Loss_cost_critic": 2.9184272289276123,
    "Loss/Loss_cost_critic/Delta": -0.37490177154541016,
    "Loss/Loss_pi": -0.27454376220703125,
    "Loss/Loss_pi/Delta": -0.06487123668193817,
    "Loss/Loss_reward_critic": 0.2661733329296112,
    "Loss/Loss_reward_critic/Delta": 0.045143067836761475,
    "Metrics/EpCost": 2.0299999713897705,
    "Metrics/EpLen": 500,
    "Metrics/EpRet": 32.217525482177734,
    "Metrics/LagrangeMultiplier": 0.9519935250282288,
    "Metrics/LagrangeMultiplier/Max": 0.9519935250282288,
    "Metrics/LagrangeMultiplier/Min": 0.9519935250282288,
    "Metrics/LagrangeMultiplier/Std": 0,
    "Misc/AcceptanceStep": 1,
    "Misc/Alpha": 2.810027837753296,
    "Misc/FinalStepNorm": 0.2383547276258469,
    "Misc/H_inv_g": 0.08482291549444199,
    "Misc/gradient_norm": 0.0926436334848404,
    "Misc/xHx": 0.002532835816964507,
    "Safety/EpCostShield": 11.25,
    "Safety/ShieldLagrangeMultiplier": 1.101066827774048,
    "Safety/ShieldLagrangeMultiplier/Max": 1.101066827774048,
    "Safety/ShieldLagrangeMultiplier/Min": 1.101066827774048,
    "Safety/ShieldLagrangeMultiplier/Std": 0,
    "Safety/shield_adv_c": 0.3390752673149109,
    "Safety/shield_violation": 1.121640682220459,
    "Time/Epoch": 118.88638305664062,
    "Time/FPS": 168.2278594970703,
    "Time/Rollout": 96.13601684570312,
    "Time/Total": 12050.2451171875,
    "Time/Update": 22.75032615661621,
    "TotalEnvSteps": 2000000,
    "Train/Entropy": 2.0213568210601807,
    "Train/Epoch": 99,
    "Train/KL": 0.0003775620134547353,
    "Train/LR": 0,
    "Train/PolicyRatio": 1.0024162530899048,
    "Train/PolicyRatio/Max": 1.0024163722991943,
    "Train/PolicyRatio/Min": 1.0024163722991943,
    "Train/PolicyRatio/Std": 0.0017085770377889276,
    "Train/PolicyStd": 1.966723084449768,
    "Train/StopIter": 10,
    "Value/Adv": -3.814697002724188e-09,
    "Value/cost": 0.3945534229278565,
    "Value/reward": 6.492781162261963,
    "_runtime": 12052.168313322,
    "_step": 100,
    "_timestamp": 1746605505.660241,
    "_wandb": {
        "runtime": 12052
    }
}