{
    "Loss/Loss_cost_critic": 6.7939863204956055,
    "Loss/Loss_cost_critic/Delta": -1.9019060134887695,
    "Loss/Loss_pi": -0.01128592062741518,
    "Loss/Loss_pi/Delta": -0.0008323350921273232,
    "Loss/Loss_reward_critic": 0.0986899808049202,
    "Loss/Loss_reward_critic/Delta": -0.032765187323093414,
    "Metrics/EpCost": 50.56999969482422,
    "Metrics/EpLen": 500,
    "Metrics/EpRet": 13.899932861328123,
    "Metrics/LagrangeMultiplier": 0.2385694682598114,
    "Metrics/LagrangeMultiplier/Max": 0.2385694682598114,
    "Metrics/LagrangeMultiplier/Min": 0.2385694682598114,
    "Metrics/LagrangeMultiplier/Std": 0,
    "Misc/AcceptanceStep": 1,
    "Misc/Alpha": 1.1919198036193848,
    "Misc/FinalStepNorm": 0.190265953540802,
    "Misc/H_inv_g": 0.15962983667850494,
    "Misc/gradient_norm": 0.34733471274375916,
    "Misc/xHx": 0.014077827334403992,
    "Time/Epoch": 122.2823715209961,
    "Time/FPS": 163.55587768554688,
    "Time/Rollout": 109.30335235595705,
    "Time/Total": 12209.9599609375,
    "Time/Update": 12.978988647460938,
    "TotalEnvSteps": 2000000,
    "Train/Entropy": 0.7547590136528015,
    "Train/Epoch": 99,
    "Train/KL": 0.0004569024022202939,
    "Train/LR": 0,
    "Train/PolicyRatio": 1.00031316280365,
    "Train/PolicyRatio/Max": 1.00031316280365,
    "Train/PolicyRatio/Min": 1.00031316280365,
    "Train/PolicyRatio/Std": 0.00022141145018395036,
    "Train/PolicyStd": 0.5651350021362305,
    "Train/StopIter": 10,
    "Value/Adv": 9.536742950899681e-09,
    "Value/cost": 7.9058709144592285,
    "Value/reward": 2.9643871784210205,
    "_runtime": 12211.00117006,
    "_step": 100,
    "_timestamp": 1745036928.0317435,
    "_wandb": {
        "runtime": 12211
    }
}