{
    "Loss/Loss_cost_critic": 1.2097620964050293,
    "Loss/Loss_cost_critic/Delta": -0.9200968742370604,
    "Loss/Loss_pi": -0.3377509117126465,
    "Loss/Loss_pi/Delta": -0.02999207377433777,
    "Loss/Loss_reward_critic": 0.005330790299922228,
    "Loss/Loss_reward_critic/Delta": -0.001049700193107128,
    "Metrics/EpCost": 5.550000190734863,
    "Metrics/EpLen": 1000,
    "Metrics/EpRet": -0.1294051706790924,
    "Metrics/LagrangeMultiplier": 1.998076319694519,
    "Metrics/LagrangeMultiplier/Max": 1.998076319694519,
    "Metrics/LagrangeMultiplier/Min": 1.998076319694519,
    "Metrics/LagrangeMultiplier/Std": 0,
    "Misc/AcceptanceStep": 1,
    "Misc/Alpha": 2.578928232192993,
    "Misc/FinalStepNorm": 0.3314708471298218,
    "Misc/H_inv_g": 0.12853045761585236,
    "Misc/gradient_norm": 0.08174919337034225,
    "Misc/xHx": 0.003007114864885807,
    "Safety/EpCostShield": 5.5,
    "Safety/ShieldLagrangeMultiplier": 2.3017873764038086,
    "Safety/ShieldLagrangeMultiplier/Max": 2.3017873764038086,
    "Safety/ShieldLagrangeMultiplier/Min": 2.3017873764038086,
    "Safety/ShieldLagrangeMultiplier/Std": 0,
    "Safety/shield_adv_c": -0.24796485900878903,
    "Safety/shield_violation": 1.682475447654724,
    "Time/Epoch": 75.43601989746094,
    "Time/FPS": 265.1253356933594,
    "Time/Rollout": 61.270729064941406,
    "Time/Total": 7920.1162109375,
    "Time/Update": 14.165271759033203,
    "TotalEnvSteps": 2000000,
    "Train/Entropy": 2.3446242809295654,
    "Train/Epoch": 99,
    "Train/KL": 0.00022822251776233315,
    "Train/LR": 0,
    "Train/PolicyRatio": 1.001548171043396,
    "Train/PolicyRatio/Max": 1.001548171043396,
    "Train/PolicyRatio/Min": 1.001548171043396,
    "Train/PolicyRatio/Std": 0.0010947503615170715,
    "Train/PolicyStd": 2.5812318325042725,
    "Train/StopIter": 10,
    "Value/Adv": -4.7683714754498405e-09,
    "Value/cost": 0.6990704536437988,
    "Value/reward": -0.013965614140033722,
    "_runtime": 7921.874783358,
    "_step": 100,
    "_timestamp": 1746504288.8968546,
    "_wandb": {
        "runtime": 7921
    }
}