{
    "Loss/Loss_cost_critic": 3.400543212890625,
    "Loss/Loss_cost_critic/Delta": 1.2798874378204346,
    "Loss/Loss_pi": -0.05830787122249603,
    "Loss/Loss_pi/Delta": -0.04396625887602568,
    "Loss/Loss_reward_critic": 0.046864163130521774,
    "Loss/Loss_reward_critic/Delta": 0.0017642267048358915,
    "Metrics/EpCost": 7.190000057220459,
    "Metrics/EpLen": 1000,
    "Metrics/EpRet": 7.701319694519043,
    "Metrics/LagrangeMultiplier": 2.457573413848877,
    "Metrics/LagrangeMultiplier/Max": 2.457573413848877,
    "Metrics/LagrangeMultiplier/Min": 2.457573413848877,
    "Metrics/LagrangeMultiplier/Std": 0,
    "Misc/AcceptanceStep": 1,
    "Misc/Alpha": 0.8469281792640686,
    "Misc/FinalStepNorm": 0.2729117274284363,
    "Misc/H_inv_g": 0.32223716378211975,
    "Misc/gradient_norm": 0.25643566250801086,
    "Misc/xHx": 0.02788282185792923,
    "Safety/EpCostShield": 21.649999618530273,
    "Safety/ShieldLagrangeMultiplier": 2.4378297328948975,
    "Safety/ShieldLagrangeMultiplier/Max": 2.4378297328948975,
    "Safety/ShieldLagrangeMultiplier/Min": 2.4378297328948975,
    "Safety/ShieldLagrangeMultiplier/Std": 0,
    "Safety/shield_adv_c": 0.498642772436142,
    "Safety/shield_violation": 2.1689651012420654,
    "Time/Epoch": 132.0823211669922,
    "Time/FPS": 151.4207305908203,
    "Time/Rollout": 108.51578521728516,
    "Time/Total": 13689.3349609375,
    "Time/Update": 23.56649398803711,
    "TotalEnvSteps": 2000000,
    "Train/Entropy": 1.131205916404724,
    "Train/Epoch": 99,
    "Train/KL": 0.000386467989301309,
    "Train/LR": 0,
    "Train/PolicyRatio": 1.0016883611679075,
    "Train/PolicyRatio/Max": 1.0016883611679075,
    "Train/PolicyRatio/Min": 1.0016883611679075,
    "Train/PolicyRatio/Std": 0.001193879754282534,
    "Train/PolicyStd": 0.7499988675117493,
    "Train/StopIter": 10,
    "Value/Adv": -7.629394338515282e-10,
    "Value/cost": 0.8052955865859985,
    "Value/reward": 0.8928185701370239,
    "_runtime": 13691.085270648,
    "_step": 100,
    "_timestamp": 1746575150.3336709,
    "_wandb": {
        "runtime": 13691
    }
}