{
    "Loss/Loss_cost_critic": 0.7337674498558044,
    "Loss/Loss_cost_critic/Delta": -0.5389025807380676,
    "Loss/Loss_pi": -0.2338712066411972,
    "Loss/Loss_pi/Delta": -0.07175970077514648,
    "Loss/Loss_reward_critic": 0.012484327889978886,
    "Loss/Loss_reward_critic/Delta": -0.005381991155445576,
    "Metrics/EpCost": 5.099999904632568,
    "Metrics/EpLen": 1000,
    "Metrics/EpRet": 0.6235601305961609,
    "Metrics/LagrangeMultiplier": 2.9281129837036133,
    "Metrics/LagrangeMultiplier/Max": 2.9281129837036133,
    "Metrics/LagrangeMultiplier/Min": 2.9281129837036133,
    "Metrics/LagrangeMultiplier/Std": 0,
    "Safety/EpCostShield": 3.3499999046325684,
    "Safety/ShieldLagrangeMultiplier": 2.888711214065552,
    "Safety/ShieldLagrangeMultiplier/Max": 2.888711214065552,
    "Safety/ShieldLagrangeMultiplier/Min": 2.888711214065552,
    "Safety/ShieldLagrangeMultiplier/Std": 0,
    "Safety/shield_adv_c": "NaN",
    "Safety/shield_violation": 1.4952857494354248,
    "Time/Epoch": 240.67431640625,
    "Time/FPS": 83.099853515625,
    "Time/Rollout": 107.4099578857422,
    "Time/Total": 22393.849609375,
    "Time/Update": 133.26431274414062,
    "TotalEnvSteps": 2000000,
    "Train/Entropy": 0.5930523872375488,
    "Train/Epoch": 99,
    "Train/KL": 0.0027976115234196186,
    "Train/LR": 0,
    "Train/PolicyRatio": 1.0025534629821775,
    "Train/PolicyRatio/Max": 1.0025534629821775,
    "Train/PolicyRatio/Min": 1.0025534629821775,
    "Train/PolicyRatio/Std": 0.00603399658575654,
    "Train/PolicyStd": 0.4703930616378784,
    "Train/StopIter": 40,
    "Value/Adv": 0.22689957916736603,
    "Value/cost": 0.3862601816654206,
    "Value/reward": 0.07730742543935776,
    "_runtime": 22395.098807234,
    "_step": 100,
    "_timestamp": 1746540980.544472,
    "_wandb": {
        "runtime": 22395
    }
}