{
    "Loss/Loss_cost_critic": 2.0868990421295166,
    "Loss/Loss_cost_critic/Delta": -0.8616640567779541,
    "Loss/Loss_pi": -0.2841874957084656,
    "Loss/Loss_pi/Delta": -0.023027360439300537,
    "Loss/Loss_reward_critic": 0.2266094833612442,
    "Loss/Loss_reward_critic/Delta": 0.0025785863399505615,
    "Metrics/EpCost": 1.2300000190734863,
    "Metrics/EpLen": 500,
    "Metrics/EpRet": 31.252582550048828,
    "Metrics/LagrangeMultiplier": 0.9176639914512634,
    "Metrics/LagrangeMultiplier/Max": 0.9176639914512634,
    "Metrics/LagrangeMultiplier/Min": 0.9176639914512634,
    "Metrics/LagrangeMultiplier/Std": 0,
    "Misc/AcceptanceStep": 1,
    "Misc/Alpha": 3.002336025238037,
    "Misc/FinalStepNorm": 0.19810646772384644,
    "Misc/H_inv_g": 0.06598411500453949,
    "Misc/gradient_norm": 0.0890016257762909,
    "Misc/xHx": 0.002218755427747965,
    "Safety/EpCostShield": 6.375,
    "Safety/ShieldLagrangeMultiplier": 1.0358752012252808,
    "Safety/ShieldLagrangeMultiplier/Max": 1.0358752012252808,
    "Safety/ShieldLagrangeMultiplier/Min": 1.0358752012252808,
    "Safety/ShieldLagrangeMultiplier/Std": 0,
    "Safety/shield_adv_c": 0.10116396844387054,
    "Safety/shield_violation": 0.9919044971466064,
    "Time/Epoch": 127.3795394897461,
    "Time/FPS": 157.01109313964844,
    "Time/Rollout": 104.8597640991211,
    "Time/Total": 13024.71875,
    "Time/Update": 22.519750595092773,
    "TotalEnvSteps": 2000000,
    "Train/Entropy": 2.0571916103363037,
    "Train/Epoch": 99,
    "Train/KL": 0.000415086979046464,
    "Train/LR": 0,
    "Train/PolicyRatio": 1.0021963119506836,
    "Train/PolicyRatio/Max": 1.0021963119506836,
    "Train/PolicyRatio/Min": 1.0021963119506836,
    "Train/PolicyRatio/Std": 0.0015530269593000412,
    "Train/PolicyStd": 2.2301673889160156,
    "Train/StopIter": 10,
    "Value/Adv": -6.103515470812226e-09,
    "Value/cost": 0.24486416578292847,
    "Value/reward": 6.136938095092773,
    "_runtime": 13026.212341086,
    "_step": 100,
    "_timestamp": 1746521322.616655,
    "_wandb": {
        "runtime": 13026
    }
}