{
    "Loss/Loss_cost_critic": 1.1494077444076538,
    "Loss/Loss_cost_critic/Delta": 0.21083390712738037,
    "Loss/Loss_pi": -0.18830294907093048,
    "Loss/Loss_pi/Delta": 0.07198639214038849,
    "Loss/Loss_reward_critic": 0.007887709885835648,
    "Loss/Loss_reward_critic/Delta": 0.0030347323045134544,
    "Metrics/EpCost": 2.369999885559082,
    "Metrics/EpLen": 1000,
    "Metrics/EpRet": 0.3464467525482178,
    "Metrics/LagrangeMultiplier": 2.5333011150360107,
    "Metrics/LagrangeMultiplier/Max": 2.5333011150360107,
    "Metrics/LagrangeMultiplier/Min": 2.5333011150360107,
    "Metrics/LagrangeMultiplier/Std": 0,
    "Misc/AcceptanceStep": 1,
    "Misc/Alpha": 1.4762258529663086,
    "Misc/FinalStepNorm": 0.3293898403644562,
    "Misc/H_inv_g": 0.22312970459461212,
    "Misc/gradient_norm": 0.0779959112405777,
    "Misc/xHx": 0.009177489206194878,
    "Safety/EpCostShield": 17.850000381469727,
    "Safety/ShieldLagrangeMultiplier": 2.5666120052337646,
    "Safety/ShieldLagrangeMultiplier/Max": 2.5666120052337646,
    "Safety/ShieldLagrangeMultiplier/Min": 2.5666120052337646,
    "Safety/ShieldLagrangeMultiplier/Std": 0,
    "Safety/shield_adv_c": 1.2992777824401855,
    "Safety/shield_violation": 1.366756796836853,
    "Time/Epoch": 117.12662506103516,
    "Time/FPS": 170.75537109375,
    "Time/Rollout": 95.0420913696289,
    "Time/Total": 12010.6552734375,
    "Time/Update": 22.08449935913086,
    "TotalEnvSteps": 2000000,
    "Train/Entropy": 2.14583420753479,
    "Train/Epoch": 99,
    "Train/KL": 0.00024182585184462368,
    "Train/LR": 0,
    "Train/PolicyRatio": 1.0009506940841677,
    "Train/PolicyRatio/Max": 1.0009506940841677,
    "Train/PolicyRatio/Min": 1.0009506940841677,
    "Train/PolicyRatio/Std": 0.0006722141406498849,
    "Train/PolicyStd": 2.0687246322631836,
    "Train/StopIter": 10,
    "Value/Adv": -4.959106458812812e-09,
    "Value/cost": 0.31141841411590576,
    "Value/reward": 0.034094128757715225,
    "_runtime": 12011.578823252,
    "_step": 100,
    "_timestamp": 1746919970.1254404,
    "_wandb": {
        "runtime": 12011
    }
}