{
    "Loss/Loss_cost_critic": 1.6807862520217896,
    "Loss/Loss_cost_critic/Delta": -0.033254265785217285,
    "Loss/Loss_pi": -0.28314778208732605,
    "Loss/Loss_pi/Delta": -0.20065853744745257,
    "Loss/Loss_reward_critic": 0.010372845456004144,
    "Loss/Loss_reward_critic/Delta": 0.0006944425404071808,
    "Metrics/EpCost": 11.489999771118164,
    "Metrics/EpLen": 1000,
    "Metrics/EpRet": -0.09683253616094588,
    "Metrics/LagrangeMultiplier": 3.0538105964660645,
    "Metrics/LagrangeMultiplier/Max": 3.0538105964660645,
    "Metrics/LagrangeMultiplier/Min": 3.0538105964660645,
    "Metrics/LagrangeMultiplier/Std": 0,
    "Safety/EpCostShield": 15.5,
    "Safety/ShieldLagrangeMultiplier": 2.846350908279419,
    "Safety/ShieldLagrangeMultiplier/Max": 2.846350908279419,
    "Safety/ShieldLagrangeMultiplier/Min": 2.846350908279419,
    "Safety/ShieldLagrangeMultiplier/Std": 0,
    "Safety/shield_adv_c": "NaN",
    "Safety/shield_violation": 3.4917492866516113,
    "Time/Epoch": 198.53578186035156,
    "Time/FPS": 100.73751068115234,
    "Time/Rollout": 101.0396499633789,
    "Time/Total": 17831.212890625,
    "Time/Update": 97.49606323242188,
    "TotalEnvSteps": 2000000,
    "Train/Entropy": 0.5228836536407471,
    "Train/Epoch": 99,
    "Train/KL": 0.004015205428004265,
    "Train/LR": 0,
    "Train/PolicyRatio": 1.0011544227600098,
    "Train/PolicyRatio/Max": 1.0011544227600098,
    "Train/PolicyRatio/Min": 1.0011544227600098,
    "Train/PolicyRatio/Std": 0.006721421144902706,
    "Train/PolicyStd": 0.408652126789093,
    "Train/StopIter": 40,
    "Value/Adv": -0.1321738362312317,
    "Value/cost": 0.919760763645172,
    "Value/reward": 0.00018188399553764611,
    "_runtime": 17832.743017815,
    "_step": 100,
    "_timestamp": 1746577801.5835106,
    "_wandb": {
        "runtime": 17832
    }
}