{
    "Loss/Loss_cost_critic": 2.5210869312286377,
    "Loss/Loss_cost_critic/Delta": 0.4577300548553467,
    "Loss/Loss_pi": -0.25060537457466125,
    "Loss/Loss_pi/Delta": -0.019117623567581177,
    "Loss/Loss_reward_critic": 0.036890316754579544,
    "Loss/Loss_reward_critic/Delta": -0.013800863176584244,
    "Metrics/EpCost": 7.150000095367432,
    "Metrics/EpLen": 1000,
    "Metrics/EpRet": 6.630436897277832,
    "Metrics/LagrangeMultiplier": 2.3550117015838623,
    "Metrics/LagrangeMultiplier/Max": 2.3550117015838623,
    "Metrics/LagrangeMultiplier/Min": 2.3550117015838623,
    "Metrics/LagrangeMultiplier/Std": 0,
    "Misc/AcceptanceStep": 1,
    "Misc/Alpha": 1.2896264791488647,
    "Misc/FinalStepNorm": 0.3030135929584503,
    "Misc/H_inv_g": 0.23496229946613312,
    "Misc/gradient_norm": 0.11645806580781937,
    "Misc/xHx": 0.01202546153217554,
    "Safety/EpCostShield": 14.25,
    "Safety/ShieldLagrangeMultiplier": 2.3921782970428467,
    "Safety/ShieldLagrangeMultiplier/Max": 2.3921782970428467,
    "Safety/ShieldLagrangeMultiplier/Min": 2.3921782970428467,
    "Safety/ShieldLagrangeMultiplier/Std": 0,
    "Safety/shield_adv_c": -0.02623765915632248,
    "Safety/shield_violation": 1.5162246227264404,
    "Time/Epoch": 103.6789321899414,
    "Time/FPS": 192.9032287597656,
    "Time/Rollout": 86.45211791992188,
    "Time/Total": 10731.7294921875,
    "Time/Update": 17.22677993774414,
    "TotalEnvSteps": 2000000,
    "Train/Entropy": 1.934900164604187,
    "Train/Epoch": 99,
    "Train/KL": 0.0003124633803963661,
    "Train/LR": 0,
    "Train/PolicyRatio": 1.002728819847107,
    "Train/PolicyRatio/Max": 1.002728819847107,
    "Train/PolicyRatio/Min": 1.002728819847107,
    "Train/PolicyRatio/Std": 0.0019295389065518975,
    "Train/PolicyStd": 1.681268334388733,
    "Train/StopIter": 10,
    "Value/Adv": 2.6702879907247734e-09,
    "Value/cost": 0.6706839799880981,
    "Value/reward": 0.8260658979415894,
    "_runtime": 10733.028142789,
    "_step": 100,
    "_timestamp": 1746616668.2738817,
    "_wandb": {
        "runtime": 10733
    }
}