{
    "Loss/Loss_cost_critic": 3.262460470199585,
    "Loss/Loss_cost_critic/Delta": -0.220897912979126,
    "Loss/Loss_pi": -0.289580374956131,
    "Loss/Loss_pi/Delta": -0.027909815311431885,
    "Loss/Loss_reward_critic": 0.040029387921094894,
    "Loss/Loss_reward_critic/Delta": 0.00200667604804039,
    "Metrics/EpCost": 7.019999980926514,
    "Metrics/EpLen": 1000,
    "Metrics/EpRet": 8.091301918029785,
    "Metrics/LagrangeMultiplier": 2.339124917984009,
    "Metrics/LagrangeMultiplier/Max": 2.339124917984009,
    "Metrics/LagrangeMultiplier/Min": 2.339124917984009,
    "Metrics/LagrangeMultiplier/Std": 0,
    "Misc/AcceptanceStep": 1,
    "Misc/Alpha": 1.8844865560531616,
    "Misc/FinalStepNorm": 0.319692462682724,
    "Misc/H_inv_g": 0.1696443408727646,
    "Misc/gradient_norm": 0.08028548955917358,
    "Misc/xHx": 0.00563174718990922,
    "Safety/EpCostShield": 12.300000190734863,
    "Safety/ShieldLagrangeMultiplier": 2.380591630935669,
    "Safety/ShieldLagrangeMultiplier/Max": 2.380591630935669,
    "Safety/ShieldLagrangeMultiplier/Min": 2.380591630935669,
    "Safety/ShieldLagrangeMultiplier/Std": 0,
    "Safety/shield_adv_c": -0.5023263096809387,
    "Safety/shield_violation": 1.7717854976654053,
    "Time/Epoch": 72.544677734375,
    "Time/FPS": 275.6921691894531,
    "Time/Rollout": 57.290889739990234,
    "Time/Total": 7580.13330078125,
    "Time/Update": 15.253772735595703,
    "TotalEnvSteps": 2000000,
    "Train/Entropy": 2.200314998626709,
    "Train/Epoch": 99,
    "Train/KL": 0.000263106485363096,
    "Train/LR": 0,
    "Train/PolicyRatio": 1.0005569458007812,
    "Train/PolicyRatio/Max": 1.0005569458007812,
    "Train/PolicyRatio/Min": 1.0005569458007812,
    "Train/PolicyRatio/Std": 0.0003937639412470162,
    "Train/PolicyStd": 2.2661702632904053,
    "Train/StopIter": 10,
    "Value/Adv": -2.2888182460434332e-09,
    "Value/cost": 0.7256541848182678,
    "Value/reward": 0.7512978315353394,
    "_runtime": 7582.090428148,
    "_step": 100,
    "_timestamp": 1746503948.544885,
    "_wandb": {
        "runtime": 7582
    }
}