{
    "Loss/Loss_cost_critic": 2.611701250076294,
    "Loss/Loss_cost_critic/Delta": -1.6130812168121338,
    "Loss/Loss_pi": -0.297995388507843,
    "Loss/Loss_pi/Delta": 0.13659512996673584,
    "Loss/Loss_reward_critic": 0.0286972988396883,
    "Loss/Loss_reward_critic/Delta": -0.005845310166478157,
    "Metrics/EpCost": 13.68000030517578,
    "Metrics/EpLen": 1000,
    "Metrics/EpRet": 8.2445650100708,
    "Metrics/LagrangeMultiplier": 2.9274938106536865,
    "Metrics/LagrangeMultiplier/Max": 2.9274938106536865,
    "Metrics/LagrangeMultiplier/Min": 2.9274938106536865,
    "Metrics/LagrangeMultiplier/Std": 0,
    "Safety/EpCostShield": 12.949999809265137,
    "Safety/ShieldLagrangeMultiplier": 2.83695650100708,
    "Safety/ShieldLagrangeMultiplier/Max": 2.83695650100708,
    "Safety/ShieldLagrangeMultiplier/Min": 2.83695650100708,
    "Safety/ShieldLagrangeMultiplier/Std": 0,
    "Safety/shield_adv_c": "NaN",
    "Safety/shield_violation": 2.8836517333984375,
    "Time/Epoch": 215.1097412109375,
    "Time/FPS": 92.97579956054688,
    "Time/Rollout": 87.5533676147461,
    "Time/Total": 21947.498046875,
    "Time/Update": 127.55632781982422,
    "TotalEnvSteps": 2000000,
    "Train/Entropy": 0.7426223754882812,
    "Train/Epoch": 99,
    "Train/KL": 0.0027268463745713234,
    "Train/LR": 0,
    "Train/PolicyRatio": 1.0010565519332886,
    "Train/PolicyRatio/Max": 1.0010565519332886,
    "Train/PolicyRatio/Min": 1.0010565519332886,
    "Train/PolicyRatio/Std": 0.005804222077131271,
    "Train/PolicyStd": 0.5192694067955017,
    "Train/StopIter": 40,
    "Value/Adv": -0.0980301797389984,
    "Value/cost": 1.3634765148162842,
    "Value/reward": 0.783273458480835,
    "_runtime": 21949.381806539,
    "_step": 100,
    "_timestamp": 1746616635.3827636,
    "_wandb": {
        "runtime": 21949
    }
}