{
    "Loss/Loss_cost_critic": 0.8373842835426331,
    "Loss/Loss_cost_critic/Delta": 0.0965433120727539,
    "Loss/Loss_pi": -0.01504653412848711,
    "Loss/Loss_pi/Delta": 0.0025730570778250694,
    "Loss/Loss_reward_critic": 0.018224021419882774,
    "Loss/Loss_reward_critic/Delta": -0.0013671070337295532,
    "Metrics/EpCost": 9.880000114440918,
    "Metrics/EpLen": 1000,
    "Metrics/EpRet": 1.9092849493026731,
    "Metrics/LagrangeMultiplier": 22.904943466186523,
    "Metrics/LagrangeMultiplier/Max": 22.904943466186523,
    "Metrics/LagrangeMultiplier/Min": 22.904943466186523,
    "Metrics/LagrangeMultiplier/Std": 0,
    "Time/Epoch": 138.53611755371094,
    "Time/FPS": 144.36668395996094,
    "Time/Rollout": 79.01229095458984,
    "Time/Total": 13384.224609375,
    "Time/Update": 59.523773193359375,
    "TotalEnvSteps": 2000000,
    "Train/Entropy": 0.4721449017524719,
    "Train/Epoch": 99,
    "Train/KL": 0.00495693227276206,
    "Train/LR": 0,
    "Train/PolicyRatio": 1.0006061792373655,
    "Train/PolicyRatio/Max": 1.0006061792373655,
    "Train/PolicyRatio/Min": 1.0006061792373655,
    "Train/PolicyRatio/Std": 0.00802482571452856,
    "Train/PolicyStd": 0.388244092464447,
    "Train/StopIter": 40,
    "Value/Adv": -0.2087678164243698,
    "Value/cost": 0.7461049556732178,
    "Value/reward": 0.2464197725057602,
    "_runtime": 13385.378424916,
    "_step": 100,
    "_timestamp": 1745048718.5227888,
    "_wandb": {
        "runtime": 13385
    }
}