{
    "Loss/Loss_cost_critic": 3.622403621673584,
    "Loss/Loss_cost_critic/Delta": -0.1885364055633545,
    "Loss/Loss_pi": -0.1904328614473343,
    "Loss/Loss_pi/Delta": -0.37671560049057007,
    "Loss/Loss_reward_critic": 0.05494788661599159,
    "Loss/Loss_reward_critic/Delta": -0.0009694024920463562,
    "Metrics/EpCost": 9.609999656677246,
    "Metrics/EpLen": 1000,
    "Metrics/EpRet": 7.227147102355957,
    "Metrics/LagrangeMultiplier": 2.814722776412964,
    "Metrics/LagrangeMultiplier/Max": 2.814722776412964,
    "Metrics/LagrangeMultiplier/Min": 2.814722776412964,
    "Metrics/LagrangeMultiplier/Std": 0,
    "Misc/AcceptanceStep": 1,
    "Misc/Alpha": 1.1048340797424316,
    "Misc/FinalStepNorm": 0.32602375745773315,
    "Misc/H_inv_g": 0.29508844017982483,
    "Misc/gradient_norm": 0.0987134724855423,
    "Misc/xHx": 0.016384590417146683,
    "Safety/EpCostShield": 21.549999237060547,
    "Safety/ShieldLagrangeMultiplier": 2.761032819747925,
    "Safety/ShieldLagrangeMultiplier/Max": 2.761032819747925,
    "Safety/ShieldLagrangeMultiplier/Min": 2.761032819747925,
    "Safety/ShieldLagrangeMultiplier/Std": 0,
    "Safety/shield_adv_c": -0.4484366774559021,
    "Safety/shield_violation": 1.7361350059509275,
    "Time/Epoch": 108.32704162597656,
    "Time/FPS": 184.62611389160156,
    "Time/Rollout": 85.50297546386719,
    "Time/Total": 10896.7197265625,
    "Time/Update": 22.82404136657715,
    "TotalEnvSteps": 2000000,
    "Train/Entropy": 1.8584632873535156,
    "Train/Epoch": 99,
    "Train/KL": 0.0002636256394907832,
    "Train/LR": 0,
    "Train/PolicyRatio": 1.001569390296936,
    "Train/PolicyRatio/Max": 1.0015695095062256,
    "Train/PolicyRatio/Min": 1.0015695095062256,
    "Train/PolicyRatio/Std": 0.0011098108952865005,
    "Train/PolicyStd": 1.551994800567627,
    "Train/StopIter": 10,
    "Value/Adv": -6.103515470812226e-09,
    "Value/cost": 0.7499222159385681,
    "Value/reward": 0.8596195578575134,
    "_runtime": 10898.751726488,
    "_step": 100,
    "_timestamp": 1746919697.2566974,
    "_wandb": {
        "runtime": 10898
    }
}