{
    "Loss/Loss_cost_critic": 3.749570846557617,
    "Loss/Loss_cost_critic/Delta": 0.49029970169067383,
    "Loss/Loss_pi": -0.36841872334480286,
    "Loss/Loss_pi/Delta": 0.02021905779838562,
    "Loss/Loss_reward_critic": 0.003236961318179965,
    "Loss/Loss_reward_critic/Delta": -0.00016287784092128277,
    "Metrics/EpCost": 6.699999809265137,
    "Metrics/EpLen": 1000,
    "Metrics/EpRet": 0.18895596265792847,
    "Metrics/LagrangeMultiplier": 2.415152788162231,
    "Metrics/LagrangeMultiplier/Max": 2.415152788162231,
    "Metrics/LagrangeMultiplier/Min": 2.415152788162231,
    "Metrics/LagrangeMultiplier/Std": 0,
    "Misc/AcceptanceStep": 1,
    "Misc/Alpha": 2.3439958095550537,
    "Misc/FinalStepNorm": 0.371641993522644,
    "Misc/H_inv_g": 0.15855062007904053,
    "Misc/gradient_norm": 0.03861284628510475,
    "Misc/xHx": 0.003640115261077881,
    "Safety/EpCostShield": 13.800000190734863,
    "Safety/ShieldLagrangeMultiplier": 2.446408271789551,
    "Safety/ShieldLagrangeMultiplier/Max": 2.446408271789551,
    "Safety/ShieldLagrangeMultiplier/Min": 2.446408271789551,
    "Safety/ShieldLagrangeMultiplier/Std": 0,
    "Safety/shield_adv_c": -0.28899282217025757,
    "Safety/shield_violation": 2.798669815063477,
    "Time/Epoch": 101.25247955322266,
    "Time/FPS": 197.52601623535156,
    "Time/Rollout": 84.29863739013672,
    "Time/Total": 9675.91796875,
    "Time/Update": 16.953824996948242,
    "TotalEnvSteps": 2000000,
    "Train/Entropy": 2.55859637260437,
    "Train/Epoch": 99,
    "Train/KL": 0.00018354716303292665,
    "Train/LR": 0,
    "Train/PolicyRatio": 1.0012401342391968,
    "Train/PolicyRatio/Max": 1.0012401342391968,
    "Train/PolicyRatio/Min": 1.0012401342391968,
    "Train/PolicyRatio/Std": 0.000876879203133285,
    "Train/PolicyStd": 3.157470941543579,
    "Train/StopIter": 10,
    "Value/Adv": -7.629394005448376e-09,
    "Value/cost": 0.8077024221420288,
    "Value/reward": 0.006296822335571051,
    "_runtime": 9676.965187008,
    "_step": 100,
    "_timestamp": 1746506065.3052924,
    "_wandb": {
        "runtime": 9676
    }
}