{
    "Loss/Loss_cost_critic": 3.164517879486084,
    "Loss/Loss_cost_critic/Delta": 0.5201857089996338,
    "Loss/Loss_pi": -0.075672946870327,
    "Loss/Loss_pi/Delta": -0.02862713485956192,
    "Loss/Loss_reward_critic": 0.03818085417151451,
    "Loss/Loss_reward_critic/Delta": 0.0018812939524650576,
    "Metrics/EpCost": 8.84000015258789,
    "Metrics/EpLen": 1000,
    "Metrics/EpRet": 2.872776746749878,
    "Metrics/LagrangeMultiplier": 2.380965232849121,
    "Metrics/LagrangeMultiplier/Max": 2.380965232849121,
    "Metrics/LagrangeMultiplier/Min": 2.380965232849121,
    "Metrics/LagrangeMultiplier/Std": 0,
    "Misc/AcceptanceStep": 1,
    "Misc/Alpha": 0.7422239184379578,
    "Misc/FinalStepNorm": 0.3066994845867157,
    "Misc/H_inv_g": 0.4132169187068939,
    "Misc/gradient_norm": 0.2694541811943054,
    "Misc/xHx": 0.03630445897579193,
    "Safety/EpCostShield": 16.950000762939453,
    "Safety/ShieldLagrangeMultiplier": 2.3310253620147705,
    "Safety/ShieldLagrangeMultiplier/Max": 2.3310253620147705,
    "Safety/ShieldLagrangeMultiplier/Min": 2.3310253620147705,
    "Safety/ShieldLagrangeMultiplier/Std": 0,
    "Safety/shield_adv_c": 0.08523114025592804,
    "Safety/shield_violation": 1.835149168968201,
    "Time/Epoch": 107.0619888305664,
    "Time/FPS": 186.80767822265625,
    "Time/Rollout": 90.62998962402344,
    "Time/Total": 11410.427734375,
    "Time/Update": 16.431961059570312,
    "TotalEnvSteps": 2000000,
    "Train/Entropy": 1.3866726160049438,
    "Train/Epoch": 99,
    "Train/KL": 0.00031219530501402915,
    "Train/LR": 0,
    "Train/PolicyRatio": 1.0003371238708496,
    "Train/PolicyRatio/Max": 1.0003371238708496,
    "Train/PolicyRatio/Min": 1.0003371238708496,
    "Train/PolicyRatio/Std": 0.00023838257766328752,
    "Train/PolicyStd": 0.9692831039428712,
    "Train/StopIter": 10,
    "Value/Adv": 4.577636492086867e-09,
    "Value/cost": 0.6961132287979126,
    "Value/reward": 0.3072471618652344,
    "_runtime": 11411.783891235,
    "_step": 100,
    "_timestamp": 1746579257.967548,
    "_wandb": {
        "runtime": 11411
    }
}