{
    "Loss/Loss_cost_critic": 1.453320026397705,
    "Loss/Loss_cost_critic/Delta": -0.9724335670471193,
    "Loss/Loss_pi": -0.006890406832098961,
    "Loss/Loss_pi/Delta": -0.26762532256543636,
    "Loss/Loss_reward_critic": 0.0267274659126997,
    "Loss/Loss_reward_critic/Delta": 0.019854137673974037,
    "Metrics/EpCost": 8.930000305175781,
    "Metrics/EpLen": 1000,
    "Metrics/EpRet": -0.1246907040476799,
    "Metrics/LagrangeMultiplier": 2.475430727005005,
    "Metrics/LagrangeMultiplier/Max": 2.475430727005005,
    "Metrics/LagrangeMultiplier/Min": 2.475430727005005,
    "Metrics/LagrangeMultiplier/Std": 0,
    "Safety/EpCostShield": 14.899999618530272,
    "Safety/ShieldLagrangeMultiplier": 2.6241979598999023,
    "Safety/ShieldLagrangeMultiplier/Max": 2.6241979598999023,
    "Safety/ShieldLagrangeMultiplier/Min": 2.6241979598999023,
    "Safety/ShieldLagrangeMultiplier/Std": 0,
    "Safety/shield_adv_c": "NaN",
    "Safety/shield_violation": 1.3330254554748535,
    "Time/Epoch": 198.65118408203125,
    "Time/FPS": 100.67898559570312,
    "Time/Rollout": 102.10072326660156,
    "Time/Total": 17160.353515625,
    "Time/Update": 96.5503921508789,
    "TotalEnvSteps": 2000000,
    "Train/Entropy": 0.44530436396598816,
    "Train/Epoch": 99,
    "Train/KL": 0.004725445527583361,
    "Train/LR": 0,
    "Train/PolicyRatio": 0.9998802542686462,
    "Train/PolicyRatio/Max": 0.9998802542686462,
    "Train/PolicyRatio/Min": 0.9998802542686462,
    "Train/PolicyRatio/Std": 0.007246916182339192,
    "Train/PolicyStd": 0.37836915254592896,
    "Train/StopIter": 40,
    "Value/Adv": 0.011833401396870611,
    "Value/cost": 0.418607622385025,
    "Value/reward": 0.04361962154507637,
    "_runtime": 17176.611601457,
    "_step": 100,
    "_timestamp": 1747267442.9153564,
    "_wandb": {
        "runtime": 17176
    }
}