{
    "Loss/Loss_cost_critic": 0.04066816344857216,
    "Loss/Loss_cost_critic/Delta": -0.16813967749476433,
    "Loss/Loss_pi": -0.0019089276902377603,
    "Loss/Loss_pi/Delta": 0.003751638345420361,
    "Loss/Loss_reward_critic": 0.005158703308552504,
    "Loss/Loss_reward_critic/Delta": 0.000231956597417593,
    "Metrics/EpCost": 0.6200000047683716,
    "Metrics/EpLen": 1000,
    "Metrics/EpRet": -0.1699211448431015,
    "Metrics/LagrangeMultiplier": 151.62600708007812,
    "Metrics/LagrangeMultiplier/Max": 151.62600708007812,
    "Metrics/LagrangeMultiplier/Min": 151.62600708007812,
    "Metrics/LagrangeMultiplier/Std": 0,
    "Misc/AcceptanceStep": 1,
    "Misc/Alpha": 7.427814960479736,
    "Misc/FinalStepNorm": 0.32483339309692383,
    "Misc/H_inv_g": 0.04373202472925186,
    "Misc/gradient_norm": 0.021015744656324387,
    "Misc/xHx": 0.00036248983815312386,
    "Time/Epoch": 105.03465270996094,
    "Time/FPS": 190.41336059570312,
    "Time/Rollout": 96.16439819335938,
    "Time/Total": 10400.724609375,
    "Time/Update": 8.87022590637207,
    "TotalEnvSteps": 2000000,
    "Train/Entropy": 1.6039705276489258,
    "Train/Epoch": 99,
    "Train/KL": 0.0002665463543962687,
    "Train/LR": 0,
    "Train/PolicyRatio": 1.0000667572021484,
    "Train/PolicyRatio/Max": 1.0000667572021484,
    "Train/PolicyRatio/Min": 1.0000667572021484,
    "Train/PolicyRatio/Std": 4.714833994512446e-05,
    "Train/PolicyStd": 1.2141506671905518,
    "Train/StopIter": 10,
    "Value/Adv": -1.5258788677030564e-09,
    "Value/cost": 0.08874158561229706,
    "Value/reward": -0.01719636842608452,
    "_runtime": 10402.055019105,
    "_step": 100,
    "_timestamp": 1745023474.7847872,
    "_wandb": {
        "runtime": 10402
    }
}