{
    "Loss/Loss_cost_critic": 0.42921796441078186,
    "Loss/Loss_cost_critic/Delta": 0.027937471866607663,
    "Loss/Loss_pi": -0.010353009216487408,
    "Loss/Loss_pi/Delta": -0.0010972898453474045,
    "Loss/Loss_reward_critic": 0.008797734044492245,
    "Loss/Loss_reward_critic/Delta": 0.0009148744866251944,
    "Metrics/EpCost": 6.869999885559082,
    "Metrics/EpLen": 1000,
    "Metrics/EpRet": 0.8689575791358948,
    "Metrics/LagrangeMultiplier": 16.99588394165039,
    "Metrics/LagrangeMultiplier/Max": 16.99588394165039,
    "Metrics/LagrangeMultiplier/Min": 16.99588394165039,
    "Metrics/LagrangeMultiplier/Std": 0,
    "Misc/AcceptanceStep": 1,
    "Misc/Alpha": 1.2704678773880005,
    "Misc/FinalStepNorm": 0.3170557916164398,
    "Misc/H_inv_g": 0.24955831468105316,
    "Misc/gradient_norm": 0.08039405196905136,
    "Misc/xHx": 0.012390883639454842,
    "Time/Epoch": 105.6015167236328,
    "Time/FPS": 189.39122009277344,
    "Time/Rollout": 92.70203399658205,
    "Time/Total": 10513.2822265625,
    "Time/Update": 12.899450302124023,
    "TotalEnvSteps": 2000000,
    "Train/Entropy": 1.3057080507278442,
    "Train/Epoch": 99,
    "Train/KL": 0.0002844773989636451,
    "Train/LR": 0,
    "Train/PolicyRatio": 1.0010932683944702,
    "Train/PolicyRatio/Max": 1.0010932683944702,
    "Train/PolicyRatio/Min": 1.0010932683944702,
    "Train/PolicyRatio/Std": 0.0007730294018983841,
    "Train/PolicyStd": 0.8967673182487488,
    "Train/StopIter": 10,
    "Value/Adv": 3.051757735406113e-09,
    "Value/cost": 0.6008543372154236,
    "Value/reward": 0.11483676731586456,
    "_runtime": 10515.17713536,
    "_step": 100,
    "_timestamp": 1745025922.83455,
    "_wandb": {
        "runtime": 10515
    }
}