{
    "Loss/Loss_cost_critic": 4.60085391998291,
    "Loss/Loss_cost_critic/Delta": 1.114483118057251,
    "Loss/Loss_pi": -0.19306139647960663,
    "Loss/Loss_pi/Delta": -0.028601229190826416,
    "Loss/Loss_reward_critic": 0.15420401096343994,
    "Loss/Loss_reward_critic/Delta": 0.018783673644065857,
    "Metrics/EpCost": 4.340000152587891,
    "Metrics/EpLen": 500,
    "Metrics/EpRet": 22.3284969329834,
    "Metrics/LagrangeMultiplier": 1.1900783777236938,
    "Metrics/LagrangeMultiplier/Max": 1.1900783777236938,
    "Metrics/LagrangeMultiplier/Min": 1.1900783777236938,
    "Metrics/LagrangeMultiplier/Std": 0,
    "Safety/EpCostShield": 12.725000381469728,
    "Safety/ShieldLagrangeMultiplier": 1.298545002937317,
    "Safety/ShieldLagrangeMultiplier/Max": 1.298545002937317,
    "Safety/ShieldLagrangeMultiplier/Min": 1.298545002937317,
    "Safety/ShieldLagrangeMultiplier/Std": 0,
    "Safety/shield_adv_c": "NaN",
    "Safety/shield_violation": 1.3611081838607788,
    "Time/Epoch": 183.7367401123047,
    "Time/FPS": 108.85139465332033,
    "Time/Rollout": 75.66785430908203,
    "Time/Total": 18272.01171875,
    "Time/Update": 108.06884765625,
    "TotalEnvSteps": 2000000,
    "Train/Entropy": 0.9339063763618468,
    "Train/Epoch": 99,
    "Train/KL": 0.0025565302930772305,
    "Train/LR": 0,
    "Train/PolicyRatio": 1.0006067752838137,
    "Train/PolicyRatio/Max": 1.0006067752838137,
    "Train/PolicyRatio/Min": 1.0006067752838137,
    "Train/PolicyRatio/Std": 0.0054917833767831326,
    "Train/PolicyStd": 0.621539294719696,
    "Train/StopIter": 40,
    "Value/Adv": -0.020293621346354485,
    "Value/cost": 0.3748498260974884,
    "Value/reward": 4.4556474685668945,
    "_runtime": 18273.624445488,
    "_step": 100,
    "_timestamp": 1746925587.8536005,
    "_wandb": {
        "runtime": 18273
    }
}