{
    "Loss/Loss_cost_critic": 1.450335144996643,
    "Loss/Loss_cost_critic/Delta": -2.027504324913025,
    "Loss/Loss_pi": -0.012414422817528248,
    "Loss/Loss_pi/Delta": 0.009535846300423144,
    "Loss/Loss_reward_critic": 0.04407300055027008,
    "Loss/Loss_reward_critic/Delta": 0.002092767506837845,
    "Metrics/EpCost": 23.90999984741211,
    "Metrics/EpLen": 1000,
    "Metrics/EpRet": 12.318812370300291,
    "Metrics/LagrangeMultiplier": 2.999983549118042,
    "Metrics/LagrangeMultiplier/Max": 2.999983549118042,
    "Metrics/LagrangeMultiplier/Min": 2.999983549118042,
    "Metrics/LagrangeMultiplier/Std": 0,
    "Misc/AcceptanceStep": 1,
    "Misc/Alpha": 1.010161280632019,
    "Misc/FinalStepNorm": 0.24623435735702515,
    "Misc/H_inv_g": 0.2437574863433838,
    "Misc/gradient_norm": 0.24861371517181396,
    "Misc/xHx": 0.01959965005517006,
    "Time/Epoch": 76.18321228027344,
    "Time/FPS": 262.5250244140625,
    "Time/Rollout": 67.59420013427734,
    "Time/Total": 7612.890625,
    "Time/Update": 8.588990211486816,
    "TotalEnvSteps": 2000000,
    "Train/Entropy": 1.066631317138672,
    "Train/Epoch": 99,
    "Train/KL": 0.0003855200775433332,
    "Train/LR": 0,
    "Train/PolicyRatio": 0.9985974431037904,
    "Train/PolicyRatio/Max": 0.9985975027084352,
    "Train/PolicyRatio/Min": 0.9985975027084352,
    "Train/PolicyRatio/Std": 0.0009917153511196377,
    "Train/PolicyStd": 0.7053986191749573,
    "Train/StopIter": 10,
    "Value/Adv": 0,
    "Value/cost": 2.6813535690307617,
    "Value/reward": 1.4019006490707395,
    "_runtime": 7614.636912195,
    "_step": 100,
    "_timestamp": 1746906191.211133,
    "_wandb": {
        "runtime": 7614
    }
}