{
    "Loss/Loss_cost_critic": 1.8488844633102417,
    "Loss/Loss_cost_critic/Delta": 0.2252485752105713,
    "Loss/Loss_pi": -0.07012706995010376,
    "Loss/Loss_pi/Delta": 0.009033918380737305,
    "Loss/Loss_reward_critic": 0.007395040709525347,
    "Loss/Loss_reward_critic/Delta": -0.0012903944589197636,
    "Metrics/EpCost": 3.890000104904175,
    "Metrics/EpLen": 1000,
    "Metrics/EpRet": 0.06303925812244415,
    "Metrics/LagrangeMultiplier": 1.8401966094970703,
    "Metrics/LagrangeMultiplier/Max": 1.8401966094970703,
    "Metrics/LagrangeMultiplier/Min": 1.8401966094970703,
    "Metrics/LagrangeMultiplier/Std": 0,
    "Misc/AcceptanceStep": 1,
    "Misc/Alpha": 1.7426385879516602,
    "Misc/FinalStepNorm": 0.28178271651268005,
    "Misc/H_inv_g": 0.16169887781143188,
    "Misc/gradient_norm": 0.1547929048538208,
    "Misc/xHx": 0.0065858932211995125,
    "Safety/EpCostShield": 9,
    "Safety/ShieldLagrangeMultiplier": 2.0845611095428467,
    "Safety/ShieldLagrangeMultiplier/Max": 2.0845611095428467,
    "Safety/ShieldLagrangeMultiplier/Min": 2.0845611095428467,
    "Safety/ShieldLagrangeMultiplier/Std": 0,
    "Safety/shield_adv_c": -0.1030159667134285,
    "Safety/shield_violation": 1.2334171533584597,
    "Time/Epoch": 122.8821029663086,
    "Time/FPS": 162.75762939453125,
    "Time/Rollout": 102.50357818603516,
    "Time/Total": 11640.466796875,
    "Time/Update": 20.378496170043945,
    "TotalEnvSteps": 2000000,
    "Train/Entropy": 1.4497896432876587,
    "Train/Epoch": 99,
    "Train/KL": 0.00034661724930629134,
    "Train/LR": 0,
    "Train/PolicyRatio": 0.9998209476470948,
    "Train/PolicyRatio/Max": 0.9998209476470948,
    "Train/PolicyRatio/Min": 0.9998209476470948,
    "Train/PolicyRatio/Std": 0.00012660912761930376,
    "Train/PolicyStd": 1.0582996606826782,
    "Train/StopIter": 10,
    "Value/Adv": -5.340575981449547e-09,
    "Value/cost": 0.5399894714355469,
    "Value/reward": 0.06153310462832451,
    "_runtime": 11642.428444449,
    "_step": 100,
    "_timestamp": 1746549183.2168994,
    "_wandb": {
        "runtime": 11642
    }
}