{
    "Loss/Loss_cost_critic": 0.4400253891944885,
    "Loss/Loss_cost_critic/Delta": -0.5452337861061096,
    "Loss/Loss_pi": -0.007702502887696028,
    "Loss/Loss_pi/Delta": 0.011044588405638931,
    "Loss/Loss_reward_critic": 0.004687899723649025,
    "Loss/Loss_reward_critic/Delta": 0.0005474463105201721,
    "Metrics/EpCost": 8.5,
    "Metrics/EpLen": 1000,
    "Metrics/EpRet": -0.6012635231018066,
    "Metrics/LagrangeMultiplier": 134.85406494140625,
    "Metrics/LagrangeMultiplier/Max": 134.85406494140625,
    "Metrics/LagrangeMultiplier/Min": 134.85406494140625,
    "Metrics/LagrangeMultiplier/Std": 0,
    "Misc/AcceptanceStep": 1,
    "Misc/Alpha": 1.493747353553772,
    "Misc/FinalStepNorm": 0.32301902770996094,
    "Misc/H_inv_g": 0.21624743938446045,
    "Misc/gradient_norm": 0.08814318478107452,
    "Misc/xHx": 0.008963449858129025,
    "Time/Epoch": 94.86664581298828,
    "Time/FPS": 210.82225036621097,
    "Time/Rollout": 82.12016296386719,
    "Time/Total": 9647.037109375,
    "Time/Update": 12.746455192565918,
    "TotalEnvSteps": 2000000,
    "Train/Entropy": 1.31289803981781,
    "Train/Epoch": 99,
    "Train/KL": 0.00026428981800563633,
    "Train/LR": 0,
    "Train/PolicyRatio": 0.9992488026618958,
    "Train/PolicyRatio/Max": 0.9992488622665404,
    "Train/PolicyRatio/Min": 0.9992488622665404,
    "Train/PolicyRatio/Std": 0.0005311626591719687,
    "Train/PolicyStd": 0.908832311630249,
    "Train/StopIter": 10,
    "Value/Adv": 5.340575981449547e-09,
    "Value/cost": 0.37742045521736145,
    "Value/reward": -0.07310301810503006,
    "_runtime": 9649.053635547,
    "_step": 100,
    "_timestamp": 1745026626.0858974,
    "_wandb": {
        "runtime": 9649
    }
}