{
    "Loss/Loss_cost_critic": 2.6551501750946045,
    "Loss/Loss_cost_critic/Delta": -0.9511213302612304,
    "Loss/Loss_pi": -0.1165505275130272,
    "Loss/Loss_pi/Delta": -0.11314599891193212,
    "Loss/Loss_reward_critic": 0.05517503619194031,
    "Loss/Loss_reward_critic/Delta": -0.0011980198323726654,
    "Metrics/EpCost": 8.300000190734863,
    "Metrics/EpLen": 1000,
    "Metrics/EpRet": 8.6808443069458,
    "Metrics/LagrangeMultiplier": 2.1093695163726807,
    "Metrics/LagrangeMultiplier/Max": 2.1093695163726807,
    "Metrics/LagrangeMultiplier/Min": 2.1093695163726807,
    "Metrics/LagrangeMultiplier/Std": 0,
    "Misc/AcceptanceStep": 1,
    "Misc/Alpha": 0.9280332326889038,
    "Misc/FinalStepNorm": 0.2789912819862366,
    "Misc/H_inv_g": 0.30062639713287354,
    "Misc/gradient_norm": 0.14848054945468905,
    "Misc/xHx": 0.02322216704487801,
    "Safety/EpCostShield": 18.200000762939453,
    "Safety/ShieldLagrangeMultiplier": 2.201138496398926,
    "Safety/ShieldLagrangeMultiplier/Max": 2.201138496398926,
    "Safety/ShieldLagrangeMultiplier/Min": 2.201138496398926,
    "Safety/ShieldLagrangeMultiplier/Std": 0,
    "Safety/shield_adv_c": -0.4596384167671203,
    "Safety/shield_violation": 1.4549576044082642,
    "Time/Epoch": 111.26026153564452,
    "Time/FPS": 179.75869750976562,
    "Time/Rollout": 88.02378845214844,
    "Time/Total": 11492.892578125,
    "Time/Update": 23.23644638061523,
    "TotalEnvSteps": 2000000,
    "Train/Entropy": 1.5594717264175415,
    "Train/Epoch": 99,
    "Train/KL": 0.00033810126478783786,
    "Train/LR": 0,
    "Train/PolicyRatio": 0.9996352195739746,
    "Train/PolicyRatio/Max": 0.9996352195739746,
    "Train/PolicyRatio/Min": 0.9996352195739746,
    "Train/PolicyRatio/Std": 0.0002579106076154858,
    "Train/PolicyStd": 1.1607071161270142,
    "Train/StopIter": 10,
    "Value/Adv": 0,
    "Value/cost": 0.8034372925758362,
    "Value/reward": 0.7995635867118835,
    "_runtime": 11494.41782004,
    "_step": 100,
    "_timestamp": 1746574213.6307704,
    "_wandb": {
        "runtime": 11494
    }
}