{
    "Loss/Loss_cost_critic": 1.1140086650848389,
    "Loss/Loss_cost_critic/Delta": -0.2540041208267212,
    "Loss/Loss_pi": -0.004883431363850832,
    "Loss/Loss_pi/Delta": 0.0010577039793133736,
    "Loss/Loss_reward_critic": 0.11775854974985124,
    "Loss/Loss_reward_critic/Delta": 0.0002930685877799988,
    "Metrics/EpCost": 6.730000019073486,
    "Metrics/EpLen": 500,
    "Metrics/EpRet": 19.2358455657959,
    "Metrics/LagrangeMultiplier": 13.669855117797852,
    "Metrics/LagrangeMultiplier/Max": 13.669855117797852,
    "Metrics/LagrangeMultiplier/Min": 13.669855117797852,
    "Metrics/LagrangeMultiplier/Std": 0,
    "Time/Epoch": 158.70306396484375,
    "Time/FPS": 126.02151489257812,
    "Time/Rollout": 91.80543518066406,
    "Time/Total": 15891.10546875,
    "Time/Update": 66.89756774902344,
    "TotalEnvSteps": 2000000,
    "Train/Entropy": 0.8669751882553101,
    "Train/Epoch": 99,
    "Train/KL": 0.003720755223184824,
    "Train/LR": 0,
    "Train/PolicyRatio": 1.0001260042190552,
    "Train/PolicyRatio/Max": 1.0001260042190552,
    "Train/PolicyRatio/Min": 1.0001260042190552,
    "Train/PolicyRatio/Std": 0.006137717980891466,
    "Train/PolicyStd": 0.582177460193634,
    "Train/StopIter": 40,
    "Value/Adv": 0.2815071940422058,
    "Value/cost": 1.0301730632781982,
    "Value/reward": 3.912493705749512,
    "_runtime": 15892.545883495,
    "_step": 100,
    "_timestamp": 1745042161.974841,
    "_wandb": {
        "runtime": 15892
    }
}