{
    "Loss/Loss_cost_critic": 1.2434014081954956,
    "Loss/Loss_cost_critic/Delta": -6.68350088596344,
    "Loss/Loss_pi": -0.2762940227985382,
    "Loss/Loss_pi/Delta": -0.11277170479297638,
    "Loss/Loss_reward_critic": 0.10381945222616196,
    "Loss/Loss_reward_critic/Delta": 0.011493615806102753,
    "Metrics/EpCost": 5.599999904632568,
    "Metrics/EpLen": 500,
    "Metrics/EpRet": 11.326071739196776,
    "Metrics/LagrangeMultiplier": 0.9073402285575868,
    "Metrics/LagrangeMultiplier/Max": 0.9073402285575868,
    "Metrics/LagrangeMultiplier/Min": 0.9073402285575868,
    "Metrics/LagrangeMultiplier/Std": 0,
    "Misc/AcceptanceStep": 1,
    "Misc/Alpha": 2.5041344165802,
    "Misc/FinalStepNorm": 0.27834975719451904,
    "Misc/H_inv_g": 0.11115607619285583,
    "Misc/gradient_norm": 0.08383297920227051,
    "Misc/xHx": 0.003189431969076395,
    "Safety/EpCostShield": 2.299999952316284,
    "Safety/ShieldLagrangeMultiplier": 1.2269071340560913,
    "Safety/ShieldLagrangeMultiplier/Max": 1.2269071340560913,
    "Safety/ShieldLagrangeMultiplier/Min": 1.2269071340560913,
    "Safety/ShieldLagrangeMultiplier/Std": 0,
    "Safety/shield_adv_c": -0.14759227633476257,
    "Safety/shield_violation": 0.840121865272522,
    "Time/Epoch": 121.83074188232422,
    "Time/FPS": 164.1621856689453,
    "Time/Rollout": 95.5828094482422,
    "Time/Total": 12641.294921875,
    "Time/Update": 26.247892379760746,
    "TotalEnvSteps": 2000000,
    "Train/Entropy": 2.0104293823242188,
    "Train/Epoch": 99,
    "Train/KL": 0.00034706483711488545,
    "Train/LR": 0,
    "Train/PolicyRatio": 1.0041080713272097,
    "Train/PolicyRatio/Max": 1.004108190536499,
    "Train/PolicyRatio/Min": 1.004108190536499,
    "Train/PolicyRatio/Std": 0.002904816996306181,
    "Train/PolicyStd": 2.070112466812134,
    "Train/StopIter": 10,
    "Value/Adv": 8.01086397217432e-09,
    "Value/cost": 0.2401490956544876,
    "Value/reward": 2.1672284603118896,
    "_runtime": 12643.630174304,
    "_step": 100,
    "_timestamp": 1746624290.6644406,
    "_wandb": {
        "runtime": 12643
    }
}