{
    "Loss/Loss_cost_critic": 0.6658113598823547,
    "Loss/Loss_cost_critic/Delta": -0.30803805589675903,
    "Loss/Loss_pi": -0.013157695531845093,
    "Loss/Loss_pi/Delta": -0.0032776491716504097,
    "Loss/Loss_reward_critic": 0.007421282120049,
    "Loss/Loss_reward_critic/Delta": -0.00012513529509305954,
    "Metrics/EpCost": 11.880000114440918,
    "Metrics/EpLen": 1000,
    "Metrics/EpRet": 0.5793253779411316,
    "Metrics/LagrangeMultiplier": 2.7688498497009277,
    "Metrics/LagrangeMultiplier/Max": 2.7688498497009277,
    "Metrics/LagrangeMultiplier/Min": 2.7688498497009277,
    "Metrics/LagrangeMultiplier/Std": 0,
    "Misc/AcceptanceStep": 1,
    "Misc/Alpha": 1.0144109725952148,
    "Misc/FinalStepNorm": 0.28841540217399597,
    "Misc/H_inv_g": 0.28431808948516846,
    "Misc/gradient_norm": 0.12372159212827682,
    "Misc/xHx": 0.01943577453494072,
    "Time/Epoch": 60.43327331542969,
    "Time/FPS": 330.9435119628906,
    "Time/Rollout": 53.47021484375,
    "Time/Total": 6125.97900390625,
    "Time/Update": 6.963046073913574,
    "TotalEnvSteps": 2000000,
    "Train/Entropy": 1.2731289863586426,
    "Train/Epoch": 99,
    "Train/KL": 0.00031847486388869584,
    "Train/LR": 0,
    "Train/PolicyRatio": 1.000422477722168,
    "Train/PolicyRatio/Max": 1.000422477722168,
    "Train/PolicyRatio/Min": 1.000422477722168,
    "Train/PolicyRatio/Std": 0.00029873684979975224,
    "Train/PolicyStd": 0.8663835525512695,
    "Train/StopIter": 10,
    "Value/Adv": 7.629394338515282e-10,
    "Value/cost": 0.5882917046546936,
    "Value/reward": 0.07890380173921585,
    "_runtime": 6135.247837219,
    "_step": 100,
    "_timestamp": 1743312050.8650224,
    "_wandb": {
        "runtime": 6135
    }
}