{
    "Loss/Loss_cost_critic": 4.316343784332275,
    "Loss/Loss_cost_critic/Delta": -1.5491414070129397,
    "Loss/Loss_pi": -0.02663457579910755,
    "Loss/Loss_pi/Delta": 0.03194795735180378,
    "Loss/Loss_reward_critic": 3.523338079452514,
    "Loss/Loss_reward_critic/Delta": -1.102025270462036,
    "Metrics/EpCost": 26.530000686645508,
    "Metrics/EpLen": 500,
    "Metrics/EpRet": 8.5034761428833,
    "Metrics/LagrangeMultiplier": 3.4244205951690674,
    "Metrics/LagrangeMultiplier/Max": 3.4244205951690674,
    "Metrics/LagrangeMultiplier/Min": 3.4244205951690674,
    "Metrics/LagrangeMultiplier/Std": 0,
    "Time/Epoch": 227.3065185546875,
    "Time/FPS": 87.9869155883789,
    "Time/Rollout": 123.32249450683594,
    "Time/Total": 17571.49609375,
    "Time/Update": 103.98394775390624,
    "TotalEnvSteps": 2000000,
    "Train/Entropy": 1.4095463752746582,
    "Train/Epoch": 99,
    "Train/KL": 0.005760856904089451,
    "Train/LR": 0,
    "Train/PolicyRatio": 1.0018572807312012,
    "Train/PolicyRatio/Max": 1.0018573999404907,
    "Train/PolicyRatio/Min": 1.0018573999404907,
    "Train/PolicyRatio/Std": 0.007358601782470941,
    "Train/PolicyStd": 0.9925938248634338,
    "Train/StopIter": 40,
    "Value/Adv": 0.034428615123033524,
    "Value/cost": 6.795212268829346,
    "Value/reward": 1.6532131433486938,
    "_runtime": 17573.53768878,
    "_step": 100,
    "_timestamp": 1743349091.522263,
    "_wandb": {
        "runtime": 17573
    }
}