{
    "Loss/Loss_cost_critic": 1.0828323364257812,
    "Loss/Loss_cost_critic/Delta": -0.4364827871322632,
    "Loss/Loss_pi": -0.1240462139248848,
    "Loss/Loss_pi/Delta": 0.076415054500103,
    "Loss/Loss_reward_critic": 0.011435389518737791,
    "Loss/Loss_reward_critic/Delta": 0.0031942222267389297,
    "Metrics/EpCost": 4.119999885559082,
    "Metrics/EpLen": 1000,
    "Metrics/EpRet": 0.08140338212251663,
    "Metrics/LagrangeMultiplier": 2.074234962463379,
    "Metrics/LagrangeMultiplier/Max": 2.074234962463379,
    "Metrics/LagrangeMultiplier/Min": 2.074234962463379,
    "Metrics/LagrangeMultiplier/Std": 0,
    "Misc/AcceptanceStep": 1,
    "Misc/Alpha": 1.6058225631713867,
    "Misc/FinalStepNorm": 0.28609219193458557,
    "Misc/H_inv_g": 0.17815928161144257,
    "Misc/gradient_norm": 0.08070347458124161,
    "Misc/xHx": 0.007755937054753304,
    "Safety/EpCostShield": 7.199999809265137,
    "Safety/ShieldLagrangeMultiplier": 2.017449140548706,
    "Safety/ShieldLagrangeMultiplier/Max": 2.017449140548706,
    "Safety/ShieldLagrangeMultiplier/Min": 2.017449140548706,
    "Safety/ShieldLagrangeMultiplier/Std": 0,
    "Safety/shield_adv_c": -0.3580842912197113,
    "Safety/shield_violation": 1.674931287765503,
    "Time/Epoch": 93.46894073486328,
    "Time/FPS": 213.97482299804688,
    "Time/Rollout": 75.8099365234375,
    "Time/Total": 9900.54296875,
    "Time/Update": 17.658981323242188,
    "TotalEnvSteps": 2000000,
    "Train/Entropy": 1.3433741331100464,
    "Train/Epoch": 99,
    "Train/KL": 0.00032845837995409966,
    "Train/LR": 0,
    "Train/PolicyRatio": 1.000181794166565,
    "Train/PolicyRatio/Max": 1.0001819133758545,
    "Train/PolicyRatio/Min": 1.0001819133758545,
    "Train/PolicyRatio/Std": 0.00012863223673775792,
    "Train/PolicyStd": 0.9277719855308532,
    "Train/StopIter": 10,
    "Value/Adv": -4.577636492086867e-09,
    "Value/cost": 0.5290941596031189,
    "Value/reward": 0.03865743800997734,
    "_runtime": 9902.031096608,
    "_step": 100,
    "_timestamp": 1746622519.2633986,
    "_wandb": {
        "runtime": 9902
    }
}