{
    "Loss/Loss_cost_critic": 1.1499277353286743,
    "Loss/Loss_cost_critic/Delta": 0.7828536629676819,
    "Loss/Loss_pi": -0.010647717863321304,
    "Loss/Loss_pi/Delta": -0.005976834800094366,
    "Loss/Loss_reward_critic": 0.1332624852657318,
    "Loss/Loss_reward_critic/Delta": 0.02719059586524963,
    "Metrics/EpCost": 3.5299999713897705,
    "Metrics/EpLen": 500,
    "Metrics/EpRet": 24.69932556152344,
    "Metrics/LagrangeMultiplier": 12.326986312866213,
    "Metrics/LagrangeMultiplier/Max": 12.326986312866213,
    "Metrics/LagrangeMultiplier/Min": 12.326986312866213,
    "Metrics/LagrangeMultiplier/Std": 0,
    "Misc/AcceptanceStep": 1,
    "Misc/Alpha": 1.175850749015808,
    "Misc/FinalStepNorm": 0.21656236052513125,
    "Misc/H_inv_g": 0.1841750591993332,
    "Misc/gradient_norm": 0.29466116428375244,
    "Misc/xHx": 0.014465227723121645,
    "Time/Epoch": 106.5765609741211,
    "Time/FPS": 187.6585235595703,
    "Time/Rollout": 94.75691223144533,
    "Time/Total": 10649.087890625,
    "Time/Update": 11.81962776184082,
    "TotalEnvSteps": 2000000,
    "Train/Entropy": 0.7361361384391785,
    "Train/Epoch": 99,
    "Train/KL": 0.000418900977820158,
    "Train/LR": 0,
    "Train/PolicyRatio": 1.0000061988830566,
    "Train/PolicyRatio/Max": 1.0000061988830566,
    "Train/PolicyRatio/Min": 1.0000061988830566,
    "Train/PolicyRatio/Std": 4.383272425911855e-06,
    "Train/PolicyStd": 0.527721107006073,
    "Train/StopIter": 10,
    "Value/Adv": 4.577636492086867e-09,
    "Value/cost": 0.2392985373735428,
    "Value/reward": 5.1107177734375,
    "_runtime": 10650.410078115,
    "_step": 100,
    "_timestamp": 1745015362.44135,
    "_wandb": {
        "runtime": 10650
    }
}