{
    "Loss/Loss_cost_critic": 0.8822468519210815,
    "Loss/Loss_cost_critic/Delta": 0.09972763061523438,
    "Loss/Loss_pi": -0.007334107998758555,
    "Loss/Loss_pi/Delta": -0.0006382614374160767,
    "Loss/Loss_reward_critic": 0.1566261500120163,
    "Loss/Loss_reward_critic/Delta": 0.022731676697731015,
    "Metrics/EpCost": 3.5899999141693115,
    "Metrics/EpLen": 500,
    "Metrics/EpRet": 13.648207664489746,
    "Metrics/LagrangeMultiplier": 1.081356644630432,
    "Metrics/LagrangeMultiplier/Max": 1.081356644630432,
    "Metrics/LagrangeMultiplier/Min": 1.081356644630432,
    "Metrics/LagrangeMultiplier/Std": 0,
    "Misc/AcceptanceStep": 1,
    "Misc/Alpha": 1.7949222326278689,
    "Misc/FinalStepNorm": 0.24678318202495575,
    "Misc/H_inv_g": 0.13748963177204132,
    "Misc/gradient_norm": 0.15671494603157043,
    "Misc/xHx": 0.006207804195582867,
    "Time/Epoch": 86.03854370117188,
    "Time/FPS": 232.45396423339844,
    "Time/Rollout": 76.43080139160156,
    "Time/Total": 8640.5361328125,
    "Time/Update": 9.607726097106934,
    "TotalEnvSteps": 2000000,
    "Train/Entropy": 0.8891528248786926,
    "Train/Epoch": 99,
    "Train/KL": 0.0003853881498798728,
    "Train/LR": 0,
    "Train/PolicyRatio": 0.9996163845062256,
    "Train/PolicyRatio/Max": 0.9996163845062256,
    "Train/PolicyRatio/Min": 0.9996163845062256,
    "Train/PolicyRatio/Std": 0.0002712571294978261,
    "Train/PolicyStd": 0.6433875560760498,
    "Train/StopIter": 10,
    "Value/Adv": 3.051757735406113e-09,
    "Value/cost": 0.5411843061447144,
    "Value/reward": 2.738000869750977,
    "_runtime": 8644.820188361,
    "_step": 100,
    "_timestamp": 1746907215.544153,
    "_wandb": {
        "runtime": 8644
    }
}