{
    "Loss/Loss_cost_critic": 6.963128089904785,
    "Loss/Loss_cost_critic/Delta": 1.245518684387207,
    "Loss/Loss_pi": -0.18314819037914276,
    "Loss/Loss_pi/Delta": 0.403963103890419,
    "Loss/Loss_reward_critic": 0.04967654123902321,
    "Loss/Loss_reward_critic/Delta": 0.009877543896436691,
    "Metrics/EpCost": 37.459999084472656,
    "Metrics/EpLen": 1000,
    "Metrics/EpRet": 5.085764408111572,
    "Metrics/LagrangeMultiplier": 2.924832820892334,
    "Metrics/LagrangeMultiplier/Max": 2.924832820892334,
    "Metrics/LagrangeMultiplier/Min": 2.924832820892334,
    "Metrics/LagrangeMultiplier/Std": 0,
    "Safety/EpCostShield": 70.94999694824219,
    "Safety/ShieldLagrangeMultiplier": 2.907163619995117,
    "Safety/ShieldLagrangeMultiplier/Max": 2.907163619995117,
    "Safety/ShieldLagrangeMultiplier/Min": 2.907163619995117,
    "Safety/ShieldLagrangeMultiplier/Std": 0,
    "Safety/shield_adv_c": "NaN",
    "Safety/shield_violation": 7.543091297149658,
    "Time/Epoch": 185.89703369140625,
    "Time/FPS": 107.58644104003906,
    "Time/Rollout": 81.40437316894531,
    "Time/Total": 15851.521484375,
    "Time/Update": 104.49262237548828,
    "TotalEnvSteps": 2000000,
    "Train/Entropy": -0.14000454545021057,
    "Train/Epoch": 99,
    "Train/KL": 0.0045294384472072124,
    "Train/LR": 0,
    "Train/PolicyRatio": 0.9999637603759766,
    "Train/PolicyRatio/Max": 0.9999637603759766,
    "Train/PolicyRatio/Min": 0.9999637603759766,
    "Train/PolicyRatio/Std": 0.007115274667739868,
    "Train/PolicyStd": 0.21036559343338013,
    "Train/StopIter": 40,
    "Value/Adv": 0.155201256275177,
    "Value/cost": 3.5350406169891357,
    "Value/reward": 0.8051116466522217,
    "_runtime": 15867.536755213,
    "_step": 100,
    "_timestamp": 1747266134.0979977,
    "_wandb": {
        "runtime": 15867
    }
}