{
    "Loss/Loss_cost_critic": 5.278814315795898,
    "Loss/Loss_cost_critic/Delta": -4.099573135375977,
    "Loss/Loss_pi": -0.228261336684227,
    "Loss/Loss_pi/Delta": -0.5380802601575851,
    "Loss/Loss_reward_critic": 0.049556732177734375,
    "Loss/Loss_reward_critic/Delta": 0.010861143469810486,
    "Metrics/EpCost": 20.88999938964844,
    "Metrics/EpLen": 1000,
    "Metrics/EpRet": 8.788124084472656,
    "Metrics/LagrangeMultiplier": 2.720477342605591,
    "Metrics/LagrangeMultiplier/Max": 2.720477342605591,
    "Metrics/LagrangeMultiplier/Min": 2.720477342605591,
    "Metrics/LagrangeMultiplier/Std": 0,
    "Safety/EpCostShield": 30.5,
    "Safety/ShieldLagrangeMultiplier": 2.6945769786834717,
    "Safety/ShieldLagrangeMultiplier/Max": 2.6945769786834717,
    "Safety/ShieldLagrangeMultiplier/Min": 2.6945769786834717,
    "Safety/ShieldLagrangeMultiplier/Std": 0,
    "Safety/shield_adv_c": "NaN",
    "Safety/shield_violation": 4.60342264175415,
    "Time/Epoch": 247.1876983642578,
    "Time/FPS": 80.9101791381836,
    "Time/Rollout": 91.75181579589844,
    "Time/Total": 25006.21484375,
    "Time/Update": 155.43582153320312,
    "TotalEnvSteps": 2000000,
    "Train/Entropy": 0.2875584065914154,
    "Train/Epoch": 99,
    "Train/KL": 0.002795132342725992,
    "Train/LR": 0,
    "Train/PolicyRatio": 0.9995275139808656,
    "Train/PolicyRatio/Max": 0.9995275139808656,
    "Train/PolicyRatio/Min": 0.9995275139808656,
    "Train/PolicyRatio/Std": 0.005807288456708193,
    "Train/PolicyStd": 0.32653746008872986,
    "Train/StopIter": 40,
    "Value/Adv": -0.02234092354774475,
    "Value/cost": 2.1740524768829346,
    "Value/reward": 1.080013632774353,
    "_runtime": 25007.826421961,
    "_step": 100,
    "_timestamp": 1746569616.7704396,
    "_wandb": {
        "runtime": 25007
    }
}