{
    "Loss/Loss_cost_critic": 2.854931354522705,
    "Loss/Loss_cost_critic/Delta": -2.0899410247802734,
    "Loss/Loss_pi": -0.26194292306900024,
    "Loss/Loss_pi/Delta": -0.16275647282600403,
    "Loss/Loss_reward_critic": 0.038089387118816376,
    "Loss/Loss_reward_critic/Delta": -0.008101042360067368,
    "Metrics/EpCost": 11.25,
    "Metrics/EpLen": 1000,
    "Metrics/EpRet": 3.9505231380462646,
    "Metrics/LagrangeMultiplier": 1.822414517402649,
    "Metrics/LagrangeMultiplier/Max": 1.822414517402649,
    "Metrics/LagrangeMultiplier/Min": 1.822414517402649,
    "Metrics/LagrangeMultiplier/Std": 0,
    "Misc/AcceptanceStep": 1,
    "Misc/Alpha": 1.4481860399246216,
    "Misc/FinalStepNorm": 0.33520346879959106,
    "Misc/H_inv_g": 0.23146437108516693,
    "Misc/gradient_norm": 0.06637825816869736,
    "Misc/xHx": 0.00953631941229105,
    "Safety/EpCostShield": 23.049999237060547,
    "Safety/ShieldLagrangeMultiplier": 2.157017230987549,
    "Safety/ShieldLagrangeMultiplier/Max": 2.157017230987549,
    "Safety/ShieldLagrangeMultiplier/Min": 2.157017230987549,
    "Safety/ShieldLagrangeMultiplier/Std": 0,
    "Safety/shield_adv_c": 0.09938931465148926,
    "Safety/shield_violation": 2.2880537509918213,
    "Time/Epoch": 113.0981674194336,
    "Time/FPS": 176.8375244140625,
    "Time/Rollout": 95.53723907470705,
    "Time/Total": 11799.5712890625,
    "Time/Update": 17.56090545654297,
    "TotalEnvSteps": 2000000,
    "Train/Entropy": 2.3740756511688232,
    "Train/Epoch": 99,
    "Train/KL": 0.0002460649120621383,
    "Train/LR": 0,
    "Train/PolicyRatio": 1.0012012720108032,
    "Train/PolicyRatio/Max": 1.0012013912200928,
    "Train/PolicyRatio/Min": 1.0012013912200928,
    "Train/PolicyRatio/Std": 0.0008495118818245828,
    "Train/PolicyStd": 2.6144285202026367,
    "Train/StopIter": 10,
    "Value/Adv": -9.155272984173736e-09,
    "Value/cost": 0.49678584933280945,
    "Value/reward": 0.4907062351703644,
    "_runtime": 11800.605776359,
    "_step": 100,
    "_timestamp": 1746508200.1728306,
    "_wandb": {
        "runtime": 11800
    }
}