{
    "Loss/Loss_cost_critic": 1.647524118423462,
    "Loss/Loss_cost_critic/Delta": -0.2630091905593872,
    "Loss/Loss_pi": -0.01985178142786026,
    "Loss/Loss_pi/Delta": -0.0012226160615682602,
    "Loss/Loss_reward_critic": 0.05470098927617073,
    "Loss/Loss_reward_critic/Delta": 0.001883186399936676,
    "Metrics/EpCost": 24.989999771118164,
    "Metrics/EpLen": 1000,
    "Metrics/EpRet": 5.53115177154541,
    "Metrics/LagrangeMultiplier": 2.680349826812744,
    "Metrics/LagrangeMultiplier/Max": 2.680349826812744,
    "Metrics/LagrangeMultiplier/Min": 2.680349826812744,
    "Metrics/LagrangeMultiplier/Std": 0,
    "Misc/AcceptanceStep": 1,
    "Misc/Alpha": 0.6323139071464539,
    "Misc/FinalStepNorm": 0.25547754764556885,
    "Misc/H_inv_g": 0.40403592586517334,
    "Misc/gradient_norm": 0.3271144926548004,
    "Misc/xHx": 0.050022389739751816,
    "Time/Epoch": 313.6237487792969,
    "Time/FPS": 63.77068328857422,
    "Time/Rollout": 305.24432373046875,
    "Time/Total": 31580.33984375,
    "Time/Update": 8.379405975341797,
    "TotalEnvSteps": 2000000,
    "Train/Entropy": 1.272815823554993,
    "Train/Epoch": 99,
    "Train/KL": 0.00038223757292144,
    "Train/LR": 0,
    "Train/PolicyRatio": 0.9985798001289368,
    "Train/PolicyRatio/Max": 0.9985798597335817,
    "Train/PolicyRatio/Min": 0.9985798597335817,
    "Train/PolicyRatio/Std": 0.0010041907662525773,
    "Train/PolicyStd": 0.8645207285881042,
    "Train/StopIter": 10,
    "Value/Adv": -6.103515470812226e-09,
    "Value/cost": 2.658369779586792,
    "Value/reward": 0.609735369682312,
    "_runtime": 31583.744518472,
    "_step": 100,
    "_timestamp": 1743337505.268614,
    "_wandb": {
        "runtime": 31583
    }
}