{
    "Loss/Loss_cost_critic": 0.002638659905642271,
    "Loss/Loss_cost_critic/Delta": -0.005944075528532267,
    "Loss/Loss_pi": -0.00014598690904676914,
    "Loss/Loss_pi/Delta": 0.0004766660858877003,
    "Loss/Loss_reward_critic": 0.06784498691558838,
    "Loss/Loss_reward_critic/Delta": -0.0006119459867477417,
    "Metrics/EpCost": 0,
    "Metrics/EpLen": 500,
    "Metrics/EpRet": 5.8263349533081055,
    "Metrics/LagrangeMultiplier": 133.78634643554688,
    "Metrics/LagrangeMultiplier/Max": 133.78634643554688,
    "Metrics/LagrangeMultiplier/Min": 133.78634643554688,
    "Metrics/LagrangeMultiplier/Std": 0,
    "Misc/AcceptanceStep": 1,
    "Misc/Alpha": 119.92018127441406,
    "Misc/FinalStepNorm": 0.14544972777366638,
    "Misc/H_inv_g": 0.0012128878151997924,
    "Misc/gradient_norm": 0.0028314923401921988,
    "Misc/xHx": 1.380738353873312e-06,
    "Time/Epoch": 117.5790557861328,
    "Time/FPS": 170.09832763671875,
    "Time/Rollout": 102.38001251220705,
    "Time/Total": 11707.7373046875,
    "Time/Update": 15.199007034301758,
    "TotalEnvSteps": 2000000,
    "Train/Entropy": 1.156928539276123,
    "Train/Epoch": 99,
    "Train/KL": 0.0005043845158070326,
    "Train/LR": 0,
    "Train/PolicyRatio": 1.0012826919555664,
    "Train/PolicyRatio/Max": 1.0012826919555664,
    "Train/PolicyRatio/Min": 1.0012826919555664,
    "Train/PolicyRatio/Std": 0.0009070001542568208,
    "Train/PolicyStd": 0.7717071175575256,
    "Train/StopIter": 10,
    "Value/Adv": -5.340575981449547e-09,
    "Value/cost": -0.010478712618350984,
    "Value/reward": 1.0339184999465942,
    "_runtime": 11709.521138148,
    "_step": 100,
    "_timestamp": 1745017030.6418493,
    "_wandb": {
        "runtime": 11709
    }
}