{
    "Loss/Loss_cost_critic": 1.386811375617981,
    "Loss/Loss_cost_critic/Delta": 0.7478485703468323,
    "Loss/Loss_pi": -0.008655636571347713,
    "Loss/Loss_pi/Delta": 0.000782509334385395,
    "Loss/Loss_reward_critic": 0.004671415779739618,
    "Loss/Loss_reward_critic/Delta": -0.001629794016480446,
    "Metrics/EpCost": 19.350000381469727,
    "Metrics/EpLen": 1000,
    "Metrics/EpRet": 0.4834148287773132,
    "Metrics/LagrangeMultiplier": 0.3263426721096039,
    "Metrics/LagrangeMultiplier/Max": 0.3263426721096039,
    "Metrics/LagrangeMultiplier/Min": 0.3263426721096039,
    "Metrics/LagrangeMultiplier/Std": 0,
    "Time/Epoch": 186.330810546875,
    "Time/FPS": 107.33597564697266,
    "Time/Rollout": 85.58506774902344,
    "Time/Total": 18251.943359375,
    "Time/Update": 100.74565887451172,
    "TotalEnvSteps": 2000000,
    "Train/Entropy": -0.0764632374048233,
    "Train/Epoch": 99,
    "Train/KL": 0.0042839148081839085,
    "Train/LR": 0,
    "Train/PolicyRatio": 1.00033700466156,
    "Train/PolicyRatio/Max": 1.00033700466156,
    "Train/PolicyRatio/Min": 1.00033700466156,
    "Train/PolicyRatio/Std": 0.007237202022224665,
    "Train/PolicyStd": 0.22417785227298737,
    "Train/StopIter": 40,
    "Value/Adv": -0.2147963345050812,
    "Value/cost": 1.769261360168457,
    "Value/reward": 0.11279574036598206,
    "_runtime": 18253.301738066,
    "_step": 100,
    "_timestamp": 1745032334.014331,
    "_wandb": {
        "runtime": 18253
    }
}