{
    "Loss/Loss_cost_critic": 0.24531841278076172,
    "Loss/Loss_cost_critic/Delta": -0.3694484233856201,
    "Loss/Loss_pi": -0.0015687895938754082,
    "Loss/Loss_pi/Delta": 0.0038612610660493374,
    "Loss/Loss_reward_critic": 0.12453266978263856,
    "Loss/Loss_reward_critic/Delta": 0.014999911189079285,
    "Metrics/EpCost": 1.649999976158142,
    "Metrics/EpLen": 500,
    "Metrics/EpRet": 23.596050262451172,
    "Metrics/LagrangeMultiplier": 9.74618911743164,
    "Metrics/LagrangeMultiplier/Max": 9.74618911743164,
    "Metrics/LagrangeMultiplier/Min": 9.74618911743164,
    "Metrics/LagrangeMultiplier/Std": 0,
    "Misc/AcceptanceStep": 1,
    "Misc/Alpha": 7.838462829589844,
    "Misc/FinalStepNorm": 0.2041335105895996,
    "Misc/H_inv_g": 0.02604254335165024,
    "Misc/gradient_norm": 0.03274672478437424,
    "Misc/xHx": 0.0003255028568673879,
    "Time/Epoch": 116.44397735595705,
    "Time/FPS": 171.75640869140625,
    "Time/Rollout": 101.396240234375,
    "Time/Total": 11697.3837890625,
    "Time/Update": 15.047700881958008,
    "TotalEnvSteps": 2000000,
    "Train/Entropy": 1.059324860572815,
    "Train/Epoch": 99,
    "Train/KL": 0.00044305017217993736,
    "Train/LR": 0,
    "Train/PolicyRatio": 1.0005550384521484,
    "Train/PolicyRatio/Max": 1.0005550384521484,
    "Train/PolicyRatio/Min": 1.0005550384521484,
    "Train/PolicyRatio/Std": 0.0003925276396330446,
    "Train/PolicyStd": 0.6993967890739441,
    "Train/StopIter": 10,
    "Value/Adv": -1.5258788677030564e-09,
    "Value/cost": 0.3022098243236542,
    "Value/reward": 4.633145809173584,
    "_runtime": 11699.590903159,
    "_step": 100,
    "_timestamp": 1745016930.9424057,
    "_wandb": {
        "runtime": 11699
    }
}