{
    "Loss/Loss_cost_critic": 3.947819948196411,
    "Loss/Loss_cost_critic/Delta": 1.796924352645874,
    "Loss/Loss_pi": 0.1519827097654343,
    "Loss/Loss_pi/Delta": 0.16979049518704414,
    "Loss/Loss_reward_critic": 0.004176006186753511,
    "Loss/Loss_reward_critic/Delta": -0.0019036158919334412,
    "Metrics/EpCost": 8.210000038146973,
    "Metrics/EpLen": 1000,
    "Metrics/EpRet": 0.4849996566772461,
    "Metrics/LagrangeMultiplier": 1.910599946975708,
    "Metrics/LagrangeMultiplier/Max": 1.910599946975708,
    "Metrics/LagrangeMultiplier/Min": 1.910599946975708,
    "Metrics/LagrangeMultiplier/Std": 0,
    "Misc/AcceptanceStep": 1,
    "Misc/Alpha": 0.6914126873016357,
    "Misc/FinalStepNorm": 0.3200680613517761,
    "Misc/H_inv_g": 0.4629189968109131,
    "Misc/gradient_norm": 0.3263629078865051,
    "Misc/xHx": 0.041836485266685486,
    "Safety/EpCostShield": 31.149999618530273,
    "Safety/ShieldLagrangeMultiplier": 2.185396432876587,
    "Safety/ShieldLagrangeMultiplier/Max": 2.185396432876587,
    "Safety/ShieldLagrangeMultiplier/Min": 2.185396432876587,
    "Safety/ShieldLagrangeMultiplier/Std": 0,
    "Safety/shield_adv_c": -0.3367503881454468,
    "Safety/shield_violation": 1.2936620712280271,
    "Time/Epoch": 134.82711791992188,
    "Time/FPS": 148.33810424804688,
    "Time/Rollout": 109.68733215332033,
    "Time/Total": 12685.37890625,
    "Time/Update": 25.13976287841797,
    "TotalEnvSteps": 2000000,
    "Train/Entropy": 1.3912004232406616,
    "Train/Epoch": 99,
    "Train/KL": 0.0002868613228201866,
    "Train/LR": 0,
    "Train/PolicyRatio": 0.9978943467140198,
    "Train/PolicyRatio/Max": 0.9978944063186646,
    "Train/PolicyRatio/Min": 0.9978944063186646,
    "Train/PolicyRatio/Std": 0.0014889076119288802,
    "Train/PolicyStd": 0.9778162837028505,
    "Train/StopIter": 10,
    "Value/Adv": -7.629394005448376e-09,
    "Value/cost": 0.2372407168149948,
    "Value/reward": 0.09907851368188858,
    "_runtime": 12687.727441567,
    "_step": 100,
    "_timestamp": 1746637112.3841174,
    "_wandb": {
        "runtime": 12687
    }
}