{
    "Loss/Loss_cost_critic": 13.589152336120604,
    "Loss/Loss_cost_critic/Delta": 2.8840370178222656,
    "Loss/Loss_pi": -0.13695000112056732,
    "Loss/Loss_pi/Delta": -0.010494142770767212,
    "Loss/Loss_reward_critic": 0.14967434108257294,
    "Loss/Loss_reward_critic/Delta": -0.008121952414512634,
    "Metrics/EpCost": 15.270000457763672,
    "Metrics/EpLen": 500,
    "Metrics/EpRet": 19.84120178222656,
    "Metrics/LagrangeMultiplier": 1.576510310173035,
    "Metrics/LagrangeMultiplier/Max": 1.576510310173035,
    "Metrics/LagrangeMultiplier/Min": 1.576510310173035,
    "Metrics/LagrangeMultiplier/Std": 0,
    "Safety/EpCostShield": 35,
    "Safety/ShieldLagrangeMultiplier": 1.640432596206665,
    "Safety/ShieldLagrangeMultiplier/Max": 1.640432596206665,
    "Safety/ShieldLagrangeMultiplier/Min": 1.640432596206665,
    "Safety/ShieldLagrangeMultiplier/Std": 0,
    "Safety/shield_adv_c": "NaN",
    "Safety/shield_violation": 5.240318775177002,
    "Time/Epoch": 232.5785675048828,
    "Time/FPS": 85.99244689941406,
    "Time/Rollout": 92.89196014404295,
    "Time/Total": 23641.31640625,
    "Time/Update": 139.6865234375,
    "TotalEnvSteps": 2000000,
    "Train/Entropy": 0.7846020460128784,
    "Train/Epoch": 99,
    "Train/KL": 0.0028971966821700335,
    "Train/LR": 0,
    "Train/PolicyRatio": 1.0000144243240356,
    "Train/PolicyRatio/Max": 1.0000144243240356,
    "Train/PolicyRatio/Min": 1.0000144243240356,
    "Train/PolicyRatio/Std": 0.005913042929023504,
    "Train/PolicyStd": 0.5351588726043701,
    "Train/StopIter": 40,
    "Value/Adv": 0.06799378991127014,
    "Value/cost": 3.2356791496276855,
    "Value/reward": 3.8909406661987305,
    "_runtime": 23643.498108103,
    "_step": 100,
    "_timestamp": 1746617174.656108,
    "_wandb": {
        "runtime": 23643
    }
}