{
    "Loss/Loss_cost_critic": 1.2504220008850098,
    "Loss/Loss_cost_critic/Delta": -0.2885829210281372,
    "Loss/Loss_pi": -0.006906809285283089,
    "Loss/Loss_pi/Delta": 0.005102353170514107,
    "Loss/Loss_reward_critic": 0.04689616337418556,
    "Loss/Loss_reward_critic/Delta": -0.0080372653901577,
    "Metrics/EpCost": 31.68000030517578,
    "Metrics/EpLen": 1000,
    "Metrics/EpRet": 9.270505905151367,
    "Metrics/LagrangeMultiplier": 3.026588201522827,
    "Metrics/LagrangeMultiplier/Max": 3.026588201522827,
    "Metrics/LagrangeMultiplier/Min": 3.026588201522827,
    "Metrics/LagrangeMultiplier/Std": 0,
    "Time/Epoch": 272.3958435058594,
    "Time/FPS": 73.42256164550781,
    "Time/Rollout": 222.2139434814453,
    "Time/Total": 27358.880859375,
    "Time/Update": 50.181854248046875,
    "TotalEnvSteps": 2000000,
    "Train/Entropy": 1.1071078777313232,
    "Train/Epoch": 99,
    "Train/KL": 0.0033309226855635643,
    "Train/LR": 0,
    "Train/PolicyRatio": 1.0006067752838137,
    "Train/PolicyRatio/Max": 1.0006067752838137,
    "Train/PolicyRatio/Min": 1.0006067752838137,
    "Train/PolicyRatio/Std": 0.00629262113943696,
    "Train/PolicyStd": 0.7330894470214844,
    "Train/StopIter": 40,
    "Value/Adv": -0.05569881945848465,
    "Value/cost": 4.101701736450195,
    "Value/reward": 1.021348476409912,
    "_runtime": 27360.145727815,
    "_step": 100,
    "_timestamp": 1743339464.086012,
    "_wandb": {
        "runtime": 27360
    }
}