{
    "Loss/Loss_cost_critic": 1.041818618774414,
    "Loss/Loss_cost_critic/Delta": 0.10037845373153688,
    "Loss/Loss_pi": -0.016652872785925865,
    "Loss/Loss_pi/Delta": 0.008404778316617012,
    "Loss/Loss_reward_critic": 0.06855514645576477,
    "Loss/Loss_reward_critic/Delta": 0.011584095656871796,
    "Metrics/EpCost": 32.630001068115234,
    "Metrics/EpLen": 1000,
    "Metrics/EpRet": 6.747632026672363,
    "Metrics/LagrangeMultiplier": 2.835213422775269,
    "Metrics/LagrangeMultiplier/Max": 2.835213422775269,
    "Metrics/LagrangeMultiplier/Min": 2.835213422775269,
    "Metrics/LagrangeMultiplier/Std": 0,
    "Misc/AcceptanceStep": 1,
    "Misc/Alpha": 0.7934284210205078,
    "Misc/FinalStepNorm": 0.2823859751224518,
    "Misc/H_inv_g": 0.35590606927871704,
    "Misc/gradient_norm": 0.30596616864204407,
    "Misc/xHx": 0.03176978603005409,
    "Time/Epoch": 98.08577728271484,
    "Time/FPS": 203.9031524658203,
    "Time/Rollout": 86.21669006347656,
    "Time/Total": 9909.673828125,
    "Time/Update": 11.869062423706056,
    "TotalEnvSteps": 2000000,
    "Train/Entropy": 1.0887508392333984,
    "Train/Epoch": 99,
    "Train/KL": 0.0003315238282084465,
    "Train/LR": 0,
    "Train/PolicyRatio": 1.0015182495117188,
    "Train/PolicyRatio/Max": 1.0015182495117188,
    "Train/PolicyRatio/Min": 1.0015182495117188,
    "Train/PolicyRatio/Std": 0.001073564519174397,
    "Train/PolicyStd": 0.7193010449409485,
    "Train/StopIter": 10,
    "Value/Adv": -7.629394338515282e-10,
    "Value/cost": 2.0221126079559326,
    "Value/reward": 0.8364536166191101,
    "_runtime": 9911.607662548,
    "_step": 100,
    "_timestamp": 1746908510.250864,
    "_wandb": {
        "runtime": 9911
    }
}