{
    "Loss/Loss_cost_critic": 2.760282516479492,
    "Loss/Loss_cost_critic/Delta": -0.3314793109893799,
    "Loss/Loss_pi": -0.29613378643989563,
    "Loss/Loss_pi/Delta": 0.06274628639221191,
    "Loss/Loss_reward_critic": 0.03518626466393471,
    "Loss/Loss_reward_critic/Delta": -0.005231961607933044,
    "Metrics/EpCost": 8.430000305175781,
    "Metrics/EpLen": 1000,
    "Metrics/EpRet": 5.3828325271606445,
    "Metrics/LagrangeMultiplier": 2.637267589569092,
    "Metrics/LagrangeMultiplier/Max": 2.637267589569092,
    "Metrics/LagrangeMultiplier/Min": 2.637267589569092,
    "Metrics/LagrangeMultiplier/Std": 0,
    "Misc/AcceptanceStep": 1,
    "Misc/Alpha": 1.6402509212493896,
    "Misc/FinalStepNorm": 0.28246647119522095,
    "Misc/H_inv_g": 0.17220930755138397,
    "Misc/gradient_norm": 0.13020896911621094,
    "Misc/xHx": 0.007433764636516571,
    "Safety/EpCostShield": 11.899999618530272,
    "Safety/ShieldLagrangeMultiplier": 2.5925498008728027,
    "Safety/ShieldLagrangeMultiplier/Max": 2.5925498008728027,
    "Safety/ShieldLagrangeMultiplier/Min": 2.5925498008728027,
    "Safety/ShieldLagrangeMultiplier/Std": 0,
    "Safety/shield_adv_c": 0.2835861146450043,
    "Safety/shield_violation": 2.1174018383026123,
    "Time/Epoch": 95.90617370605467,
    "Time/FPS": 208.5371551513672,
    "Time/Rollout": 72.38614654541016,
    "Time/Total": 9747.9736328125,
    "Time/Update": 23.51998710632324,
    "TotalEnvSteps": 2000000,
    "Train/Entropy": 2.1499483585357666,
    "Train/Epoch": 99,
    "Train/KL": 0.0003299232048448175,
    "Train/LR": 0,
    "Train/PolicyRatio": 1.003740906715393,
    "Train/PolicyRatio/Max": 1.0037410259246826,
    "Train/PolicyRatio/Min": 1.0037410259246826,
    "Train/PolicyRatio/Std": 0.0026451924350112677,
    "Train/PolicyStd": 2.0835607051849365,
    "Train/StopIter": 10,
    "Value/Adv": 1.2207030941624453e-08,
    "Value/cost": 0.7942051291465759,
    "Value/reward": 0.6554380655288696,
    "_runtime": 9750.001694938,
    "_step": 100,
    "_timestamp": 1746603193.6366944,
    "_wandb": {
        "runtime": 9750
    }
}