{
    "Loss/Loss_cost_critic": 3.843559980392456,
    "Loss/Loss_cost_critic/Delta": -0.5977656841278076,
    "Loss/Loss_pi": -0.3037148118019104,
    "Loss/Loss_pi/Delta": -0.24601497501134872,
    "Loss/Loss_reward_critic": 0.043445613235235214,
    "Loss/Loss_reward_critic/Delta": -0.007418885827064514,
    "Metrics/EpCost": 15.380000114440918,
    "Metrics/EpLen": 1000,
    "Metrics/EpRet": 6.243068695068359,
    "Metrics/LagrangeMultiplier": 2.7583510875701904,
    "Metrics/LagrangeMultiplier/Max": 2.7583510875701904,
    "Metrics/LagrangeMultiplier/Min": 2.7583510875701904,
    "Metrics/LagrangeMultiplier/Std": 0,
    "Safety/EpCostShield": 45.900001525878906,
    "Safety/ShieldLagrangeMultiplier": 2.6294143199920654,
    "Safety/ShieldLagrangeMultiplier/Max": 2.6294143199920654,
    "Safety/ShieldLagrangeMultiplier/Min": 2.6294143199920654,
    "Safety/ShieldLagrangeMultiplier/Std": 0,
    "Safety/shield_adv_c": "NaN",
    "Safety/shield_violation": 6.414023399353027,
    "Time/Epoch": 150.99905395507812,
    "Time/FPS": 132.451171875,
    "Time/Rollout": 63.583709716796875,
    "Time/Total": 14964.0859375,
    "Time/Update": 87.415283203125,
    "TotalEnvSteps": 2000000,
    "Train/Entropy": 0.3306801915168762,
    "Train/Epoch": 99,
    "Train/KL": 0.003491155570372939,
    "Train/LR": 0,
    "Train/PolicyRatio": 1.0011236667633057,
    "Train/PolicyRatio/Max": 1.0011236667633057,
    "Train/PolicyRatio/Min": 1.0011236667633057,
    "Train/PolicyRatio/Std": 0.007138750981539488,
    "Train/PolicyStd": 0.3510836362838745,
    "Train/StopIter": 40,
    "Value/Adv": 0.2594434916973114,
    "Value/cost": 1.8270823955535889,
    "Value/reward": 0.7495536208152771,
    "_runtime": 14965.541671101,
    "_step": 100,
    "_timestamp": 1746565210.7012084,
    "_wandb": {
        "runtime": 14965
    }
}