{
    "Loss/Loss_cost_critic": 3.611787796020508,
    "Loss/Loss_cost_critic/Delta": 1.3860764503479004,
    "Loss/Loss_pi": 0.15271027386188507,
    "Loss/Loss_pi/Delta": -0.3076254576444626,
    "Loss/Loss_reward_critic": 0.007424363866448402,
    "Loss/Loss_reward_critic/Delta": -0.005766421556472778,
    "Metrics/EpCost": 12.890000343322754,
    "Metrics/EpLen": 1000,
    "Metrics/EpRet": 0.234881192445755,
    "Metrics/LagrangeMultiplier": 2.2941644191741943,
    "Metrics/LagrangeMultiplier/Max": 2.2941644191741943,
    "Metrics/LagrangeMultiplier/Min": 2.2941644191741943,
    "Metrics/LagrangeMultiplier/Std": 0,
    "Misc/AcceptanceStep": 1,
    "Misc/Alpha": 0.5863061547279358,
    "Misc/FinalStepNorm": 0.3206503391265869,
    "Misc/H_inv_g": 0.546899139881134,
    "Misc/gradient_norm": 0.31477269530296326,
    "Misc/xHx": 0.05818098038434982,
    "Safety/EpCostShield": 37.45000076293945,
    "Safety/ShieldLagrangeMultiplier": 2.481682777404785,
    "Safety/ShieldLagrangeMultiplier/Max": 2.481682777404785,
    "Safety/ShieldLagrangeMultiplier/Min": 2.481682777404785,
    "Safety/ShieldLagrangeMultiplier/Std": 0,
    "Safety/shield_adv_c": -0.018549658358097076,
    "Safety/shield_violation": 1.8198504447937012,
    "Time/Epoch": 145.58457946777344,
    "Time/FPS": 137.37718200683594,
    "Time/Rollout": 121.52151489257812,
    "Time/Total": 13622.45703125,
    "Time/Update": 24.06304168701172,
    "TotalEnvSteps": 2000000,
    "Train/Entropy": 1.389412760734558,
    "Train/Epoch": 99,
    "Train/KL": 0.00024829973699525,
    "Train/LR": 0,
    "Train/PolicyRatio": 0.9995900988578796,
    "Train/PolicyRatio/Max": 0.9995900988578796,
    "Train/PolicyRatio/Min": 0.9995900988578796,
    "Train/PolicyRatio/Std": 0.00028985791141167283,
    "Train/PolicyStd": 0.9745294451713562,
    "Train/StopIter": 10,
    "Value/Adv": -8.392333938900265e-09,
    "Value/cost": 0.4934993088245392,
    "Value/reward": 0.014208697713911532,
    "_runtime": 13627.207487715,
    "_step": 100,
    "_timestamp": 1747263905.0318182,
    "_wandb": {
        "runtime": 13627
    }
}