{
    "Loss/Loss_cost_critic": 3.5793731212615967,
    "Loss/Loss_cost_critic/Delta": 1.2552766799926758,
    "Loss/Loss_pi": -0.19897985458374023,
    "Loss/Loss_pi/Delta": -0.006125941872596741,
    "Loss/Loss_reward_critic": 0.13945670425891876,
    "Loss/Loss_reward_critic/Delta": 0.01293298602104187,
    "Metrics/EpCost": 2.799999952316284,
    "Metrics/EpLen": 500,
    "Metrics/EpRet": 21.4353084564209,
    "Metrics/LagrangeMultiplier": 1.1360281705856323,
    "Metrics/LagrangeMultiplier/Max": 1.1360281705856323,
    "Metrics/LagrangeMultiplier/Min": 1.1360281705856323,
    "Metrics/LagrangeMultiplier/Std": 0,
    "Safety/EpCostShield": 10.574999809265137,
    "Safety/ShieldLagrangeMultiplier": 1.2732194662094116,
    "Safety/ShieldLagrangeMultiplier/Max": 1.2732194662094116,
    "Safety/ShieldLagrangeMultiplier/Min": 1.2732194662094116,
    "Safety/ShieldLagrangeMultiplier/Std": 0,
    "Safety/shield_adv_c": "NaN",
    "Safety/shield_violation": 0.8894218802452087,
    "Time/Epoch": 294.02484130859375,
    "Time/FPS": 68.0214614868164,
    "Time/Rollout": 111.7790298461914,
    "Time/Total": 29602.765625,
    "Time/Update": 182.24574279785156,
    "TotalEnvSteps": 2000000,
    "Train/Entropy": 0.9183391332626344,
    "Train/Epoch": 99,
    "Train/KL": 0.002561595756560564,
    "Train/LR": 0,
    "Train/PolicyRatio": 1.000681757926941,
    "Train/PolicyRatio/Max": 1.000681757926941,
    "Train/PolicyRatio/Min": 1.000681757926941,
    "Train/PolicyRatio/Std": 0.006125655956566334,
    "Train/PolicyStd": 0.6081826090812683,
    "Train/StopIter": 40,
    "Value/Adv": -0.005282312631607056,
    "Value/cost": 0.3692278861999512,
    "Value/reward": 4.0987091064453125,
    "_runtime": 29605.132949062,
    "_step": 100,
    "_timestamp": 1746540053.3719337,
    "_wandb": {
        "runtime": 29605
    }
}