{
    "Loss/Loss_cost_critic": 6.974320888519287,
    "Loss/Loss_cost_critic/Delta": 1.9901752471923828,
    "Loss/Loss_pi": 0.08705729991197586,
    "Loss/Loss_pi/Delta": 0.34380728751420975,
    "Loss/Loss_reward_critic": 0.01832638680934906,
    "Loss/Loss_reward_critic/Delta": -0.003890719264745712,
    "Metrics/EpCost": 26.559999465942383,
    "Metrics/EpLen": 1000,
    "Metrics/EpRet": 4.221207141876221,
    "Metrics/LagrangeMultiplier": 2.8292763233184814,
    "Metrics/LagrangeMultiplier/Max": 2.8292763233184814,
    "Metrics/LagrangeMultiplier/Min": 2.8292763233184814,
    "Metrics/LagrangeMultiplier/Std": 0,
    "Safety/EpCostShield": 66.3499984741211,
    "Safety/ShieldLagrangeMultiplier": 2.7854721546173096,
    "Safety/ShieldLagrangeMultiplier/Max": 2.7854721546173096,
    "Safety/ShieldLagrangeMultiplier/Min": 2.7854721546173096,
    "Safety/ShieldLagrangeMultiplier/Std": 0,
    "Safety/shield_adv_c": "NaN",
    "Safety/shield_violation": 3.432175397872925,
    "Time/Epoch": 251.20510864257812,
    "Time/FPS": 79.6162109375,
    "Time/Rollout": 108.48976135253906,
    "Time/Total": 23208.9140625,
    "Time/Update": 142.7152099609375,
    "TotalEnvSteps": 2000000,
    "Train/Entropy": 0.5765225887298584,
    "Train/Epoch": 99,
    "Train/KL": 0.004582311026751995,
    "Train/LR": 0,
    "Train/PolicyRatio": 0.9985793232917786,
    "Train/PolicyRatio/Max": 0.9985793232917786,
    "Train/PolicyRatio/Min": 0.9985793232917786,
    "Train/PolicyRatio/Std": 0.007629049941897392,
    "Train/PolicyStd": 0.4384584128856659,
    "Train/StopIter": 40,
    "Value/Adv": -0.026324301958084103,
    "Value/cost": 1.916913628578186,
    "Value/reward": 0.4105496108531952,
    "_runtime": 23211.213208822,
    "_step": 100,
    "_timestamp": 1746544434.5140064,
    "_wandb": {
        "runtime": 23211
    }
}