{
    "Loss/Loss_cost_critic": 1.049229621887207,
    "Loss/Loss_cost_critic/Delta": -0.031033754348754883,
    "Loss/Loss_pi": -0.012429212220013142,
    "Loss/Loss_pi/Delta": 0.002413998357951641,
    "Loss/Loss_reward_critic": 0.08747997879981995,
    "Loss/Loss_reward_critic/Delta": -0.0017602220177650452,
    "Metrics/EpCost": 14.68000030517578,
    "Metrics/EpLen": 1000,
    "Metrics/EpRet": 7.620219707489014,
    "Metrics/LagrangeMultiplier": 2.9102888107299805,
    "Metrics/LagrangeMultiplier/Max": 2.9102888107299805,
    "Metrics/LagrangeMultiplier/Min": 2.9102888107299805,
    "Metrics/LagrangeMultiplier/Std": 0,
    "Misc/AcceptanceStep": 1,
    "Misc/Alpha": 0.9760421514511108,
    "Misc/FinalStepNorm": 0.28462427854537964,
    "Misc/H_inv_g": 0.2916106581687927,
    "Misc/gradient_norm": 0.20425213873386383,
    "Misc/xHx": 0.020993879064917564,
    "Time/Epoch": 92.80934143066406,
    "Time/FPS": 215.49554443359375,
    "Time/Rollout": 78.11607360839844,
    "Time/Total": 9367.943359375,
    "Time/Update": 14.693239212036133,
    "TotalEnvSteps": 2000000,
    "Train/Entropy": 1.244240164756775,
    "Train/Epoch": 99,
    "Train/KL": 0.00033249211264774203,
    "Train/LR": 0,
    "Train/PolicyRatio": 0.9997029304504396,
    "Train/PolicyRatio/Max": 0.9997029304504396,
    "Train/PolicyRatio/Min": 0.9997029304504396,
    "Train/PolicyRatio/Std": 0.00021005989401601255,
    "Train/PolicyStd": 0.8433082699775696,
    "Train/StopIter": 10,
    "Value/Adv": -1.5258788677030564e-09,
    "Value/cost": 1.3699265718460083,
    "Value/reward": 0.6907952427864075,
    "_runtime": 9370.260212012,
    "_step": 100,
    "_timestamp": 1746907961.4830277,
    "_wandb": {
        "runtime": 9370
    }
}