{
    "Loss/Loss_cost_critic": 3.0686566829681396,
    "Loss/Loss_cost_critic/Delta": 0.4162189960479736,
    "Loss/Loss_pi": -0.263051837682724,
    "Loss/Loss_pi/Delta": -0.024703100323677063,
    "Loss/Loss_reward_critic": 0.05513491481542587,
    "Loss/Loss_reward_critic/Delta": 0.0048692673444747925,
    "Metrics/EpCost": 9.140000343322754,
    "Metrics/EpLen": 1000,
    "Metrics/EpRet": 9.720743179321287,
    "Metrics/LagrangeMultiplier": 2.556412935256958,
    "Metrics/LagrangeMultiplier/Max": 2.556412935256958,
    "Metrics/LagrangeMultiplier/Min": 2.556412935256958,
    "Metrics/LagrangeMultiplier/Std": 0,
    "Misc/AcceptanceStep": 1,
    "Misc/Alpha": 1.0225917100906372,
    "Misc/FinalStepNorm": 0.2906762659549713,
    "Misc/H_inv_g": 0.2842544913291931,
    "Misc/gradient_norm": 0.13844171166419983,
    "Misc/xHx": 0.01912604831159115,
    "Safety/EpCostShield": 25.399999618530273,
    "Safety/ShieldLagrangeMultiplier": 2.410879135131836,
    "Safety/ShieldLagrangeMultiplier/Max": 2.410879135131836,
    "Safety/ShieldLagrangeMultiplier/Min": 2.410879135131836,
    "Safety/ShieldLagrangeMultiplier/Std": 0,
    "Safety/shield_adv_c": -0.32278844714164734,
    "Safety/shield_violation": 2.5923891067504883,
    "Time/Epoch": 111.82465362548828,
    "Time/FPS": 178.8514404296875,
    "Time/Rollout": 88.31896209716797,
    "Time/Total": 11112.75,
    "Time/Update": 23.50566864013672,
    "TotalEnvSteps": 2000000,
    "Train/Entropy": 1.8996058702468872,
    "Train/Epoch": 99,
    "Train/KL": 0.0003274983027949929,
    "Train/LR": 0,
    "Train/PolicyRatio": 1.0019245147705078,
    "Train/PolicyRatio/Max": 1.0019245147705078,
    "Train/PolicyRatio/Min": 1.0019245147705078,
    "Train/PolicyRatio/Std": 0.0013608935987576842,
    "Train/PolicyStd": 1.6300021409988403,
    "Train/StopIter": 10,
    "Value/Adv": 0,
    "Value/cost": 0.9799809455871582,
    "Value/reward": 1.0686724185943604,
    "_runtime": 11114.328412146,
    "_step": 100,
    "_timestamp": 1746919841.696859,
    "_wandb": {
        "runtime": 11114
    }
}