{
    "Loss/Loss_cost_critic": 0.015512430109083652,
    "Loss/Loss_cost_critic/Delta": -0.02100846078246832,
    "Loss/Loss_pi": -0.0006251933518797159,
    "Loss/Loss_pi/Delta": 0.0020492856856435537,
    "Loss/Loss_reward_critic": 0.001877861563116312,
    "Loss/Loss_reward_critic/Delta": -0.0009462016168981792,
    "Metrics/EpCost": 1.190000057220459,
    "Metrics/EpLen": 1000,
    "Metrics/EpRet": 0.08446918427944183,
    "Metrics/LagrangeMultiplier": 20.830984115600582,
    "Metrics/LagrangeMultiplier/Max": 20.830984115600582,
    "Metrics/LagrangeMultiplier/Min": 20.830984115600582,
    "Metrics/LagrangeMultiplier/Std": 0,
    "Misc/AcceptanceStep": 1,
    "Misc/Alpha": 23.140708923339844,
    "Misc/FinalStepNorm": 0.2464919239282608,
    "Misc/H_inv_g": 0.010651874355971811,
    "Misc/gradient_norm": 0.008848177269101143,
    "Misc/xHx": 3.733880294021219e-05,
    "Time/Epoch": 99.26605987548828,
    "Time/FPS": 201.47872924804688,
    "Time/Rollout": 84.87242889404297,
    "Time/Total": 9868.68359375,
    "Time/Update": 14.393610000610352,
    "TotalEnvSteps": 2000000,
    "Train/Entropy": 1.3041328191757202,
    "Train/Epoch": 99,
    "Train/KL": 0.0003962632908951491,
    "Train/LR": 0,
    "Train/PolicyRatio": 1.000299334526062,
    "Train/PolicyRatio/Max": 1.000299334526062,
    "Train/PolicyRatio/Min": 1.000299334526062,
    "Train/PolicyRatio/Std": 0.00021163337805774063,
    "Train/PolicyStd": 0.892273485660553,
    "Train/StopIter": 10,
    "Value/Adv": -1.5258788677030564e-09,
    "Value/cost": 0.0932157263159752,
    "Value/reward": 0.038401901721954346,
    "_runtime": 9870.628082936,
    "_step": 100,
    "_timestamp": 1745005119.1550157,
    "_wandb": {
        "runtime": 9870
    }
}