{
    "Loss/Loss_cost_critic": 2.6718649864196777,
    "Loss/Loss_cost_critic/Delta": 0.17037224769592285,
    "Loss/Loss_pi": -0.17393486201763153,
    "Loss/Loss_pi/Delta": -0.09399078786373138,
    "Loss/Loss_reward_critic": 0.04226047545671463,
    "Loss/Loss_reward_critic/Delta": 0.003142092376947403,
    "Metrics/EpCost": 5.21999979019165,
    "Metrics/EpLen": 1000,
    "Metrics/EpRet": 3.4594767093658447,
    "Metrics/LagrangeMultiplier": 1.807271122932434,
    "Metrics/LagrangeMultiplier/Max": 1.807271122932434,
    "Metrics/LagrangeMultiplier/Min": 1.807271122932434,
    "Metrics/LagrangeMultiplier/Std": 0,
    "Misc/AcceptanceStep": 1,
    "Misc/Alpha": 0.8516885042190552,
    "Misc/FinalStepNorm": 0.32421809434890747,
    "Misc/H_inv_g": 0.38067683577537537,
    "Misc/gradient_norm": 0.10353709012269974,
    "Misc/xHx": 0.02757200039923191,
    "Safety/EpCostShield": 25.450000762939453,
    "Safety/ShieldLagrangeMultiplier": 2.0555694103240967,
    "Safety/ShieldLagrangeMultiplier/Max": 2.0555694103240967,
    "Safety/ShieldLagrangeMultiplier/Min": 2.0555694103240967,
    "Safety/ShieldLagrangeMultiplier/Std": 0,
    "Safety/shield_adv_c": -0.40025264024734497,
    "Safety/shield_violation": 3.6889071464538574,
    "Time/Epoch": 109.90048217773438,
    "Time/FPS": 181.9828338623047,
    "Time/Rollout": 87.9498062133789,
    "Time/Total": 11563.2734375,
    "Time/Update": 21.95065116882324,
    "TotalEnvSteps": 2000000,
    "Train/Entropy": 1.338949203491211,
    "Train/Epoch": 99,
    "Train/KL": 0.00025772996013984084,
    "Train/LR": 0,
    "Train/PolicyRatio": 0.999562442302704,
    "Train/PolicyRatio/Max": 0.999562442302704,
    "Train/PolicyRatio/Min": 0.999562442302704,
    "Train/PolicyRatio/Std": 0.0003094140556640923,
    "Train/PolicyStd": 0.9231319427490234,
    "Train/StopIter": 10,
    "Value/Adv": 6.866454960174906e-09,
    "Value/cost": 0.5066216588020325,
    "Value/reward": 0.4239089787006378,
    "_runtime": 11564.827738544,
    "_step": 100,
    "_timestamp": 1746626400.3456702,
    "_wandb": {
        "runtime": 11564
    }
}