{
    "Loss/Loss_cost_critic": 1.5578378438949585,
    "Loss/Loss_cost_critic/Delta": -0.03003251552581787,
    "Loss/Loss_pi": -0.011857078410685062,
    "Loss/Loss_pi/Delta": 0.0003815731033682823,
    "Loss/Loss_reward_critic": 0.06149615719914436,
    "Loss/Loss_reward_critic/Delta": 0.0042029134929180145,
    "Metrics/EpCost": 42.86000061035156,
    "Metrics/EpLen": 1000,
    "Metrics/EpRet": 29.068944931030273,
    "Metrics/LagrangeMultiplier": 0.30227431654930115,
    "Metrics/LagrangeMultiplier/Max": 0.30227431654930115,
    "Metrics/LagrangeMultiplier/Min": 0.30227431654930115,
    "Metrics/LagrangeMultiplier/Std": 0,
    "Misc/AcceptanceStep": 1,
    "Misc/Alpha": 1.108594298362732,
    "Misc/FinalStepNorm": 0.1648043543100357,
    "Misc/H_inv_g": 0.14866065979003906,
    "Misc/gradient_norm": 0.29492974281311035,
    "Misc/xHx": 0.016273630782961845,
    "Time/Epoch": 103.83743286132812,
    "Time/FPS": 192.6087646484375,
    "Time/Rollout": 91.2122802734375,
    "Time/Total": 10208.7265625,
    "Time/Update": 12.625128746032717,
    "TotalEnvSteps": 2000000,
    "Train/Entropy": 0.43914565443992615,
    "Train/Epoch": 99,
    "Train/KL": 0.0004771339299622923,
    "Train/LR": 0,
    "Train/PolicyRatio": 1.0019761323928833,
    "Train/PolicyRatio/Max": 1.0019762516021729,
    "Train/PolicyRatio/Min": 1.0019762516021729,
    "Train/PolicyRatio/Std": 0.0013973646564409137,
    "Train/PolicyStd": 0.3756898641586304,
    "Train/StopIter": 10,
    "Value/Adv": -3.051757735406113e-09,
    "Value/cost": 4.283838748931885,
    "Value/reward": 3.0130598545074463,
    "_runtime": 10210.038011721,
    "_step": 100,
    "_timestamp": 1745025468.5018094,
    "_wandb": {
        "runtime": 10210
    }
}