{
    "Loss/Loss_cost_critic": 2.235410451889038,
    "Loss/Loss_cost_critic/Delta": -0.457261323928833,
    "Loss/Loss_pi": 0.11018690466880798,
    "Loss/Loss_pi/Delta": 0.31582923233509064,
    "Loss/Loss_reward_critic": 0.004730289801955223,
    "Loss/Loss_reward_critic/Delta": -0.0012713056057691574,
    "Metrics/EpCost": 8.4399995803833,
    "Metrics/EpLen": 1000,
    "Metrics/EpRet": 0.04645538330078125,
    "Metrics/LagrangeMultiplier": 2.9035444259643555,
    "Metrics/LagrangeMultiplier/Max": 2.9035444259643555,
    "Metrics/LagrangeMultiplier/Min": 2.9035444259643555,
    "Metrics/LagrangeMultiplier/Std": 0,
    "Safety/EpCostShield": 50.150001525878906,
    "Safety/ShieldLagrangeMultiplier": 2.752052068710327,
    "Safety/ShieldLagrangeMultiplier/Max": 2.752052068710327,
    "Safety/ShieldLagrangeMultiplier/Min": 2.752052068710327,
    "Safety/ShieldLagrangeMultiplier/Std": 0,
    "Safety/shield_adv_c": "NaN",
    "Safety/shield_violation": 3.407435655593872,
    "Time/Epoch": 295.1267395019531,
    "Time/FPS": 67.76749420166016,
    "Time/Rollout": 101.61697387695312,
    "Time/Total": 28899.03515625,
    "Time/Update": 193.5096740722656,
    "TotalEnvSteps": 2000000,
    "Train/Entropy": -0.03114921599626541,
    "Train/Epoch": 99,
    "Train/KL": 0.004253739025443792,
    "Train/LR": 0,
    "Train/PolicyRatio": 1.0006754398345947,
    "Train/PolicyRatio/Max": 1.0006754398345947,
    "Train/PolicyRatio/Min": 1.0006754398345947,
    "Train/PolicyRatio/Std": 0.007180473301559687,
    "Train/PolicyStd": 0.2388603389263153,
    "Train/StopIter": 40,
    "Value/Adv": 0.2856931686401367,
    "Value/cost": 0.8774123787879944,
    "Value/reward": 0.018566729500889775,
    "_runtime": 28901.442461903,
    "_step": 100,
    "_timestamp": 1746653047.3321145,
    "_wandb": {
        "runtime": 28901
    }
}