{
    "Loss/Loss_cost_critic": 5.186692237854004,
    "Loss/Loss_cost_critic/Delta": 1.9082422256469729,
    "Loss/Loss_pi": 0.08631110936403275,
    "Loss/Loss_pi/Delta": -0.11960988491773604,
    "Loss/Loss_reward_critic": 0.18334431946277616,
    "Loss/Loss_reward_critic/Delta": 0.03584007918834686,
    "Metrics/EpCost": 12.609999656677246,
    "Metrics/EpLen": 500,
    "Metrics/EpRet": 22.396162033081055,
    "Metrics/LagrangeMultiplier": 1.877611517906189,
    "Metrics/LagrangeMultiplier/Max": 1.877611517906189,
    "Metrics/LagrangeMultiplier/Min": 1.877611517906189,
    "Metrics/LagrangeMultiplier/Std": 0,
    "Safety/EpCostShield": 20.100000381469727,
    "Safety/ShieldLagrangeMultiplier": 1.891411304473877,
    "Safety/ShieldLagrangeMultiplier/Max": 1.891411304473877,
    "Safety/ShieldLagrangeMultiplier/Min": 1.891411304473877,
    "Safety/ShieldLagrangeMultiplier/Std": 0,
    "Safety/shield_adv_c": "NaN",
    "Safety/shield_violation": 2.4050891399383545,
    "Time/Epoch": 246.22222900390625,
    "Time/FPS": 81.2274398803711,
    "Time/Rollout": 94.65668487548828,
    "Time/Total": 24850.783203125,
    "Time/Update": 151.5654754638672,
    "TotalEnvSteps": 2000000,
    "Train/Entropy": 0.7659856677055359,
    "Train/Epoch": 99,
    "Train/KL": 0.0035775923170149326,
    "Train/LR": 0,
    "Train/PolicyRatio": 1.0005710124969482,
    "Train/PolicyRatio/Max": 1.0005710124969482,
    "Train/PolicyRatio/Min": 1.0005710124969482,
    "Train/PolicyRatio/Std": 0.007160162087529898,
    "Train/PolicyStd": 0.5243696570396423,
    "Train/StopIter": 40,
    "Value/Adv": 0.24540799856185913,
    "Value/cost": 1.2005412578582764,
    "Value/reward": 4.59501314163208,
    "_runtime": 24852.221487312,
    "_step": 100,
    "_timestamp": 1746579545.8828142,
    "_wandb": {
        "runtime": 24852
    }
}