{
    "Loss/Loss_cost_critic": 3.622722864151001,
    "Loss/Loss_cost_critic/Delta": 0.5867874622344971,
    "Loss/Loss_pi": -0.19768130779266355,
    "Loss/Loss_pi/Delta": 0.27823710441589355,
    "Loss/Loss_reward_critic": 0.025286827236413956,
    "Loss/Loss_reward_critic/Delta": -0.00835442915558815,
    "Metrics/EpCost": 21,
    "Metrics/EpLen": 1000,
    "Metrics/EpRet": 3.2385246753692627,
    "Metrics/LagrangeMultiplier": 3.2249462604522705,
    "Metrics/LagrangeMultiplier/Max": 3.2249462604522705,
    "Metrics/LagrangeMultiplier/Min": 3.2249462604522705,
    "Metrics/LagrangeMultiplier/Std": 0,
    "Safety/EpCostShield": 56.95000076293945,
    "Safety/ShieldLagrangeMultiplier": 3.1225926876068115,
    "Safety/ShieldLagrangeMultiplier/Max": 3.1225926876068115,
    "Safety/ShieldLagrangeMultiplier/Min": 3.1225926876068115,
    "Safety/ShieldLagrangeMultiplier/Std": 0,
    "Safety/shield_adv_c": "NaN",
    "Safety/shield_violation": 5.738068580627441,
    "Time/Epoch": 156.31163024902344,
    "Time/FPS": 127.94953155517578,
    "Time/Rollout": 76.07173919677734,
    "Time/Total": 14271.095703125,
    "Time/Update": 80.23983001708984,
    "TotalEnvSteps": 2000000,
    "Train/Entropy": 0.4324604272842407,
    "Train/Epoch": 99,
    "Train/KL": 0.003661329858005047,
    "Train/LR": 0,
    "Train/PolicyRatio": 1.0020145177841189,
    "Train/PolicyRatio/Max": 1.0020145177841189,
    "Train/PolicyRatio/Min": 1.0020145177841189,
    "Train/PolicyRatio/Std": 0.006666156463325024,
    "Train/PolicyStd": 0.4073958992958069,
    "Train/StopIter": 40,
    "Value/Adv": 0.10639914870262146,
    "Value/cost": 2.304830312728882,
    "Value/reward": 0.5328359603881836,
    "_runtime": 14272.457645104,
    "_step": 100,
    "_timestamp": 1746543103.801961,
    "_wandb": {
        "runtime": 14272
    }
}