{
    "Loss/Loss_cost_critic": 2.606232166290283,
    "Loss/Loss_cost_critic/Delta": 0.7909352779388428,
    "Loss/Loss_pi": -0.11409936100244522,
    "Loss/Loss_pi/Delta": 0.10677448660135268,
    "Loss/Loss_reward_critic": 0.03678146004676819,
    "Loss/Loss_reward_critic/Delta": 0.0024169497191905975,
    "Metrics/EpCost": 8.130000114440918,
    "Metrics/EpLen": 1000,
    "Metrics/EpRet": 5.694659233093262,
    "Metrics/LagrangeMultiplier": 2.4944193363189697,
    "Metrics/LagrangeMultiplier/Max": 2.4944193363189697,
    "Metrics/LagrangeMultiplier/Min": 2.4944193363189697,
    "Metrics/LagrangeMultiplier/Std": 0,
    "Misc/AcceptanceStep": 1,
    "Misc/Alpha": 1.0697985887527466,
    "Misc/FinalStepNorm": 0.3100430965423584,
    "Misc/H_inv_g": 0.28981447219848633,
    "Misc/gradient_norm": 0.15066687762737274,
    "Misc/xHx": 0.017475340515375137,
    "Safety/EpCostShield": 29.149999618530273,
    "Safety/ShieldLagrangeMultiplier": 2.4770538806915283,
    "Safety/ShieldLagrangeMultiplier/Max": 2.4770538806915283,
    "Safety/ShieldLagrangeMultiplier/Min": 2.4770538806915283,
    "Safety/ShieldLagrangeMultiplier/Std": 0,
    "Safety/shield_adv_c": -0.28988558053970337,
    "Safety/shield_violation": 1.3887085914611816,
    "Time/Epoch": 75.9365463256836,
    "Time/FPS": 263.3778076171875,
    "Time/Rollout": 62.0745849609375,
    "Time/Total": 7574.82470703125,
    "Time/Update": 13.861946105957031,
    "TotalEnvSteps": 2000000,
    "Train/Entropy": 1.892870306968689,
    "Train/Epoch": 99,
    "Train/KL": 0.00029378753970377147,
    "Train/LR": 0,
    "Train/PolicyRatio": 1.000594139099121,
    "Train/PolicyRatio/Max": 1.000594139099121,
    "Train/PolicyRatio/Min": 1.000594139099121,
    "Train/PolicyRatio/Std": 0.00042017598752863705,
    "Train/PolicyStd": 1.6246318817138672,
    "Train/StopIter": 10,
    "Value/Adv": 1.5258788677030564e-09,
    "Value/cost": 0.5843459963798523,
    "Value/reward": 0.682026743888855,
    "_runtime": 7581.793514571,
    "_step": 100,
    "_timestamp": 1746601092.6892724,
    "_wandb": {
        "runtime": 7581
    }
}