{
    "Loss/Loss_cost_critic": 0.5137938261032104,
    "Loss/Loss_cost_critic/Delta": 0.0385381281375885,
    "Loss/Loss_pi": -0.010888557881116869,
    "Loss/Loss_pi/Delta": 0.0034362617880105972,
    "Loss/Loss_reward_critic": 0.008952833712100983,
    "Loss/Loss_reward_critic/Delta": -0.001379183493554592,
    "Metrics/EpCost": 16.860000610351562,
    "Metrics/EpLen": 1000,
    "Metrics/EpRet": -0.18678508698940277,
    "Metrics/LagrangeMultiplier": 3.288638114929199,
    "Metrics/LagrangeMultiplier/Max": 3.288638114929199,
    "Metrics/LagrangeMultiplier/Min": 3.288638114929199,
    "Metrics/LagrangeMultiplier/Std": 0,
    "Time/Epoch": 198.60079956054688,
    "Time/FPS": 100.70452880859376,
    "Time/Rollout": 96.56784057617188,
    "Time/Total": 17213.96484375,
    "Time/Update": 102.03289031982422,
    "TotalEnvSteps": 2000000,
    "Train/Entropy": 0.32351768016815186,
    "Train/Epoch": 99,
    "Train/KL": 0.0036373110488057137,
    "Train/LR": 0,
    "Train/PolicyRatio": 1.00085186958313,
    "Train/PolicyRatio/Max": 1.00085186958313,
    "Train/PolicyRatio/Min": 1.00085186958313,
    "Train/PolicyRatio/Std": 0.006635560188442469,
    "Train/PolicyStd": 0.34134459495544434,
    "Train/StopIter": 40,
    "Value/Adv": -0.1272406280040741,
    "Value/cost": 1.224829912185669,
    "Value/reward": -0.01878124848008156,
    "_runtime": 17215.622161277,
    "_step": 100,
    "_timestamp": 1743332637.811059,
    "_wandb": {
        "runtime": 17215
    }
}