{
    "Loss/Loss_cost_critic": 2.3420283794403076,
    "Loss/Loss_cost_critic/Delta": -0.03228902816772461,
    "Loss/Loss_pi": -0.21321579813957217,
    "Loss/Loss_pi/Delta": 0.003932550549507141,
    "Loss/Loss_reward_critic": 0.23305290937423703,
    "Loss/Loss_reward_critic/Delta": 0.019547611474990845,
    "Metrics/EpCost": 1.6200000047683716,
    "Metrics/EpLen": 500,
    "Metrics/EpRet": 29.579370498657227,
    "Metrics/LagrangeMultiplier": 1.0238096714019775,
    "Metrics/LagrangeMultiplier/Max": 1.0238096714019775,
    "Metrics/LagrangeMultiplier/Min": 1.0238096714019775,
    "Metrics/LagrangeMultiplier/Std": 0,
    "Safety/EpCostShield": 8.350000381469727,
    "Safety/ShieldLagrangeMultiplier": 1.1163650751113892,
    "Safety/ShieldLagrangeMultiplier/Max": 1.1163650751113892,
    "Safety/ShieldLagrangeMultiplier/Min": 1.1163650751113892,
    "Safety/ShieldLagrangeMultiplier/Std": 0,
    "Safety/shield_adv_c": "NaN",
    "Safety/shield_violation": 0.8419345021247864,
    "Time/Epoch": 233.81739807128903,
    "Time/FPS": 85.5368423461914,
    "Time/Rollout": 94.01019287109376,
    "Time/Total": 24082.7421875,
    "Time/Update": 139.8070831298828,
    "TotalEnvSteps": 2000000,
    "Train/Entropy": 1.0316040515899658,
    "Train/Epoch": 99,
    "Train/KL": 0.00228896620683372,
    "Train/LR": 0,
    "Train/PolicyRatio": 1.000690221786499,
    "Train/PolicyRatio/Max": 1.000690221786499,
    "Train/PolicyRatio/Min": 1.000690221786499,
    "Train/PolicyRatio/Std": 0.00558534637093544,
    "Train/PolicyStd": 0.6800501942634583,
    "Train/StopIter": 40,
    "Value/Adv": 0.08934392035007477,
    "Value/cost": 0.17523466050624847,
    "Value/reward": 5.848136901855469,
    "_runtime": 24084.707056997,
    "_step": 100,
    "_timestamp": 1746627643.5727787,
    "_wandb": {
        "runtime": 24084
    }
}