{
    "Loss/Loss_cost_critic": 5.397535800933838,
    "Loss/Loss_cost_critic/Delta": 1.2386479377746582,
    "Loss/Loss_pi": -0.15275979042053223,
    "Loss/Loss_pi/Delta": -0.0909610204398632,
    "Loss/Loss_reward_critic": 0.008327815681695938,
    "Loss/Loss_reward_critic/Delta": 0.001321599818766117,
    "Metrics/EpCost": 9.859999656677246,
    "Metrics/EpLen": 1000,
    "Metrics/EpRet": 0.4315875172615051,
    "Metrics/LagrangeMultiplier": 2.296170473098755,
    "Metrics/LagrangeMultiplier/Max": 2.296170473098755,
    "Metrics/LagrangeMultiplier/Min": 2.296170473098755,
    "Metrics/LagrangeMultiplier/Std": 0,
    "Misc/AcceptanceStep": 1,
    "Misc/Alpha": 0.8113895654678345,
    "Misc/FinalStepNorm": 0.336105078458786,
    "Misc/H_inv_g": 0.414233922958374,
    "Misc/gradient_norm": 0.14891430735588074,
    "Misc/xHx": 0.030378829687833783,
    "Safety/EpCostShield": 25.5,
    "Safety/ShieldLagrangeMultiplier": 2.4898664951324463,
    "Safety/ShieldLagrangeMultiplier/Max": 2.4898664951324463,
    "Safety/ShieldLagrangeMultiplier/Min": 2.4898664951324463,
    "Safety/ShieldLagrangeMultiplier/Std": 0,
    "Safety/shield_adv_c": -0.37216639518737793,
    "Safety/shield_violation": 3.140524387359619,
    "Time/Epoch": 111.88967895507812,
    "Time/FPS": 178.74749755859375,
    "Time/Rollout": 86.22816467285156,
    "Time/Total": 11359.3828125,
    "Time/Update": 25.661470413208008,
    "TotalEnvSteps": 2000000,
    "Train/Entropy": 1.4833520650863647,
    "Train/Epoch": 99,
    "Train/KL": 0.0002480585826560855,
    "Train/LR": 0,
    "Train/PolicyRatio": 1.000935196876526,
    "Train/PolicyRatio/Max": 1.0009353160858154,
    "Train/PolicyRatio/Min": 1.0009353160858154,
    "Train/PolicyRatio/Std": 0.0006613121367990971,
    "Train/PolicyStd": 1.06741464138031,
    "Train/StopIter": 10,
    "Value/Adv": 1.7166137400437263e-09,
    "Value/cost": 1.2325595617294312,
    "Value/reward": 0.06080256775021553,
    "_runtime": 11361.647340772,
    "_step": 100,
    "_timestamp": 1746604812.9013925,
    "_wandb": {
        "runtime": 11361
    }
}