{
    "Loss/Loss_cost_critic": 5.522944927215576,
    "Loss/Loss_cost_critic/Delta": 0.4034481048583984,
    "Loss/Loss_pi": -0.14401938021183014,
    "Loss/Loss_pi/Delta": -0.024101927876472473,
    "Loss/Loss_reward_critic": 0.1712179332971573,
    "Loss/Loss_reward_critic/Delta": 0.01512598991394043,
    "Metrics/EpCost": 4.309999942779541,
    "Metrics/EpLen": 500,
    "Metrics/EpRet": 20.637704849243164,
    "Metrics/LagrangeMultiplier": 1.0861414670944214,
    "Metrics/LagrangeMultiplier/Max": 1.0861414670944214,
    "Metrics/LagrangeMultiplier/Min": 1.0861414670944214,
    "Metrics/LagrangeMultiplier/Std": 0,
    "Misc/AcceptanceStep": 1,
    "Misc/Alpha": 1.7012518644332886,
    "Misc/FinalStepNorm": 0.2478160560131073,
    "Misc/H_inv_g": 0.14566688239574432,
    "Misc/gradient_norm": 0.12594442069530487,
    "Misc/xHx": 0.006910224910825491,
    "Safety/EpCostShield": 12.100000381469728,
    "Safety/ShieldLagrangeMultiplier": 1.3505405187606812,
    "Safety/ShieldLagrangeMultiplier/Max": 1.3505405187606812,
    "Safety/ShieldLagrangeMultiplier/Min": 1.3505405187606812,
    "Safety/ShieldLagrangeMultiplier/Std": 0,
    "Safety/shield_adv_c": 0.6999412178993225,
    "Safety/shield_violation": 1.9353468418121336,
    "Time/Epoch": 91.93582916259766,
    "Time/FPS": 217.5430450439453,
    "Time/Rollout": 75.84757995605469,
    "Time/Total": 9377.205078125,
    "Time/Update": 16.08823013305664,
    "TotalEnvSteps": 2000000,
    "Train/Entropy": 1.4557703733444214,
    "Train/Epoch": 99,
    "Train/KL": 0.00038632520590908825,
    "Train/LR": 0,
    "Train/PolicyRatio": 1.0018287897109983,
    "Train/PolicyRatio/Max": 1.001828908920288,
    "Train/PolicyRatio/Min": 1.001828908920288,
    "Train/PolicyRatio/Std": 0.0012932339450344443,
    "Train/PolicyStd": 1.109145998954773,
    "Train/StopIter": 10,
    "Value/Adv": -7.629394338515282e-10,
    "Value/cost": 0.7800678610801697,
    "Value/reward": 4.226553916931152,
    "_runtime": 9379.301952104,
    "_step": 100,
    "_timestamp": 1746561668.6511848,
    "_wandb": {
        "runtime": 9379
    }
}