{
    "Loss/Loss_cost_critic": 1.2152376174926758,
    "Loss/Loss_cost_critic/Delta": -0.17774617671966553,
    "Loss/Loss_pi": -0.24001474678516388,
    "Loss/Loss_pi/Delta": -0.10446956753730774,
    "Loss/Loss_reward_critic": 0.09176270663738252,
    "Loss/Loss_reward_critic/Delta": 0.0046140700578689575,
    "Metrics/EpCost": 0.6700000166893005,
    "Metrics/EpLen": 500,
    "Metrics/EpRet": 9.926387786865234,
    "Metrics/LagrangeMultiplier": 1.0831564664840698,
    "Metrics/LagrangeMultiplier/Max": 1.0831564664840698,
    "Metrics/LagrangeMultiplier/Min": 1.0831564664840698,
    "Metrics/LagrangeMultiplier/Std": 0,
    "Misc/AcceptanceStep": 1,
    "Misc/Alpha": 2.218544006347656,
    "Misc/FinalStepNorm": 0.3000606894493103,
    "Misc/H_inv_g": 0.13525117933750153,
    "Misc/gradient_norm": 0.06712014973163605,
    "Misc/xHx": 0.0040634311735630035,
    "Safety/EpCostShield": 3.2750000953674316,
    "Safety/ShieldLagrangeMultiplier": 1.4385944604873655,
    "Safety/ShieldLagrangeMultiplier/Max": 1.4385944604873655,
    "Safety/ShieldLagrangeMultiplier/Min": 1.4385944604873655,
    "Safety/ShieldLagrangeMultiplier/Std": 0,
    "Safety/shield_adv_c": -0.0855402946472168,
    "Safety/shield_violation": 0.330135703086853,
    "Time/Epoch": 125.04519653320312,
    "Time/FPS": 159.94216918945312,
    "Time/Rollout": 97.4437255859375,
    "Time/Total": 12623.8486328125,
    "Time/Update": 27.6014461517334,
    "TotalEnvSteps": 2000000,
    "Train/Entropy": 1.8299881219863892,
    "Train/Epoch": 99,
    "Train/KL": 0.0003500516468193382,
    "Train/LR": 0,
    "Train/PolicyRatio": 1.003577709197998,
    "Train/PolicyRatio/Max": 1.003577709197998,
    "Train/PolicyRatio/Min": 1.003577709197998,
    "Train/PolicyRatio/Std": 0.0025298225227743387,
    "Train/PolicyStd": 1.666124701499939,
    "Train/StopIter": 10,
    "Value/Adv": 3.814697002724188e-09,
    "Value/cost": 0.11701274663209917,
    "Value/reward": 2.0206234455108643,
    "_runtime": 12626.535412482,
    "_step": 100,
    "_timestamp": 1746546041.0027444,
    "_wandb": {
        "runtime": 12626
    }
}