{
    "Loss/Loss_cost_critic": 3.3124966621398926,
    "Loss/Loss_cost_critic/Delta": -0.7097010612487793,
    "Loss/Loss_pi": -0.21340368688106537,
    "Loss/Loss_pi/Delta": -0.2176839322783053,
    "Loss/Loss_reward_critic": 0.04990638792514801,
    "Loss/Loss_reward_critic/Delta": -0.013894923031330109,
    "Metrics/EpCost": 9.850000381469728,
    "Metrics/EpLen": 1000,
    "Metrics/EpRet": 10.149496078491213,
    "Metrics/LagrangeMultiplier": 2.1854820251464844,
    "Metrics/LagrangeMultiplier/Max": 2.1854820251464844,
    "Metrics/LagrangeMultiplier/Min": 2.1854820251464844,
    "Metrics/LagrangeMultiplier/Std": 0,
    "Misc/AcceptanceStep": 1,
    "Misc/Alpha": 0.7587112784385681,
    "Misc/FinalStepNorm": 0.2693057656288147,
    "Misc/H_inv_g": 0.3549515902996063,
    "Misc/gradient_norm": 0.26143795251846313,
    "Misc/xHx": 0.03474375605583191,
    "Safety/EpCostShield": 17.549999237060547,
    "Safety/ShieldLagrangeMultiplier": 2.2820041179656982,
    "Safety/ShieldLagrangeMultiplier/Max": 2.2820041179656982,
    "Safety/ShieldLagrangeMultiplier/Min": 2.2820041179656982,
    "Safety/ShieldLagrangeMultiplier/Std": 0,
    "Safety/shield_adv_c": -0.2805197834968567,
    "Safety/shield_violation": 3.146827459335327,
    "Time/Epoch": 116.0257568359375,
    "Time/FPS": 172.37551879882812,
    "Time/Rollout": 92.66629791259766,
    "Time/Total": 12076.33203125,
    "Time/Update": 23.35942268371582,
    "TotalEnvSteps": 2000000,
    "Train/Entropy": 1.1534768342971802,
    "Train/Epoch": 99,
    "Train/KL": 0.0003442462766543031,
    "Train/LR": 0,
    "Train/PolicyRatio": 1.0015897750854492,
    "Train/PolicyRatio/Max": 1.0015897750854492,
    "Train/PolicyRatio/Min": 1.0015897750854492,
    "Train/PolicyRatio/Std": 0.001124196918681264,
    "Train/PolicyStd": 0.7684793472290039,
    "Train/StopIter": 10,
    "Value/Adv": 6.103515470812226e-09,
    "Value/cost": 1.0738171339035034,
    "Value/reward": 1.3653311729431152,
    "_runtime": 12077.552148466,
    "_step": 100,
    "_timestamp": 1746573260.7915735,
    "_wandb": {
        "runtime": 12077
    }
}