{
    "Loss/Loss_cost_critic": 13.10155963897705,
    "Loss/Loss_cost_critic/Delta": 8.331120014190674,
    "Loss/Loss_pi": 0.25479844212532043,
    "Loss/Loss_pi/Delta": 0.4221432954072952,
    "Loss/Loss_reward_critic": 0.2136842310428619,
    "Loss/Loss_reward_critic/Delta": 0.05094531178474426,
    "Metrics/EpCost": 22.510000228881836,
    "Metrics/EpLen": 500,
    "Metrics/EpRet": 22.548816680908203,
    "Metrics/LagrangeMultiplier": 1.6084113121032717,
    "Metrics/LagrangeMultiplier/Max": 1.6084113121032717,
    "Metrics/LagrangeMultiplier/Min": 1.6084113121032717,
    "Metrics/LagrangeMultiplier/Std": 0,
    "Safety/EpCostShield": 57.900001525878906,
    "Safety/ShieldLagrangeMultiplier": 1.6978744268417358,
    "Safety/ShieldLagrangeMultiplier/Max": 1.6978744268417358,
    "Safety/ShieldLagrangeMultiplier/Min": 1.6978744268417358,
    "Safety/ShieldLagrangeMultiplier/Std": 0,
    "Safety/shield_adv_c": "NaN",
    "Safety/shield_violation": 5.793017387390137,
    "Time/Epoch": 186.58692932128903,
    "Time/FPS": 107.18864440917967,
    "Time/Rollout": 80.6705551147461,
    "Time/Total": 18753.796875,
    "Time/Update": 105.91632080078124,
    "TotalEnvSteps": 2000000,
    "Train/Entropy": 0.8187164664268494,
    "Train/Epoch": 99,
    "Train/KL": 0.002871482167392969,
    "Train/LR": 0,
    "Train/PolicyRatio": 0.9997313022613524,
    "Train/PolicyRatio/Max": 0.9997313022613524,
    "Train/PolicyRatio/Min": 0.9997313022613524,
    "Train/PolicyRatio/Std": 0.006128955166786909,
    "Train/PolicyStd": 0.5487719178199768,
    "Train/StopIter": 40,
    "Value/Adv": 0.06825089454650879,
    "Value/cost": 3.75092887878418,
    "Value/reward": 4.602871894836426,
    "_runtime": 18755.567320595,
    "_step": 100,
    "_timestamp": 1746573949.7708151,
    "_wandb": {
        "runtime": 18755
    }
}