{
    "Loss/Loss_cost_critic": 0.2287367731332779,
    "Loss/Loss_cost_critic/Delta": 0.05911529064178467,
    "Loss/Loss_pi": -0.007146591320633888,
    "Loss/Loss_pi/Delta": -0.0020093205384910107,
    "Loss/Loss_reward_critic": 0.006498398259282112,
    "Loss/Loss_reward_critic/Delta": -0.00028637470677495003,
    "Metrics/EpCost": 3.640000104904175,
    "Metrics/EpLen": 1000,
    "Metrics/EpRet": 0.04036387428641319,
    "Metrics/LagrangeMultiplier": 2.9769580364227295,
    "Metrics/LagrangeMultiplier/Max": 2.9769580364227295,
    "Metrics/LagrangeMultiplier/Min": 2.9769580364227295,
    "Metrics/LagrangeMultiplier/Std": 0,
    "Misc/AcceptanceStep": 1,
    "Misc/Alpha": 1.6569291353225708,
    "Misc/FinalStepNorm": 0.28539082407951355,
    "Misc/H_inv_g": 0.17224082350730896,
    "Misc/gradient_norm": 0.1164332926273346,
    "Misc/xHx": 0.007284865714609623,
    "Time/Epoch": 102.01653289794922,
    "Time/FPS": 196.0466461181641,
    "Time/Rollout": 90.70523834228516,
    "Time/Total": 10197.5400390625,
    "Time/Update": 11.311279296875,
    "TotalEnvSteps": 2000000,
    "Train/Entropy": 1.2093764543533323,
    "Train/Epoch": 99,
    "Train/KL": 0.00032244145404547453,
    "Train/LR": 0,
    "Train/PolicyRatio": 1.0009312629699707,
    "Train/PolicyRatio/Max": 1.0009312629699707,
    "Train/PolicyRatio/Min": 1.0009312629699707,
    "Train/PolicyRatio/Std": 0.0006585023365914822,
    "Train/PolicyStd": 0.8110536932945251,
    "Train/StopIter": 10,
    "Value/Adv": 8.392333938900265e-09,
    "Value/cost": 0.38153350353240967,
    "Value/reward": 0.003122920636087656,
    "_runtime": 10198.590530142,
    "_step": 100,
    "_timestamp": 1746908780.374123,
    "_wandb": {
        "runtime": 10198
    }
}